vendor_id,vendor_name_ar,cr_number,vat_number,city,contact_person_ar,contact_email,contact_phone,iban,status,last_updated
V00001,شركة مساهمة الهاجري للترجمة والتعريب,7106192298,365039629890503,سكاكا,هبة الخالدي,jasem.alotaibi@vendor5.sa.example,+966561518134,SA7257599326188766608302,نشط,2024-09-28
V00002,مؤسسة الحربي للبنية التحتية,5855551136,383379156212763,أبها,الجوهرة السديري,walid.alhazmi@vendor29.sa.example,+966530742926,SA8302432117704139204616,نشط,2025-01-11
V00003,مصنع الهاجري للطباعة والنشر,4031334621,389688409961493,مكة المكرمة,رؤيا الجهني,mona.albalawi@vendor26.sa.example,+966576788935,SA1140606412425738012922,نشط,2024-08-28
V00004,مجموعة الزبيدي للإعلام والتواصل,3206271033,381279705026623,حائل,مها العمري,najla.althbiti@vendor27.sa.example,,SA4995768055241211099886,نشط,2024-09-25
V00005,مركز البقمي للأمن السيبراني,6006621850,393310369842753,جازان,لؤي الدوسري,abdulwahhab.alasiri@vendor16.sa.example,+966549078627,SA8252870589410114666222,نشط,2025-09-24
V00006,مصنع الخالدي للإعلام والتواصل,5855627766,317872139425923,أبها,سارة الغامدي,safaa.alasiri@vendor21.sa.example,+966532447292,SA4312710542226185692424,نشط,2024-08-16
V00007,مؤسسة القحطاني للأعمال العقارية,7106383395,335060518452883,سكاكا,مياء الرويلي,yomna.alswat@vendor1.sa.example,+966552961859,SA6498093386181369035870,نشط,2025-01-24
V00008,مؤسسة الحازمي للتعليم والتدريب,5854696759,302919585952363,خميس مشيط,شهد البلوي,alanoud.alsaaidi@vendor5.sa.example,+966573711535,SA2278232667976284484962,نشط,2025-02-24
V00009,مؤسسة السديري للمستشفيات,1010428203,312907215933613,الرياض,مياء الثبيتي,sultan.alghamdi@vendor1.sa.example,+966577704635,SA8074523365192606855672,نشط,2025-08-05
V00010,مجموعة القرني للبنية التحتية,5855247213,379080071380443,أبها,رند السهلي,mona.alaufi@vendor12.sa.example,+966549399775,SA2825712435571561267224,نشط,2024-10-06
V00011,مجموعة الحازمي للأعمال العقارية,4030267508,318080611892353,جدة,عادل التميمي,mayaa.alomari@vendor16.sa.example,+966586659542,SA6436451839684135612159,نشط,2025-05-27
V00012,مصنع العتيبي للمقاولات,1010961238,376173471525383,الرياض,حنان المرواني,lama.alhumaidi@vendor20.sa.example,+966583471945,SA1698753453371797119819,نشط,2024-12-07
V00013,مجموعة العامري للخدمات المالية,3406238405,316565869957943,بريدة,مساعد القرشي,salman.alsubaie@vendor18.sa.example,+966526409205,SA9716147439208295697689,نشط,2025-10-03
V00014,شركة مساهمة الغامدي للمقاولات,3406480899,378316141297033,بريدة,لمى الأسمري,sara.alshamri@vendor6.sa.example,+966503719477,SA77878337238129111889,نشط,2026-06-10
V00015,مصنع الزبيدي للإعلام والتواصل,1010096453,364497620399683,الرياض,خالد الشهراني,mishal.alghamdi@vendor6.sa.example,+966514174826,SA6039915675945986996949,نشط,2026-05-29
V00016,مركز اليامي للترجمة والتعريب,2051603926,308381783351163,الجبيل,نورة المسعود,ghanem.alasiri@vendor15.sa.example,+966593739115,SA9524452696916272702471,نشط,2025-06-23
V00017,مكتب المرواني للأمن السيبراني,5606740797,318279195631453,تبوك,أحمد المرواني,saqr.alanazi@vendor7.sa.example,+966576238642,SA5114650516402347641318,نشط,2025-06-13
V00018,مؤسسة المطيري للمقاولات,2050851637,318743949832863,الدمام,جاسم الفيفي,mona.alomari@vendor30.sa.example,+966577402067,SA1572927395258715401085,نشط,2024-09-06
V00019,مختبرات البقمي للمقاولات,4650465831,337261880215173,المدينة المنورة,لطيفة الشمري,haifa.alshahrani@vendor9.sa.example,+966556011495,SA4934144483964818484923,نشط,2025-04-14
V00020,مكتب المطيري للتجهيزات الطبية,6906627106,364413061168573,عرعر,سلطان القحطاني,bashayir.alanazi@vendor20.sa.example,+966501413278,SA4687218716649739903565,نشط,2026-01-18
V00021,مختبرات الرويلي للاتصالات,5855882067,364513200444013,أبها,معاذ البقمي,noura.alsharif@vendor14.sa.example,+966516193110,SA1214417159817708617592,نشط,2024-05-03
V00022,مختبرات الرويلي للأمن السيبراني,3206844943,378877663934823,حائل,مروة الرويلي,abdulrahman.alsaaidi@vendor5.sa.example,+966548966947,SA5142326316454748037674,نشط,2025-11-06
V00023,مركز الرويلي للخدمات البيئية,4030762833,363498741005003,جدة,طلال الشمري,areej.alrubaie@vendor11.sa.example,+966515281783,SA6050089676089835727935,نشط,2022-05-30
V00024,مركز الحازمي للطباعة والنشر,3206685481,390657187724093,حائل,نادية الشمري,basel.aldosari@vendor30.sa.example,+966520559698,SA2496676826620519443887,نشط,2025-04-30
V00025,مختبرات العسيري للخدمات المالية,4030305695,394097987343733,جدة,أيمن الجهني,hamad.alghamdi@vendor3.sa.example,+966591095933,SA7177584191380981683985,نشط,2025-02-22
V00026,مختبرات الزبيدي للخدمات اللوجستية,4030751115,322136637764393,جدة,تالا الربيعي,ahmed.alsudairi@vendor27.sa.example,+966566756669,SA57194363883218194940,نشط,2026-06-02
V00027,مصنع اليامي للمستشفيات,3406771873,366261636041683,بريدة,ماجد المرواني,abdulkarim.alfaifi@vendor6.sa.example,+966568120280,SA5768780306060428860888,نشط,2025-09-03
V00028,شركة الدوسري للترجمة والتعريب,4650230531,350098625012373,المدينة المنورة,ديمة الرشيدي,najla.althbiti@vendor15.sa.example,+966573746646,SA4932162948183150314250,نشط,2024-11-29
V00029,مصنع الحربي للتطوير البرمجي,7106216352,340308725732373,سكاكا,صفاء العامري,ibtisam.alrubaie@vendor18.sa.example,+966599880372,SA0269030353146951074439,نشط,2025-09-28
V00030,مؤسسة الحربي للأعمال العقارية,1010327899,318870554396873,الرياض,سارة العامري,abdulwahhab.alghamdi@vendor8.sa.example,+966588890413,SA0984038159023042210468,نشط,2025-10-08
V00031,مؤسسة الفيفي للإعلام والتواصل,5606082676,342357477573263,تبوك,إيمان المرواني,hussein.almalki@vendor5.sa.example,+966532862685,SA3368080155206656459055,نشط,2025-05-20
V00032,شركة مساهمة المسعود للتعليم والتدريب,6006132508,369765815475933,جازان,عبدالرحمن الحربي,bashayir.alhajri@vendor18.sa.example,+966580732353,SA1471663426767714766820,نشط,2024-08-18
V00033,مختبرات التميمي للصناعات الغذائية,3406889086,307725417189993,بريدة,هاني الفيفي,kholoud.alharbi@vendor16.sa.example,+966572137358,SA9227501489037144649752,نشط,2026-05-17
V00034,مؤسسة الحازمي للتجهيزات الطبية,4031253199,339700686288783,مكة المكرمة,غانم العمري,sahar.albqami@vendor22.sa.example,+966514898299,SA8570683031795632475052,نشط,2025-09-29
V00035,شركة التميمي لإدارة المشاريع,5854828729,379423995694923,خميس مشيط,وليد الزهراني,adel.alharbi@vendor18.sa.example,+966564860903,SA1987912128162748609397,نشط,2025-04-26
V00036,مصنع الشهراني للتعليم والتدريب,4032003031,309613084994273,الطائف,شيماء السبيعي,hind.alghamdi@vendor14.sa.example,+966522105706,SA8334057529947560304126,نشط,2024-07-06
V00037,مؤسسة السلمي للطباعة والنشر,3206801828,352624561166153,حائل,رؤيا العسيري,safaa.alarjani@vendor5.sa.example,+966599912886,SA3025314516459446332581,نشط,2025-05-29
V00038,شركة الغامدي للإعلام والتواصل,6006707271,338477337899953,جازان,الجوهرة التميمي,walid.alshahrani@vendor4.sa.example,+966559093893,SA2274144526319637409807,نشط,2025-10-16
V00039,مختبرات البقمي للتسويق الرقمي,1010970085,358393692352803,الرياض,ناصر الشمري,jasem.almugrin@vendor30.sa.example,+966592297438,SA6043450218582767203083,نشط,2026-04-14
V00040,مجموعة الزياني للتطوير البرمجي,3406150984,366856734241493,بريدة,ناصر المطيري,fahad.almarwani@vendor13.sa.example,+966528535651,SA1027262970415792311735,نشط,2026-01-08
V00041,مجموعة المرواني للتسويق الرقمي,4030415105,383123629781013,جدة,صقر البلوي,amal.alamri@vendor19.sa.example,+966595832593,SA9439034871394251683357,نشط,2025-04-03
V00042,مصنع الحازمي للترجمة والتعريب,4652885210,362051165343693,ينبع,فاطمة الجهني,talal.alarjani@vendor8.sa.example,+966557079548,SA6366583394308355800180,نشط,2024-07-11
V00043,شركة مساهمة المرواني للمستشفيات,2050339945,318811062085263,الدمام,صفاء العنزي,nawaf.albqami@vendor17.sa.example,+966550911049,SA0795489650080408313395,نشط,2024-05-29
V00044,مركز الغامدي للاتصالات,7106581671,357135967823963,سكاكا,رؤيا الغامدي,eman.almalki@vendor9.sa.example,+966578082568,SA0570648799785265793005,نشط,2025-03-28
V00045,مصنع القرني للتطوير البرمجي,5855365894,384173064451683,أبها,سامي الصاعدي,wael.almugrin@vendor11.sa.example,+966551860741,SA1090917195936158189192,نشط,2024-11-19
V00046,شركة الدوسري للتطوير البرمجي,4032432710,365628752801413,الطائف,صفاء الزبيدي,sami.alomari@vendor12.sa.example,+966523134951,SA0935240672773584799652,نشط,2024-09-10
V00047,مصنع العوفي للتطوير البرمجي,4650164009,351174530593033,المدينة المنورة,باسل العنزي,adel.albalawi@vendor9.sa.example,+966587298090,SA0900818440333867217847,نشط,2026-01-08
V00048,شركة الصاعدي للتطوير البرمجي,2050365130,367564982129953,الدمام,دلال المسعود,noura.alfaifi@vendor16.sa.example,+966585892867,SA9832862405519407387849,نشط,2025-07-31
V00049,مكتب اليامي لتقنية المعلومات,6506514426,317755457172043,نجران,مروة الجهني,abdulwahhab.almutairi@vendor27.sa.example,+966566470908,SA1734911947408560704593,نشط,2026-04-29
V00050,مجموعة القحطاني للتطوير البرمجي,5854398577,317011385195373,خميس مشيط,خالد البلوي,salman.almugrin@vendor10.sa.example,+966546929130,SA0902134681603305121240,نشط,2026-04-01
V00051,مكتب السديري للطباعة والنشر,5606008417,370567926457723,تبوك,ريم العمري,naif.alziyani@vendor14.sa.example,+966524003721,SA0241594037840443353515,نشط,2025-06-29
V00052,مكتب الحميدي للخدمات المالية,6906820678,335992155033723,عرعر,ابتسام الحميدي,hind.alsharif@vendor28.sa.example,+966517832066,SA1543670969072162076143,نشط,2026-02-13
V00053,مكتب السديري للاتصالات,3206192468,347074679725413,حائل,وليد التميمي,shaima.alshamri@vendor19.sa.example,+966503293520,SA3691316231543115571104,نشط,2024-05-08
V00054,شركة الرشيدي للأمن السيبراني,1010150585,305897727194703,الرياض,حمزة الشهري,anwar.alasiri@vendor10.sa.example,+966539010475,SA2385540415041610210005,نشط,2024-11-27
V00055,شركة الشهري للتجهيزات الطبية,5854477186,332578975299873,خميس مشيط,مساعد السلمي,shehab.alshehri@vendor17.sa.example,+966576954134,SA0993286443901725822289,نشط,2024-05-14
V00056,شركة مساهمة الزياني للخدمات المالية,3206164169,373956641140483,حائل,صالح الربيعي,nadia.alrubaie@vendor19.sa.example,+966592893657,SA9615732511323769302157,نشط,2024-12-14
V00057,مصنع الزهراني للخدمات اللوجستية,6006570190,307450908231013,جازان,عبدالله الهاجري,abeer.alsalmi@vendor5.sa.example,+966502883778,SA4910827351864780116307,نشط,2024-09-11
V00058,مختبرات السلمي للخدمات البيئية,3206809571,392504813302923,حائل,ريم العمري,asma.altamimi@vendor30.sa.example,+966518801072,SA3426489363701387181030,نشط,2024-05-30
V00059,مؤسسة الزهراني للخدمات البيئية,6506265283,326650469581123,نجران,سعد العمري,alanoud.alashmari@vendor2.sa.example,+966546990902,SA4236389213298620667044,نشط,2025-12-18
V00060,شركة الفيفي للتطوير البرمجي,6506202339,329867207173333,نجران,إيمان الشريف,najoud.aldosari@vendor30.sa.example,+966506472952,SA9670555508195926076182,نشط,2024-07-15
V00061,شركة الرشيدي للصناعات الغذائية,5855252253,395022729925843,أبها,صالح التميمي,hani.almalki@vendor3.sa.example,+966547146730,SA3038782482235334098246,نشط,2024-11-11
V00062,مجموعة الشهري للصناعات الغذائية,3206795677,351963777588373,حائل,زينب السلمي,mishal.alzubaidi@vendor23.sa.example,+966517705715,SA4930321724679702925159,نشط,2024-08-01
V00063,مكتب القرشي للطباعة والنشر,4031257899,328136971704473,مكة المكرمة,فاطمة البلوي,saleh.alkhaldi@vendor23.sa.example,+966588555579,SA5722561574917523999484,نشط,2025-10-28
V00064,مكتب القرشي للتعليم والتدريب,1010203823,333304166793353,الرياض,لمى الحازمي,tala.alzubaidi@vendor30.sa.example,+966538831517,SA7510783823551097040367,نشط,2024-04-16
V00065,مكتب الرشيدي للخدمات المالية,3406821935,312049434206383,بريدة,لطيفة الربيعي,yousef.alharbi@vendor17.sa.example,+966547509988,SA6629943665430569205120,نشط,2026-06-10
V00066,مصنع العنزي للاتصالات,4032034104,351620672267823,الطائف,عبدالكريم السواط,ghanem.almalki@vendor9.sa.example,+966507400834,SA9427249640262972004155,نشط,2025-06-11
V00067,مكتب العنزي للاتصالات,6006903068,306300065348593,جازان,هند البلوي,faisal.alhosawy@vendor23.sa.example,+966579035021,SA0905604973690622321541,نشط,2025-03-10
V00068,مركز السبيعي لتقنية المعلومات,7106326949,369667887510053,سكاكا,أحمد العوفي,anas.albalawi@vendor21.sa.example,+966587017016,SA6229366073761797423670,نشط,2025-07-05
V00069,مختبرات الحربي للاستشارات,7106669749,376567438473623,سكاكا,صفاء الربيعي,muath.althbiti@vendor23.sa.example,+966541684938,SA8781384002284386585029,نشط,2025-03-17
V00070,مكتب العتيبي للتجهيزات الطبية,6506365459,311924655932973,نجران,لين القرشي,ghadeer.alzahrani@vendor20.sa.example,+966543401630,SA3873103368785148345999,نشط,2025-01-15
V00071,مؤسسة اليامي للخدمات اللوجستية,4650717528,329739069705223,المدينة المنورة,حسين العنزي,tala.aljohani@vendor18.sa.example,+966566869781,SA7244830653420743086858,نشط,2024-07-12
V00072,مصنع المطيري للخدمات اللوجستية,6506541371,327149663998733,نجران,فهد الغامدي,kareem.alhajri@vendor19.sa.example,+966522258215,SA3923512251992880310783,نشط,2025-11-02
V00073,مركز الشريف للأعمال العقارية,3406227274,377563671859033,بريدة,ديمة الغامدي,maha.alshahrani@vendor19.sa.example,+966543987968,SA6687719131896448624577,نشط,2020-08-02
V00074,شركة الشمري للاتصالات,7106342011,370161792440613,سكاكا,ماجد العسيري,ruya.althbiti@vendor11.sa.example,+966535981517,SA1523882289753023622884,نشط,2025-10-04
V00075,مصنع اليامي للإعلام والتواصل,4652630927,333117175902633,ينبع,ريم الحازمي,dima.aljohani@vendor18.sa.example,+966564555189,SA8103965437544344295918,نشط,2024-06-23
V00076,مؤسسة الحميدي لتقنية المعلومات,6006298857,358335488048523,جازان,لؤي الحازمي,adel.alhosawy@vendor25.sa.example,+966537348849,SA3120140081671361536640,نشط,2024-07-01
V00077,مكتب الزياني للاستشارات,5855036996,324536710059883,أبها,سامي الفيفي,muath.alfaifi@vendor10.sa.example,+966559122917,SA6341293393846023211373,نشط,2024-12-30
V00078,مؤسسة الشمري للإعلام والتواصل,6506230535,321842588088873,نجران,نجود السبيعي,ghanem.albalawi@vendor25.sa.example,+966547434072,SA2643721966380485165284,نشط,2025-06-09
V00079,مؤسسة العرجاني للبنية التحتية,5855862533,341097387487663,أبها,ميساء السهلي,areej.alsalmi@vendor26.sa.example,+966502322849,SA7999493126597810450175,نشط,2024-04-15
V00080,شركة القرشي للخدمات اللوجستية,3206332718,364348825294393,حائل,خلود القرني,fatima.alsaaidi@vendor11.sa.example,+966518747863,SA1922810050051675513405,نشط,2025-08-27
V00081,مختبرات الزياني للتعليم والتدريب,5606944355,392415786912783,تبوك,مساعد الصاعدي,shahad.aldosari@vendor24.sa.example,+966571175186,SA6019836936447281485881,نشط,2024-09-22
V00082,شركة العسيري للتطوير البرمجي,5855293446,353892793204833,أبها,لمى القرشي,hamza.alhazmi@vendor1.sa.example,+966575384865,SA7190324154731690547480,نشط,2025-03-26
V00083,شركة التميمي للتسويق الرقمي,3406355476,364460828962743,بريدة,رامي القرشي,aljawharah.alsaaidi@vendor11.sa.example,+966593849417,SA2903384818772500912106,نشط,2025-09-22
V00084,مجموعة الفيفي للخدمات اللوجستية,7106808297,392257107912403,سكاكا,سلمى الجهني,zainab.aljohani@vendor23.sa.example,+966580903645,SA2081791617490115179553,نشط,2024-12-03
V00085,مكتب الثبيتي للمستشفيات,5854968637,390778683116373,خميس مشيط,سمر الشريف,samar.alomari@vendor8.sa.example,+966528801285,SA7662951636145178574383,نشط,2026-03-30
V00086,مصنع الزبيدي للبنية التحتية,5855049013,399797423897273,أبها,عبدالكريم السلمي,mayaa.alhajri@vendor13.sa.example,+966574925774,SA0251800038441398525508,نشط,2025-10-29
V00087,شركة مساهمة الحربي للمقاولات,1010114441,394031957413303,الرياض,عبدالله الفيفي,basel.alshamri@vendor23.sa.example,+966544734461,SA7483606327199651253880,نشط,2024-07-16
V00088,شركة القرني للأمن السيبراني,1010275460,344917637415713,الرياض,صالح الدوسري,anas.alruwaily@vendor3.sa.example,+966577450153,SA7308834022259965152710,نشط,2025-07-12
V00089,شركة الرشيدي لتقنية المعلومات,6906347259,382841720240093,عرعر,خالد الزبيدي,bayan.albqami@vendor3.sa.example,+966505376534,SA6975375253112662377653,نشط,2026-04-26
V00090,مجموعة البلوي للإعلام والتواصل,2051509359,332799876363713,الجبيل,أحمد القرني,abdulaziz.alanazi@vendor22.sa.example,+966535447506,SA6630693554071043695797,نشط,2025-08-05
V00091,شركة السبيعي لتقنية المعلومات,4030158313,307952390230653,جدة,سلمان المسعود,fatima.alhazmi@vendor14.sa.example,+966541189496,SA4728395105102859051625,نشط,2026-02-12
V00092,مجموعة الأسمري للتجهيزات الطبية,6506516463,341266228164323,نجران,هاني الأسمري,hussein.albalawi@vendor16.sa.example,+966594772562,SA8471943088573974362230,نشط,2024-04-29
V00093,مكتب البلوي لإدارة المشاريع,3206522785,332451776331933,حائل,سعد الرشيدي,faisal.albqami@vendor20.sa.example,+966503675847,SA6372618433287044694070,نشط,2025-02-07
V00094,مؤسسة العسيري للتجهيزات الطبية,5854405697,302087808842343,خميس مشيط,أيمن الحازمي,heba.alsalmi@vendor30.sa.example,+966597008769,SA3000295262866877224431,نشط,2025-11-15
V00095,مركز الحميدي للأمن السيبراني,4650438391,357832235892803,المدينة المنورة,عبدالكريم الدوسري,wafaa.alsalmi@vendor17.sa.example,+966578268700,SA9021730362683566961530,نشط,2024-07-05
V00096,مختبرات الحوساوي للمستشفيات,4652834882,369233816185773,ينبع,أنوار القرشي,ibtisam.alhajri@vendor5.sa.example,+966558612193,SA7189883398367214243181,نشط,2025-07-25
V00097,مختبرات المالكي للإعلام والتواصل,4652219887,310073408845313,ينبع,حسن الحازمي,basel.alqurashi@vendor4.sa.example,+966560490460,SA8961245629254588662392,نشط,2024-11-24
V00098,مؤسسة العرجاني للإعلام والتواصل,4031729643,335520578390363,مكة المكرمة,سعد الفيفي,fatima.albalawi@vendor15.sa.example,+966595349254,SA2144008255134660306399,نشط,2025-03-17
V00099,مركز العرجاني للتطوير البرمجي,7106017906,384204185562173,سكاكا,طلال البلوي,kareem.almugrin@vendor29.sa.example,+966515610640,SA8414459150603153415666,نشط,2025-07-17
V00100,مجموعة الثبيتي للترجمة والتعريب,3206586515,356719990274103,حائل,صالح الشمري,ahmed.alghamdi@vendor12.sa.example,+966570975079,SA3828814826351941040910,نشط,2024-07-18
V00101,مختبرات الشمري للبنية التحتية,4030826062,399204114383153,جدة,نورة الشريف,ruya.alyami@vendor26.sa.example,+966594990265,SA5052526244566832068200,نشط,2024-05-09
V00102,شركة مساهمة الفيفي للخدمات اللوجستية,2051123378,313211432647083,الجبيل,نجود الرويلي,majed.albalawi@vendor3.sa.example,+966590388960,SA3456729831590891425229,نشط,2024-12-25
V00103,مركز السبيعي للطباعة والنشر,2050217212,334477858129233,الدمام,سارة العامري,areej.alshehri@vendor26.sa.example,+966535044489,SA9317475526236699720052,نشط,2024-04-30
V00104,مؤسسة البقمي للاتصالات,5855351878,321798276850973,أبها,عبدالوهاب الثبيتي,safaa.alrubaie@vendor5.sa.example,+966581195226,SA6406451030006521176992,نشط,2026-01-22
V00105,شركة المطيري للخدمات اللوجستية,2051450262,304419949250283,الجبيل,أنوار الرويلي,reem.alomari@vendor10.sa.example,+966533213818,SA2910382529440240411898,نشط,2025-04-16
V00106,مجموعة الشمري لإدارة المشاريع,4652077081,329195977600353,ينبع,جاسم الحازمي,leen.alrashidi@vendor7.sa.example,+966504819006,SA0209832007811385432640,نشط,2026-06-12
V00107,شركة الحميدي للتجهيزات الطبية,4032156595,383119102281093,الطائف,خالد الربيعي,ghadeer.alsahli@vendor18.sa.example,+966516914094,SA3845801406170068479095,نشط,2025-10-21
V00108,شركة الزياني للصناعات الغذائية,7106164117,363797025802773,سكاكا,عبدالله السواط,shehab.althbiti@vendor24.sa.example,+966575695160,SA2971788437735877844071,نشط,2024-07-30
V00109,مركز القحطاني للطباعة والنشر,2051992694,384487652671863,الجبيل,نجود البلوي,rana.alsalmi@vendor9.sa.example,+966540965528,SA2993059327052858471339,نشط,2026-03-05
V00110,شركة مساهمة المرواني للأعمال العقارية,2051292902,393428189829753,الجبيل,نجود العوفي,dima.alghamdi@vendor19.sa.example,+966587598126,SA2715807034495901657648,نشط,2026-01-24
V00111,مكتب المسعود للمقاولات,3406276934,334708363654823,بريدة,مازن الثبيتي,sultan.alsudairi@vendor26.sa.example,+966579328351,SA7309751893274223623538,نشط,2025-08-08
V00112,مجموعة الحميدي للتسويق الرقمي,4030334995,300370196444933,جدة,ميساء السهلي,haifa.alghamdi@vendor22.sa.example,+966526228854,SA7342464832811029199171,نشط,2026-04-21
V00113,مصنع الخالدي للتطوير البرمجي,3406492671,339333678747013,بريدة,مشعل الحربي,saleh.alanazi@vendor5.sa.example,+966591031940,SA7728082852157984345003,نشط,2025-11-03
V00114,شركة مساهمة الزبيدي للتسويق الرقمي,6906750888,320609928512133,عرعر,هاني الحازمي,safaa.alarjani@vendor29.sa.example,+966532446100,SA1533929778427022384992,نشط,2024-07-20
V00115,مختبرات السديري للأمن السيبراني,5606736066,394544639676703,تبوك,الجوهرة العمري,saad.aljohani@vendor13.sa.example,+966540970598,SA1462320327439587147449,نشط,2026-01-03
V00116,مؤسسة الشمري للتسويق الرقمي,6906952935,304096293841913,عرعر,راشد السهلي,hassan.alshehri@vendor2.sa.example,+966597359207,SA1916540470730929319465,نشط,2024-04-27
V00117,شركة مساهمة القرني للإعلام والتواصل,4031866869,312810400977633,مكة المكرمة,أريج الربيعي,shehab.alhazmi@vendor9.sa.example,+966581548811,SA4625211303813248146985,نشط,2024-09-06
V00118,شركة مساهمة القحطاني للتجهيزات الطبية,6506720217,390291894243503,نجران,سمر القحطاني,rahaf.alashmari@vendor7.sa.example,+966508645747,SA2412241931919818452202,نشط,2024-11-02
V00119,شركة مساهمة العمري للترجمة والتعريب,4031676980,370849517748713,مكة المكرمة,وائل الرشيدي,hamza.albalawi@vendor6.sa.example,+966523222148,SA1962405982350854214659,نشط,2025-10-09
V00120,مختبرات الشهراني للاتصالات,5855880088,319599366123313,أبها,ابتسام الزبيدي,nasser.althbiti@vendor14.sa.example,+966545633970,SA0779848280906894807130,نشط,2025-06-03
V00121,شركة مساهمة البلوي لتقنية المعلومات,5854001597,369858774104183,خميس مشيط,أنس الدوسري,shehab.almalki@vendor20.sa.example,+966564181732,SA0256533734203842698202,نشط,2024-09-10
V00122,مصنع اليامي لتقنية المعلومات,3406829294,375797374023103,بريدة,رنا العتيبي,shehab.alhosawy@vendor17.sa.example,+966513618789,SA1578888770016441492787,نشط,2024-12-16
V00123,مؤسسة الغامدي للتسويق الرقمي,5606531335,375900698142423,تبوك,عبير المسعود,hussein.alyami@vendor2.sa.example,+966500282390,SA1082638103319974670829,نشط,2025-05-25
V00124,مجموعة الزبيدي للاستشارات,2051003311,369485048349993,الجبيل,أريج الشهري,ahmed.alarjani@vendor29.sa.example,+966525303405,SA7216476314328011992223,نشط,2025-08-22
V00125,مكتب التميمي للبنية التحتية,4032524066,343935349404133,الطائف,صفاء الزهراني,tala.alkhaldi@vendor22.sa.example,+966517135462,SA7129122366514419617504,نشط,2025-09-29
V00126,شركة مساهمة الحربي للمستشفيات,2050451607,325137766815613,الدمام,خالد العتيبي,naif.alharbi@vendor4.sa.example,+966503382112,SA3981870622164542834561,نشط,2025-01-26
V00127,مصنع الخالدي للمقاولات,3406613746,310144126375013,بريدة,وليد الزهراني,ayman.albalawi@vendor13.sa.example,+966503987744,SA1647362343465911157281,نشط,2025-01-19
V00128,مصنع الزبيدي للتطوير البرمجي,3406734384,362945123124503,بريدة,عمر العسيري,safaa.alanazi@vendor1.sa.example,+966514521333,SA8838542559546344839432,نشط,2024-08-13
V00129,شركة مساهمة الزياني للترجمة والتعريب,5855337806,369487523080483,أبها,عادل القرني,majed.alotaibi@vendor8.sa.example,+966502709236,SA8538411874327468340969,نشط,2025-12-01
V00130,شركة الزهراني للتعليم والتدريب,4031357215,383508091231693,مكة المكرمة,أيمن الزبيدي,sahar.alamri@vendor18.sa.example,+966536502879,SA8156286850136161973505,نشط,2025-02-02
V00131,مركز الغامدي للتسويق الرقمي,5854985834,307367222602163,خميس مشيط,رانيا الزهراني,dalal.alqarni@vendor13.sa.example,+966525380486,SA4781286497575949034556,نشط,2025-01-28
V00132,مصنع الهاجري للأعمال العقارية,4652198796,325301763059553,ينبع,هاني الغامدي,maisa.alaufi@vendor6.sa.example,+966520534863,SA7007630430745257876478,نشط,2026-02-11
V00133,مختبرات الثبيتي للأعمال العقارية,6506663132,348079304274013,نجران,هيفاء السبيعي,dima.alomari@vendor19.sa.example,+966519414485,SA8456654236665548640705,نشط,2024-08-31
V00134,مجموعة الزهراني للاستشارات,4031835210,301968432720243,مكة المكرمة,حمزة الغامدي,wael.aldosari@vendor19.sa.example,+966536909799,SA4154226815648306722305,نشط,2025-07-30
V00135,شركة مساهمة العنزي للطباعة والنشر,7106958306,365028658234043,سكاكا,شهد العرجاني,hamad.almutairi@vendor11.sa.example,+966599841540,SA6045994573887510485977,نشط,2026-03-30
V00136,مركز الرشيدي للأعمال العقارية,7106387797,327103308711,سكاكا,عبير الرويلي,ibtisam.alsaaidi@vendor29.sa.example,+966527392803,SA0608367881468835459058,نشط ,2024-11-12
V00137,مصنع العسيري للبنية التحتية,6506062561,399612201689833,نجران,أمل المطيري,abdulkarim.alswat@vendor4.sa.example,+966562123416,SA6470524281368011553653,نشط,2026-01-11
V00138,شركة مساهمة البلوي للتعليم والتدريب,2051165141,303387949989073,الجبيل,عبدالكريم القرني,dima.alsahli@vendor19.sa.example,+966529942177,SA0758281670943457991134,نشط,2026-06-06
V00139,شركة مساهمة السبيعي للمستشفيات,5854184911,387400556305573,خميس مشيط,باسل المالكي,mansour.almugrin@vendor9.sa.example,+966511285290,SA2900449411890688641447,نشط,2025-04-29
V00140,مجموعة الحميدي للتجهيزات الطبية,4650213022,336919226313123,المدينة المنورة,نايف البقمي,tala.alhosawy@vendor2.sa.example,+966583405971,SA6337082884791711988269,نشط,2025-08-11
V00141,مكتب الهاجري للمستشفيات,6006746981,335657630763423,جازان,سلطان الشمري,rania.alhajri@vendor21.sa.example,+966521567201,SA7367049321328882243971,نشط,2025-09-09
V00142,شركة العتيبي للاستشارات,4032280276,391314097360013,الطائف,خالد البقمي,marwa.albqami@vendor7.sa.example,+966506401289,SA8523864931371742899935,نشط,2025-03-24
V00143,شركة الشمري للتطوير البرمجي,4652861433,394864943622653,ينبع,إبراهيم الحربي,salma.alarjani@vendor9.sa.example,+966594136896,SA8977405061374011446414,نشط,2025-02-28
V00144,مكتب المسعود لإدارة المشاريع,4650212828,354388571263223,المدينة المنورة,تالا الشريف,abdullah.alzahrani@vendor26.sa.example,+966546573509,SA8621038271554276600750,نشط,2024-05-06
V00145,شركة السلمي للإعلام والتواصل,5606451614,340958381446803,تبوك,إبراهيم العامري,saad.alarjani@vendor21.sa.example,+966532344492,SA1960984772581935752035,نشط,2025-05-25
V00146,مؤسسة الغامدي لإدارة المشاريع,4652046370,378860995842313,ينبع,نايف السواط,saad.alhosawy@vendor17.sa.example,+966536732369,SA4468033415954652323320,نشط,2025-03-08
V00147,شركة مساهمة القرشي للطباعة والنشر,4030336126,383042987455203,جدة,سلمى الشهري,hassan.aljohani@vendor6.sa.example,+966513029845,SA7483487707481536674617,نشط,2024-12-07
V00148,مصنع السديري للتجهيزات الطبية,3406329701,364050943613573,بريدة,رند الرويلي,eman.almasoud@vendor24.sa.example,+966532752478,SA1410496303648170686696,نشط,2024-05-13
V00149,مصنع السلمي للمقاولات,4032743231,397021379524103,الطائف,أنس الجهني,hassan.alamri@vendor26.sa.example,+966593082320,SA9237237401339833170089,نشط,2024-10-29
V00150,مؤسسة القحطاني للتجهيزات الطبية,1010784442,304098803552353,الرياض,أنس الحوساوي,marwa.altamimi@vendor5.sa.example,+966515219467,SA5504502045532693417054,نشط,2025-11-29
V00151,مجموعة الشمري للتجهيزات الطبية,2050904615,325329920736973,الدمام,كريم العنزي,kareem.albalawi@vendor22.sa.example,+966579272165,SA6523101345398966842892,نشط,2025-06-17
V00152,مصنع المرواني للاتصالات,4030498233,338589659211733,جدة,لؤي العامري,ibtisam.alrashidi@vendor30.sa.example,+966565597087,SA0930969149929329651463,نشط,2024-06-27
V00153,مكتب المالكي للإعلام والتواصل,5854163709,305312438436613,خميس مشيط,زينب السديري,bashayir.alfaifi@vendor15.sa.example,+966572486926,SA2183247968628403676667,نشط,2024-04-27
V00154,شركة الشريف للخدمات البيئية,6906941314,365509377376,عرعر,سامي القحطاني,nawaf.alruwaily@vendor23.sa.example,+966563057188,SA1486368258750746640404,نشط,2024-05-18
V00155,مختبرات الغامدي لإدارة المشاريع,6006222815,377275882808573,جازان,ناصر المقرن,heba.alghamdi@vendor30.sa.example,+966512947771,SA1914006638476400619893,نشط,2024-10-27
V00156,مجموعة اليامي للتطوير البرمجي,3206817150,374881263388013,حائل,تالا الأسمري,kareem.alruwaily@vendor9.sa.example,+966558805629,SA1119803012074996048257,نشط,2025-05-27
V00157,مصنع الجهني للبنية التحتية,2051452204,365033390809073,الجبيل,أيمن الدوسري,saad.alanazi@vendor1.sa.example,+966505843974,SA8262261267689888009638,نشط,2025-10-16
V00158,مركز البلوي للصناعات الغذائية,2050188901,341168099261673,الدمام,عبدالله الحربي,areej.alhosawy@vendor2.sa.example,+966502395071,SA3035374008383423094823,نشط,2024-06-16
V00159,مؤسسة المسعود للإعلام والتواصل,4030439123,307119924917473,جدة,جاسم المسعود,bashayir.alhosawy@vendor5.sa.example,+966555507600,SA5202212795927506465547,نشط,2026-03-24
V00160,شركة مساهمة السهلي للتطوير البرمجي,7106656860,364851903748113,سكاكا,لمى الجهني,badr.alghamdi@vendor7.sa.example,+966538880573,SA5085614961628694249977,نشط,2024-09-21
V00161,مؤسسة العتيبي للتسويق الرقمي,4650403430,330865272492613,المدينة المنورة,رؤيا العتيبي,alanoud.alyami@vendor14.sa.example,+966561551686,SA0882519799011789845164,نشط,2024-08-09
V00162,شركة مساهمة الحوساوي للإعلام والتواصل,6006826797,347146165361313,جازان,زينب الرشيدي,abdulrahman.alzahrani@vendor1.sa.example,+966515754467,SA8854555705296945044553,نشط,2025-03-30
V00163,مصنع الشهراني للبنية التحتية,4650381875,320351037191,المدينة المنورة,وفاء الحربي,anwar.almugrin@vendor18.sa.example,+966567007448,SA7771946059256761655389,نشط,2025-02-04
V00164,مركز الغامدي للبنية التحتية,7106602719,359890465741003,سكاكا,زينب الزياني,dima.alomari@vendor15.sa.example,+966525980446,SA1061076472255156200855,نشط,2025-04-28
V00165,شركة الرويلي للاستشارات,6006773293,378664249019293,جازان,غانم القرني,areej.alarjani@vendor14.sa.example,+966540196571,SA3727336371113272121908,نشط,2024-10-01
V00166,مؤسسة المطيري للتطوير البرمجي,3406129593,364725427603213,بريدة,لطيفة الهاجري,aljawharah.alqahtani@vendor22.sa.example,+966505356031,SA1804356524540273139323,نشط,2025-09-09
V00167,مجموعة المسعود للتعليم والتدريب,6506322656,388242689888783,نجران,رهف اليامي,ayman.alzahrani@vendor18.sa.example,+966539942115,SA2775442313170544302604,نشط,2021-04-30
V00168,مصنع السهلي لتقنية المعلومات,4652986793,373569731831,ينبع,رامي الزهراني,jasem.alashmari@vendor25.sa.example,+966521827500,SA6091964822698454014188,نشط,2025-01-19
V00169,شركة مساهمة الربيعي لتقنية المعلومات,4650409145,382681622375563,المدينة المنورة,هبة المرواني,luay.alasiri@vendor11.sa.example,+966529555211,SA2492030699933930294188,نشط,2025-09-08
V00170,مكتب العرجاني للتعليم والتدريب,6506732961,313742331052593,نجران,أمل العسيري,rand.alshahrani@vendor22.sa.example,+966534411735,SA0478860421654830268137,نشط,2024-05-15
V00171,مختبرات الثبيتي للخدمات البيئية,2050857961,354344357554633,الدمام,منى السواط,sara.alqahtani@vendor1.sa.example,+966555335303,SA3612245446449899294879,نشط,2025-12-23
V00172,مختبرات العامري للصناعات الغذائية,3406897043,344271953436723,بريدة,غدير الصاعدي,abdulkarim.alkhaldi@vendor26.sa.example,+966588064337,SA1690456559093702961039,نشط,2025-06-02
V00173,مصنع العوفي للأمن السيبراني,4650492654,321812679940953,المدينة المنورة,مروة الهاجري,nadia.alghamdi@vendor20.sa.example,+966537462319,SA6781426785212127773010,نشط,2025-12-18
V00174,مجموعة العتيبي للتعليم والتدريب,1010967044,337953253898893,الرياض,أنوار العسيري,sultan.alomari@vendor17.sa.example,+966535607337,SA7415505215648656970342,نشط,2025-02-22
V00175,مؤسسة السهلي للاتصالات,7106809015,369091611934933,سكاكا,صقر السهلي,asma.alswat@vendor10.sa.example,+966563767865,SA5585257643529738338932,نشط,2026-02-08
V00176,مجموعة الزهراني لإدارة المشاريع,7106505924,393879093722683,سكاكا,رنا الدوسري,abdulrahman.aldosari@vendor13.sa.example,+966525579797,SA5957604610162497687715,نشط,2024-05-28
V00177,مختبرات البلوي للمستشفيات,6906489508,381863315016053,عرعر,معاذ العامري,khalid.aldosari@vendor24.sa.example,+966527209376,SA12204744616945324099,نشط,2025-10-23
V00178,مصنع الزبيدي للبنية التحتية,5606737885,318237458540023,تبوك,عبدالوهاب السواط,khalid.alqarni@vendor28.sa.example,+966523599277,SA2463010042995036944831,نشط,2025-09-25
V00179,مركز التميمي للتسويق الرقمي,3406616162,308985248315253,بريدة,خالد الهاجري,areej.aldosari@vendor15.sa.example,+966556939141,SA0448655137869968588552,نشط,2024-05-28
V00180,شركة القحطاني للتسويق الرقمي,4650023384,347363381207163,المدينة المنورة,مروة السلمي,ibtisam.alhosawy@vendor18.sa.example,+966570002009,SA9476929499345390148410,نشط,2026-01-13
V00181,شركة مساهمة الحميدي للإعلام والتواصل,3406210033,376270480633473,بريدة,سلطان الحميدي,asma.almutairi@vendor11.sa.example,+966510680438,SA1604011135662308093484,نشط,2025-10-09
V00182,مكتب الشهراني للتجهيزات الطبية,4030051475,387879049264043,جدة,نادية الغامدي,badr.alyami@vendor9.sa.example,+966573146792,SA1459877258859744751080,نشط,2024-04-27
V00183,مكتب الجهني للصناعات الغذائية,3406963119,335914599038793,بريدة,فهد الزبيدي,ruya.alhazmi@vendor12.sa.example,+966530676492,SA8038812937459716887091,نشط,2024-12-11
V00184,مختبرات الهاجري للخدمات البيئية,3406643673,354658135524343,بريدة,هيفاء القرني,hamza.alamri@vendor30.sa.example,+966584387887,SA9528687954254278143042,نشط,2024-07-18
V00185,شركة الشهري للتطوير البرمجي,5606182448,362424366226,تبوك,عمر السهلي,rahaf.aldosari@vendor1.sa.example,+966542365937,SA5901849059549297944548,نشط,2024-06-27
V00186,مؤسسة الشريف للإعلام والتواصل,5606694505,395511517322203,تبوك,سعد الزبيدي,anwar.alshahrani@vendor1.sa.example,+966531329663,SA7516730692071902178862,نشط,2024-11-22
V00187,مكتب المسعود للمستشفيات,4650554222,375105391028393,المدينة المنورة,راشد الخالدي,saleh.alzubaidi@vendor16.sa.example,+966591447746,SA5751177385399391465913,نشط,2025-05-14
V00188,مكتب العنزي للتطوير البرمجي,1010837123,398797947467733,الرياض,عبدالعزيز السلمي,ayman.almalki@vendor27.sa.example,+966598164671,SA9143485493440215212364,نشط,2025-05-02
V00189,مكتب المسعود للمقاولات,4650331349,364535186813873,المدينة المنورة,رنا الخالدي,sami.alhazmi@vendor15.sa.example,+966563496424,SA4428055783861396894908,نشط,2026-01-13
V00190,شركة الفيفي للأعمال العقارية,3206334404,382027530319223,حائل,راشد العرجاني,rashed.almarwani@vendor20.sa.example,+966557225459,SA8085579406364988409101,نشط,2025-05-26
V00191,شركة مساهمة السديري للإعلام والتواصل,4650615372,365603279939473,المدينة المنورة,حسن القحطاني,heba.alarjani@vendor19.sa.example,+966562395688,SA8819382555694976716623,نشط,2025-05-14
V00192,مكتب السلمي للخدمات المالية,2050754917,338430043371373,الدمام,لين الحازمي,eman.alsubaie@vendor17.sa.example,+966591773802,SA9858428875729086219065,نشط,2026-02-04
V00193,مختبرات الأسمري للطباعة والنشر,4031812223,349961334542633,مكة المكرمة,حسين المالكي,shaima.almugrin@vendor11.sa.example,+966560887282,SA8039013510714172314393,نشط,2024-07-11
V00194,مؤسسة الفيفي للأعمال العقارية,3406569717,319730104992823,بريدة,مشعل السبيعي,abdulaziz.alharbi@vendor14.sa.example,+966515115066,SA9568502204985680338846,نشط,2026-01-04
V00195,مختبرات الربيعي للطباعة والنشر,4030586342,383234890515843,جدة,العنود السواط,haifa.alaufi@vendor11.sa.example,+966533683649,SA4468507877843434825445,نشط,2025-05-03
V00196,مختبرات الجهني للصناعات الغذائية,3406576703,370038037459563,بريدة,سعد البلوي,saad.alashmari@vendor16.sa.example,+966557580881,SA2491252119518930104103,نشط,2024-11-16
V00197,شركة السديري لإدارة المشاريع,6506932116,374166486754493,نجران,حنان الزهراني,maha.almugrin@vendor3.sa.example,+966523381035,SA2244584714289192905950,نشط,2025-03-08
V00198,مركز الزهراني للأمن السيبراني,6506712727,309636162881923,نجران,أحمد التميمي,jawaher.alqurashi@vendor23.sa.example,+966559870356,SA8785604411966287122431,نشط,2024-09-15
V00199,مصنع الجهني للمقاولات,1010044805,318523547079673,الرياض,مروة المطيري,basel.almalki@vendor26.sa.example,+966561878503,SA3880082499356921789968,نشط,2025-08-21
V00200,مصنع السلمي للطباعة والنشر,4031294626,333727753133893,مكة المكرمة,سحر العامري,yousef.alqurashi@vendor29.sa.example,+966543266698,SA1912912612652774619324,نشط,2026-01-14
V00201,مصنع الشريف للاستشارات,2050036060,317371951733823,الدمام,منصور الشهراني,nadia.alziyani@vendor28.sa.example,+966593575737,SA4829503242906594928226,نشط,2026-02-25
V00202,مكتب المسعود للمستشفيات,4031729216,384470991204913,مكة المكرمة,صقر الهاجري,safaa.alarjani@vendor28.sa.example,+966544748537,SA4357459492838249449206,نشط,2026-02-23
V00203,مكتب الحازمي لإدارة المشاريع,7106828618,362793968079573,سكاكا,عبدالرحمن السديري,musaid.alshehri@vendor8.sa.example,+966572886665,SA8060502482286749600613,نشط,2025-04-11
V00204,مكتب العنزي للأمن السيبراني,2051046069,389038418818153,الجبيل,حنان الزهراني,saqr.alzubaidi@vendor3.sa.example,+966508333717,SA2722465977770369365469,نشط,2026-05-22
V00205,مصنع الخالدي للخدمات اللوجستية,4652582441,352901154525353,ينبع,أيمن الخالدي,khalid.alhosawy@vendor3.sa.example,+966581872407,SA9767634313587205845656,نشط,2024-11-20
V00206,مؤسسة السلمي للأمن السيبراني,7106034103,357027276041903,سكاكا,مساعد الجهني,sahar.alotaibi@vendor2.sa.example,+966535734751,SA6078597723263097912608,نشط,2025-04-10
V00207,شركة مساهمة الزياني للصناعات الغذائية,3206319969,391592927369203,حائل,ديمة العتيبي,abeer.aldosari@vendor7.sa.example,+966516937853,SA2462907991715086709202,نشط,2024-08-07
V00208,مركز الحوساوي للخدمات اللوجستية,3206198405,364656267285893,حائل,مياء العمري,asma.alsaaidi@vendor4.sa.example,+966518205379,SA0266840094217930252671,نشط,2025-08-10
V00209,مؤسسة الزياني للخدمات المالية,2051887228,392467689296173,الجبيل,مازن التميمي,mansour.alhumaidi@vendor17.sa.example,+966597450344,SA8706729062731202663891,نشط,2026-02-19
V00210,مؤسسة الفيفي للتطوير البرمجي,7106059108,308539094462763,سكاكا,غانم الحوساوي,naif.alharbi@vendor18.sa.example,+966517709346,SA0429973481951335295422,نشط,2025-12-04
V00211,مختبرات الأسمري للمقاولات,2051528648,346468833828,الجبيل,هيفاء المالكي,saqr.almugrin@vendor25.sa.example,+966506418252,SA7752603858777421548177,نشط,2024-05-07
V00212,مختبرات السواط للطباعة والنشر,4031261255,341012904924513,مكة المكرمة,دلال القحطاني,saleh.almalki@vendor15.sa.example,+966577185044,SA3596590033663928441239,نشط,2026-04-04
V00213,مصنع الثبيتي للصناعات الغذائية,5606468292,378990903325323,تبوك,دلال الخالدي,omar.alotaibi@vendor22.sa.example,+966525992743,SA2862922875185579067221,نشط,2026-03-23
V00214,مصنع الغامدي للطباعة والنشر,6006751777,312973848538483,جازان,سلطان المطيري,omar.alghamdi@vendor4.sa.example,+966503550941,SA2895046812555772704140,نشط,2025-06-17
V00215,مختبرات اليامي للخدمات البيئية,7106456297,305147918547663,سكاكا,عبدالله الرويلي,,+966509560738,SA2439142533987065328825,نشط,2025-02-23
V00216,شركة المقرن للصناعات الغذائية,6006037560,300528491091023,جازان,أسماء العوفي,ahmed.alzahrani@vendor29.sa.example,+966587106119,SA0793497238956532929920,ACTIVE,2025-11-13
V00217,مصنع الأسمري للخدمات البيئية,4650225567,316689775329313,المدينة المنورة,بيان اليامي,jawaher.albqami@vendor22.sa.example,+966536419111,SA2786821945478279066711,نشط,2025-10-29
V00218,شركة مساهمة البلوي للتسويق الرقمي,4031494784,379002602027,مكة المكرمة,مشعل التميمي,ziad.alswat@vendor25.sa.example,+966572238768,SA8413916062255455845103,نشط,2026-06-10
V00219,شركة السهلي للصناعات الغذائية,6506338979,383311036736943,نجران,فاطمة الربيعي,abdullah.alamri@vendor16.sa.example,+966507341895,SA8526394329755058931207,نشط,2025-08-13
V00220,مؤسسة الفيفي للتعليم والتدريب,6006724928,309530137236293,جازان,زينب الأسمري,bayan.alzahrani@vendor22.sa.example,+966513731591,SA5999061502594937982415,نشط,2025-09-27
V00221,مجموعة الشريف للصناعات الغذائية,2050004801,356476130463763,الدمام,صقر الغامدي,naif.aljohani@vendor2.sa.example,+966595767778,SA4844454521616984852881,نشط,2024-06-10
V00222,مؤسسة الأسمري للمقاولات,3206597660,303077100435393,حائل,سحر الحميدي,walid.altamimi@vendor4.sa.example,+966591842133,SA4578411332532765761229,نشط,2026-03-15
V00223,مركز السواط للاتصالات,6506783496,350985242052773,نجران,عبدالوهاب الخالدي,maha.alsaaidi@vendor18.sa.example,+966574636585,SA5955025466085772877167,نشط,2025-08-12
V00224,مجموعة القرني للاستشارات,4032266230,369016033582003,الطائف,زياد الغامدي,wafaa.alrashidi@vendor23.sa.example,+966590599757,SA0871930145998883487468,نشط,2025-08-19
V00225,مجموعة الحربي لإدارة المشاريع,4030171967,329848377008943,جدة,كريم السديري,ibrahim.almalki@vendor11.sa.example,+966533918478,SA4557735033330113696566,نشط,2025-10-04
V00226,مختبرات الزبيدي للبنية التحتية,2051335881,353363223537193,الجبيل,أنس الربيعي,salma.alshahrani@vendor1.sa.example,+966587537910,SA0357762436077156696105,نشط,2021-05-12
V00227,مؤسسة التميمي للأمن السيبراني,4031395131,300404939677613,مكة المكرمة,جواهر العوفي,rania.althbiti@vendor3.sa.example,+966526282575,SA9367860715676041096926,نشط,2025-11-30
V00228,شركة مساهمة المقرن للاتصالات,1010966500,342333613698473,الرياض,مياء المالكي,ruya.alomari@vendor3.sa.example,+966574928578,SA9305919367094170186747,نشط,2025-09-17
V00229,شركة مساهمة الزهراني للإعلام والتواصل,6906210241,319025886582093,عرعر,باسل العامري,abdulaziz.alamri@vendor1.sa.example,+966542836699,SA2242616311631750533909,نشط,2025-02-11
V00230,شركة مساهمة القحطاني للطباعة والنشر,6506525285,333947206127323,نجران,عبدالرحمن الغامدي,ibrahim.aljohani@vendor11.sa.example,+966509504862,SA8290659889576323854695,نشط,2025-06-06
V00231,مؤسسة المقرن للتسويق الرقمي,4031741892,305904252663203,مكة المكرمة,بيان التميمي,ghanem.albqami@vendor28.sa.example,+966524881805,SA5614042071989442670643,نشط,2026-02-27
V00232,شركة مساهمة الحميدي للطباعة والنشر,4030074619,381914213886313,جدة,حسين الشريف,ghanem.alhazmi@vendor12.sa.example,+966532931386,SA8151761832884842526118,نشط,2025-05-10
V00233,شركة مساهمة المطيري لإدارة المشاريع,2050690082,320067125858523,الدمام,دلال الخالدي,shaima.alsalmi@vendor17.sa.example,+966588226527,SA9130782019235727817529,نشط,2026-02-15
V00234,مؤسسة الشهراني للخدمات البيئية,4650910544,392329615669453,المدينة المنورة,صقر السواط,abeer.alqarni@vendor13.sa.example,+966590378973,SA7000419917683003573616,نشط,2025-12-09
V00235,مؤسسة المسعود للاستشارات,5606090746,308804283975913,تبوك,صقر الغامدي,mansour.alharbi@vendor24.sa.example,+966567055213,SA9387064178318389335192,نشط,2026-04-13
V00236,شركة القرني للخدمات البيئية,3206872947,347659996931753,حائل,جاسم الحميدي,luay.alziyani@vendor19.sa.example,+966569216563,SA4238592512253023097733,نشط,2026-05-13
V00237,مجموعة البلوي للإعلام والتواصل,2050248226,336836865172593,الدمام,مشعل العوفي,sami.althbiti@vendor10.sa.example,+966589568543,SA4271964247591534115002,نشط,2025-03-24
V00238,مؤسسة السواط للأمن السيبراني,4652974424,396710304709863,ينبع,عبدالعزيز الحازمي,hani.alqarni@vendor14.sa.example,+966560764178,SA2538726659032544430701,نشط,2026-02-14
V00239,مكتب المقرن للأعمال العقارية,4030644027,368714593832543,جدة,معاذ الحازمي,hassan.alaufi@vendor17.sa.example,+966591983910,SA9352921932950491578755,نشط,2024-05-19
V00240,مركز البقمي للاستشارات,5606796446,337219111843673,تبوك,ريم الزبيدي,dima.alsalmi@vendor26.sa.example,+966507085924,SA1851175747731457184596,نشط,2024-06-25
V00241,مكتب الرويلي لإدارة المشاريع,5606441556,351457053964173,تبوك,مشعل السهلي,lama.alziyani@vendor23.sa.example,+966530551343,SA4033344135759497282037,نشط,2026-02-15
V00242,مكتب الشريف للخدمات اللوجستية,4030334825,382501613051153,جدة,عبير المالكي,jawaher.alamri@vendor4.sa.example,+966520548475,SA8143008020947472969712,نشط,2024-08-30
V00243,مؤسسة العمري للأعمال العقارية,1010262278,390670616887083,الرياض,جواهر الزياني,maha.alanazi@vendor14.sa.example,+966515423701,SA3923040822738457155138,نشط,2026-04-07
V00244,مصنع الدوسري للأمن السيبراني,4652326040,354380386496733,ينبع,سلطان العسيري,ziad.alaufi@vendor23.sa.example,+966532615748,SA9542912771557875749459,نشط,2024-09-01
V00245,مختبرات الدوسري للتجهيزات الطبية,2051235932,336806438659543,الجبيل,سمر الغامدي,abdulwahhab.alfaifi@vendor20.sa.example,+966509257268,SA0855983538961248607577,نشط,2025-09-20
V00246,شركة السبيعي للاتصالات,3406774900,301877435529853,بريدة,معاذ القرشي,anwar.almalki@vendor12.sa.example,+966597350697,SA8885113809397115209611,نشط,2025-04-26
V00247,مختبرات الزهراني للبنية التحتية,6006727187,388724996292203,جازان,سارة السهلي,salman.alzubaidi@vendor8.sa.example,+966595557689,SA0989557350423295426250,نشط,2025-08-02
V00248,مكتب القرني للخدمات المالية,6006486621,390044856396723,جازان,منصور الزبيدي,noura.alhajri@vendor28.sa.example,+966504234214,SA4808247279867552769953,نشط,2024-11-05
V00249,شركة مساهمة الغامدي للتسويق الرقمي,2050193957,353109154091663,الدمام,منصور العسيري,muath.alshamri@vendor27.sa.example,+966552122693,SA7851531425175164714908,نشط,2024-07-02
V00250,مؤسسة السهلي للبنية التحتية,7106071813,307037385154483,سكاكا,خلود الأسمري,musaid.albalawi@vendor24.sa.example,+966500528484,SA0875977517681409762252,نشط,2024-12-22
V00251,مكتب العمري للأمن السيبراني,6506194745,364131130323143,نجران,عبدالعزيز الهاجري,hassan.alasiri@vendor25.sa.example,+966596460875,SA5180342055777662819491,نشط,2025-04-29
V00252,مركز العمري للصناعات الغذائية,2051886401,335863715870343,الجبيل,بيان الزهراني,muath.altamimi@vendor7.sa.example,+966580719093,SA1636559575814866686931,نشط,2025-08-21
V00253,مختبرات الرويلي للخدمات البيئية,6506925830,378016158753883,نجران,معاذ القرشي,jawaher.alfaifi@vendor14.sa.example,+966564327772,SA9274676144981815183266,نشط,2025-04-28
V00254,مكتب اليامي للصناعات الغذائية,5606482483,311124075925053,تبوك,وليد الحازمي,leen.alamri@vendor12.sa.example,+966515809316,SA2242529757392882055747,نشط,2025-10-31
V00255,مجموعة البلوي للتطوير البرمجي,2051327947,347708247920423,الجبيل,جواهر البلوي,marwa.alasiri@vendor23.sa.example,+966556878924,SA4339430491814400098635,نشط,2024-10-27
V00256,شركة مساهمة الحميدي للاستشارات,3206240024,335606366460533,حائل,بدر الربيعي,sultan.alghamdi@vendor27.sa.example,+966596252587,SA0225987935577309488535,نشط,2025-05-27
V00257,مركز الربيعي للخدمات اللوجستية,6906533822,337830165899,عرعر,عبدالله الجهني,ibrahim.alarjani@vendor8.sa.example,+966526796701,SA0864128513742554392903,نشط,2024-05-03
V00258,مصنع القرشي للمستشفيات,4031590282,302719745738253,مكة المكرمة,بيان البقمي,asma.alhumaidi@vendor29.sa.example,+966552641932,SA1253751236803013924494,نشط,2025-08-27
V00259,مختبرات العنزي للبنية التحتية,3206049605,375448805100543,حائل,أنوار الزبيدي,ayman.alziyani@vendor11.sa.example,+966588710303,SA1325874886192353576741,نشط,2025-03-24
V00260,مختبرات العرجاني للطباعة والنشر,2050873537,309306585308463,الدمام,أنس الحربي,nadia.alomari@vendor17.sa.example,+966573241605,SA3073652079547049769670,نشط,2024-09-20
V00261,مؤسسة العتيبي للتسويق الرقمي,3406514155,318232410070163,بريدة,نادية الزبيدي,fahad.aldosari@vendor21.sa.example,+966576700128,SA5883605734275892859637,نشط,2024-09-24
V00262,شركة القحطاني للأعمال العقارية,3206641412,343321064022883,حائل,نادية الصاعدي,shaima.alyami@vendor23.sa.example,+966544674628,SA8257645918365621963028,نشط,2024-10-02
V00263,مكتب العرجاني لتقنية المعلومات,3406777843,303114124075383,بريدة,زينب الثبيتي,wafaa.alruwaily@vendor1.sa.example,+966592282144,SA6783627346875999567379,نشط,2025-11-22
V00264,مؤسسة المطيري للتسويق الرقمي,7106973374,376384299911353,سكاكا,رؤيا المالكي,mayaa.alaufi@vendor12.sa.example,+966524273291,SA1563949703740569286914,نشط,2024-09-15
V00265,مؤسسة السديري للتطوير البرمجي,5855491997,307494721617803,أبها,تالا القحطاني,mona.alhosawy@vendor9.sa.example,+966562012872,SA7632170096803505580158,نشط,2026-06-10
V00266,شركة العوفي للمستشفيات,3206318278,310740659130693,حائل,نورة العنزي,safaa.alqarni@vendor9.sa.example,+966534572030,SA2342685763314452398291,نشط,2026-05-19
V00267,مختبرات الخالدي للأعمال العقارية,4031906555,393101392468273,مكة المكرمة,وائل الفيفي,walid.alrashidi@vendor2.sa.example,+966515241044,SA9758103570604421221271,نشط,2024-07-16
V00268,شركة الشهراني للأعمال العقارية,4031468832,327485245036543,مكة المكرمة,شيماء القحطاني,rana.alsaaidi@vendor14.sa.example,+966563621710,SA2372638469502552447964,نشط,2025-04-20
V00269,شركة مساهمة العتيبي للأمن السيبراني,5606393510,321440513116103,تبوك,راشد البلوي,eman.alotaibi@vendor26.sa.example,+966543020089,SA3767559872059650668921,نشط,2025-10-24
V00270,مكتب الزهراني للخدمات البيئية,6006121160,365213588069013,جازان,نادية البلوي,basel.alsahli@vendor28.sa.example,+966564991054,SA4397013034353265655024,نشط,2026-05-11
V00271,مصنع السبيعي لإدارة المشاريع,1010379236,326838426853443,الرياض,مازن التميمي,leen.altamimi@vendor16.sa.example,+966559859565,SA7849115634295975313841,نشط,2025-07-23
V00272,شركة القحطاني لتقنية المعلومات,4030501994,306197908851123,جدة,صقر القرني,marwa.alamri@vendor22.sa.example,+966538234666,SA1011709072705628691800,نشط,2024-08-01
V00273,مصنع الربيعي للخدمات المالية,6006009577,341995121181893,جازان,العنود الفيفي,alanoud.alhajri@vendor1.sa.example,+966553651172,SA8293587497769295846921,نشط,2025-02-23
V00274,مصنع الشهري للتطوير البرمجي,2050083774,337262390307103,الدمام,صقر الشهراني,hassan.alkhaldi@vendor3.sa.example,+966571061773,SA5309751838411848694646,نشط,2024-12-22
V00275,مصنع السديري للاستشارات,4030035455,396725959374293,جدة,حمد الغامدي,fatima.alrubaie@vendor15.sa.example,+966597152927,SA8061628436262911021878,نشط,2025-05-22
V00276,مصنع العامري للتجهيزات الطبية,4032700809,372132448359823,الطائف,زياد الزياني,alanoud.alsubaie@vendor13.sa.example,+966508868214,SA9122086829081155647769,نشط,2025-03-23
V00277,مركز القرني للتطوير البرمجي,7106887318,395746243352693,سكاكا,خلود الرويلي,badr.almasoud@vendor24.sa.example,+966503592930,SA9575201155959215194124,نشط,2024-08-16
V00278,مركز الفيفي للبنية التحتية,3406215695,375122444978433,بريدة,نجلاء اليامي,kholoud.alotaibi@vendor3.sa.example,+966511358656,SA0460613230293242858456,نشط,2025-06-30
V00279,مختبرات المطيري للتطوير البرمجي,2051390442,337560573715113,الجبيل,نجلاء الشريف,asma.alqahtani@vendor27.sa.example,+966541810479,SA1371324294692074706188,نشط,2026-05-11
V00280,شركة الثبيتي للخدمات اللوجستية,1010988599,345924081282033,الرياض,رنا البلوي,saad.albalawi@vendor6.sa.example,+966508024767,SA8188788776868120315916,نشط,2025-07-03
V00281,شركة البقمي للاستشارات,1010253078,362463936585313,الرياض,سمر التميمي,mazen.almasoud@vendor4.sa.example,+966554336831,SA0612938743435207018478,نشط,2025-12-23
V00282,مجموعة العنزي للتسويق الرقمي,5606229742,323346823141063,تبوك,هبة العمري,naif.alhumaidi@vendor12.sa.example,+966585166647,SA5035748545480231975527,نشط,2025-09-18
V00283,مركز القحطاني للتجهيزات الطبية,2050345229,365047762323673,الدمام,سامي الرويلي,rand.alsahli@vendor1.sa.example,+966586201370,SA2096078282576807190410,نشط,2025-11-26
V00284,شركة الأسمري للتطوير البرمجي,4032009227,305323315066833,الطائف,نواف الرشيدي,zainab.alhumaidi@vendor5.sa.example,+966520549077,SA1923499548133894863959,نشط,2025-08-29
V00285,مركز المالكي لتقنية المعلومات,4032444407,314013064629663,الطائف,ماجد الدوسري,najla.aldosari@vendor4.sa.example,+966592505618,SA5783792939580189158476,نشط,2025-06-02
V00286,مؤسسة البقمي للإعلام والتواصل,5855335924,313100431834383,أبها,شهاب المقرن,walid.alhazmi@vendor26.sa.example,+966503006821,SA1517971826663009057554,نشط,2024-07-12
V00287,مصنع المقرن للتطوير البرمجي,4652012374,334130597448833,ينبع,طلال اليامي,abdulrahman.alrashidi@vendor28.sa.example,+966546688291,SA9318879169444642337255,نشط,2026-02-25
V00288,مجموعة الحوساوي للتسويق الرقمي,4031614885,385522623749133,مكة المكرمة,شيماء القرشي,jasem.alziyani@vendor11.sa.example,+966509985733,SA8931789465254516217233,نشط,2025-09-16
V00289,مؤسسة الغامدي للمقاولات,7106225477,399323544314373,سكاكا,صفاء الجهني,abdulkarim.alqahtani@vendor14.sa.example,+966509554630,SA5294949752740151510963,نشط,2025-07-30
V00290,مكتب السلمي للتطوير البرمجي,3406475866,322915618932233,بريدة,إبراهيم الزبيدي,marwa.alaufi@vendor1.sa.example,+966557260299,SA6377906377781937077533,نشط,2024-04-19
V00291,شركة مساهمة الشهراني للاتصالات,2051704265,336946281475083,الجبيل,مساعد التميمي,latifa.aldosari@vendor24.sa.example,+966594957816,SA7161200897693837484677,نشط,2025-04-14
V00292,مركز الفيفي لتقنية المعلومات,6506923639,302571573945563,نجران,لطيفة القرني,ghanem.alfaifi@vendor1.sa.example,+966520252873,SA7420431224892698070365,نشط,2024-09-03
V00293,شركة الغامدي للترجمة والتعريب,3206741930,383557926468283,حائل,ميساء العوفي,ibrahim.alasiri@vendor10.sa.example,+966522710362,SA4854731741833327014096,نشط,2025-09-07
V00294,مكتب الشمري للصناعات الغذائية,3406228525,345945079515993,بريدة,ماجد القحطاني,maha.alsubaie@vendor16.sa.example,+966533591867,SA4977558253662845327335,نشط,2025-05-13
V00295,شركة مساهمة الأسمري للاستشارات,7106926127,317326193507343,سكاكا,عبدالكريم العمري,bashayir.alswat@vendor10.sa.example,+966549824429,SA8338882658734385143637,نشط,2025-07-29
V00296,شركة مساهمة الربيعي للمستشفيات,4032314086,376263566048153,الطائف,حسين القحطاني,abdulkarim.alsudairi@vendor23.sa.example,+966521427596,SA8576436959191035802487,نشط,2024-11-04
V00297,مركز السواط للترجمة والتعريب,3406072426,368443852047623,بريدة,سمر العسيري,abdullah.alkhaldi@vendor10.sa.example,+966583153383,SA7943581027093878279486,نشط,2025-04-16
V00298,مركز العوفي للترجمة والتعريب,6906299216,328167064127903,عرعر,يوسف القحطاني,shahad.alarjani@vendor8.sa.example,+966586779568,SA2124848223696547000521,نشط,2026-05-26
V00299,مركز البلوي للإعلام والتواصل,2051934229,353460746878873,الجبيل,مها الشريف,ruya.alarjani@vendor7.sa.example,+966517674950,SA4865873534829950930816,نشط,2024-05-05
V00300,شركة مساهمة العتيبي للخدمات اللوجستية,4030290512,334404562352843,جدة,لطيفة الزبيدي,jawaher.alrashidi@vendor10.sa.example,+966577541579,SA9532032322031978576175,نشط,2025-03-29
V00301,مجموعة الدوسري للخدمات البيئية,4650701369,351398215289063,المدينة المنورة,نايف القرشي,ruya.almasoud@vendor11.sa.example,+966593097152,SA4705872273978154127906,نشط,2024-11-27
V00302,مصنع البلوي للاتصالات,6906737907,316373916057263,عرعر,حسين الربيعي,omar.alhazmi@vendor2.sa.example,+966574525124,SA0250074008170630311972,نشط,2024-09-29
V00303,شركة مساهمة العتيبي للتجهيزات الطبية,2050308749,359460896084353,الدمام,معاذ القرني,latifa.alzubaidi@vendor29.sa.example,+966568034151,SA4583059979553103293506,نشط,2025-12-03
V00304,مختبرات الشهراني للترجمة والتعريب,6506168423,326611342733813,نجران,سلمان الشهري,sahar.albalawi@vendor13.sa.example,+966599992949,SA7852245402782167755068,نشط,2025-04-25
V00305,مركز القحطاني للاستشارات,4652519563,395392580104473,ينبع,حسن العنزي,tala.alotaibi@vendor8.sa.example,+966583507445,SA3314563758628345125404,نشط,2025-04-10
V00306,مكتب العمري للتجهيزات الطبية,2051428414,323357744629583,الجبيل,حمد المطيري,luay.aldosari@vendor19.sa.example,+966548200216,SA7350300189082891063543,نشط,2024-04-22
V00307,مؤسسة السديري للتجهيزات الطبية,5855186640,346646753692783,أبها,لين العرجاني,bashayir.almalki@vendor12.sa.example,+966509993811,SA6726924520383741307622,نشط,2024-11-29
V00308,مؤسسة الغامدي للاتصالات,4652307740,338492353013003,ينبع,غدير الغامدي,rashed.alyami@vendor29.sa.example,+966529719081,SA6853780646415516202601,نشط,2025-05-19
V00309,شركة العرجاني للخدمات اللوجستية,4652997414,397977977724993,ينبع,تركي القرني,shehab.alsalmi@vendor10.sa.example,+966588806242,SA2880675699959101384076,نشط,2026-01-07
V00310,مختبرات الهاجري للطباعة والنشر,6906903590,339730317281833,عرعر,سامي الأسمري,heba.alshahrani@vendor13.sa.example,+966558254715,SA1221834566908245952175,نشط,2026-06-11
V00311,مكتب العمري للتعليم والتدريب,2050075339,330812559728883,الدمام,نجلاء العنزي,hamad.alsaaidi@vendor11.sa.example,+966579615044,SA6367364131548355465154,نشط,2024-04-18
V00312,مجموعة الجهني للاستشارات,7106350426,336259270826663,سكاكا,محمد الحربي,hassan.alzubaidi@vendor1.sa.example,+966572748958,SA6816491181666139126909,نشط,2024-08-08
V00313,مصنع الهاجري للأمن السيبراني,4031848021,320533056705453,مكة المكرمة,ميساء الدوسري,luay.alzahrani@vendor15.sa.example,+966502859789,SA7291695746396373807274,نشط,2025-11-20
V00314,مؤسسة السديري للبنية التحتية,4031817911,398347317085553,مكة المكرمة,أنس العمري,bashayir.alsahli@vendor9.sa.example,+966505958153,SA5045126120763896410323,نشط,2024-05-05
V00315,مؤسسة السلمي للاستشارات,4650316556,341505154814393,المدينة المنورة,غانم الحوساوي,adel.alqurashi@vendor2.sa.example,+966571770491,SA9780895327274277443149,نشط,2025-10-18
V00316,شركة اليامي للمقاولات,4030338458,371301551805783,جدة,صفاء الغامدي,badr.alomari@vendor19.sa.example,+966530633817,SA3261557123070381378063,نشط,2024-05-02
V00317,شركة القرني للبنية التحتية,3406114164,302726413962113,بريدة,غانم العوفي,abdulkarim.alqahtani@vendor27.sa.example,+966512145155,SA7316995049045421338803,نشط,2024-07-08
V00318,مصنع السبيعي للصناعات الغذائية,4652252387,351127775222043,ينبع,صالح العوفي,ghanem.alasiri@vendor29.sa.example,+966571203233,SA1538012105233178698041,نشط,2025-08-19
V00319,مركز الصاعدي للطباعة والنشر,4030345075,325916211227693,جدة,أيمن السهلي,maha.alruwaily@vendor13.sa.example,+966534710917,SA3101482066248992833182,نشط,2024-10-11
V00320,شركة السواط للخدمات المالية,5855508807,344365878212093,أبها,إبراهيم السواط,hind.alswat@vendor5.sa.example,+966547265644,SA3516896338924088504925,نشط,2024-12-22
V00321,مجموعة العتيبي للمستشفيات,4030892843,360055674691393,جدة,تالا الجهني,heba.alrubaie@vendor24.sa.example,+966537401274,SA1555197827165361497378,نشط,2025-06-10
V00322,مركز الخالدي للخدمات اللوجستية,6006154719,309705231138043,جازان,مساعد الحربي,omar.aldosari@vendor19.sa.example,+966531294373,SA2199649859954523706188,نشط,2026-06-02
V00323,شركة مساهمة السواط للترجمة والتعريب,5854111250,398144342991363,خميس مشيط,نايف العوفي,sara.alsalmi@vendor13.sa.example,+966567885270,SA1533556013821690052993,نشط,2025-10-23
V00324,شركة مساهمة المقرن للبنية التحتية,2050111102,389378177999063,الدمام,سلمى الفيفي,hani.albalawi@vendor13.sa.example,+966594014516,SA4135919175073401418010,نشط,2025-02-27
V00325,مختبرات السهلي للمقاولات,3406104359,388470357793093,بريدة,منى القحطاني,nadia.alsalmi@vendor14.sa.example,+966598647693,SA5053380200001710909335,نشط,2025-04-01
V00326,مركز الزياني للخدمات البيئية,2050121380,324063947014093,الدمام,ابتسام الرويلي,hassan.alshamri@vendor17.sa.example,+966548627156,SA6896788406013787374099,نشط,2024-06-12
V00327,مؤسسة الزهراني لإدارة المشاريع,6006623725,323684903552983,جازان,عبير الشهراني,sami.alqurashi@vendor9.sa.example,+966534094289,SA8041727973975023879249,نشط,2025-01-20
V00328,مركز العتيبي للتسويق الرقمي,3206947626,311629994387683,حائل,عبدالكريم السبيعي,wael.albalawi@vendor10.sa.example,+966583411155,SA7587188951909361430446,نشط,2026-06-13
V00329,مصنع السواط للتعليم والتدريب,7106638500,369005058298543,سكاكا,أريج الشريف,reem.albalawi@vendor16.sa.example,+966550907418,SA5352154647375478499828,نشط,2025-09-01
V00330,مصنع المسعود للأمن السيبراني,2051816347,326808825057293,الجبيل,هيفاء البلوي,salman.alanazi@vendor6.sa.example,+966516439513,SA2983286143165482314855,نشط,2025-08-08
V00331,مؤسسة الرشيدي لتقنية المعلومات,4652114861,334942323504323,ينبع,مروة المقرن,alanoud.alfaifi@vendor25.sa.example,+966544986890,SA9341950407188416079227,نشط,2025-09-24
V00332,مكتب البلوي للخدمات اللوجستية,6506002228,321137126653333,نجران,جواهر الدوسري,yousef.aldosari@vendor12.sa.example,+966509490035,SA1933871570325333673525,نشط,2024-11-20
V00333,مختبرات الحميدي للاتصالات,3206859698,343649634982003,حائل,عبير الربيعي,muath.alrubaie@vendor30.sa.example,+966544559007,SA0572268561051788816075,نشط,2025-05-20
V00334,شركة مساهمة الشريف للصناعات الغذائية,5854973866,319049769249213,خميس مشيط,شيماء العامري,eman.almutairi@vendor22.sa.example,+966568160178,SA0524869337784015731775,نشط,2026-03-03
V00335,مركز السبيعي للخدمات المالية,6906711647,343295416722853,عرعر,أمل الزبيدي,latifa.alomari@vendor21.sa.example,+966533148245,SA2624280847512495364552,نشط,2024-08-12
V00336,مؤسسة المرواني للتسويق الرقمي,5855692380,394868896960203,أبها,وائل الزهراني,heba.alqurashi@vendor2.sa.example,+966512843401,SA3550458380306252459366,نشط,2024-04-22
V00337,شركة السلمي للتعليم والتدريب,5606355995,382223672036643,تبوك,عبير البلوي,abdulaziz.alshehri@vendor21.sa.example,+966533332024,SA3166052276177079956820,نشط,2024-10-08
V00338,مكتب الجهني للبنية التحتية,3406876992,316833194494003,بريدة,خالد الرويلي,ghanem.alghamdi@vendor30.sa.example,+966557199700,SA8623820028788670496664,نشط,2026-01-26
V00339,مؤسسة الهاجري للصناعات الغذائية,2050484779,300030470490893,الدمام,جواهر الزبيدي,shahad.alotaibi@vendor22.sa.example,+966587597957,SA7454103233961029504572,نشط,2025-06-26
V00340,مؤسسة القرشي للأعمال العقارية,7106311364,367460614127403,سكاكا,سلمى الرويلي,ahmed.alshahrani@vendor6.sa.example,+966502237580,SA0307926284839572448392,نشط,2021-02-04
V00341,مصنع المقرن للتطوير البرمجي,4032943969,302603189686983,الطائف,جاسم الحوساوي,sahar.alsharif@vendor26.sa.example,+966503984686,SA7743300841543497412033,نشط,2024-07-10
V00342,مؤسسة السلمي للصناعات الغذائية,7106627314,376336477131623,سكاكا,رؤيا القرني,naif.aljohani@vendor25.sa.example,+966510991740,SA7423185553118821851297,نشط,2024-05-07
V00343,مركز الزياني للأعمال العقارية,3206940925,359464871704023,حائل,حسن القرشي,abdulaziz.altamimi@vendor3.sa.example,+966546730253,SA6342985901027772593629,نشط,2025-12-31
V00344,مجموعة العرجاني للمستشفيات,3406642309,392026359582023,بريدة,رانيا البلوي,hamza.alshahrani@vendor16.sa.example,+966535944238,SA3705264580966449935311,نشط,2024-11-12
V00345,مختبرات الشمري للإعلام والتواصل,4650556836,300625205595893,المدينة المنورة,حسين البلوي,salma.alzubaidi@vendor18.sa.example,+966516652341,SA5287135803240147054785,نشط,2024-06-26
V00346,مجموعة السهلي للتطوير البرمجي,4652696060,303257731575743,ينبع,نورة المطيري,heba.alruwaily@vendor18.sa.example,+966574965314,SA7241491109557191362344,نشط,2024-05-01
V00347,مؤسسة العمري للترجمة والتعريب,2050072022,389563462962863,الدمام,رامي البلوي,sami.alomari@vendor3.sa.example,+966561266207,SA7041441252729098709454,نشط,2025-09-13
V00348,مؤسسة العنزي للأعمال العقارية,5854137414,398293473094753,خميس مشيط,نجلاء الرويلي,sultan.almutairi@vendor25.sa.example,+966590760141,SA8924817394896649399494,نشط,2026-01-22
V00349,مختبرات العمري للخدمات المالية,6006445860,394782416192083,جازان,سامي الجهني,turki.alharbi@vendor22.sa.example,+966509378053,SA2616260489928510243415,نشط,2025-04-27
V00350,مؤسسة الحميدي للتعليم والتدريب,2050471775,364819337798,الدمام,ميساء الشهراني,eman.alqurashi@vendor23.sa.example,+966547197247,SA8279939630457056275676,نشط,2025-06-15
V00351,مؤسسة العرجاني للتجهيزات الطبية,4652531704,366456483751223,ينبع,منصور السهلي,rania.alruwaily@vendor10.sa.example,+966536347831,SA5498194912280431507960,نشط,2026-01-07
V00352,شركة السديري للأمن السيبراني,2051521357,326826092647443,الجبيل,عبدالرحمن القرشي,hanan.alotaibi@vendor26.sa.example,+966590963862,SA1705368551327725386346,نشط,2025-12-16
V00353,مختبرات الجهني للأمن السيبراني,4650950780,387666361804643,المدينة المنورة,مساعد الزبيدي,sahar.aldosari@vendor19.sa.example,+966525701954,SA9776951982000401812388,نشط,2025-07-19
V00354,مكتب الشريف للطباعة والنشر,4032509989,394909631124533,الطائف,منصور الشمري,jasem.alqurashi@vendor1.sa.example,+966559203690,SA0999896324865097139532,نشط,2026-03-17
V00355,مجموعة الرويلي للطباعة والنشر,6906199358,340625479190873,عرعر,إيمان القحطاني,reem.alomari@vendor16.sa.example,+966529455637,SA8585941477473933232138,نشط,2026-02-16
V00356,شركة العسيري لإدارة المشاريع,6006985561,352323186203703,جازان,نادية السلمي,maisa.albalawi@vendor24.sa.example,+966579215828,SA8070298581954515816091,نشط,2025-08-30
V00357,مكتب البلوي للترجمة والتعريب,4032438511,323289486819523,الطائف,مها البلوي,majed.alhumaidi@vendor16.sa.example,+966532817738,SA4363110067492620167371,نشط,2025-09-10
V00358,شركة مساهمة المرواني للتعليم والتدريب,5855489036,375176557995103,أبها,خلود الغامدي,rashed.alashmari@vendor9.sa.example,+966582944613,SA3131305340984556824232,نشط,2019-10-12
V00359,شركة العنزي للاتصالات,4650153583,392875519237173,المدينة المنورة,ابتسام المرواني,marwa.alzubaidi@vendor29.sa.example,+966545920132,SA8256266996764959949312,نشط,2026-05-14
V00360,مصنع السديري للخدمات البيئية,4650458372,368281828227323,المدينة المنورة,أنوار القحطاني,ibrahim.alsubaie@vendor18.sa.example,+966580942527,SA1465142452923380042530,نشط,2025-10-04
V00361,مؤسسة الحوساوي للأعمال العقارية,4650828405,323790366116513,المدينة المنورة,مساعد السلمي,reem.alswat@vendor2.sa.example,+966590591315,SA2007589001597473132215,نشط,2025-06-23
V00362,مختبرات المالكي للتعليم والتدريب,4032911278,370600509951643,الطائف,عبدالكريم المقرن,rashed.alzubaidi@vendor10.sa.example,+966576757103,SA2999818922455407129895,نشط,2026-04-12
V00363,مكتب البلوي للأمن السيبراني,4032500359,354234988153503,الطائف,زياد الرويلي,hamza.alshahrani@vendor11.sa.example,+966541192975,SA1797037073268137462868,نشط,2025-10-17
V00364,مركز القحطاني للمستشفيات,3406470975,372058472960323,بريدة,هبة السبيعي,asma.almalki@vendor23.sa.example,+966567511776,SA7162034410491752421102,نشط,2025-01-03
V00365,مختبرات العسيري للإعلام والتواصل,6906749754,362364691441883,عرعر,سعد المقرن,aljawharah.alqurashi@vendor7.sa.example,+966558301571,SA1918915167087643781992,نشط,2024-11-17
V00366,مجموعة الغامدي للصناعات الغذائية,1010786900,360463879808683,الرياض,كريم الهاجري,hanan.alsharif@vendor8.sa.example,+966597671528,SA3007291488651418273907,نشط,2025-06-15
V00367,مكتب الدوسري للخدمات المالية,6506960523,325219755413,نجران,محمد الحميدي,kholoud.alqahtani@vendor7.sa.example,+966584539894,SA9057586374882755377321,نشط,2024-11-13
V00368,مختبرات العتيبي للخدمات المالية,4031606265,335531999643703,مكة المكرمة,عبدالعزيز العامري,ibtisam.alhosawy@vendor24.sa.example,,SA5021328226120067574525,نشط,2024-11-24
V00369,شركة مساهمة العمري للإعلام والتواصل,7106562090,322770884955163,سكاكا,إيمان الزهراني,jawaher.alshehri@vendor15.sa.example,+966522595964,SA5697495748382326468570,نشط,2025-07-23
V00370,مصنع الشهراني للتجهيزات الطبية,5855276220,385186005420253,أبها,خالد الرشيدي,haifa.alzahrani@vendor1.sa.example,+966544517682,SA6634993187643267191347,نشط,2025-10-24
V00371,مختبرات الهاجري لإدارة المشاريع,4032517307,344155603128413,الطائف,بيان الثبيتي,anas.altamimi@vendor2.sa.example,+966550599316,SA5896249306952903588569,نشط,2025-12-08
V00372,مجموعة الزياني للتجهيزات الطبية,6006953865,334501849132063,جازان,بدر الحوساوي,walid.almutairi@vendor16.sa.example,+966566141250,SA0526998295680373950003,نشط,2025-05-07
V00373,مختبرات السلمي للترجمة والتعريب,4650649807,340074813633873,المدينة المنورة,فيصل الدوسري,anas.alhazmi@vendor10.sa.example,+966536703155,SA0408317021578670033057,نشط,2025-05-18
V00374,شركة العتيبي للتطوير البرمجي,7106063778,389415129889873,سكاكا,هاني الثبيتي,anas.altamimi@vendor30.sa.example,+966512315323,SA9489790795026238672414,نشط,2025-12-31
V00375,مصنع الحميدي للإعلام والتواصل,5606237554,322121218813573,تبوك,لطيفة الحميدي,nadia.aldosari@vendor19.sa.example,+966542433903,SA3319115601196432702882,نشط,2026-03-29
V00376,مجموعة الشهري للخدمات البيئية,1010890684,399526311090373,الرياض,فاطمة البقمي,areej.alasiri@vendor20.sa.example,+966515488244,SA2132384410346466339706,نشط,2025-06-15
V00377,مجموعة المالكي للبنية التحتية,4031987097,314100288172683,مكة المكرمة,شهاب الشهراني,walid.alharbi@vendor27.sa.example,+966587680115,SA9710427424821079751776,نشط,2025-01-28
V00378,مركز الشريف للمقاولات,1010462681,339210502104383,الرياض,الجوهرة البلوي,majed.alasiri@vendor4.sa.example,+966513569199,SA9244630131843464137253,نشط,2025-02-10
V00379,مؤسسة البلوي للخدمات المالية,5855529284,353899753656563,أبها,عمر المقرن,lama.alsharif@vendor8.sa.example,+966541556057,SA8357985898427852553917,نشط,2024-08-23
V00380,شركة الشمري للأمن السيبراني,3406540444,324148733780993,بريدة,أيمن الثبيتي,fatima.alsaaidi@vendor12.sa.example,+966539665624,SA5645233036600434138459,نشط,2026-03-02
V00381,مجموعة الربيعي للتجهيزات الطبية,6906122068,306324094730333,عرعر,سلطان البلوي,omar.alhosawy@vendor2.sa.example,+966531540304,SA9606146002178583661550,نشط,2026-03-04
V00382,مجموعة الدوسري للخدمات البيئية,6006200267,373858566669533,جازان,وفاء المسعود,mazen.albqami@vendor27.sa.example,+966566027136,SA2455102587038584450775,نشط,2026-02-23
V00383,شركة مساهمة السبيعي للمقاولات,6506233624,335449940079833,نجران,فهد الحربي,saad.alyami@vendor28.sa.example,+966535275794,SA7667008859194698561775,نشط,2024-07-23
V00384,مختبرات العمري للأعمال العقارية,4652813826,323676728034613,ينبع,عبدالعزيز الرشيدي,mona.althbiti@vendor18.sa.example,+966537542097,SA5244602648255652908761,نشط,2025-11-18
V00385,شركة العوفي للاتصالات,2050334979,342247863692623,الدمام,غدير الزهراني,ruya.aldosari@vendor4.sa.example,+966581848766,SA0877188600821406172800,نشط,2024-12-12
V00386,مختبرات الرشيدي للاستشارات,7106460845,381341865385773,سكاكا,لؤي الرويلي,nasser.alruwaily@vendor30.sa.example,+966556220903,SA4587624313620365872412,نشط,2025-01-18
V00387,مكتب الغامدي للأعمال العقارية,6506261856,317807514598883,نجران,لين الغامدي,ruya.alqurashi@vendor2.sa.example,+966578504284,SA8518783334358784206071,نشط,2024-04-29
V00388,مصنع الزياني للخدمات اللوجستية,2050682365,334594380137353,الدمام,راشد العسيري,abdulkarim.alghamdi@vendor25.sa.example,+966597110559,SA9847608973235997882996,نشط,2024-12-27
V00389,مجموعة السواط للمقاولات,5854351109,392799603028823,خميس مشيط,بشاير التميمي,noura.almasoud@vendor10.sa.example,+966529809508,SA9576468439277010284716,نشط,2025-05-24
V00390,مكتب العتيبي للإعلام والتواصل,4031537022,380120711602313,مكة المكرمة,مروة البلوي,mishal.alharbi@vendor3.sa.example,+966541319537,SA7204330024696554190915,نشط,2024-05-12
V00391,شركة مساهمة الشهري للخدمات المالية,3406211516,363485801605173,بريدة,خلود الربيعي,rania.alfaifi@vendor2.sa.example,+966559029130,SA7902823702957948838020,نشط,2025-06-06
V00392,مصنع الحميدي للتسويق الرقمي,1010606030,370006156067803,الرياض,خلود الشهري,jawaher.alhazmi@vendor18.sa.example,+966523330755,SA7852915301378045993572,نشط,2026-06-03
V00393,مركز الزبيدي للصناعات الغذائية,3206143292,309524018457463,حائل,حنان الشمري,hamza.alzahrani@vendor9.sa.example,+966559240862,SA3771104215594368862052,نشط,2025-07-13
V00394,مختبرات الصاعدي للتسويق الرقمي,7106627157,340104646251403,سكاكا,رامي الأسمري,areej.alhosawy@vendor4.sa.example,+966541563261,SA1325009617220131656759,نشط,2026-01-31
V00395,مركز الأسمري للأعمال العقارية,1010240318,368426177362843,الرياض,أمل الرشيدي,samar.alaufi@vendor5.sa.example,+966513247377,SA7290893109727823608631,نشط,2026-03-25
V00396,مؤسسة البلوي للمقاولات,5606140155,350271607252613,تبوك,فهد العامري,hanan.alsubaie@vendor22.sa.example,+966544720769,SA4169778609740562781847,نشط,2024-12-20
V00397,شركة الربيعي للتعليم والتدريب,5854012141,395073869830343,خميس مشيط,رانيا البقمي,rashed.alqurashi@vendor17.sa.example,+966522486903,SA4382635228599091670681,active,2025-05-03
V00398,مختبرات الأسمري للخدمات البيئية,1010121810,340561590993053,الرياض,هند السهلي,luay.alsubaie@vendor23.sa.example,+966580149732,SA2975861519654822144012,نشط,2025-11-28
V00399,مكتب الشريف للخدمات البيئية,4650577937,383455136461723,المدينة المنورة,حنان الفيفي,sahar.alghamdi@vendor9.sa.example,+966529952584,SA0738147819660430734222,نشط,2026-04-10
V00400,مجموعة الأسمري للأمن السيبراني,4032276321,337170489918313,الطائف,أحمد المالكي,latifa.alamri@vendor21.sa.example,+966592261009,SA3652402451139916723795,نشط,2025-03-09
V00401,شركة العتيبي للمستشفيات,7106906970,395686097942943,سكاكا,حمزة الخالدي,hanan.alomari@vendor18.sa.example,+966527139310,SA6119244471765888348114,نشط,2026-06-01
V00402,مكتب الزياني للخدمات البيئية,4650206770,394753704139593,المدينة المنورة,شهاب المطيري,ghanem.alghamdi@vendor9.sa.example,+966530003248,SA2231072125753622768863,نشط,2024-04-28
V00403,مختبرات الخالدي للاستشارات,5606409106,370175790526983,تبوك,شيماء السلمي,samar.alamri@vendor16.sa.example,+966579463954,SA7484968226652839480966,نشط,2025-03-15
V00404,مؤسسة الحازمي للتجهيزات الطبية,6506844509,393897313514593,نجران,أسماء السلمي,saad.alqurashi@vendor18.sa.example,+966540170968,SA6393094044032826763915,نشط,2024-09-28
V00405,مؤسسة القحطاني للتسويق الرقمي,2050729313,306843073239173,الدمام,فيصل الغامدي,hind.alqahtani@vendor21.sa.example,+966586102405,SA5917115529148811755888,نشط,2026-04-02
V00406,مركز الشهراني للخدمات المالية,4031577465,386630227636563,مكة المكرمة,رنا السديري,najla.alamri@vendor27.sa.example,+966523748536,SA8432074554878578384641,نشط,2025-01-29
V00407,مصنع الغامدي للتعليم والتدريب,4652135825,329277073479873,ينبع,إيمان المطيري,majed.alshamri@vendor23.sa.example,+966567239869,SA3426258493972035941039,نشط,2024-05-15
V00408,مؤسسة الحميدي لتقنية المعلومات,2051835503,346242013070253,الجبيل,معاذ البقمي,abdulwahhab.alsubaie@vendor12.sa.example,+966542627556,SA8610965254546177064162,نشط,2025-09-28
V00409,مجموعة الخالدي للترجمة والتعريب,5606649643,380132327014583,تبوك,أريج الربيعي,reem.alotaibi@vendor17.sa.example,+966534001993,SA9003007417764861008512,نشط,2026-02-22
V00410,مكتب القحطاني للأعمال العقارية,1010509951,324529754574573,الرياض,ديمة العسيري,turki.aldosari@vendor19.sa.example,+966507163030,SA6021876934362839179081,نشط,2024-10-07
V00411,مجموعة السبيعي للخدمات البيئية,4650701763,394667980196603,المدينة المنورة,سعد المسعود,hassan.alqurashi@vendor3.sa.example,+966591999554,SA5904474922972503224979,نشط,2024-11-10
V00412,مجموعة المقرن للأعمال العقارية,4032781862,318665226699413,الطائف,كريم الربيعي,mishal.alhosawy@vendor18.sa.example,+966508864321,SA0480096192373402952498,نشط,2025-03-31
V00413,مكتب المسعود لتقنية المعلومات,6906650481,382125564646233,عرعر,بيان البلوي,salman.alhumaidi@vendor20.sa.example,+966576196075,SA2051393510431771490574,نشط,2026-04-01
V00414,مؤسسة الرشيدي للتسويق الرقمي,2050210600,312583690973983,الدمام,بيان الحوساوي,rana.alasiri@vendor18.sa.example,+966545410171,SA4412657269809474064478,نشط,2024-05-16
V00415,مركز السواط للبنية التحتية,5606530577,383806183759413,تبوك,مشعل القرني,najoud.alswat@vendor8.sa.example,+966543326233,SA6320061948529688732246,نشط,2025-08-09
V00416,شركة القرشي للصناعات الغذائية,6906485508,329032451860143,عرعر,لين القرشي,zainab.alzubaidi@vendor26.sa.example,+966516177629,SA9745632090947975705738,نشط,2026-05-10
V00417,مركز الغامدي للتطوير البرمجي,6006154553,389344719159283,جازان,العنود العنزي,,+966519104687,SA1377797377594858263713,نشط,2021-07-16
V00418,شركة مساهمة العسيري للاتصالات,4032124237,330833448009513,الطائف,سامي القحطاني,noura.almasoud@vendor17.sa.example,+966511026907,SA7681199002413735131312,نشط,2025-06-15
V00419,شركة مساهمة العتيبي للتسويق الرقمي,1010108595,361024315742383,الرياض,أريج الحميدي,hind.alghamdi@vendor30.sa.example,+966598128833,SA7451870194462989957535,نشط,2024-06-28
V00420,مكتب البقمي للخدمات اللوجستية,3406891308,352348855842213,بريدة,أمل المسعود,marwa.almarwani@vendor20.sa.example,+966567610517,SA6625042525928741679973,نشط,2024-08-23
V00421,شركة مساهمة الخالدي للتطوير البرمجي,6506270718,314935485783973,نجران,عبدالله الشمري,mayaa.alziyani@vendor29.sa.example,+966519650213,SA4376280600773938370630,نشط,2024-04-12
V00422,مختبرات الحربي للمستشفيات,2050567442,332664906857453,الدمام,أيمن العمري,bashayir.alrashidi@vendor26.sa.example,+966578787326,SA4294846990632288666811,نشط,2025-07-24
V00423,شركة مساهمة العوفي للاتصالات,1010900924,352694622833823,الرياض,عبدالرحمن القرشي,areej.alswat@vendor4.sa.example,+966560312564,SA3298478250377711894566,نشط,2026-02-19
V00424,مصنع البقمي للطباعة والنشر,1010337733,334305814231373,الرياض,فهد الشهراني,wafaa.alsudairi@vendor23.sa.example,+966503119018,SA6559522100240524543488,نشط,2026-06-07
V00425,مكتب العامري لتقنية المعلومات,6506028457,319334323913953,نجران,بشاير الرشيدي,tala.albalawi@vendor27.sa.example,+966527032401,SA1901949066542512174080,نشط,2025-01-20
V00426,مختبرات المقرن للمستشفيات,4032355927,327512507965053,الطائف,حسن الربيعي,hind.alsahli@vendor18.sa.example,+966524350330,SA6847220039517293641866,نشط,2024-05-24
V00427,مركز الشريف للخدمات اللوجستية,5854578214,349747298558123,خميس مشيط,زينب السواط,salma.aldosari@vendor15.sa.example,+966584583530,SA2865788888289219867904,نشط,2024-11-06
V00428,مركز العتيبي للخدمات اللوجستية,2050655221,394959572399873,الدمام,أنوار السبيعي,ziad.alarjani@vendor17.sa.example,+966571229012,SA4479104570657744900137,نشط,2025-02-14
V00429,مجموعة المقرن للتجهيزات الطبية,2050905915,350454143059193,الدمام,شهاب البلوي,adel.almasoud@vendor28.sa.example,+966516116969,SA7818839892625878360101,نشط,2026-03-11
V00430,مركز العنزي لتقنية المعلومات,6906222889,317211440270603,عرعر,سامي العوفي,saad.alharbi@vendor22.sa.example,+966549427289,SA9217452507323274269725,نشط,2026-03-11
V00431,مركز التميمي للبنية التحتية,4030799863,376165837134273,جدة,سمر الحميدي,salma.alsahli@vendor16.sa.example,+966534552760,SA3414423457436546433308,نشط,2024-07-27
V00432,شركة مساهمة الشهري لإدارة المشاريع,4031781409,359986529794413,مكة المكرمة,عبدالوهاب القرني,shaima.alsudairi@vendor4.sa.example,+966551814065,SA1254171830673222711032,نشط,2024-10-19
V00433,مصنع الثبيتي للتسويق الرقمي,3406159781,302569551037293,بريدة,رنا العتيبي,yomna.alsudairi@vendor1.sa.example,+966560973793,SA9804674928997010245286,نشط,2024-07-25
V00434,مركز المطيري للاتصالات,5606551620,310128870102843,تبوك,رنا السبيعي,kholoud.albqami@vendor25.sa.example,+966570211988,SA9143726007056994380123,نشط,2025-02-25
V00435,مؤسسة القرني للصناعات الغذائية,4032007793,344259042592423,الطائف,ناصر الثبيتي,sara.alswat@vendor11.sa.example,+966501042064,SA9513752479600147736938,نشط,2025-10-15
V00436,مختبرات القحطاني لتقنية المعلومات,2050271233,351513399431,الدمام,سلمى الرويلي,hamad.almasoud@vendor13.sa.example,+966578433418,SA4878872241903982577418,نشط,2025-08-19
V00437,مختبرات السلمي للخدمات المالية,4652784464,362385643288983,ينبع,فاطمة الغامدي,rana.alaufi@vendor7.sa.example,+966524567988,SA9658774247717131195421,نشط,2025-11-29
V00438,مختبرات الخالدي للتعليم والتدريب,4032808778,364330647200123,الطائف,حمد المسعود,walid.alaufi@vendor23.sa.example,,SA0750307170444699067360,نشط,2026-05-16
V00439,مجموعة العامري للأمن السيبراني,5606018440,311935276274333,تبوك,أسماء العمري,amal.alghamdi@vendor25.sa.example,+966599501939,SA6071944383990923632953,نشط,2025-11-15
V00440,مجموعة الحربي للتجهيزات الطبية,4030321434,309767294228503,جدة,جاسم المطيري,wael.alswat@vendor18.sa.example,+966556490957,SA4434072780490210711478,نشط,2025-03-26
V00441,مؤسسة الزهراني للإعلام والتواصل,5855727989,356026022979803,أبها,وليد السبيعي,rahaf.alshehri@vendor18.sa.example,+966598994460,SA4851413420241562736439,نشط,2025-11-12
V00442,مؤسسة العسيري للتعليم والتدريب,4031050988,390631524669663,مكة المكرمة,الجوهرة العرجاني,abdulaziz.alkhaldi@vendor7.sa.example,+966549805211,SA3606139884748151195096,نشط,2025-08-05
V00443,مختبرات الخالدي للتجهيزات الطبية,1010634608,360755347762273,الرياض,منى الدوسري,tala.alzubaidi@vendor28.sa.example,+966590334277,SA3568767768891711450764,نشط,2025-05-03
V00444,شركة مساهمة الغامدي للطباعة والنشر,3406022048,379919103337713,بريدة,نورة الغامدي,hassan.alhazmi@vendor13.sa.example,+966572747822,SA3798694875187014826599,نشط,2024-11-30
V00445,شركة الجهني للخدمات المالية,4650541133,397490229763623,المدينة المنورة,وفاء الحميدي,saqr.alqarni@vendor5.sa.example,+966594935077,SA2636288522923528626797,نشط,2025-11-11
V00446,شركة القرشي للأمن السيبراني,6006614625,390172555035913,جازان,رنا الخالدي,rahaf.alqahtani@vendor30.sa.example,+966529402507,SA6222004583274053046366,نشط,2024-04-29
V00447,مختبرات القحطاني للترجمة والتعريب,4652111703,315210801331833,ينبع,عبدالعزيز القحطاني,asma.alsubaie@vendor17.sa.example,+966512131018,SA7265193949378502660562,نشط,2024-05-20
V00448,مصنع القرني للخدمات المالية,6506518673,355740447825953,نجران,وائل الغامدي,abdullah.althbiti@vendor13.sa.example,+966516959395,SA9301533903027727604516,نشط,2025-01-22
V00449,مؤسسة العوفي للمقاولات,1010068423,370033812730783,الرياض,دلال الرشيدي,abdulwahhab.alfaifi@vendor11.sa.example,+966537982191,SA1566291408343511672961,نشط,2026-02-09
V00450,مجموعة الرشيدي للإعلام والتواصل,4032339197,383458497747833,الطائف,منى الشمري,maisa.alruwaily@vendor14.sa.example,+966509329689,SA0806156906649010922588,نشط,2025-11-03
V00451,مصنع الغامدي للترجمة والتعريب,4652034042,336654763157163,ينبع,جواهر الهاجري,samar.almasoud@vendor14.sa.example,+966543552827,SA6151271479603963766853,نشط,2021-07-14
V00452,مركز العنزي للاتصالات,3406786679,398679431391923,بريدة,باسل الثبيتي,yomna.alsharif@vendor3.sa.example,+966583245762,SA9617256354188571406757,نشط,2025-08-27
V00453,مؤسسة الرويلي للإعلام والتواصل,5854801822,349871500600963,خميس مشيط,عبدالوهاب الهاجري,hamza.alshamri@vendor19.sa.example,+966571225234,SA4606690037020467598746,نشط,2026-04-15
V00454,مختبرات السديري للإعلام والتواصل,7106388332,376761106084323,سكاكا,هند الدوسري,rahaf.alhazmi@vendor9.sa.example,+966594210474,SA9022301235939263668704,نشط,2024-10-13
V00455,مصنع الشمري للبنية التحتية,2050579785,327684000911153,الدمام,لؤي الخالدي,abdullah.alzubaidi@vendor11.sa.example,+966553645814,SA7082542723396550100454,نشط,2026-02-28
V00456,مؤسسة الحوساوي للمقاولات,5606136217,397005404409713,تبوك,العنود المطيري,najoud.alomari@vendor21.sa.example,+966518319170,SA5260979220298974952347,نشط,2025-09-14
V00457,شركة مساهمة الدوسري للإعلام والتواصل,4031923492,309655702934363,مكة المكرمة,ابتسام المرواني,abdulkarim.alaufi@vendor2.sa.example,+966585505242,SA56438681732541393407,نشط,2025-06-27
V00458,مختبرات الشمري للتطوير البرمجي,6006731621,351534953546313,جازان,جواهر الجهني,musaid.alqarni@vendor9.sa.example,+966507126506,SA9154098698671648207832,نشط,2025-12-17
V00459,شركة العتيبي للأمن السيبراني,5606728721,391912710065803,تبوك,معاذ العرجاني,anas.almarwani@vendor5.sa.example,+966540113737,SA0242591685983235857258,نشط,2025-09-09
V00460,مؤسسة الغامدي للإعلام والتواصل,5854682771,358937258301173,خميس مشيط,هند التميمي,zainab.alhumaidi@vendor8.sa.example,+966549001950,SA5380725360323187883422,نشط,2025-07-31
V00461,شركة مساهمة البقمي للبنية التحتية,4652987975,388022742486343,ينبع,زياد المالكي,abdulrahman.alyami@vendor7.sa.example,+966519978601,SA8587899625762485141614,نشط,2025-04-13
V00462,شركة مساهمة الدوسري للمستشفيات,5855195483,318241822587793,أبها,ريم الزبيدي,kareem.alamri@vendor10.sa.example,+966597966854,SA8939850884029059472775,نشط,2026-01-07
V00463,شركة الصاعدي للمستشفيات,6906024393,357474236175463,عرعر,شيماء العنزي,,+966545211149,SA8740589437351693265254,نشط,2024-09-17
V00464,مؤسسة الشمري للتطوير البرمجي,3206063343,362244698206503,حائل,خالد الهاجري,dalal.alsahli@vendor21.sa.example,+966514454949,SA1479876370583057482715,نشط,2025-10-15
V00465,مكتب الرويلي لتقنية المعلومات,2050551262,311468183277463,الدمام,سمر الجهني,shaima.almutairi@vendor19.sa.example,+966590313513,SA4844527281715764517492,نشط,2025-12-06
V00466,مصنع المالكي للاتصالات,3406397516,367810237192793,بريدة,معاذ الهاجري,yousef.alqahtani@vendor4.sa.example,+966543776922,SA2641099859446364872326,نشط,2025-09-17
V00467,شركة الزهراني للاتصالات,6506816158,303925826299123,نجران,عمر العوفي,latifa.alzubaidi@vendor15.sa.example,+966561453289,SA3341279236557352998597,نشط,2025-09-12
V00468,مؤسسة اليامي للتجهيزات الطبية,5854934027,317260833533693,خميس مشيط,مياء الحميدي,musaid.alharbi@vendor6.sa.example,+966572551331,SA8873581719846409292456,نشط,2026-06-01
V00469,مصنع البقمي للأمن السيبراني,4032878356,316489532809743,الطائف,نجلاء الحازمي,saqr.alghamdi@vendor16.sa.example,+966536140939,SA5329222759243161243295,نشط,2025-12-28
V00470,مصنع التميمي للاستشارات,4652117593,307301713616953,ينبع,باسل الزبيدي,ziad.alhazmi@vendor20.sa.example,+966573678868,SA1649544284179119435559,نشط,2024-08-05
V00471,مصنع الفيفي للاستشارات,1010486189,369885033119953,الرياض,هاني العنزي,shahad.alziyani@vendor19.sa.example,+966540534825,SA4466121763044265854523,نشط,2024-09-13
V00472,مصنع البلوي للترجمة والتعريب,4652781703,327648584513153,ينبع,حنان اليامي,badr.alsalmi@vendor19.sa.example,+966505084887,SA6776511056863423371173,نشط,2025-05-02
V00473,مصنع الغامدي للأعمال العقارية,4652503907,336908712685293,ينبع,نادية الشهراني,abdullah.alrashidi@vendor11.sa.example,+966539443872,SA0993672443479035006025,نشط,2024-09-27
V00474,مكتب القرشي للخدمات البيئية,7106490821,348110392678083,سكاكا,جاسم الحازمي,abeer.alsalmi@vendor27.sa.example,+966593556372,SA4468561613274212587821,نشط,2025-04-28
V00475,مصنع الزبيدي للأعمال العقارية,3406965890,366359117640253,بريدة,نجود الحازمي,maisa.almasoud@vendor28.sa.example,+966516345131,SA5910459265816572996089,نشط,2020-01-06
V00476,شركة العوفي للصناعات الغذائية,6906339354,347402265676863,عرعر,دلال السواط,nasser.althbiti@vendor18.sa.example,+966554840006,SA4758577212689272076896,نشط,2024-06-06
V00477,مصنع البلوي للتسويق الرقمي,4652942039,321300095838103,ينبع,عبدالكريم الهاجري,ghanem.alamri@vendor17.sa.example,+966578729741,SA0979642828713232359828,نشط,2025-07-05
V00478,مجموعة الأسمري للإعلام والتواصل,2051347619,362321612737703,الجبيل,معاذ الغامدي,shahad.alsahli@vendor15.sa.example,+966531478422,SA9717388371284453835110,نشط,2025-12-13
V00479,مكتب اليامي للمقاولات,3206643665,363742395731603,حائل,عبدالوهاب القرني,heba.alarjani@vendor23.sa.example,+966583371861,SA4800950062597768011954,نشط,2025-04-23
V00480,مختبرات الحازمي للصناعات الغذائية,4031805120,310374070802943,مكة المكرمة,ماجد القحطاني,salman.alsudairi@vendor18.sa.example,+966562907296,SA7088834856508708250633,نشط,2025-12-19
V00481,مصنع السديري للاستشارات,7106616156,389345147231423,سكاكا,حسن الشهري,shaima.alsalmi@vendor30.sa.example,+966551318934,SA2712417325295674319212,نشط,2024-12-20
V00482,مصنع العنزي لإدارة المشاريع,2051634005,332386592636193,الجبيل,رنا المطيري,bayan.almutairi@vendor1.sa.example,+966529044551,SA5617730810756673567679,نشط,2026-01-15
V00483,مختبرات الربيعي للأعمال العقارية,5606632256,371717053804553,تبوك,ريم الفيفي,basel.alyami@vendor18.sa.example,+966509236235,SA1807421970155405853767,نشط,2025-03-31
V00484,مجموعة الحازمي للترجمة والتعريب,1010178441,327278464750423,الرياض,نجود العسيري,omar.albqami@vendor13.sa.example,+966509931276,SA2035553809680248582494,نشط,2024-09-05
V00485,مجموعة العامري للأعمال العقارية,5854360157,364110307207173,خميس مشيط,لؤي البلوي,adel.alharbi@vendor19.sa.example,+966535788551,SA9891923152068303687095,نشط,2025-07-02
V00486,مصنع البقمي لتقنية المعلومات,4031057376,365468318887403,مكة المكرمة,ميساء البقمي,naif.alyami@vendor16.sa.example,+966590504914,SA7062738419531424576809,نشط,2024-06-22
V00487,مصنع المالكي للأعمال العقارية,5854841924,307228098410943,خميس مشيط,مشعل الجهني,jawaher.alyami@vendor5.sa.example,+966523835503,SA3391949045292639018194,نشط,2026-06-09
V00488,مركز الحربي للاستشارات,7106057406,366396618725953,سكاكا,أمل الهاجري,safaa.alhazmi@vendor28.sa.example,+966599098894,SA3686073234270367151028,نشط,2026-01-28
V00489,مؤسسة اليامي للمقاولات,4650899904,372766757235773,المدينة المنورة,أمل المطيري,musaid.alqarni@vendor21.sa.example,+966518406825,SA7514121084475420073939,نشط,2025-03-20
V00490,مجموعة الحميدي للاستشارات,3406364877,320086276830193,بريدة,رند الشهراني,majed.alarjani@vendor3.sa.example,+966501647165,SA7674634531227970260198,نشط,2025-08-09
V00491,مختبرات القحطاني لتقنية المعلومات,6506419854,332869114116923,نجران,ماجد القرشي,mansour.alzubaidi@vendor14.sa.example,+966512867082,SA4582320680200239462561,نشط,2025-02-05
V00492,مجموعة العنزي للترجمة والتعريب,5854837929,305277393097553,خميس مشيط,نواف الخالدي,lama.alruwaily@vendor29.sa.example,+966557734932,SA7235571183494386925822,نشط,2025-04-10
V00493,مركز العامري لتقنية المعلومات,5855077604,338538423696123,أبها,عبير الجهني,mohammed.alarjani@vendor7.sa.example,+966535458451,SA9612280043340710831112,نشط,2024-08-29
V00494,مؤسسة الربيعي للخدمات اللوجستية,6006055212,383211179766413,جازان,وفاء المرواني,fahad.alotaibi@vendor11.sa.example,+966551647431,SA6401720022063153407209,نشط,2025-04-09
V00495,مكتب الهاجري للتعليم والتدريب,6906926679,398052989817293,عرعر,نجلاء الحازمي,ghanem.alsalmi@vendor7.sa.example,+966581719037,SA4583633646766752095146,نشط,2026-02-07
V00496,شركة الهاجري للأعمال العقارية,4030509113,348484153359833,جدة,حنان الحوساوي,hind.alqahtani@vendor8.sa.example,+966579239977,SA67360223596024351471,نشط,2025-11-25
V00497,مؤسسة السواط للخدمات المالية,2050102709,372950244707433,الدمام,رامي الشمري,ibtisam.alharbi@vendor14.sa.example,+966518565327,SA0995310470897135921204,نشط,2024-05-10
V00498,مصنع الصاعدي للخدمات المالية,2050920342,353125338803113,الدمام,راشد العامري,hamad.alswat@vendor15.sa.example,+966549921669,SA9391141888788196732757,نشط,2024-12-25
V00499,شركة مساهمة السهلي للمستشفيات,6506802602,307369372915593,نجران,هبة العامري,nasser.alasiri@vendor29.sa.example,+966502180235,SA1762372756201021614810,نشط,2025-08-10
V00500,مختبرات السهلي للاستشارات,3406259229,344929416992813,بريدة,رؤيا العنزي,abdullah.alhosawy@vendor21.sa.example,+966534353835,SA6747801567631389850688,نشط,2024-07-19
V00501,مركز المطيري لإدارة المشاريع,6006671570,337043370635093,جازان,عمر الهاجري,saad.alanazi@vendor23.sa.example,+966503368534,SA8871751251787973797234,نشط,2025-07-06
V00502,شركة الصاعدي للتسويق الرقمي,5855456506,361001734918493,أبها,ديمة السبيعي,yousef.alamri@vendor25.sa.example,+966596165819,SA4961354160648547919143,نشط,2024-10-04
V00503,مؤسسة المسعود للبنية التحتية,6506986975,333510881330713,نجران,جاسم الشريف,fahad.altamimi@vendor16.sa.example,+966543469984,SA0832055291586610367465,نشط,2025-08-12
V00504,مجموعة القرني للصناعات الغذائية,1010904177,305125314727253,الرياض,تركي الدوسري,talal.alswat@vendor10.sa.example,+966549955110,SA7947748996529096290759,نشط,2026-06-12
V00505,شركة الأسمري للاتصالات,5606853563,321528203132313,تبوك,فيصل الربيعي,kholoud.alhazmi@vendor8.sa.example,+966504658742,SA4949979035995430067331,نشط,2026-03-25
V00506,شركة مساهمة السلمي للترجمة والتعريب,4652299748,373890138622073,ينبع,خالد العامري,abdulkarim.almugrin@vendor8.sa.example,+966551186463,SA4259527472397488049194,نشط,2026-01-06
V00507,مصنع اليامي للتجهيزات الطبية,6506817124,336910846499683,نجران,جواهر السبيعي,wafaa.alghamdi@vendor2.sa.example,+966520898952,SA1912481718249052869442,نشط,2025-05-06
V00508,مصنع الحوساوي للترجمة والتعريب,6906215372,314059546109323,عرعر,سعد الحميدي,anas.alsudairi@vendor25.sa.example,+966500134728,SA7110800964582891649459,نشط,2024-04-30
V00509,مجموعة البقمي للمقاولات,6006155789,375591772213993,جازان,مشعل الرويلي,fahad.alshamri@vendor4.sa.example,+966599876172,SA6405226460008080795047,نشط,2025-11-04
V00510,مختبرات الفيفي لتقنية المعلومات,5606596737,394551559037233,تبوك,إيمان الزبيدي,yomna.aljohani@vendor4.sa.example,+966557165855,SA6137863823698159625658,نشط,2026-03-25
V00511,شركة مساهمة الشهراني لإدارة المشاريع,4652609005,382603224101053,ينبع,تركي العامري,safaa.alasiri@vendor10.sa.example,+966547158600,SA3480814866176779610867,نشط,2024-12-28
V00512,مركز الغامدي للتطوير البرمجي,2050450275,357944369656763,الدمام,نجود الفيفي,badr.alrubaie@vendor12.sa.example,+966520754081,SA2773402666438679617555,نشط,2025-12-06
V00513,مؤسسة العنزي للطباعة والنشر,4032432589,355806408305933,الطائف,خالد الزهراني,yomna.altamimi@vendor15.sa.example,+966554969309,SA4510244151342991983636,نشط,2025-09-09
V00514,مختبرات السبيعي للتجهيزات الطبية,4652763824,356448677233543,ينبع,نواف السواط,mona.alqurashi@vendor9.sa.example,+966567355079,SA5966231590437823972891,نشط,2026-01-12
V00515,مصنع التميمي للأعمال العقارية,4650711085,351879900185433,المدينة المنورة,خالد التميمي,saqr.alzubaidi@vendor24.sa.example,+966560572459,SA8224983852359110807230,نشط,2025-07-17
V00516,مؤسسة الصاعدي للترجمة والتعريب,4030125618,365434360563263,جدة,نادية الهاجري,fatima.almalki@vendor2.sa.example,+966521007164,SA8527431145044279813591,نشط,2025-09-18
V00517,مختبرات التميمي لإدارة المشاريع,7106799786,376185477613243,سكاكا,أريج الأسمري,shahad.alkhaldi@vendor30.sa.example,+966520630045,SA3943762451440541520441,نشط,2026-01-07
V00518,مؤسسة المالكي للخدمات البيئية,4031336549,304830906260343,مكة المكرمة,رؤيا العوفي,mazen.alhumaidi@vendor28.sa.example,+966504413397,SA8838920387053868846828,نشط,2026-04-08
V00519,مجموعة البلوي للخدمات المالية,6006792148,353145264489893,جازان,محمد القحطاني,basel.almugrin@vendor5.sa.example,+966538366534,SA9436811372073119658987,نشط,2024-04-12
V00520,مجموعة الرشيدي للتسويق الرقمي,6006477191,307308692868253,جازان,إبراهيم اليامي,hamza.alharbi@vendor2.sa.example,+966522253199,SA2958804108944106980399,نشط,2025-05-02
V00521,مكتب السواط للتعليم والتدريب,5606381460,347867962385503,تبوك,خلود اليامي,walid.alzahrani@vendor22.sa.example,+966532785812,SA2957060972598912426591,نشط,2026-02-19
V00522,شركة مساهمة العتيبي للطباعة والنشر,4652150586,353868220549813,ينبع,لطيفة البلوي,yomna.albqami@vendor23.sa.example,+966546079605,SA5875862049669406406296,نشط,2025-12-30
V00523,مركز الفيفي للاستشارات,6006006685,304029228135403,جازان,معاذ العوفي,hamad.alarjani@vendor23.sa.example,+966570266852,SA7482708104265096669127,نشط,2025-10-26
V00524,شركة مساهمة الهاجري للصناعات الغذائية,4031009345,395345791366483,مكة المكرمة,عادل الثبيتي,wael.alharbi@vendor21.sa.example,+966506579592,SA2479718298351311997899,نشط,2025-02-04
V00525,شركة الغامدي لتقنية المعلومات,7106688841,326143635621143,سكاكا,مها القرني,zainab.alzahrani@vendor1.sa.example,+966532072370,SA0556133909837992843588,نشط,2024-06-20
V00526,مصنع المالكي للطباعة والنشر,4031584877,308487761381963,مكة المكرمة,هند العنزي,ayman.alotaibi@vendor14.sa.example,+966588207490,SA4197228904069021613861,نشط,2025-07-09
V00527,مصنع المقرن للخدمات البيئية,3406199188,327941102858953,بريدة,هيفاء الأسمري,anas.alzahrani@vendor21.sa.example,+966546797794,SA6390068410006068517172,نشط,2026-05-06
V00528,مجموعة العنزي للإعلام والتواصل,5854377283,365745902305643,خميس مشيط,حسين اليامي,saqr.alsahli@vendor24.sa.example,+966584022673,SA4842617629397052513840,نشط,2024-08-09
V00529,مؤسسة العتيبي للخدمات المالية,6006328966,334844391896233,جازان,خالد العمري,khalid.aljohani@vendor2.sa.example,+966592394211,SA5270232678903005777742,نشط,2024-09-23
V00530,مؤسسة الأسمري للتعليم والتدريب,5855634280,375593769256533,أبها,بشاير الحميدي,wafaa.alziyani@vendor28.sa.example,+966502135721,SA0545359923056136779088,نشط,2024-06-01
V00531,مؤسسة الأسمري للطباعة والنشر,1010037540,328621415678433,الرياض,رامي الحوساوي,majed.alhosawy@vendor25.sa.example,+966587125846,SA1991460375760841160695,نشط,2025-02-09
V00532,شركة المقرن للإعلام والتواصل,2051333164,367296731926903,الجبيل,شهد الغامدي,ghadeer.alzahrani@vendor21.sa.example,+966599334506,SA1433962840749385039479,نشط,2024-08-17
V00533,مؤسسة الحربي للتعليم والتدريب,4650552789,371679417356123,المدينة المنورة,العنود الجهني,tala.alhosawy@vendor7.sa.example,+966531490702,SA3373211523374931377722,نشط,2025-12-26
V00534,مجموعة الشهري للتجهيزات الطبية,6906140709,386821485670233,عرعر,ديمة الحربي,maisa.altamimi@vendor12.sa.example,+966522024117,SA7370412287290237912808,نشط,2025-04-23
V00535,مجموعة القرشي للأمن السيبراني,4030788491,367426470742173,جدة,خالد الهاجري,aljawharah.alshahrani@vendor23.sa.example,+966590911803,SA8249774844570681877676,نشط,2026-03-12
V00536,مكتب الحازمي للتجهيزات الطبية,3206031357,387030787184523,حائل,هبة الأسمري,ayman.almutairi@vendor4.sa.example,+966524324096,SA3280607803391220092995,نشط,2025-05-21
V00537,مختبرات الحوساوي للخدمات البيئية,2051745168,342571154737863,الجبيل,رهف الفيفي,mazen.alharbi@vendor13.sa.example,+966544682735,SA8736507565908601084068,نشط,2024-11-18
V00538,مركز السلمي للطباعة والنشر,6006151547,303894175633783,جازان,راشد السهلي,adel.alhumaidi@vendor12.sa.example,+966530981210,SA9632951631972174119417,نشط,2025-03-07
V00539,مختبرات الزبيدي للأعمال العقارية,2051868614,307289693130533,الجبيل,رانيا العنزي,ahmed.almasoud@vendor3.sa.example,+966567888191,SA6285495900815540385655,نشط,2025-01-22
V00540,شركة مساهمة العسيري لتقنية المعلومات,4650860684,304766015378273,المدينة المنورة,أنوار الحوساوي,salma.alyami@vendor25.sa.example,+966509919001,SA0315570060872193352091,نشط,2024-10-17
V00541,مركز الزبيدي للتطوير البرمجي,5855664165,342251975247003,أبها,محمد العنزي,khalid.alsalmi@vendor11.sa.example,+966503139224,SA2484847306643777549602,نشط,2025-08-14
V00542,شركة العتيبي للمستشفيات,2050908317,317262815443883,الدمام,مياء اليامي,abdulkarim.alashmari@vendor13.sa.example,+966591804037,SA4322098841440335721219,نشط,2025-01-23
V00543,شركة الشمري للتسويق الرقمي,3206532461,397438958850563,حائل,مها الحميدي,alanoud.alsharif@vendor5.sa.example,+966548849667,SA7296688555445628274934,نشط,2024-12-27
V00544,مؤسسة الغامدي للتعليم والتدريب,5854219919,324799729851373,خميس مشيط,رهف الدوسري,turki.alrubaie@vendor17.sa.example,+966529233450,SA2034349859748788454516,نشط,2025-07-04
V00545,مختبرات السديري للصناعات الغذائية,2050039686,385767543868493,الدمام,مها الصاعدي,aljawharah.alhumaidi@vendor27.sa.example,+966597604999,SA5702913657796202339402,نشط,2024-05-30
V00546,مركز الشمري للبنية التحتية,4030185103,336924055896143,جدة,مازن الغامدي,hussein.alqarni@vendor30.sa.example,+966505765398,SA8851651974241749313863,نشط,2024-08-12
V00547,مركز المالكي للاستشارات,6006130181,374752109165903,جازان,طلال الرويلي,anwar.alzubaidi@vendor5.sa.example,+966505400454,SA0462133139101745631383,نشط,2024-08-28
V00548,شركة الخالدي للإعلام والتواصل,4652356402,369381295914193,ينبع,عبير السواط,rana.alghamdi@vendor17.sa.example,+966528567583,SA2431609370087341648959,نشط,2025-10-16
V00549,مصنع الحربي للخدمات اللوجستية,4650058497,397733754785513,المدينة المنورة,تركي السواط,samar.alqurashi@vendor25.sa.example,+966510726069,SA8720965792828192554429,نشط,2025-07-18
V00550,مكتب الدوسري للمستشفيات,6006209257,373253573372393,جازان,رامي الأسمري,hussein.almarwani@vendor26.sa.example,+966594191461,SA4254780517142682545000,نشط,2024-10-17
V00551,شركة مساهمة الربيعي للصناعات الغذائية,5855498037,362168296857173,أبها,زياد اليامي,abdulaziz.alghamdi@vendor12.sa.example,+966542277710,SA5223878175454555415641,نشط,2024-09-04
V00552,شركة مساهمة الشريف للمقاولات,7106503151,366997084728123,سكاكا,أريج العمري,reem.alshehri@vendor20.sa.example,+966585621765,SA1104799349223652941960,نشط,2023-02-01
V00553,مكتب الزبيدي للاستشارات,6006324546,340917747389873,جازان,عبدالرحمن الشهري,khalid.alziyani@vendor23.sa.example,+966514308796,SA9034603504690288614437,نشط,2025-08-16
V00554,شركة مساهمة الجهني لتقنية المعلومات,4650691045,359907753087073,المدينة المنورة,نجلاء المالكي,maha.alswat@vendor8.sa.example,+966508546487,SA4078284810854799326196,نشط,2024-11-27
V00555,مختبرات المرواني للأعمال العقارية,1010448931,347094263361663,الرياض,ريم الفيفي,hamza.alhazmi@vendor13.sa.example,+966524988590,SA6244939440989148038480,نشط,2024-10-09
V00556,شركة مساهمة العمري لتقنية المعلومات,2050274004,342605802717613,الدمام,لمى الزياني,tala.altamimi@vendor3.sa.example,+966566052099,SA5391392367572392403315,نشط,2026-03-17
V00557,شركة العمري لتقنية المعلومات,4652244516,374328406391513,ينبع,باسل العامري,reem.alsalmi@vendor3.sa.example,+966582584093,SA1781939352899015578220,نشط,2025-04-30
V00558,شركة مساهمة البلوي للاتصالات,4030591753,329483334954963,جدة,هاني الشريف,dalal.alsudairi@vendor18.sa.example,+966569358468,SA5054171008075190710661,نشط,2025-11-27
V00559,مركز السواط للطباعة والنشر,3206271306,339308860074633,حائل,تالا المالكي,amal.almutairi@vendor18.sa.example,+966591478953,SA0393505871000647498059,نشط,2021-10-28
V00560,شركة الربيعي للبنية التحتية,6906201129,373874266969803,عرعر,نجلاء الزهراني,anwar.alamri@vendor11.sa.example,+966546866585,SA0712064024378951330021,نشط,2025-04-13
V00561,مختبرات الهاجري للبنية التحتية,2050127009,369312083891843,الدمام,محمد المسعود,sara.alswat@vendor19.sa.example,+966591472902,SA4998014843839181887681,نشط,2026-03-29
V00562,مؤسسة السلمي للطباعة والنشر,3406032439,337925221259123,بريدة,محمد الجهني,ayman.alrashidi@vendor6.sa.example,+966560350423,SA7419462356389474934359,نشط,2024-06-07
V00563,مجموعة المطيري للطباعة والنشر,5606700218,384122478259453,تبوك,رامي العنزي,nasser.alziyani@vendor3.sa.example,+966507720206,SA1269891863498040064256,نشط,2025-03-04
V00564,شركة التميمي للاتصالات,4652977979,350985388535093,ينبع,حنان التميمي,rahaf.alashmari@vendor9.sa.example,+966567556909,SA3231994372438647882503,نشط,2026-06-02
V00565,مركز العامري للاستشارات,6906745551,325695975545223,عرعر,مساعد المالكي,reem.alkhaldi@vendor9.sa.example,+966565510790,SA1609017254395628743753,نشط,2024-07-17
V00566,مركز الحربي للصناعات الغذائية,4031551115,382742144763383,مكة المكرمة,نجلاء السهلي,bashayir.alhumaidi@vendor22.sa.example,+966527635992,SA2905155728382688710459,نشط,2025-02-13
V00567,مركز السواط للأعمال العقارية,2051885589,394261735831533,الجبيل,مساعد القرشي,eman.alshehri@vendor25.sa.example,+966539589063,SA9100415172539066364088,نشط,2025-08-27
V00568,مصنع البلوي للخدمات اللوجستية,1010394874,361279765000783,الرياض,سحر المطيري,rana.alhazmi@vendor21.sa.example,+966547577200,SA9285247694922516273411,نشط,2026-03-05
V00569,مكتب الغامدي للأعمال العقارية,7106460856,302980313047323,سكاكا,الجوهرة الجهني,badr.alshahrani@vendor22.sa.example,+966585146642,SA7209109731834145026692,نشط,2025-11-12
V00570,مجموعة الحازمي للإعلام والتواصل,1010100048,358653972006973,الرياض,عبدالوهاب المالكي,ghanem.altamimi@vendor16.sa.example,+966531073072,SA8908051305068355480002,نشط,2024-10-11
V00571,شركة مساهمة المطيري للأمن السيبراني,4030091246,312732751408863,جدة,وليد الشمري,badr.alhazmi@vendor14.sa.example,+966579103295,SA8845442570862872000243,نشط,2024-09-17
V00572,مصنع المقرن للأمن السيبراني,3406765481,360774434015923,بريدة,وليد الشمري,turki.alqahtani@vendor20.sa.example,+966546404835,SA3859952221253522738182,نشط,2024-07-12
V00573,شركة السبيعي للخدمات المالية,2050514336,309170648895593,الدمام,شيماء العرجاني,hind.albqami@vendor10.sa.example,+966567162832,SA6770651488458174444325,نشط,2024-06-14
V00574,مختبرات العنزي للإعلام والتواصل,1010326996,302512953338373,الرياض,أريج الخالدي,heba.alsahli@vendor14.sa.example,+966577981183,SA0345365908769073021318,نشط,2026-01-09
V00575,مصنع الأسمري للتسويق الرقمي,1010512518,328098473065733,الرياض,باسل المطيري,abdulwahhab.alanazi@vendor18.sa.example,+966599389059,SA6615715961781844224662,نشط,2024-08-15
V00576,مؤسسة المطيري للبنية التحتية,4650757262,349427152159743,المدينة المنورة,وائل السواط,leen.almutairi@vendor1.sa.example,+966598164104,SA4824268278909074456102,نشط,2025-12-28
V00577,مختبرات العمري للخدمات البيئية,3206820560,348176080676713,حائل,ابتسام الزياني,talal.alruwaily@vendor13.sa.example,+966546903325,SA2468536895017471495665,نشط,2025-11-25
V00578,مختبرات المالكي للأعمال العقارية,3206832832,399433095232643,حائل,مياء البقمي,maha.alzahrani@vendor21.sa.example,+966518560472,SA3429555798640162204156,نشط,2026-05-03
V00579,مجموعة الغامدي للاتصالات,5855799585,346085097012653,أبها,زينب الحوساوي,hussein.alhosawy@vendor20.sa.example,+966544818933,SA0204903860336629200474,نشط,2024-11-20
V00580,شركة البلوي للتعليم والتدريب,4652627309,380844436721123,ينبع,سحر العامري,shaima.albalawi@vendor25.sa.example,+966587023672,SA5037322569438605461043,نشط,2025-08-22
V00581,مجموعة الغامدي للتسويق الرقمي,1010818527,368420535030903,الرياض,راشد الجهني,dalal.alamri@vendor19.sa.example,+966564510624,SA7414823424993710436619,نشط,2025-02-11
V00582,مركز السديري لإدارة المشاريع,5606291707,364417690683443,تبوك,أمل الزهراني,reem.alhazmi@vendor4.sa.example,+966523699778,SA6083341562622932029317,نشط,2025-02-12
V00583,مركز المرواني للمستشفيات,4652563907,383192782952003,ينبع,جواهر العنزي,walid.alsalmi@vendor19.sa.example,+966580643273,SA3961406201268419583370,نشط,2026-05-14
V00584,مؤسسة الزبيدي للطباعة والنشر,4650699111,308072027351693,المدينة المنورة,سلمى الثبيتي,abeer.alashmari@vendor30.sa.example,+966539522033,SA4573074883695299326813,نشط,2025-05-06
V00585,شركة مساهمة البلوي للمقاولات,6506974924,373531586399493,نجران,كريم المطيري,maha.alharbi@vendor18.sa.example,+966534912049,SA39730838315177776012,نشط,2024-09-16
V00586,مكتب الفيفي للتطوير البرمجي,5855836083,317024876644023,أبها,لين الرويلي,amal.alqarni@vendor5.sa.example,+966535832665,SA7885104872444074245937,نشط,2024-05-25
V00587,مكتب السواط للمستشفيات,2051116307,328755404461923,الجبيل,نادية الشريف,tala.alziyani@vendor27.sa.example,+966590599690,SA7364240281365855689619,نشط,2025-04-21
V00588,مؤسسة المطيري للتسويق الرقمي,5606076810,372531925537063,تبوك,سلطان الحربي,hani.alsharif@vendor19.sa.example,+966581900794,SA6248949134335719919310,نشط,2024-09-10
V00589,مركز العامري للمقاولات,1010756444,388109712961193,الرياض,وليد الشمري,abdullah.alhajri@vendor3.sa.example,+966522485014,SA1667699251393056730062,نشط,2025-01-01
V00590,مجموعة الزبيدي للطباعة والنشر,5606341104,308335745158893,تبوك,راشد الهاجري,rana.alsudairi@vendor7.sa.example,+966539156647,SA7820496626779753083090,نشط,2024-04-23
V00591,مجموعة العرجاني للاستشارات,3406319866,301504389751533,بريدة,صالح الغامدي,rami.alsahli@vendor12.sa.example,+966584311151,SA8633670515991228962871,نشط,2025-01-23
V00592,شركة المالكي للخدمات البيئية,3406546261,303333007662183,بريدة,هند التميمي,mansour.albalawi@vendor12.sa.example,+966516121899,SA7648723941540590540362,نشط,2025-08-15
V00593,مختبرات الثبيتي للتعليم والتدريب,5606093073,380668082564433,تبوك,شيماء السديري,ibrahim.alamri@vendor15.sa.example,+966567512121,SA5222687991588747104513,نشط,2024-11-07
V00594,مجموعة البلوي للخدمات المالية,3206781896,354439393877053,حائل,هيفاء الحربي,anwar.alqurashi@vendor13.sa.example,+966590380333,SA7593543412572591782628,نشط,2026-05-17
V00595,شركة العنزي للبنية التحتية,7106581458,300902014939553,سكاكا,صفاء العوفي,shaima.alrashidi@vendor17.sa.example,+966561077707,SA5902858391588467999332,نشط,2024-12-15
V00596,مصنع الزياني للاتصالات,6006349301,388322347751763,جازان,جاسم الغامدي,hanan.alshahrani@vendor6.sa.example,+966578834203,SA7459437553780964293277,نشط,2025-02-23
V00597,شركة مساهمة العسيري للاستشارات,6906955194,309376048331973,عرعر,وليد الزهراني,amal.althbiti@vendor15.sa.example,+966533391006,SA5981892775298934054403,نشط,2024-07-04
V00598,مصنع الغامدي للخدمات البيئية,4031226693,345822261845063,مكة المكرمة,رؤيا الزبيدي,salman.alhajri@vendor3.sa.example,+966541327141,SA8080528508629748597726,نشط,2025-03-28
V00599,مكتب الزياني للمقاولات,3206788087,337318327503803,حائل,عبدالعزيز الشهري,majed.alhumaidi@vendor11.sa.example,+966564015112,SA7022954965707570959156,نشط,2025-06-10
V00600,مؤسسة الحازمي للخدمات المالية,4650091136,360263264662943,المدينة المنورة,غدير الخالدي,sara.alrashidi@vendor20.sa.example,+966566007748,SA4246442386856546126761,نشط,2025-06-27
V00601,شركة القحطاني لإدارة المشاريع,6906482617,391485089263863,عرعر,عبدالله السلمي,hussein.alsahli@vendor3.sa.example,+966547636219,SA0416475493372697128384,نشط,2026-06-10
V00602,مؤسسة الشهراني للاستشارات,2051035551,374997659777973,الجبيل,لين المطيري,saqr.alhazmi@vendor19.sa.example,+966536983344,SA8040696575849460707654,نشط,2025-09-04
V00603,مؤسسة القحطاني للأمن السيبراني,6906207496,337743303044583,عرعر,حمد الرشيدي,abeer.alziyani@vendor25.sa.example,+966504650951,SA4771370675742722179484,نشط,2026-05-14
V00604,مكتب الفيفي لتقنية المعلومات,5855283412,327818620709363,أبها,مها الهاجري,sahar.alshehri@vendor28.sa.example,+966569428555,SA5374359136555904718218,نشط,2024-11-16
V00605,مركز البقمي للمستشفيات,4650434877,318336141393353,المدينة المنورة,أنس الحازمي,lama.almugrin@vendor24.sa.example,+966548287110,SA6050603806548794017610,نشط,2025-01-28
V00606,مصنع البلوي للخدمات البيئية,4030068103,313098035462113,جدة,سحر الربيعي,rand.aldosari@vendor14.sa.example,+966518723767,SA8875061468654933349805,نشط,2025-03-15
V00607,مجموعة الرشيدي لتقنية المعلومات,1010004988,325811644123063,الرياض,ريم السبيعي,musaid.alghamdi@vendor21.sa.example,+966541813560,SA0849411148722567215394,نشط,2025-07-23
V00608,مصنع الحميدي للتطوير البرمجي,4032441353,314703200434313,الطائف,بدر الحوساوي,anas.alaufi@vendor12.sa.example,+966515717912,SA2279483525412526698669,نشط,2026-05-26
V00609,مركز القرني للأعمال العقارية,6506010489,385707670745733,نجران,عبدالرحمن الحازمي,mansour.alrubaie@vendor30.sa.example,+966541005098,SA6000394052631175358827,نشط,2026-06-16
V00610,شركة العسيري للبنية التحتية,2050421540,387659303062143,الدمام,أنوار العسيري,abdulrahman.alotaibi@vendor3.sa.example,+966533083920,SA7890916346505655089354,نشط,2024-09-01
V00611,مكتب البقمي للخدمات المالية,4030222428,318381946442273,جدة,مروة اليامي,mansour.alhosawy@vendor22.sa.example,+966525608990,SA6034393178679427448974,نشط,2024-09-16
V00612,مصنع العنزي للبنية التحتية,2051303196,356516747094193,الجبيل,نايف العنزي,hussein.alhumaidi@vendor11.sa.example,+966542592868,SA5606824368595123094498,نشط,2025-07-29
V00613,مركز الحميدي للخدمات المالية,4650655732,321919828214093,المدينة المنورة,شهد الهاجري,naif.alanazi@vendor5.sa.example,+966527644458,SA3095708398133805598085,نشط,2025-06-27
V00614,مصنع الفيفي للخدمات المالية,6906825073,309280344496663,عرعر,لؤي المسعود,ziad.alhosawy@vendor11.sa.example,+966584030789,SA0435048388271017357155,نشط,2025-08-27
V00615,مجموعة السلمي للصناعات الغذائية,4650335764,341979257509803,المدينة المنورة,رؤيا الصاعدي,kareem.almalki@vendor19.sa.example,+966504743674,SA7550712852215703445864,نشط,2021-11-06
V00616,مصنع الشهراني للصناعات الغذائية,5854115369,351160463243753,خميس مشيط,محمد الشهري,maha.alruwaily@vendor30.sa.example,+966585428618,SA8368064523439503279738,نشط,2024-04-15
V00617,مؤسسة العتيبي للصناعات الغذائية,5855288605,323766311626613,أبها,بيان البلوي,basel.alghamdi@vendor3.sa.example,+966556919174,SA7705130762191868136996,نشط,2024-11-22
V00618,مركز الخالدي للإعلام والتواصل,6506084571,363252291502303,نجران,أريج المطيري,haifa.alasiri@vendor22.sa.example,+966580733459,SA8136713402184237747224,نشط,2025-09-01
V00619,مكتب الغامدي للأعمال العقارية,5855009652,395905312253623,أبها,عادل الهاجري,amal.alhazmi@vendor10.sa.example,+966529787104,SA3263113691733976937205,نشط,2025-06-16
V00620,مؤسسة الثبيتي للخدمات البيئية,7106274240,331775000316453,سكاكا,ماجد الزياني,muath.alqurashi@vendor26.sa.example,+966524768586,SA2083002755027303344649,نشط,2026-05-13
V00621,مصنع العسيري للتسويق الرقمي,2051669447,338115480862843,الجبيل,سارة الجهني,ruya.alashmari@vendor13.sa.example,+966515616374,SA4685139050446671308457,نشط,2024-11-02
V00622,مركز الرشيدي للتطوير البرمجي,4030114618,336653051114783,جدة,أمل الحازمي,jasem.alsahli@vendor11.sa.example,+966569376669,SA7234342861957148838001,نشط,2025-04-28
V00623,مجموعة العامري للمقاولات,5855090383,359572311284243,أبها,دلال الرويلي,abdullah.aljohani@vendor28.sa.example,+966525229001,SA1745068626203520035724,نشط,2026-01-08
V00624,مؤسسة السهلي للمقاولات,6906660638,327139213091163,عرعر,عادل الشهري,turki.alqahtani@vendor15.sa.example,+966511136594,SA9287488539843472442889,نشط,2025-12-11
V00625,شركة مساهمة المقرن للتسويق الرقمي,5855162199,375529511255393,أبها,فيصل العوفي,mazen.alhazmi@vendor1.sa.example,+966585000881,SA3231795400997586173523,نشط,2025-08-24
V00626,مصنع الدوسري للمستشفيات,5855620618,324835841642123,أبها,الجوهرة الشريف,aljawharah.alsharif@vendor9.sa.example,+966563995987,SA9284690339209019415773,نشط,2026-04-23
V00627,شركة مساهمة الشمري للتعليم والتدريب,5854692859,316784042595263,خميس مشيط,أريج القرني,musaid.alomari@vendor5.sa.example,+966560321800,SA9196879765794573161211,نشط,2025-02-03
V00628,شركة السواط للبنية التحتية,2051986722,329005195959673,الجبيل,جاسم العامري,luay.albalawi@vendor2.sa.example,+966599500416,SA2586403236955553541360,نشط,2025-04-26
V00629,مجموعة اليامي للخدمات البيئية,6906060204,361583783843703,عرعر,سامي السلمي,ayman.alaufi@vendor17.sa.example,+966507057114,SA9105963169422834808927,نشط,2024-11-28
V00630,مصنع المقرن للمستشفيات,7106081029,396225668780263,سكاكا,تالا الجهني,adel.alswat@vendor12.sa.example,+966518693822,SA2038839895701569199492,نشط,2026-02-28
V00631,مجموعة الشهراني لتقنية المعلومات,4652331989,324489695673493,ينبع,سلمى العسيري,najoud.almasoud@vendor21.sa.example,+966584229089,SA2598117257402550089487,نشط,2025-05-09
V00632,مجموعة المطيري للأمن السيبراني,4650728122,365892154127453,المدينة المنورة,لمى المسعود,anwar.aldosari@vendor21.sa.example,+966536079549,SA1796033164568723509680,نشط,2025-07-18
V00633,شركة التميمي للمقاولات,4030946038,378825938042423,جدة,جاسم العرجاني,najoud.alshehri@vendor30.sa.example,+966538999171,SA9412806727776829594318,نشط,2021-08-31
V00634,مكتب المسعود لتقنية المعلومات,2051973355,336037081427853,الجبيل,حنان البلوي,marwa.alziyani@vendor18.sa.example,+966530631896,SA3807496264098639976400,نشط,2025-11-13
V00635,شركة العسيري للاتصالات,5606266540,396015238940843,تبوك,وفاء القرني,hani.alshehri@vendor27.sa.example,+966591738414,SA4648781825059267592544,نشط,2024-06-01
V00636,مجموعة الزياني للمستشفيات,6906245678,345716788675,عرعر,العنود الرويلي,sultan.alghamdi@vendor24.sa.example,+966509576841,SA8447023488075476051812,نشط,2024-09-15
V00637,شركة مساهمة اليامي للإعلام والتواصل,3206408510,331835416783783,حائل,ريم الحربي,alanoud.alanazi@vendor12.sa.example,+966557144993,SA1997659202303386944861,نشط,2026-03-24
V00638,مكتب الحميدي للتسويق الرقمي,4032836385,363286046210243,الطائف,شيماء الصاعدي,sultan.alhumaidi@vendor5.sa.example,+966559203802,SA9089054739044928835052,نشط,2025-01-17
V00639,مؤسسة الغامدي للمستشفيات,2051434761,371559672979913,الجبيل,مها الزهراني,hamad.alhosawy@vendor2.sa.example,+966562569541,SA4044362144974916319084,نشط,2024-08-06
V00640,مصنع التميمي للتعليم والتدريب,1010308394,364998762028403,الرياض,مروة الشهراني,maha.almasoud@vendor20.sa.example,+966522038661,SA4439073025960641495693,نشط,2025-12-17
V00641,مركز البقمي للطباعة والنشر,1010786887,378028341309103,الرياض,ابتسام البلوي,nawaf.altamimi@vendor6.sa.example,+966536835308,SA6635724323534397314420,نشط,2025-07-23
V00642,مركز السهلي للخدمات المالية,6906790158,366671561713563,عرعر,معاذ البلوي,ghanem.almarwani@vendor17.sa.example,+966599078726,SA9604090264298912575135,نشط,2024-04-28
V00643,مؤسسة الهاجري للاستشارات,6006658656,359731411238703,جازان,حمد العسيري,ahmed.alshamri@vendor5.sa.example,+966571393245,SA1194427446828413874881,نشط,2024-12-23
V00644,مجموعة السهلي لإدارة المشاريع,4032752449,343324569298783,الطائف,يوسف السواط,hind.alarjani@vendor9.sa.example,+966521316197,SA6632701783571110603114,نشط,2024-05-26
V00645,مكتب الدوسري للترجمة والتعريب,2051767111,383842648472723,الجبيل,وليد المقرن,ruya.aljohani@vendor17.sa.example,+966575360898,SA7573564358872890420630,نشط,2024-08-28
V00646,مركز السلمي للبنية التحتية,6006140494,397644402884433,جازان,يوسف الصاعدي,rami.alzubaidi@vendor13.sa.example,+966519447642,SA7330614809860004828513,نشط,2025-03-06
V00647,مختبرات الغامدي للأعمال العقارية,4032767310,301905630919943,الطائف,عبدالوهاب السبيعي,zainab.alsalmi@vendor19.sa.example,+966593745517,SA3828151353072838799727,نشط,2026-04-07
V00648,شركة البلوي للاتصالات,4031623260,314250907591223,مكة المكرمة,رامي الفيفي,saleh.alqurashi@vendor8.sa.example,+966503397271,SA5112507640598862170306,نشط,2025-12-07
V00649,شركة القحطاني للتطوير البرمجي,7106348186,374905939106813,سكاكا,كريم الخالدي,wael.almasoud@vendor29.sa.example,+966593916347,SA1317829060282190491654,نشط,2025-01-25
V00650,مختبرات البلوي للمقاولات,5606136625,323126939873903,تبوك,عبدالله القرشي,mansour.alghamdi@vendor3.sa.example,+966538812190,SA3040632543799758143603,نشط,2025-05-22
V00651,مصنع القرني لتقنية المعلومات,6906450403,353494637258843,عرعر,الجوهرة الثبيتي,majed.alshehri@vendor14.sa.example,+966579852025,SA2418353377701575258799,نشط,2024-06-14
V00652,مكتب المطيري للأمن السيبراني,5854365648,355238564328243,خميس مشيط,سمر السبيعي,haifa.alyami@vendor11.sa.example,+966503501086,SA8747816926463814689170,نشط,2025-12-21
V00653,مكتب الرويلي للاتصالات,4032036757,300057484198093,الطائف,هاني الحميدي,marwa.alsubaie@vendor8.sa.example,+966586158894,SA5464652920680087794512,نشط,2025-05-26
V00654,مركز الرويلي للخدمات المالية,6506582867,334255985674243,نجران,صفاء الشهري,kholoud.alotaibi@vendor15.sa.example,+966553821436,SA5885203396879125574037,نشط,2025-09-04
V00655,مجموعة السبيعي للتعليم والتدريب,5854499250,375146823186303,خميس مشيط,الجوهرة العوفي,sara.alaufi@vendor16.sa.example,+966544754651,SA9431505801038123307417,نشط,2024-06-17
V00656,شركة السديري للطباعة والنشر,3406820358,346215618957183,بريدة,مازن الرشيدي,nadia.aldosari@vendor8.sa.example,+966532704711,SA6966801626207187123831,نشط,2024-09-13
V00657,مؤسسة الخالدي للطباعة والنشر,2050265502,304718950936123,الدمام,وائل الجهني,abdulkarim.alrubaie@vendor4.sa.example,+966577375792,SA6903017048408393420327,نشط,2024-09-23
V00658,مجموعة المطيري للمقاولات,2050910953,359093162717533,الدمام,سعد الرشيدي,sara.alhosawy@vendor29.sa.example,+966535726498,SA5943131049033661222117,نشط,2025-03-07
V00659,شركة المطيري للطباعة والنشر,6506647977,395696147609253,نجران,حنان الدوسري,faisal.alzubaidi@vendor17.sa.example,+966549637490,SA5851648371627478754235,نشط,2025-01-13
V00660,مؤسسة الحميدي للتطوير البرمجي,2051573199,307143604888803,الجبيل,سارة الحميدي,shaima.alshahrani@vendor29.sa.example,+966564348048,SA6937420436177751765081,نشط,2025-05-12
V00661,شركة مساهمة الدوسري للأعمال العقارية,4650375770,392442599516963,المدينة المنورة,العنود القرني,musaid.alfaifi@vendor20.sa.example,+966522249225,SA6362647487029869087013,نشط,2025-06-02
V00662,مجموعة اليامي للخدمات اللوجستية,4031217982,365219317887333,مكة المكرمة,ميساء السلمي,ayman.aljohani@vendor2.sa.example,+966539116365,SA1127505129179231639349,نشط,2025-04-22
V00663,مصنع الصاعدي للخدمات البيئية,2050793323,310469408945603,الدمام,هيفاء الحوساوي,zainab.alrubaie@vendor3.sa.example,+966550978280,SA8427819059002205095581,نشط,2025-03-19
V00664,شركة مساهمة السبيعي للخدمات المالية,1010988086,324652059057303,الرياض,منصور العتيبي,hani.alswat@vendor8.sa.example,+966528972703,SA4294830106138951554165,نشط,2025-05-16
V00665,مجموعة الزبيدي للاتصالات,4650740227,347300523034783,المدينة المنورة,عبدالعزيز الزياني,abdulaziz.alhazmi@vendor1.sa.example,+966529354979,SA3029415345299857747673,نشط,2024-10-25
V00666,مؤسسة السهلي لتقنية المعلومات,2050912696,375341569217843,الدمام,غدير العسيري,jawaher.alhajri@vendor4.sa.example,+966565912958,SA6905872998598333481139,نشط,2026-02-10
V00667,مصنع الشهري للخدمات البيئية,2051268470,357716407196253,الجبيل,نورة الزهراني,reem.alhajri@vendor16.sa.example,+966517537120,SA7896975227899619884888,نشط,2025-07-29
V00668,مركز الثبيتي للتطوير البرمجي,5855704425,353224336709443,أبها,دلال السديري,anas.albqami@vendor19.sa.example,+966546880187,SA0867274327398623382404,نشط,2025-08-27
V00669,مؤسسة الحازمي للأعمال العقارية,5854621591,378462358978783,خميس مشيط,نايف المسعود,naif.albalawi@vendor10.sa.example,+966552470040,SA3864877632730935472130,نشط,2026-01-15
V00670,مجموعة الثبيتي للأمن السيبراني,2050009140,371867106816223,الدمام,مروة الخالدي,naif.alanazi@vendor24.sa.example,+966557840892,SA7368391847597224964211,نشط,2026-02-03
V00671,مجموعة الحميدي للتجهيزات الطبية,1010887378,354932828789253,الرياض,رانيا المرواني,rashed.alasiri@vendor15.sa.example,+966577665782,SA5298724951310466134038,نشط,2026-04-29
V00672,شركة مساهمة الزياني للترجمة والتعريب,4031863406,353043788369793,مكة المكرمة,رامي الرويلي,rami.althbiti@vendor20.sa.example,+966559546605,SA4580648148393487904126,نشط,2024-04-16
V00673,مجموعة التميمي للأعمال العقارية,4652553757,356191561134723,ينبع,غدير اليامي,hussein.almalki@vendor13.sa.example,+966576697797,SA9295872985726523471255,نشط,2025-11-05
V00674,مختبرات البقمي لإدارة المشاريع,6006052929,397428586140633,جازان,خالد السواط,ruya.alhazmi@vendor20.sa.example,+966516921295,SA2074162582587421410422,نشط,2024-10-17
V00675,مصنع الرويلي للمستشفيات,3406863907,388036465811913,بريدة,غانم القحطاني,yomna.alhosawy@vendor29.sa.example,+966514105753,SA8083143431774698907897,نشط,2025-07-20
V00676,مركز الثبيتي للتسويق الرقمي,3406781871,391661562449953,بريدة,ماجد الحميدي,ghanem.althbiti@vendor25.sa.example,+966515966234,SA4509438659239683911846,نشط,2024-09-02
V00677,مصنع البلوي للأمن السيبراني,5606377667,367532450534473,تبوك,حنان العمري,ghadeer.alamri@vendor22.sa.example,+966542325268,SA7179720648745083212131,نشط,2025-07-19
V00678,مركز العرجاني لتقنية المعلومات,7106281428,359220181028533,سكاكا,هبة الشريف,heba.alhumaidi@vendor29.sa.example,+966543047320,SA3643934600262452563521,نشط,2025-04-10
V00679,شركة مساهمة اليامي للترجمة والتعريب,2050234302,365665812912223,الدمام,تركي المرواني,marwa.alsaaidi@vendor1.sa.example,+966587406286,SA8371276168336723456351,نشط,2024-10-06
V00680,مكتب العوفي لإدارة المشاريع,6006082425,353346593552923,جازان,دلال المالكي,kholoud.alzubaidi@vendor9.sa.example,+966585475310,SA1633704685363261738949,نشط,2024-07-08
V00681,شركة مساهمة القحطاني للتسويق الرقمي,2050902122,385787468585363,الدمام,ريم الجهني,rana.alarjani@vendor18.sa.example,+966574143929,SA5335998383044746579228,نشط,2026-05-04
V00682,مؤسسة الأسمري للتطوير البرمجي,2050322839,336248320538593,الدمام,صقر الزهراني,ruya.alqahtani@vendor20.sa.example,,SA3748546460704051577691,نشط,2026-03-11
V00683,مختبرات البلوي للإعلام والتواصل,5606810378,304028506920873,تبوك,ديمة المرواني,latifa.alomari@vendor22.sa.example,+966525468529,SA7798290550250339013543,نشط,2025-03-18
V00684,مجموعة المرواني للاستشارات,4032149326,333745041013453,الطائف,ميساء البلوي,luay.alsaaidi@vendor22.sa.example,+966518612693,SA8721538516569658425178,نشط,2024-12-13
V00685,شركة الزهراني للأعمال العقارية,4031574050,351458331805033,مكة المكرمة,منى السهلي,anwar.alhosawy@vendor3.sa.example,+966525608303,SA2763905109035204355404,نشط,2024-09-02
V00686,مصنع السلمي للخدمات اللوجستية,6006708196,319059732890223,جازان,حمد التميمي,ghadeer.alamri@vendor11.sa.example,+966569063474,SA7593390196649836734626,نشط,2025-05-07
V00687,شركة مساهمة العرجاني للأمن السيبراني,4032828983,305950715055073,الطائف,عبدالرحمن الحازمي,mishal.alyami@vendor2.sa.example,+966561549150,SA0812436201330340688232,نشط,2026-03-10
V00688,شركة مساهمة البقمي للتسويق الرقمي,1010007694,394775431970133,الرياض,بيان السواط,kareem.altamimi@vendor9.sa.example,+966565265741,SA2997479266841974202366,نشط,2025-07-14
V00689,مركز الزياني للأمن السيبراني,6506587818,327498065651203,نجران,فاطمة المقرن,abeer.almugrin@vendor18.sa.example,+966553699612,SA3725531136704495243282,نشط,2026-02-06
V00690,مؤسسة العتيبي للأمن السيبراني,3406639298,368140244642653,بريدة,زياد الأسمري,salman.alrashidi@vendor2.sa.example,+966517413537,SA9164784176024828130749,نشط,2025-10-22
V00691,مكتب السلمي للترجمة والتعريب,5855136695,345577679918423,أبها,لطيفة الخالدي,naif.alsaaidi@vendor25.sa.example,+966532985805,SA9027569956513933844202,نشط,2026-02-28
V00692,مجموعة البلوي لإدارة المشاريع,2050801257,364462009694833,الدمام,هيفاء الحميدي,mansour.alsalmi@vendor6.sa.example,+966564683325,SA9077413602822093421716,نشط,2026-04-10
V00693,مختبرات الرويلي للتطوير البرمجي,4030864423,373690990433023,جدة,فيصل العمري,ibtisam.aldosari@vendor4.sa.example,+966591934839,SA4996377135864713864453,نشط,2024-11-14
V00694,شركة السواط للخدمات البيئية,4032630297,321666499353523,الطائف,بيان المسعود,dalal.alshahrani@vendor6.sa.example,+966532399120,SA1341366117863693660990,نشط,2024-04-29
V00695,مكتب الرشيدي للصناعات الغذائية,6006325702,352487541788103,جازان,هبة الهاجري,nadia.alsalmi@vendor2.sa.example,+966591418656,SA0437087161423405363635,نشط,2025-03-24
V00696,مركز العامري للتجهيزات الطبية,4652782078,355981637534,ينبع,لطيفة الزبيدي,omar.althbiti@vendor29.sa.example,+966529917634,SA8970486285788600638990,نشط,2025-04-26
V00697,مركز العامري للخدمات المالية,6506406632,344276421102013,نجران,الجوهرة الغامدي,haifa.alsalmi@vendor15.sa.example,+966569438788,SA7311339216848516820498,نشط,2024-09-23
V00698,شركة الهاجري للخدمات البيئية,4030644091,301536295036423,جدة,مياء السديري,majed.alghamdi@vendor11.sa.example,+966500435217,SA3770010720069263292416,نشط,2024-08-31
V00699,شركة مساهمة الزبيدي للخدمات البيئية,2051803432,396113150573343,الجبيل,رند الزهراني,areej.alqahtani@vendor16.sa.example,+966545098920,SA5041231039233932690892,نشط,2025-07-12
V00700,مصنع السهلي للصناعات الغذائية,7106748888,389909734600083,سكاكا,ميساء التميمي,shaima.albalawi@vendor6.sa.example,+966507287492,SA5351866935934274319796,نشط,2025-02-05
V00701,مصنع الرشيدي للاستشارات,4652052124,323651913898293,ينبع,وائل السهلي,mona.albalawi@vendor6.sa.example,+966528061873,SA3137342983290429048959,نشط,2026-03-17
V00702,مركز اليامي للتطوير البرمجي,4032547833,351345038752263,الطائف,سمر القحطاني,alanoud.alghamdi@vendor12.sa.example,+966586239116,SA1095431264879186884148,نشط,2026-03-07
V00703,شركة المرواني للتطوير البرمجي,5606812744,375132551554673,تبوك,ميساء الثبيتي,ibrahim.alsahli@vendor12.sa.example,+966565480664,SA0474043663633915525638,نشط,2026-04-05
V00704,شركة الزياني لإدارة المشاريع,5855972779,371523065444073,أبها,خلود الغامدي,rami.alshamri@vendor24.sa.example,+966537123104,SA4506911563205186713002,نشط,2026-06-16
V00705,شركة القرشي للتجهيزات الطبية,5855875972,310414277999003,أبها,رنا السواط,saleh.alzubaidi@vendor20.sa.example,+966502969136,SA1866875698982766201257,نشط,2024-10-13
V00706,مركز البقمي للاستشارات,3206124656,303207597562463,حائل,سحر المقرن,faisal.alqahtani@vendor21.sa.example,+966585027301,SA9598452888073804723960,نشط,2025-01-08
V00707,مصنع السواط للتطوير البرمجي,3206850226,352723955115613,حائل,سامي العامري,safaa.alasiri@vendor21.sa.example,+966555789477,SA4997082516157213715028,نشط,2024-09-20
V00708,مكتب القرشي لإدارة المشاريع,5855994498,370482907148833,أبها,نادية البلوي,noura.alhosawy@vendor8.sa.example,+966575835172,SA7305765860504999950677,نشط,2024-10-25
V00709,مركز الدوسري للخدمات اللوجستية,4031804650,385032999981493,مكة المكرمة,رنا السديري,ruya.alhajri@vendor11.sa.example,+966574485156,SA7548760756116954621132,نشط,2024-12-16
V00710,مؤسسة البقمي للتجهيزات الطبية,4650853280,359289126386963,المدينة المنورة,وليد العتيبي,hamad.alhumaidi@vendor18.sa.example,+966574947309,SA75729812299860759013,نشط,2025-03-29
V00711,مصنع الرشيدي للبنية التحتية,5855565922,354262726354943,أبها,ميساء اليامي,yomna.alswat@vendor4.sa.example,+966523975536,SA3498131362574525009790,نشط,2025-05-04
V00712,مجموعة الشريف للصناعات الغذائية,6506860756,340549934111793,نجران,أمل الحازمي,alanoud.alsaaidi@vendor15.sa.example,+966582492606,SA9437889092981457345083,نشط,2024-07-18
V00713,مكتب العتيبي للمقاولات,3406931517,316963328364753,بريدة,أمل العتيبي,sahar.alotaibi@vendor17.sa.example,+966524831762,SA4959198286731187943914,نشط,2025-01-31
V00714,مركز الزياني للأعمال العقارية,4032301340,362148394652773,الطائف,سامي الأسمري,mona.alshamri@vendor7.sa.example,+966573120974,SA2048106866159967990917,نشط,2025-10-20
V00715,مركز القرني للتعليم والتدريب,7106180927,364029583587703,سكاكا,مساعد السهلي,heba.alrubaie@vendor3.sa.example,+966509052316,SA3023539894093236003591,نشط,2025-08-28
V00716,مؤسسة العتيبي للخدمات اللوجستية,3206139900,307145563517813,حائل,نادية السهلي,areej.alfaifi@vendor30.sa.example,+966535219552,SA8589593406037217784019,نشط,2025-06-17
V00717,شركة مساهمة المسعود لإدارة المشاريع,5855620331,379725348878133,أبها,مروة التميمي,ibrahim.alsharif@vendor29.sa.example,+966532379915,SA1384253395205666085181,نشط,2024-07-10
V00718,شركة مساهمة السواط لتقنية المعلومات,4031931856,377271334334413,مكة المكرمة,يوسف المقرن,aljawharah.alsharif@vendor1.sa.example,+966570874575,SA4380867884193411428792,نشط,2024-06-19
V00719,شركة الغامدي للإعلام والتواصل,2051014023,391321033720233,الجبيل,الجوهرة البلوي,anwar.alotaibi@vendor12.sa.example,+966559635806,SA7102449239591858968484,نشط,2025-07-14
V00720,مركز المسعود للأعمال العقارية,4030352441,312967942757303,جدة,سلمان الزبيدي,faisal.alsudairi@vendor18.sa.example,+966572990232,SA1958272116672732875700,نشط,2026-05-27
V00721,مختبرات السبيعي للطباعة والنشر,6506918489,345534264982393,نجران,مروة العمري,faisal.alzubaidi@vendor21.sa.example,+966559292289,SA5134221586566548620284,نشط,2026-02-27
V00722,مركز الدوسري للخدمات البيئية,5606095741,344947942427963,تبوك,إيمان اليامي,samar.alkhaldi@vendor21.sa.example,+966568431228,SA5369150258293157027910,نشط,2025-11-14
V00723,مجموعة القرشي للتجهيزات الطبية,4652017323,356914328005723,ينبع,سامي الدوسري,ahmed.albalawi@vendor26.sa.example,+966584712431,SA1151028683513216697530,نشط,2025-04-03
V00724,مركز البلوي للاتصالات,4650963405,329712040018873,المدينة المنورة,حنان الرويلي,majed.alrashidi@vendor17.sa.example,+966525989846,SA1105529230262048320397,نشط,2024-12-27
V00725,شركة الهاجري للاتصالات,3206994517,311501606969903,حائل,حنان البقمي,faisal.alasiri@vendor3.sa.example,+966552768019,SA5138655622072029637555,نشط,2025-04-16
V00726,مختبرات البلوي للخدمات المالية,6906412657,302437296004753,عرعر,نادية العنزي,noura.alyami@vendor2.sa.example,+966525918792,SA5169477369734834885626,نشط,2025-01-12
V00727,شركة مساهمة اليامي للتطوير البرمجي,6906398753,334661834159,عرعر,كريم الحازمي,mayaa.althbiti@vendor25.sa.example,+966584304505,SA0629466520388279599290,نشط,2025-03-19
V00728,مجموعة الحميدي لإدارة المشاريع,4031781165,386403815379523,مكة المكرمة,نجود الخالدي,ahmed.alswat@vendor14.sa.example,+966574039910,SA2622260890823789423150,نشط,2026-01-18
V00729,شركة الثبيتي للأمن السيبراني,4032251225,300237272077413,الطائف,عبدالوهاب القحطاني,hani.alzubaidi@vendor28.sa.example,+966526419082,SA5760509879981878568881,نشط,2025-05-12
V00730,مكتب المالكي للتعليم والتدريب,1010388651,353687931199713,الرياض,بدر الحميدي,marwa.albalawi@vendor3.sa.example,+966547749141,SA3448667272656591204614,نشط,2025-02-02
V00731,شركة القرني للتطوير البرمجي,4030659342,324020678658323,جدة,العنود العرجاني,hind.alghamdi@vendor6.sa.example,+966542293673,SA0405922589223936393770,نشط,2024-11-17
V00732,شركة مساهمة القحطاني للتجهيزات الطبية,5854448141,362222679170383,خميس مشيط,العنود الحازمي,kareem.almalki@vendor22.sa.example,+966593144709,SA4861380340774351607553,نشط,2025-05-04
V00733,شركة السواط للمقاولات,4031735330,371569661621733,مكة المكرمة,لمى اليامي,sultan.alziyani@vendor11.sa.example,+966531887138,SA4225383614315269952895,نشط,2025-10-08
V00734,مركز القرني للمستشفيات,1010835951,335934413491713,الرياض,أنس الثبيتي,kareem.alruwaily@vendor4.sa.example,+966510068743,SA3342093366732468585060,نشط,2025-05-13
V00735,مكتب العامري للاستشارات,2050594561,344067423187023,الدمام,ديمة الحربي,leen.alyami@vendor18.sa.example,+966533299757,SA4316001144242134035636,نشط,2025-11-29
V00736,مؤسسة المرواني للتسويق الرقمي,4031904221,395762883807293,مكة المكرمة,باسل الحوساوي,najoud.alashmari@vendor8.sa.example,+966540521909,SA3954210699494387191814,نشط,2026-05-30
V00737,مؤسسة السديري للخدمات البيئية,5854704436,360335040707603,خميس مشيط,وفاء القحطاني,ahmed.almasoud@vendor29.sa.example,+966526448810,SA3439552162369390652449,نشط,2025-08-06
V00738,مختبرات الزياني للاتصالات,3406218310,390295229421533,بريدة,مازن المسعود,maisa.almarwani@vendor24.sa.example,+966518938395,SA4816070836545979562729,نشط,2025-05-08
V00739,مختبرات القرني للخدمات اللوجستية,5854422934,390347851310593,خميس مشيط,العنود القحطاني,hassan.alkhaldi@vendor24.sa.example,+966536416625,SA2064669598468551062798,نشط,2025-06-16
V00740,مؤسسة الرويلي للخدمات البيئية,7106198850,356963521036433,سكاكا,عمر الرويلي,tala.alhosawy@vendor7.sa.example,+966517690332,SA7302697826571151481719,نشط,2025-04-08
V00741,مكتب الهاجري للأعمال العقارية,1010589090,350936170549803,الرياض,أريج العمري,nasser.alaufi@vendor22.sa.example,+966539791629,SA9329931473479335113696,نشط,2025-07-25
V00742,شركة مساهمة الصاعدي لتقنية المعلومات,4652190131,321175672683573,ينبع,ماجد القرني,talal.almasoud@vendor28.sa.example,+966556419695,SA9573951047949683766405,نشط,2025-01-19
V00743,شركة مساهمة البلوي للأعمال العقارية,6506673890,364755705090753,نجران,رامي الحميدي,ghanem.albalawi@vendor7.sa.example,,SA1243690980802795186290,نشط,2026-02-17
V00744,مركز المسعود للتجهيزات الطبية,2050178048,387311137048173,الدمام,طلال الفيفي,nadia.alghamdi@vendor1.sa.example,+966554224124,SA9369093056294528093145,نشط,2025-06-01
V00745,مصنع الحميدي للمستشفيات,2051747922,349974407126503,الجبيل,لطيفة العوفي,ruya.alsubaie@vendor1.sa.example,+966597630235,SA2742372410123224536306,نشط,2025-05-26
V00746,مكتب الدوسري للأمن السيبراني,2051220906,390472189378143,الجبيل,ديمة الزبيدي,hind.alzahrani@vendor20.sa.example,+966562659212,SA0996060029082776319768,نشط,2025-11-05
V00747,مركز الحربي لتقنية المعلومات,6006487497,339833346962553,جازان,سحر المالكي,zainab.alyami@vendor25.sa.example,+966556262407,SA2035725316975480488632,نشط,2026-02-16
V00748,شركة مساهمة الزياني للخدمات اللوجستية,7106662305,326326073207693,سكاكا,ماجد المقرن,latifa.alfaifi@vendor6.sa.example,+966529195515,SA5006507535475525479807,نشط,2025-01-07
V00749,مختبرات الزياني للتجهيزات الطبية,4652189231,351998433435883,ينبع,رند الزياني,asma.alghamdi@vendor11.sa.example,+966574776952,SA7874459995233968159618,نشط,2026-05-19
V00750,مؤسسة الغامدي للخدمات البيئية,4032636204,377633675379313,الطائف,زياد الثبيتي,ziad.alrubaie@vendor18.sa.example,+966543294738,SA6754989139097012454646,نشط,2025-06-27
V00751,مركز المرواني للخدمات اللوجستية,1010601538,339744349288063,الرياض,عبدالكريم الشهري,dima.alhazmi@vendor11.sa.example,+966567056971,SA1359791436935778323526,نشط,2025-08-22
V00752,مركز الثبيتي للتعليم والتدريب,5854083350,348961765884263,خميس مشيط,عبدالرحمن الفيفي,yomna.alziyani@vendor9.sa.example,+966579683545,SA8300760681357714879787,نشط,2025-06-06
V00753,شركة مساهمة الشمري للخدمات اللوجستية,4032789844,326059852540773,الطائف,أنس البلوي,asma.alzahrani@vendor20.sa.example,+966504170847,SA7217452514130581882794,نشط,2025-07-24
V00754,مختبرات الهاجري للطباعة والنشر,5606449045,365754795629023,تبوك,بيان الزياني,maisa.almalki@vendor21.sa.example,+966500094377,SA1191951206073906069081,نشط,2026-05-08
V00755,مجموعة الثبيتي للأمن السيبراني,5606323152,318786834563863,تبوك,غدير الحميدي,talal.alharbi@vendor30.sa.example,+966533613568,SA3671157485983690242750,نشط,2025-09-03
V00756,مجموعة الحربي للتجهيزات الطبية,1010677194,381715505175933,الرياض,ميساء الحوساوي,sahar.alasiri@vendor19.sa.example,+966502457987,SA6434498678734168831021,نشط,2026-05-17
V00757,مصنع العامري للخدمات المالية,4031256329,317665819938963,مكة المكرمة,غدير المالكي,rand.almutairi@vendor4.sa.example,+966549073680,SA2833456054673393884321,نشط,2024-04-30
V00758,مركز الرشيدي للطباعة والنشر,6506932816,335184922002253,نجران,عمر الهاجري,mohammed.alshehri@vendor7.sa.example,+966594855087,SA0850821628185445196444,نشط,2024-06-19
V00759,مصنع الغامدي للتسويق الرقمي,4032489799,339193250921613,الطائف,رؤيا المسعود,majed.alqahtani@vendor13.sa.example,+966517452896,SA5580973793908280560940,نشط,2024-07-10
V00760,مؤسسة الزهراني للتسويق الرقمي,3406229815,311013106190223,بريدة,بيان الأسمري,ghadeer.alrubaie@vendor4.sa.example,+966561340402,SA4544292365675867117331,نشط,2025-05-18
V00761,مركز العنزي لإدارة المشاريع,1010463901,317162027154573,الرياض,باسل السواط,tala.altamimi@vendor29.sa.example,+966573722854,SA6018390159163641203968,نشط,2024-07-01
V00762,شركة الحربي للصناعات الغذائية,6006614842,370320526190403,جازان,سلطان الشهراني,najla.alsudairi@vendor27.sa.example,+966582305415,SA8837143119029083112484,نشط,2026-03-21
V00763,مجموعة الهاجري للطباعة والنشر,1010374345,363285059073243,الرياض,حنان الحميدي,noura.alsahli@vendor20.sa.example,+966546795093,SA7604851951043453876484,نشط,2024-05-13
V00764,شركة الشهراني للبنية التحتية,6906845145,314207077157753,عرعر,عبير السديري,haifa.alsahli@vendor16.sa.example,+966560255708,SA2336819780555421463061,نشط,2025-09-26
V00765,مجموعة العتيبي لإدارة المشاريع,5855401729,304299053111453,أبها,منى الحازمي,abdulwahhab.albalawi@vendor23.sa.example,+966591229756,SA0467376566531304574018,نشط,2026-03-15
V00766,شركة مساهمة الغامدي للمقاولات,6006032154,308670565916593,جازان,سحر الشريف,tala.albalawi@vendor5.sa.example,+966564717005,SA5767681028614216270834,نشط,2024-10-07
V00767,شركة الربيعي لإدارة المشاريع,1010389732,353570340287843,الرياض,عبدالله القرشي,mansour.alomari@vendor15.sa.example,+966531592244,SA9540612146405019054718,نشط,2025-11-26
V00768,مكتب العنزي للاستشارات,5606759695,316816633616613,تبوك,وفاء المطيري,reem.alaufi@vendor7.sa.example,+966561712258,SA6773070075822455056894,نشط,2025-09-08
V00769,شركة الدوسري للخدمات البيئية,5854746483,356478529949363,خميس مشيط,هيفاء الحازمي,sara.alashmari@vendor8.sa.example,+966585827499,SA3455520700603494074123,نشط,2024-04-18
V00770,مركز الحميدي للاستشارات,1010825538,315274866160613,الرياض,شهاب الرشيدي,wael.alrashidi@vendor15.sa.example,+966571221950,SA5552306405315262651343,نشط,2024-12-30
V00771,مختبرات الزياني للتعليم والتدريب,5855710837,314923015322913,أبها,سمر السديري,kholoud.albqami@vendor8.sa.example,+966558036875,SA6726204028181274851542,نشط,2025-04-17
V00772,مؤسسة السواط للأعمال العقارية,6906607907,388516508467003,عرعر,تركي الأسمري,kareem.alharbi@vendor27.sa.example,+966523501089,SA6374351909407102287297,نشط,2024-08-31
V00773,مؤسسة الشهري للخدمات البيئية,2050208007,365092424512793,الدمام,إيمان الزبيدي,amal.albalawi@vendor17.sa.example,+966527637771,SA8541938025185904767653,نشط,2024-10-02
V00774,مركز الشهراني للإعلام والتواصل,4652538790,311896031054513,ينبع,غانم التميمي,shaima.alsaaidi@vendor29.sa.example,+966557684854,SA9260497625656612327735,نشط,2025-02-22
V00775,مؤسسة المالكي للطباعة والنشر,1010134432,322766316634553,الرياض,تالا الحوساوي,abdulrahman.alzahrani@vendor24.sa.example,+966595444791,SA5618055314409708815978,نشط,2025-02-21
V00776,مؤسسة الشمري للخدمات اللوجستية,4031773726,308134393141323,مكة المكرمة,العنود الربيعي,turki.alhajri@vendor24.sa.example,+966550318168,SA4055155686750545829046,نشط,2026-05-01
V00777,مركز المسعود للأمن السيبراني,7106784542,354261493684033,سكاكا,خلود الرشيدي,sara.alsaaidi@vendor28.sa.example,+966523171687,SA6613966545805555715759,نشط,2024-06-01
V00778,شركة مساهمة الشمري للأمن السيبراني,2051760359,368943828640443,الجبيل,جاسم الزبيدي,turki.alomari@vendor1.sa.example,+966583828159,SA4859748631220505720212,نشط,2025-07-21
V00779,مؤسسة السديري للتطوير البرمجي,4650021074,321358224533933,المدينة المنورة,سحر السلمي,marwa.alshamri@vendor4.sa.example,+966579498398,SA0352028520677868911669,نشط,2026-06-16
V00780,مركز البقمي للخدمات اللوجستية,7106221568,318469058456813,سكاكا,هاني العمري,basel.albqami@vendor8.sa.example,+966580754665,SA2680183794603556976919,نشط,2025-11-19
V00781,مؤسسة الخالدي للتسويق الرقمي,4032153858,320717090017793,الطائف,رند القرني,rania.alhazmi@vendor7.sa.example,+966541198846,SA0708468399190606824709,نشط,2024-09-19
V00782,مجموعة المالكي للتسويق الرقمي,7106367472,320265522379543,سكاكا,العنود الزهراني,faisal.alasiri@vendor7.sa.example,+966594731154,SA9099826593454270268124,نشط,2025-03-31
V00783,مكتب الشهراني للخدمات البيئية,5606697374,371746818440393,تبوك,عبير الصاعدي,najoud.alamri@vendor26.sa.example,+966569708204,SA6508367501505420136579,نشط,2026-04-29
V00784,شركة مساهمة الرشيدي لتقنية المعلومات,4030143671,356537964605,جدة,منصور القرني,jawaher.alrubaie@vendor26.sa.example,+966529820619,SA7249343677990799475594,نشط,2024-10-02
V00785,مختبرات الشريف للخدمات المالية,2051070922,306960492468423,الجبيل,دلال الشريف,saleh.alshamri@vendor7.sa.example,+966568259499,SA4524834079320552661350,نشط,2026-04-18
V00786,مركز العتيبي للخدمات اللوجستية,3206802030,325067921582913,حائل,أنس الشمري,ziad.alhosawy@vendor7.sa.example,+966593167924,SA6844125422769935891289,نشط,2025-05-24
V00787,مؤسسة المالكي للطباعة والنشر,6006793471,360238177073,جازان,لطيفة الصاعدي,sara.alrubaie@vendor19.sa.example,+966500790837,SA7612693677548059599147,نشط,2026-05-11
V00788,شركة الحميدي للأمن السيبراني,4031994577,316138595218353,مكة المكرمة,نواف الفيفي,walid.alanazi@vendor25.sa.example,+966544448429,SA1235524151830098728507,نشط,2024-12-12
V00789,مركز الرويلي للمستشفيات,4031932337,309635194287843,مكة المكرمة,مياء الخالدي,mishal.alqurashi@vendor3.sa.example,+966506989236,SA8081033162208629065076,نشط,2025-08-19
V00790,مركز البلوي لتقنية المعلومات,4030528895,388120661272093,جدة,بشاير الشمري,reem.alyami@vendor7.sa.example,+966521986590,SA2232173025936934159876,نشط,2024-10-03
V00791,مركز الرويلي لتقنية المعلومات,3206460760,302254833235323,حائل,شيماء المرواني,jasem.alhazmi@vendor8.sa.example,+966536817493,SA1203046829019783770724,نشط,2026-06-01
V00792,مختبرات البلوي للتسويق الرقمي,2051702424,351420403317263,الجبيل,نجود الثبيتي,musaid.alomari@vendor17.sa.example,+966574060532,SA8173647275053561557673,نشط,2025-12-02
V00793,مختبرات الرويلي للبنية التحتية,5854588114,358978239672363,خميس مشيط,أنس العتيبي,anas.albqami@vendor28.sa.example,+966520140514,SA8423488662045211035990,نشط,2025-07-17
V00794,مكتب المرواني للتطوير البرمجي,7106953692,308389665382713,سكاكا,معاذ البلوي,mazen.alshahrani@vendor21.sa.example,+966522675576,SA6589128764676749044669,نشط,2024-09-13
V00795,مكتب الرويلي للأعمال العقارية,4652812601,301130076109813,ينبع,أسماء التميمي,talal.alharbi@vendor26.sa.example,+966552967925,SA5138992674323206561566,نشط,2026-04-21
V00796,مجموعة القرشي للتعليم والتدريب,1010815237,366151044639493,الرياض,تالا الزياني,yomna.alsahli@vendor20.sa.example,+966549482733,SA5369833745190368435648,نشط,2024-12-23
V00797,مركز الرشيدي للأعمال العقارية,5854874166,355924073766523,خميس مشيط,مساعد السديري,ayman.albalawi@vendor13.sa.example,+966550939833,SA1017708235196878599045,نشط,2025-08-18
V00798,شركة السلمي للتعليم والتدريب,3206641205,392648799085913,حائل,نادية المطيري,badr.almarwani@vendor9.sa.example,+966510998518,SA2719945427374125627107,نشط,2025-08-21
V00799,شركة مساهمة التميمي للصناعات الغذائية,5854063479,353151735861933,خميس مشيط,منصور الشمري,jasem.alrubaie@vendor22.sa.example,+966502283830,SA7079303122322295632920,نشط,2025-07-08
V00800,مكتب الحوساوي للخدمات اللوجستية,1010413740,348557886865333,الرياض,لطيفة الصاعدي,ghanem.alshamri@vendor10.sa.example,+966594217243,SA6785204135823924858696,نشط ,2024-10-31
V00801,مختبرات القرشي للتسويق الرقمي,3206261990,322083032281643,حائل,مروة السهلي,anwar.alsubaie@vendor11.sa.example,,SA3943848244382860871129,نشط,2026-02-06
V00802,مؤسسة القحطاني للطباعة والنشر,4650676933,366219533811973,المدينة المنورة,بيان المالكي,luay.alsahli@vendor17.sa.example,+966545198004,SA3299894817040731399321,نشط,2024-04-22
V00803,مصنع الشمري للخدمات البيئية,4032377354,322302834835233,الطائف,عادل القرشي,jasem.alarjani@vendor19.sa.example,+966569762857,SA0911942041210578335276,نشط,2024-08-12
V00804,مختبرات المرواني للخدمات المالية,3206504243,378345241421463,حائل,سمر القرشي,safaa.alshehri@vendor14.sa.example,+966586303704,SA7278781416832975482202,نشط,2024-06-02
V00805,شركة العتيبي للأمن السيبراني,6906715125,368390124580053,عرعر,نجود اليامي,eman.alaufi@vendor7.sa.example,+966577269750,SA6758076559133702552685,نشط,2025-07-06
V00806,مكتب الشهراني للخدمات المالية,6906174441,330131185185913,عرعر,حمد الحوساوي,rand.alarjani@vendor20.sa.example,+966576489118,SA2098166646483083586445,نشط,2024-05-31
V00807,شركة المقرن للإعلام والتواصل,6906711985,362606396341183,عرعر,العنود الفيفي,noura.alhumaidi@vendor7.sa.example,+966554679920,SA1833075649072500982852,نشط,2025-10-22
V00808,مختبرات الحميدي للتطوير البرمجي,5606712810,314759825404503,تبوك,سلمان السواط,heba.alashmari@vendor12.sa.example,+966551851479,SA9341922220463491588876,نشط,2025-12-19
V00809,مصنع الشهري لإدارة المشاريع,6506134668,315865980195873,نجران,منصور العامري,rami.albqami@vendor24.sa.example,+966530845773,SA8327227365437493998404,نشط,2025-11-11
V00810,مؤسسة الغامدي للبنية التحتية,1010209459,320872695117913,الرياض,غدير العسيري,abdulwahhab.alziyani@vendor10.sa.example,+966511274956,SA7521009738597081175985,نشط,2024-10-30
V00811,مكتب العمري للتطوير البرمجي,2050298473,305189001909413,الدمام,هبة اليامي,ayman.alruwaily@vendor16.sa.example,+966527336693,SA8373782497318114931812,نشط,2025-03-01
V00812,شركة الرويلي للبنية التحتية,4032723472,380579661096703,الطائف,وليد الزبيدي,ahmed.alhazmi@vendor4.sa.example,+966544803935,SA7710861556059171783380,نشط,2025-05-18
V00813,مجموعة الحازمي للأعمال العقارية,4032749919,387121504268453,الطائف,طلال المالكي,jawaher.alfaifi@vendor1.sa.example,+966571274258,SA7157669672459331141000,نشط,2020-12-22
V00814,مؤسسة الحازمي للتعليم والتدريب,4650329633,317148386990433,المدينة المنورة,بيان الفيفي,shaima.alarjani@vendor29.sa.example,+966593484708,SA5975285940066340130326,نشط,2024-12-29
V00815,مؤسسة المقرن للأمن السيبراني,4032511568,324982712921763,الطائف,نورة الرشيدي,naif.alsharif@vendor28.sa.example,+966509886499,SA7573342553887666984449,نشط,2026-03-12
V00816,مكتب الدوسري للأعمال العقارية,4030675060,320427489931773,جدة,أريج المسعود,areej.alzahrani@vendor5.sa.example,+966505592055,SA5815706513582125575654,نشط,2024-04-25
V00817,مختبرات اليامي لإدارة المشاريع,2050323502,381775798508193,الدمام,خالد المرواني,fatima.alhajri@vendor8.sa.example,+966502380412,SA2063484057691061651572,نشط,2024-05-05
V00818,شركة العنزي للتسويق الرقمي,6506912707,319739652803493,نجران,لؤي العمري,mayaa.alhumaidi@vendor30.sa.example,+966508288598,SA9062240697554014176595,نشط,2025-11-26
V00819,شركة العسيري للاتصالات,5606679545,310690057592793,تبوك,فاطمة الثبيتي,hind.alsubaie@vendor9.sa.example,+966530134402,SA9206920116557696055941,نشط,2025-05-15
V00820,شركة الثبيتي للمقاولات,4030692246,356192961274993,جدة,عبدالرحمن المسعود,yomna.alotaibi@vendor11.sa.example,+966543131955,SA9896865415216665601746,نشط,2024-05-02
V00821,مختبرات الثبيتي لإدارة المشاريع,3206656514,353179676936463,حائل,لين الشهري,mayaa.altamimi@vendor21.sa.example,+966598084652,SA7978497095884011178691,نشط,2024-05-21
V00822,شركة العوفي للمقاولات,2051766985,321295831691283,الجبيل,رند اليامي,marwa.alshahrani@vendor15.sa.example,+966571725971,SA2327891352110989524496,نشط,2026-06-11
V00823,مؤسسة الزياني لإدارة المشاريع,5606901108,367906401937293,تبوك,هيفاء الدوسري,mayaa.alzahrani@vendor20.sa.example,+966541739257,SA8639487348395951657528,نشط,2026-03-17
V00824,مكتب العمري للتجهيزات الطبية,6506107132,326009756082083,نجران,مشعل التميمي,abdulkarim.alashmari@vendor18.sa.example,+966571690744,SA9444523636250101112310,نشط,2025-04-27
V00825,مؤسسة المطيري للصناعات الغذائية,5855422686,343323959243353,أبها,تركي الرشيدي,abeer.albalawi@vendor30.sa.example,+966550630237,SA6103821789440150178017,نشط,2026-01-04
V00826,شركة السهلي للتعليم والتدريب,7106245500,387263797060403,سكاكا,نواف الحازمي,maha.alqurashi@vendor10.sa.example,+966578442909,SA2056988275742747120246,نشط,2024-07-01
V00827,مكتب الجهني للاتصالات,4652245553,305642212936623,ينبع,شهد القحطاني,shaima.alsahli@vendor8.sa.example,+966530573148,SA5877207709828589898683,نشط,2025-11-15
V00828,مصنع الثبيتي للتطوير البرمجي,2050770598,366937845070683,الدمام,عبدالكريم القحطاني,najoud.alsubaie@vendor6.sa.example,+966584194270,SA0269415081874244250418,نشط,2025-03-17
V00829,مكتب الحربي للطباعة والنشر,3406184821,319664716074473,بريدة,عادل الغامدي,badr.almalki@vendor9.sa.example,+966582196388,SA8080833514180405027489,نشط,2025-04-03
V00830,مصنع العمري للأمن السيبراني,1010134884,358568261169763,الرياض,باسل القرني,asma.almasoud@vendor17.sa.example,+966598618939,SA6381118194031656695552,نشط,2024-11-19
V00831,شركة مساهمة الغامدي للترجمة والتعريب,3406227469,339373723415223,بريدة,مياء الرويلي,leen.albqami@vendor4.sa.example,+966588527693,SA2464874101364337357713,نشط,2025-08-17
V00832,مركز البلوي للصناعات الغذائية,5855634096,353342247653523,أبها,تركي المالكي,hussein.alhumaidi@vendor26.sa.example,+966549148234,SA8729720449499339685050,نشط,2025-09-22
V00833,مجموعة السلمي للصناعات الغذائية,6906881967,394895806361633,عرعر,نواف المرواني,shehab.alsudairi@vendor13.sa.example,+966570701798,SA3086007432950665781661,نشط,2026-03-26
V00834,شركة مساهمة العنزي للإعلام والتواصل,5855990635,351888927514953,أبها,إبراهيم المرواني,shahad.alshahrani@vendor19.sa.example,+966583301244,SA4495272206491514093700,نشط,2025-07-22
V00835,مركز الغامدي للاتصالات,6506949387,319207955311793,نجران,محمد الشهراني,ayman.alrubaie@vendor5.sa.example,+966534323628,SA7973155242623957836995,نشط,2025-02-17
V00836,مركز المقرن للمقاولات,7106252942,364309114868763,سكاكا,صقر الشريف,yomna.alzahrani@vendor7.sa.example,+966540001865,SA7474466148193289686339,نشط,2026-04-19
V00837,مكتب الغامدي لإدارة المشاريع,6006953531,340978375402003,جازان,أيمن الرويلي,areej.almasoud@vendor10.sa.example,+966575190179,SA0971266785187054021090,نشط,2024-07-21
V00838,مؤسسة العامري للإعلام والتواصل,4031923905,382180198303653,مكة المكرمة,بدر البلوي,anas.alashmari@vendor30.sa.example,+966537235593,SA2972620071190340679092,نشط,2024-05-31
V00839,شركة الشهري للتطوير البرمجي,6506936890,372700995787903,نجران,سلمى الشمري,ruya.alaufi@vendor19.sa.example,+966583794835,SA1844944881357667317509,نشط,2024-07-13
V00840,شركة مساهمة التميمي للمقاولات,5854107075,318058252078123,خميس مشيط,مياء الربيعي,naif.alshehri@vendor2.sa.example,+966596527455,SA2060187773713876048028,نشط,2026-05-05
V00841,شركة مساهمة التميمي للمقاولات,5854390000,383949592128283,خميس مشيط,نورة المقرن,naif.alshehri@vendor5.sa.example,+966503432644,SA0689535365192492997208,نشط,2025-04-19
V00842,شركة الحربي للخدمات البيئية,4650463841,312950393061153,المدينة المنورة,باسل الربيعي,ghadeer.almugrin@vendor14.sa.example,+966515155399,SA0351684645915884869986,نشط,2026-01-07
V00843,مختبرات العتيبي للتعليم والتدريب,4031591667,328197222793823,مكة المكرمة,مروة الشهراني,latifa.albalawi@vendor2.sa.example,+966541941315,SA5831835661319913781394,نشط,2025-02-04
V00844,مجموعة العمري للصناعات الغذائية,5855412045,311404760264323,أبها,الجوهرة السبيعي,aljawharah.alyami@vendor17.sa.example,+966536951282,SA5221688341224048141437,نشط,2024-10-04
V00845,مكتب السواط لتقنية المعلومات,6506031965,340525911470473,نجران,ميساء الزهراني,abdulrahman.alotaibi@vendor4.sa.example,+966544309500,SA3279238017318461751505,نشط,2024-04-15
V00846,مكتب السلمي للتطوير البرمجي,3206405301,376228442556023,حائل,فهد المرواني,adel.almalki@vendor5.sa.example,+966593350751,SA9203509271449263301633,نشط,2025-04-15
V00847,مؤسسة السهلي للأعمال العقارية,6006654403,342128482876583,جازان,أحمد العنزي,mona.alghamdi@vendor27.sa.example,+966561077669,SA2011643241971864378075,نشط,2025-05-10
V00848,مجموعة الحازمي للاستشارات,2051875347,324794130509213,الجبيل,أسماء القحطاني,ayman.alsalmi@vendor10.sa.example,+966522657076,SA7825759318707043125094,نشط,2025-11-28
V00849,مكتب الشمري للخدمات المالية,3206539605,384505866666263,حائل,مروة القرشي,mansour.almutairi@vendor11.sa.example,+966529442722,SA9389155021751506669991,نشط,2025-12-07
V00850,مؤسسة الثبيتي للطباعة والنشر,5606082819,336377386325033,تبوك,أمل العسيري,musaid.alarjani@vendor16.sa.example,+966583154010,SA8006751507866695022578,نشط,2024-09-24
V00851,مركز المقرن للصناعات الغذائية,5854926783,312606685740733,خميس مشيط,حنان المقرن,amal.alqahtani@vendor1.sa.example,+966580302325,SA5096717189011157118717,نشط,2025-03-23
V00852,مؤسسة المرواني للاتصالات,4032185707,367780617143783,الطائف,عبدالرحمن الشهراني,abdullah.althbiti@vendor25.sa.example,+966571437137,SA7002375592961852545422,active,2025-02-25
V00853,مؤسسة الشريف للتعليم والتدريب,4652235085,320379527171963,ينبع,سلمان الجهني,hamad.alhazmi@vendor1.sa.example,+966582227040,SA7036440139433889097372,نشط,2025-09-25
V00854,شركة مساهمة الهاجري للخدمات اللوجستية,7106674513,368182057892303,سكاكا,منصور السلمي,lama.alamri@vendor22.sa.example,+966596222141,SA0380790754787570314981,نشط,2025-02-14
V00855,مصنع المطيري للتعليم والتدريب,4031266486,381536781453503,مكة المكرمة,حسن الجهني,dima.albqami@vendor30.sa.example,+966587288023,SA3215650491138924723421,نشط,2025-01-01
V00856,مختبرات السواط للمقاولات,3206143866,368628533159133,حائل,عبدالرحمن الحربي,amal.alghamdi@vendor20.sa.example,+966535461029,SA7937925817704049230432,نشط,2024-08-11
V00857,مكتب الجهني للصناعات الغذائية,5855977025,381410227958053,أبها,طلال البلوي,majed.alanazi@vendor24.sa.example,+966505062453,SA2328370437600622341881,نشط,2026-06-01
V00858,مصنع الجهني للخدمات اللوجستية,5606075057,331798097561353,تبوك,فاطمة الحازمي,maha.alotaibi@vendor21.sa.example,+966510021907,SA0275799115588151085029,نشط,2025-07-20
V00859,مختبرات الهاجري لإدارة المشاريع,2051213669,349912616962073,الجبيل,عمر القرني,sara.alomari@vendor7.sa.example,+966528959863,SA1903439310607613817781,نشط,2024-06-27
V00860,مجموعة التميمي للبنية التحتية,3406107492,366752757810093,بريدة,ريم العنزي,areej.almugrin@vendor27.sa.example,+966577942126,SA7029601196968098044022,نشط,2025-04-30
V00861,مركز القحطاني للتسويق الرقمي,5854616474,370525083275623,خميس مشيط,مشعل الجهني,kholoud.alsudairi@vendor23.sa.example,+966561856646,SA9275799105726799861195,نشط,2025-02-24
V00862,مؤسسة العنزي للاستشارات,7106752465,310130682258263,سكاكا,راشد المطيري,wafaa.alotaibi@vendor13.sa.example,+966514667982,SA4201118428806943052747,نشط,2024-11-19
V00863,شركة الأسمري لتقنية المعلومات,4030794203,303408196754593,جدة,هيفاء السلمي,saleh.alkhaldi@vendor16.sa.example,+966573875452,SA4193876038834500530050,نشط,2024-09-02
V00864,مختبرات الشهري للإعلام والتواصل,5854325414,307008381139973,خميس مشيط,أحمد الخالدي,ahmed.alziyani@vendor30.sa.example,+966524462877,SA1828514333099432678881,نشط,2024-04-20
V00865,مؤسسة الهاجري للخدمات البيئية,1010134415,360589159181303,الرياض,نواف الشهراني,jasem.alsharif@vendor27.sa.example,,SA8962424146907281658762,نشط,2025-12-31
V00866,مختبرات السلمي للإعلام والتواصل,6506099361,378015419822763,نجران,أسماء الأسمري,bashayir.alarjani@vendor7.sa.example,+966590841307,SA1624722717151693196668,نشط,2024-04-22
V00867,مختبرات الغامدي للخدمات اللوجستية,4652821755,362233186650903,ينبع,سارة المالكي,ziad.alomari@vendor29.sa.example,+966563443453,SA7255156457640095376876,نشط,2025-08-06
V00868,مختبرات الحربي للترجمة والتعريب,5854441796,331546698453213,خميس مشيط,وائل الغامدي,abdulaziz.almarwani@vendor22.sa.example,+966567490365,SA1925892804508546962735,نشط,2025-11-10
V00869,شركة مساهمة العسيري للاستشارات,4031848467,321256789117623,مكة المكرمة,نجلاء الشمري,abdulrahman.alghamdi@vendor11.sa.example,+966549986155,SA4873785906203539642683,نشط,2024-08-24
V00870,شركة الزبيدي للمستشفيات,4030590248,368053128510423,جدة,تركي الحوساوي,saqr.almugrin@vendor11.sa.example,+966569066701,SA3444517502851822156022,نشط,2025-12-14
V00871,مؤسسة الثبيتي للخدمات المالية,5855584119,397605822098113,أبها,كريم الغامدي,rana.alsudairi@vendor27.sa.example,+966592885338,SA9450680911202631518372,نشط,2025-04-08
V00872,شركة الشهري للمقاولات,4030526307,334446443167503,جدة,إبراهيم الحربي,salman.altamimi@vendor14.sa.example,+966536497765,SA5105592003400907921398,نشط,2025-03-17
V00873,مؤسسة العمري للخدمات اللوجستية,1010413301,384815877880453,الرياض,تالا العنزي,salma.alaufi@vendor20.sa.example,+966579719883,SA4041928513081302088310,نشط,2025-04-03
V00874,مؤسسة المالكي للأعمال العقارية,6506164654,384970425673713,نجران,كريم الزبيدي,jawaher.alfaifi@vendor23.sa.example,+966556197080,SA9797095224955958288858,نشط,2025-05-07
V00875,مجموعة المالكي للترجمة والتعريب,4032914407,300596046269073,الطائف,حنان العرجاني,sami.alhazmi@vendor2.sa.example,+966503217506,SA4638962393218682934725,نشط,2025-04-15
V00876,مؤسسة التميمي للمقاولات,1010858245,396471983565593,الرياض,مازن الحربي,nadia.alamri@vendor12.sa.example,+966543013619,SA1754912761980745071772,نشط,2025-09-13
V00877,مجموعة الحازمي للتجهيزات الطبية,3406707932,372976245218143,بريدة,ميساء الحميدي,maha.alsharif@vendor21.sa.example,+966523670697,SA1026772272066253549237,نشط,2025-05-08
V00878,شركة مساهمة الشهراني للتسويق الرقمي,1010067863,345694635675033,الرياض,يمنى البقمي,musaid.albalawi@vendor18.sa.example,+966501992804,SA3270403267814368578736,نشط,2025-02-13
V00879,شركة السديري لتقنية المعلومات,4652695556,353979979171493,ينبع,بدر السهلي,eman.albalawi@vendor3.sa.example,+966580394611,SA9349084734193538887639,نشط,2025-02-16
V00880,مصنع الغامدي للتسويق الرقمي,4030262750,314554784490083,جدة,وائل الرويلي,kareem.alqarni@vendor10.sa.example,+966516376875,SA13527837073058970826,نشط,2024-09-11
V00881,مصنع البلوي للمقاولات,3206623640,363517373384313,حائل,شهاب الشمري,turki.alsharif@vendor14.sa.example,+966520043670,SA3507172594852089434613,نشط,2025-06-21
V00882,مصنع الجهني للخدمات اللوجستية,3206920030,355836615842343,حائل,خالد السلمي,nawaf.alhosawy@vendor24.sa.example,+966577748441,SA2171223719890194046830,نشط,2024-08-06
V00883,شركة مساهمة السهلي للمستشفيات,4031606221,314702703024813,مكة المكرمة,يمنى الزبيدي,shehab.alarjani@vendor24.sa.example,+966561352826,SA6233199012204293857529,نشط,2024-05-24
V00884,مكتب العتيبي لتقنية المعلومات,4652185289,374828672245793,ينبع,هيفاء المرواني,sultan.alshehri@vendor8.sa.example,+966523431552,SA5588871964939688399959,نشط,2025-10-22
V00885,مركز الفيفي للتعليم والتدريب,4652969451,308996815155063,ينبع,دلال السديري,badr.alashmari@vendor4.sa.example,+966512316554,SA8546638188832118806993,نشط,2026-02-20
V00886,مجموعة التميمي للتطوير البرمجي,1010970241,352389211980603,الرياض,هند الشهراني,najla.alhosawy@vendor21.sa.example,+966588109808,SA8408058434972764495956,نشط,2025-11-19
V00887,مختبرات القرشي للتعليم والتدريب,3406781773,398546113955043,بريدة,عبدالله الهاجري,ghadeer.alhazmi@vendor24.sa.example,+966528920928,SA3666000831813527225293,نشط,2025-03-20
V00888,مختبرات المطيري للخدمات اللوجستية,6906088642,379420674048383,عرعر,صفاء الخالدي,dalal.alruwaily@vendor29.sa.example,+966554119799,SA5933339472849259943265,نشط,2025-02-04
V00889,مركز العامري للطباعة والنشر,7106779089,355715403012133,سكاكا,غدير الشريف,aljawharah.albqami@vendor17.sa.example,+966545009093,SA1054311564100186465661,نشط,2025-09-08
V00890,مصنع البلوي للترجمة والتعريب,2050912446,369885355964123,الدمام,غدير الغامدي,fahad.alqahtani@vendor15.sa.example,+966541781505,SA9816465750808543795818,نشط,2025-11-10
V00891,مصنع الثبيتي للاستشارات,6506916206,382539833181823,نجران,إيمان العامري,ruya.alsubaie@vendor4.sa.example,+966549806180,SA3308925274753115945758,نشط,2026-01-27
V00892,شركة القرني للصناعات الغذائية,6506472620,371228783380443,نجران,عبير العسيري,ibtisam.alshahrani@vendor21.sa.example,+966564604636,SA0958743962752522348959,نشط,2024-08-22
V00893,مكتب الأسمري للخدمات البيئية,4031275280,381742623017533,مكة المكرمة,لطيفة الحوساوي,turki.almarwani@vendor5.sa.example,+966525504345,SA2629710593936707455463,نشط,2025-09-19
V00894,مصنع البلوي للأعمال العقارية,4032494553,366770484468603,الطائف,مازن القرني,marwa.alsalmi@vendor19.sa.example,+966528667616,SA1743754473510448952169,نشط,2025-08-27
V00895,شركة مساهمة الزياني للترجمة والتعريب,5855663276,348519801053903,أبها,وليد السواط,mishal.alruwaily@vendor6.sa.example,+966573682540,SA6887270741264826156727,نشط,2025-06-25
V00896,مختبرات الثبيتي لإدارة المشاريع,7106461201,316462715633353,سكاكا,لؤي القحطاني,abdulrahman.alsalmi@vendor11.sa.example,+966581391641,SA3433729907786709904980,نشط,2024-10-12
V00897,شركة مساهمة البلوي للتطوير البرمجي,5606848380,337546070689923,تبوك,نواف الهاجري,wael.alshahrani@vendor1.sa.example,+966515591056,SA6081896463940222629122,نشط,2025-12-07
V00898,مركز القرني للاستشارات,4650477124,324227233086973,المدينة المنورة,نايف السديري,abdulwahhab.alarjani@vendor18.sa.example,+966532918235,SA7971717221418557517102,نشط,2026-03-13
V00899,مصنع الدوسري للصناعات الغذائية,2051123620,329519167876933,الجبيل,نواف المرواني,salma.alghamdi@vendor3.sa.example,+966504892104,SA2197025462565308581364,نشط,2025-03-25
V00900,مصنع البقمي للإعلام والتواصل,5606475578,318696160236093,تبوك,حمد الزبيدي,wael.albalawi@vendor7.sa.example,+966550396409,SA3190386159269255328658,نشط,2025-08-25
V00901,مصنع السديري للبنية التحتية,6506863847,365819901875303,نجران,عمر المالكي,latifa.alrashidi@vendor15.sa.example,+966507050106,SA9630517588370933942373,نشط,2025-11-12
V00902,مكتب العامري للبنية التحتية,3206183354,387337138555773,حائل,مساعد الدوسري,yomna.albqami@vendor12.sa.example,+966551258304,SA5157923091918008346968,نشط,2026-03-23
V00903,مركز السلمي لتقنية المعلومات,4652862019,312008494072233,ينبع,ناصر العامري,ghanem.alshehri@vendor25.sa.example,+966567004399,SA1649243610374386407713,نشط,2024-12-06
V00904,مصنع الحربي لإدارة المشاريع,4652782010,359095907777283,ينبع,زينب الهاجري,rahaf.aldosari@vendor16.sa.example,+966535905949,SA4712873362792262311078,نشط,2025-02-06
V00905,مصنع القرني لتقنية المعلومات,6506241005,361019248897853,نجران,نجلاء الخالدي,nadia.alfaifi@vendor3.sa.example,+966509184372,SA3323468405848984626583,نشط,2025-03-30
V00906,مجموعة العتيبي للأعمال العقارية,5854644871,396384527604463,خميس مشيط,عبدالوهاب الحربي,salman.alsharif@vendor24.sa.example,+966587159810,SA0557145415334469736310,نشط,2024-10-14
V00907,مركز العسيري لإدارة المشاريع,1010462056,319944616641883,الرياض,سلطان الجهني,mansour.almutairi@vendor13.sa.example,+966518401059,SA8588134231821877146588,نشط,2025-09-02
V00908,مختبرات المقرن للترجمة والتعريب,5855673382,328020969830093,أبها,رانيا الخالدي,areej.alqahtani@vendor21.sa.example,+966586991314,SA8437089957649353743892,نشط,2024-10-30
V00909,مصنع الشريف للتجهيزات الطبية,3206124657,333411767594573,حائل,رامي السهلي,ibrahim.almarwani@vendor24.sa.example,+966549391126,SA5951964531869793107753,نشط,2026-02-10
V00910,مصنع الأسمري للبنية التحتية,2050929429,343401512385513,الدمام,شيماء السديري,sahar.almasoud@vendor4.sa.example,+966508830905,SA0944940526705826071738,نشط,2024-12-08
V00911,شركة مساهمة الغامدي للإعلام والتواصل,2050061670,320292943852593,الدمام,أريج الأسمري,hani.alshahrani@vendor23.sa.example,+966572167868,SA0561393842827140412810,نشط,2025-12-27
V00912,مجموعة العنزي للمستشفيات,7106032847,360979737157903,سكاكا,إيمان التميمي,hassan.almutairi@vendor27.sa.example,+966512139826,SA4292431251258011481491,نشط,2025-12-08
V00913,مختبرات البقمي للخدمات المالية,6906700636,391049444170703,عرعر,ابتسام البقمي,faisal.almugrin@vendor4.sa.example,+966556934509,SA6520536690430950047526,نشط,2024-07-19
V00914,مصنع الغامدي للأعمال العقارية,7106640452,389298324200573,سكاكا,منى القحطاني,hamza.almasoud@vendor3.sa.example,+966597548003,SA6299104714607839033846,نشط,2025-05-18
V00915,مصنع الزياني لإدارة المشاريع,5854896882,367463387686563,خميس مشيط,شهاب الحوساوي,hassan.alsubaie@vendor23.sa.example,+966551346264,SA3113597406110318614191,نشط,2025-08-20
V00916,مكتب الفيفي لتقنية المعلومات,1010089015,354127646999813,الرياض,سامي الربيعي,mohammed.alqarni@vendor14.sa.example,+966584488722,SA4619218099883608799181,نشط,2025-01-30
V00917,مركز التميمي للاستشارات,2051762830,317997675507383,الجبيل,شيماء البلوي,hassan.almarwani@vendor27.sa.example,+966557751103,SA2404931727474080357801,نشط,2025-08-19
V00918,مؤسسة الشريف للخدمات المالية,4030376021,373814591273923,جدة,هبة القرشي,hamad.alhosawy@vendor30.sa.example,+966509214669,SA6580935570578318856966,نشط,2024-10-28
V00919,شركة العمري للتطوير البرمجي,4030242402,374527283646363,جدة,فيصل الغامدي,naif.albalawi@vendor19.sa.example,+966560092019,SA3440054842621043049580,نشط,2025-08-01
V00920,مصنع الأسمري للأعمال العقارية,4031444376,331466350217583,مكة المكرمة,صقر المالكي,hussein.alqahtani@vendor23.sa.example,+966508065370,SA1690464958314540790537,نشط,2025-05-04
V00921,مصنع الهاجري للترجمة والتعريب,5606945403,336756850090603,تبوك,رند العوفي,badr.alshahrani@vendor11.sa.example,+966567022067,SA5825997341869078519488,نشط,2024-05-05
V00922,مصنع الربيعي للخدمات البيئية,7106016405,306586426789823,سكاكا,العنود الجهني,hamza.alsharif@vendor2.sa.example,+966528908970,SA8426455900654166999582,نشط,2026-03-19
V00923,مركز العنزي للترجمة والتعريب,5606037536,354810542532663,تبوك,بدر المقرن,wael.alrashidi@vendor24.sa.example,+966564862649,SA0244154988784706072951,نشط,2024-08-20
V00924,شركة الرويلي للإعلام والتواصل,4652891800,390851086038493,ينبع,لين البلوي,hind.althbiti@vendor7.sa.example,+966580072499,SA2915700149009057170637,نشط,2025-09-14
V00925,مكتب الشمري للخدمات اللوجستية,6506451375,363442274274393,نجران,طلال الحوساوي,ibtisam.alzahrani@vendor16.sa.example,+966544934203,SA6521960481247791319467,نشط,2026-01-27
V00926,شركة الرويلي للإعلام والتواصل,4032135883,390801720738853,الطائف,أنوار الثبيتي,aljawharah.alswat@vendor17.sa.example,+966582185795,SA8407991032877871722045,نشط,2025-10-12
V00927,مؤسسة المقرن للخدمات اللوجستية,6906257329,318250514360463,عرعر,شهاب السواط,rand.aljohani@vendor22.sa.example,+966503804164,SA9776253312243921417235,نشط,2024-11-09
V00928,شركة السهلي للاستشارات,6006175886,304648602739743,جازان,هيفاء الغامدي,abeer.alaufi@vendor14.sa.example,+966508023394,SA1641876253108991370323,نشط,2025-01-19
V00929,شركة الحازمي للطباعة والنشر,7106679933,346008586378293,سكاكا,جاسم العرجاني,mishal.alaufi@vendor3.sa.example,+966540389896,SA0689406486159018643641,نشط,2026-05-29
V00930,مجموعة الشمري للاتصالات,6906905359,361667401166563,عرعر,محمد القرني,mohammed.alhumaidi@vendor1.sa.example,+966593420222,SA4113279867537290761259,نشط,2024-05-21
V00931,شركة البقمي للاستشارات,5606096920,340062088267823,تبوك,معاذ التميمي,ghanem.almugrin@vendor13.sa.example,,SA8632110886586882977168,نشط,2025-09-24
V00932,شركة مساهمة الغامدي للخدمات اللوجستية,4652396282,352026105761083,ينبع,بشاير الجهني,yomna.alhosawy@vendor23.sa.example,+966590685649,SA7187538602931341899259,نشط,2025-11-19
V00933,مؤسسة المرواني للصناعات الغذائية,4030719557,303723563764503,جدة,رهف الغامدي,faisal.alsudairi@vendor29.sa.example,+966599788149,SA5998563657043294457087,نشط,2024-07-29
V00934,مجموعة العرجاني للخدمات البيئية,6006090953,376799131818753,جازان,ديمة الهاجري,latifa.alsubaie@vendor10.sa.example,+966518267606,SA7468276029114416042097,نشط,2026-06-14
V00935,مختبرات السبيعي للاستشارات,4650502860,371298000664473,المدينة المنورة,معاذ الربيعي,noura.alyami@vendor10.sa.example,+966557385814,SA8702765931718064500772,نشط,2024-08-28
V00936,مركز الشهراني لتقنية المعلومات,5606530796,383999581655293,تبوك,ماجد البلوي,kareem.aldosari@vendor23.sa.example,+966542572663,SA2859571994031363271052,نشط,2025-04-01
V00937,مجموعة الحازمي للأعمال العقارية,3206368148,374769429417953,حائل,سعد الصاعدي,yomna.alfaifi@vendor30.sa.example,+966573555210,SA7253117790647641425943,نشط,2025-07-31
V00938,شركة القرشي للتجهيزات الطبية,2051629679,344889029888403,الجبيل,يمنى الخالدي,noura.alshamri@vendor18.sa.example,+966574062762,SA0652307544855362846494,نشط,2024-10-29
V00939,مجموعة الهاجري للأمن السيبراني,2050673393,377349710059953,الدمام,نادية القرني,wael.alrashidi@vendor7.sa.example,+966589033674,SA3033682412733362341397,نشط,2026-05-02
V00940,شركة مساهمة العنزي للبنية التحتية,4650060203,334958596109713,المدينة المنورة,فاطمة الرويلي,sara.alamri@vendor9.sa.example,+966554600706,SA6398034734969900772989,نشط,2025-12-27
V00941,مختبرات المطيري للمقاولات,4650580844,373257382319813,المدينة المنورة,سحر اليامي,hassan.alqahtani@vendor17.sa.example,+966558752698,SA1855946594857283482947,نشط,2025-03-01
V00942,مركز السواط للتطوير البرمجي,3406165953,324304772058303,بريدة,صالح الحوساوي,eman.alqarni@vendor25.sa.example,+966572689975,SA0631466449668857973102,نشط,2026-01-20
V00943,مركز المقرن للتجهيزات الطبية,3206571274,364666446528303,حائل,نجود الزبيدي,mayaa.albqami@vendor5.sa.example,+966562622240,SA8035410261621038459383,نشط,2025-02-05
V00944,مصنع العنزي للاتصالات,3206594520,322737193156223,حائل,نجود العنزي,sara.alqarni@vendor24.sa.example,+966591931613,SA6226573212363686016413,نشط,2026-06-13
V00945,مؤسسة العتيبي للخدمات اللوجستية,5606403638,395371619533533,تبوك,كريم العرجاني,leen.alfaifi@vendor15.sa.example,+966527542700,SA6901279616655798288814,نشط,2023-05-22
V00946,مركز الزبيدي للتسويق الرقمي,5855999821,313655903691333,أبها,رامي المسعود,yomna.alziyani@vendor12.sa.example,+966564435505,SA2587901009848686623184,نشط,2024-04-15
V00947,مركز الزهراني للتسويق الرقمي,6506827232,326940906836313,نجران,رهف المقرن,ziad.almutairi@vendor26.sa.example,+966578622445,SA8292902724430844099515,نشط,2024-06-30
V00948,شركة الشهراني لإدارة المشاريع,1010594910,319136276834923,الرياض,راشد الشهري,shahad.alshamri@vendor9.sa.example,,SA6704959944323281068077,نشط,2024-12-19
V00949,مركز الحازمي للخدمات اللوجستية,4652530560,306595914712333,ينبع,صفاء الدوسري,rashed.alsubaie@vendor26.sa.example,+966562068756,SA5368798877094818656954,نشط,2025-11-27
V00950,مكتب الحازمي للصناعات الغذائية,4652826754,320006214261023,ينبع,حنان المطيري,sami.alrubaie@vendor1.sa.example,+966510050427,SA4275521246476668932651,نشط,2026-04-09
V00951,مركز العنزي للأعمال العقارية,1010109336,341431051422563,الرياض,ريم العرجاني,ibtisam.alaufi@vendor29.sa.example,+966530094613,SA5020526346898138708166,نشط,2024-05-11
V00952,مكتب الربيعي لتقنية المعلومات,5606796281,334146395020843,تبوك,كريم الحازمي,najoud.alsaaidi@vendor8.sa.example,+966518790564,SA7508167437462537574478,نشط,2024-09-12
V00953,مكتب المقرن للمقاولات,3206910594,333965556025513,حائل,سلمى الشريف,mishal.alswat@vendor5.sa.example,+966592486732,SA2131887199835942556155,نشط,2024-06-04
V00954,مختبرات الزهراني للترجمة والتعريب,3206555291,363195547433843,حائل,عبير الحوساوي,wafaa.alkhaldi@vendor4.sa.example,+966599729094,SA6338235145840624898357,نشط,2025-04-18
V00955,مجموعة الرشيدي للصناعات الغذائية,5855278267,332875438366693,أبها,حسين السديري,samar.alswat@vendor8.sa.example,+966597155513,SA6282092211344405848300,نشط,2024-10-03
V00956,مصنع الزهراني للصناعات الغذائية,4031561661,381488322112393,مكة المكرمة,جاسم المقرن,rania.alanazi@vendor19.sa.example,+966518728089,SA7848072015587247070684,نشط,2025-06-05
V00957,مختبرات الشهري للمستشفيات,4031740320,301747156726113,مكة المكرمة,العنود الثبيتي,rashed.aljohani@vendor25.sa.example,+966521297459,SA2049376833104633385451,نشط,2025-02-11
V00958,مجموعة العتيبي للتطوير البرمجي,1010351076,381563820699693,الرياض,هبة الشمري,jasem.alruwaily@vendor3.sa.example,+966568814551,SA5389713339410065721393,نشط,2024-11-26
V00959,مركز الفيفي للتطوير البرمجي,4032648555,341939817343383,الطائف,بشاير الرشيدي,ghanem.alqahtani@vendor11.sa.example,+966510649244,SA4659186864244513174330,نشط,2024-08-22
V00960,شركة مساهمة الخالدي للتطوير البرمجي,1010140990,383069608946883,الرياض,عادل القحطاني,leen.alshehri@vendor2.sa.example,+966517748300,SA1152737317449655960503,نشط,2025-02-28
V00961,شركة مساهمة السهلي للتعليم والتدريب,5854593051,316624568152913,خميس مشيط,خالد الخالدي,hamad.alqahtani@vendor23.sa.example,+966532492764,SA5055154418788704234065,نشط,2025-02-21
V00962,مكتب الشمري للأعمال العقارية,5606101905,312878079615213,تبوك,مها الشهراني,salma.alswat@vendor13.sa.example,+966509783852,SA0616964029798630782967,نشط,2025-01-08
V00963,مكتب العرجاني للاتصالات,1010064352,355010787070003,الرياض,سامي السديري,majed.almarwani@vendor20.sa.example,+966547482122,SA3672024098684532592343,نشط,2026-01-24
V00964,مصنع الحربي للخدمات البيئية,3206523259,328552335036323,حائل,مها العامري,yousef.alyami@vendor8.sa.example,+966516408104,SA5004136777762464618671,نشط,2025-06-26
V00965,مكتب اليامي للمستشفيات,5855964339,303004786518483,أبها,هبة العنزي,rand.alshahrani@vendor18.sa.example,+966590165604,SA3324166588060598372395,نشط,2026-04-18
V00966,مؤسسة العرجاني للأمن السيبراني,3406661874,321315998568763,بريدة,عمر العسيري,mishal.alanazi@vendor25.sa.example,+966532389329,SA6375705701264275254806,نشط,2024-06-12
V00967,شركة مساهمة القحطاني للاتصالات,5854610176,387690266254113,خميس مشيط,ميساء الغامدي,jasem.alotaibi@vendor8.sa.example,+966569097097,SA7505455050189868447329,نشط,2026-02-27
V00968,شركة التميمي للصناعات الغذائية,4032960357,363398729916063,الطائف,سارة الصاعدي,bashayir.alzahrani@vendor19.sa.example,+966559562379,SA9595218488817412135347,نشط,2024-06-10
V00969,مؤسسة الشهراني للترجمة والتعريب,4652772899,337401754369703,ينبع,أيمن العتيبي,noura.alshamri@vendor11.sa.example,+966504522853,SA3515905886904727522328,نشط,2025-04-07
V00970,مؤسسة الزهراني للتطوير البرمجي,5606112201,336649183903693,تبوك,حنان الشهري,noura.alqahtani@vendor22.sa.example,+966506886836,SA1242570498332066718888,نشط,2025-01-31
V00971,مؤسسة اليامي للإعلام والتواصل,6506018254,330898069821223,نجران,رنا الرشيدي,nasser.alsubaie@vendor14.sa.example,+966541296418,SA8555254003876516377869,نشط,2025-01-11
V00972,مؤسسة الهاجري للصناعات الغذائية,4032065630,328394755157043,الطائف,عبير العمري,abdulwahhab.alqarni@vendor20.sa.example,+966584788891,SA1553596649745024658203,نشط,2024-08-15
V00973,مختبرات الرويلي للاستشارات,6006540699,324575821727843,جازان,زينب العرجاني,saleh.alruwaily@vendor13.sa.example,+966522146983,SA88728714771210894937,نشط,2026-04-13
V00974,مصنع الشريف للأعمال العقارية,3206606299,365785654271863,حائل,سلمان الغامدي,nawaf.alshehri@vendor28.sa.example,+966560981336,SA6497492408715853850629,نشط,2024-12-27
V00975,مصنع الربيعي لإدارة المشاريع,4030064934,392575488437843,جدة,نواف الهاجري,abdulaziz.alzubaidi@vendor14.sa.example,+966597068274,SA8118524908665345162577,نشط,2026-05-15
V00976,شركة القرشي للخدمات اللوجستية,5606280191,300503755183983,تبوك,حسين الشمري,,+966550195065,SA0276910284319925745727,نشط,2024-05-11
V00977,مكتب العسيري للصناعات الغذائية,5855185068,322026241155323,أبها,إبراهيم الخالدي,alanoud.alghamdi@vendor27.sa.example,+966567626315,SA2965051732327735424632,نشط,2024-10-22
V00978,مجموعة العمري للتعليم والتدريب,5854726630,349003572364643,خميس مشيط,سلمى السديري,basel.alomari@vendor12.sa.example,+966559183675,SA6460290890053951726951,نشط,2026-03-19
V00979,مركز الجهني للتعليم والتدريب,4032001410,343126990996983,الطائف,خلود الربيعي,jawaher.almutairi@vendor23.sa.example,+966534359907,SA9653523468190172088083,نشط,2025-10-25
V00980,مركز الرشيدي للتجهيزات الطبية,6906634533,394270224922033,عرعر,بدر التميمي,salma.alsharif@vendor22.sa.example,+966535390342,SA3575520472746711748221,نشط,2025-07-31
V00981,مجموعة السبيعي للطباعة والنشر,6006038068,323061799448873,جازان,يوسف الرويلي,alanoud.almutairi@vendor7.sa.example,+966504868813,SA2626375273635060346698,نشط,2024-09-01
V00982,شركة مساهمة الحربي للترجمة والتعريب,4652987095,325743791993263,ينبع,رهف الرشيدي,najla.almugrin@vendor2.sa.example,+966581018509,SA6376068092674348990210,نشط,2024-06-09
V00983,مؤسسة الدوسري للأمن السيبراني,4031664089,305121093923873,مكة المكرمة,وائل القرني,saqr.almugrin@vendor23.sa.example,+966517186110,SA0371764847550455439768,نشط,2025-04-22
V00984,مجموعة الحميدي للاتصالات,4030898913,314811705636083,جدة,سلمان الحوساوي,kholoud.alqurashi@vendor6.sa.example,+966572747369,SA3110996665372801955036,نشط,2024-06-22
V00985,شركة مساهمة الرشيدي للمستشفيات,5855088551,344721479321303,أبها,منى الجهني,rand.alrubaie@vendor26.sa.example,+966569108502,SA8451162870412068408130,نشط,2024-12-05
V00986,مكتب الصاعدي للاتصالات,2050963127,323841547931513,الدمام,سلمان الأسمري,salman.alzahrani@vendor1.sa.example,+966588364920,SA9857582694451035625826,نشط,2025-11-29
V00987,مجموعة العتيبي للمقاولات,4031515609,363672323306443,مكة المكرمة,نواف العرجاني,alanoud.aldosari@vendor5.sa.example,+966572680791,SA7047342684105102154163,نشط,2026-03-31
V00988,مركز الحميدي لتقنية المعلومات,4650689350,353969725290793,المدينة المنورة,شهاب البقمي,haifa.alanazi@vendor16.sa.example,+966563470159,SA3743475258467944140624,نشط,2024-05-16
V00989,مؤسسة القحطاني للخدمات البيئية,3206456353,314437825524033,حائل,صالح السلمي,abdulwahhab.alsudairi@vendor18.sa.example,+966524441383,SA5600615535855656792984,نشط,2024-04-18
V00990,مصنع التميمي للأمن السيبراني,6006584384,334425126887583,جازان,منصور المالكي,marwa.alkhaldi@vendor11.sa.example,+966521813169,SA3123522141073898983736,ACTIVE,2026-04-19
V00991,مكتب العرجاني للاتصالات,5854746886,395085355669783,خميس مشيط,منصور الشهري,ibtisam.alotaibi@vendor29.sa.example,+966534388492,SA4424029664911977184851,نشط,2025-12-02
V00992,مكتب القحطاني للخدمات المالية,2050491470,351048740395603,الدمام,لمى العمري,nasser.alsahli@vendor6.sa.example,+966536622847,SA5754411553209772004255,نشط,2025-07-06
V00993,مختبرات السديري للخدمات اللوجستية,4650197789,394644597476113,المدينة المنورة,تالا المرواني,rana.almugrin@vendor27.sa.example,+966532628829,SA2042872438496170257256,نشط,2024-12-30
V00994,شركة السبيعي للتطوير البرمجي,4030372203,369726193337863,جدة,هاني القرشي,rana.alharbi@vendor18.sa.example,+966585067719,SA4479950959279350940021,نشط,2025-06-02
V00995,مركز الشمري للاستشارات,4032264132,328317254298693,الطائف,رند الفيفي,sami.albalawi@vendor21.sa.example,+966537527784,SA1247573777431326895247,نشط,2026-03-16
V00996,مجموعة الهاجري للطباعة والنشر,7106191388,381284120271863,سكاكا,رهف الصاعدي,ruya.alzubaidi@vendor20.sa.example,+966535292866,SA0618448681653613134427,نشط,2026-03-16
V00997,شركة الحميدي للاستشارات,5606618053,308082332171023,تبوك,مروة التميمي,sami.alswat@vendor19.sa.example,+966532940860,SA9632852851522321606584,نشط,2025-04-27
V00998,مكتب البلوي للاستشارات,7106340167,313528139442833,سكاكا,باسل الحازمي,sami.alashmari@vendor4.sa.example,+966576988141,SA1044867964389905151829,نشط,2025-08-11
V00999,مختبرات الحوساوي للبنية التحتية,4650257504,370268539306513,المدينة المنورة,رانيا العتيبي,latifa.alaufi@vendor21.sa.example,+966566823656,SA6700167021646090502522,نشط,2024-06-29
V01000,شركة الغامدي للخدمات اللوجستية,6006258943,381418109180313,جازان,ابتسام الشهراني,latifa.alsudairi@vendor21.sa.example,+966580338452,SA0393310555712486379583,نشط,2025-03-25
V01001,شركة مساهمة الصاعدي للأعمال العقارية,3406823743,352711363956863,بريدة,حمزة البقمي,leen.alsahli@vendor28.sa.example,+966558067172,SA8203893690630152833987,نشط,2025-04-21
V01002,مجموعة الحازمي لتقنية المعلومات,6506501670,366530102821603,نجران,محمد القرشي,asma.alarjani@vendor22.sa.example,+966564822324,SA4182169464029014700667,نشط,2024-12-17
V01003,مركز السهلي للأعمال العقارية,4032547003,357442585123753,الطائف,دلال الرويلي,luay.almasoud@vendor6.sa.example,+966563330450,SA9080540741750240510859,نشط,2022-09-14
V01004,مصنع المطيري للطباعة والنشر,1010479483,310390423856943,الرياض,بشاير الحربي,yousef.almarwani@vendor20.sa.example,+966528688120,SA39930704857731763743,نشط,2026-02-27
V01005,مركز السواط للطباعة والنشر,5855882232,399088207864863,أبها,شهد الحميدي,tala.alsudairi@vendor22.sa.example,+966519531818,SA4211248283046608151192,نشط,2024-05-05
V01006,مختبرات الخالدي للخدمات المالية,2051896548,327577467375303,الجبيل,إيمان العمري,marwa.alzahrani@vendor4.sa.example,+966504911648,SA6335160812632215667156,نشط,2025-11-06
V01007,مؤسسة الشهراني للأعمال العقارية,6906075589,380365846273103,عرعر,أنس القرشي,sultan.alyami@vendor10.sa.example,+966561897077,SA3621032674729039700753,نشط,2025-11-24
V01008,مركز الشريف لتقنية المعلومات,6006506842,314804392674,جازان,حمزة العمري,nasser.alqahtani@vendor13.sa.example,+966532802094,SA91248707595189853551,نشط,2026-03-18
V01009,مكتب القحطاني للمستشفيات,4650017102,377340869715523,المدينة المنورة,أيمن الزياني,saad.alziyani@vendor12.sa.example,+966558422550,SA0912520147777420373150,نشط,2024-06-13
V01010,مركز الزياني للطباعة والنشر,3206251964,384782204830383,حائل,حمد الحربي,ruya.alshehri@vendor24.sa.example,+966550850243,SA8118235067900419481572,نشط,2026-02-28
V01011,مكتب القحطاني للأعمال العقارية,4032431902,304177625110203,الطائف,لين العتيبي,ruya.alomari@vendor3.sa.example,+966565283978,SA7853543049640084862415,نشط,2025-06-28
V01012,مؤسسة السديري للخدمات البيئية,1010623625,371499875212713,الرياض,مياء الحميدي,khalid.alswat@vendor4.sa.example,+966563742035,SA0950602794054247130181,نشط,2026-03-15
V01013,مختبرات الجهني للطباعة والنشر,2051928207,319801075965573,الجبيل,مها الأسمري,samar.althbiti@vendor19.sa.example,+966519365899,SA9235742640281984874082,نشط,2024-10-18
V01014,مكتب العسيري للبنية التحتية,1010821200,327425710919513,الرياض,صالح المرواني,eman.albalawi@vendor5.sa.example,+966546685411,SA4882524585059739606414,نشط,2024-11-01
V01015,مصنع العرجاني للاتصالات,1010655372,329582981746653,الرياض,دلال السبيعي,leen.alsaaidi@vendor27.sa.example,+966590821484,SA4843908208844991758963,نشط,2025-11-15
V01016,مصنع التميمي للأمن السيبراني,6006508009,301401959405673,جازان,يوسف الجهني,mohammed.alshahrani@vendor16.sa.example,+966591119145,SA3715633591665247699281,نشط,2026-02-09
V01017,مركز الشهري للأعمال العقارية,5854964905,349031800523703,خميس مشيط,تالا الحربي,rami.alamri@vendor30.sa.example,+966553294018,SA5192350141068415126738,نشط,2025-01-11
V01018,شركة مساهمة الفيفي للمستشفيات,4031780465,344568036187873,مكة المكرمة,رانيا الزهراني,abdullah.alasiri@vendor9.sa.example,+966517306822,SA7063904127555375375225,نشط,2024-05-26
V01019,شركة الشهراني للخدمات اللوجستية,4030958726,369529649617243,جدة,شهاب الشهراني,najla.almasoud@vendor4.sa.example,+966524201944,SA8870969727256178843002,نشط,2024-12-22
V01020,شركة مساهمة الغامدي لتقنية المعلومات,6906206155,314607272903053,عرعر,معاذ الشهراني,musaid.almasoud@vendor29.sa.example,+966568960235,SA4441337813889913851943,نشط,2025-07-21
V01021,مؤسسة الشهراني للخدمات البيئية,3206142489,393903221993603,حائل,غانم العمري,abdulwahhab.alarjani@vendor6.sa.example,+966561818245,SA7213976338978277510477,نشط,2026-06-16
V01022,شركة مساهمة الربيعي للصناعات الغذائية,4031147996,351752173564853,مكة المكرمة,صقر الربيعي,safaa.alziyani@vendor6.sa.example,+966519570341,SA6070396624798355794877,نشط,2026-05-01
V01023,مؤسسة الأسمري للخدمات البيئية,4031579891,379138852699003,مكة المكرمة,عمر البقمي,hamad.alotaibi@vendor28.sa.example,+966581028344,SA7831059615112157851039,نشط,2024-06-20
V01024,مكتب الشهراني للترجمة والتعريب,4650011134,325091350171693,المدينة المنورة,لؤي الشمري,rami.alhosawy@vendor5.sa.example,+966519707242,SA3652837470397916813517,نشط,2024-05-31
V01025,مركز المطيري للإعلام والتواصل,1010175110,365906786794603,الرياض,رند اليامي,abdulwahhab.alqarni@vendor13.sa.example,+966530812152,SA0741273353886595721016,نشط,2024-08-18
V01026,شركة الثبيتي للخدمات اللوجستية,4650220432,337907824971443,المدينة المنورة,العنود القرشي,jawaher.alsaaidi@vendor12.sa.example,+966567778518,SA6965068700100254941219,نشط,2024-11-19
V01027,مؤسسة القحطاني للخدمات اللوجستية,6006241346,383850963667023,جازان,يمنى المقرن,yousef.almasoud@vendor10.sa.example,+966569503854,SA8686563426264676542377,نشط,2026-05-10
V01028,مكتب القرني للمقاولات,3206446380,336403911533533,حائل,مياء القرشي,noura.almalki@vendor11.sa.example,+966540908335,SA4150109285681657156977,نشط,2025-11-25
V01029,مكتب القرني للمستشفيات,5854574484,360649443084323,خميس مشيط,ديمة الرويلي,sultan.althbiti@vendor28.sa.example,+966594783117,SA2513840471392148618008,نشط,2026-04-10
V01030,مجموعة العرجاني للخدمات المالية,5854300219,395595798060533,خميس مشيط,تالا العمري,saqr.alhosawy@vendor17.sa.example,+966576792309,SA1016770533137700002473,نشط,2026-05-29
V01031,مؤسسة الخالدي للأمن السيبراني,3206196600,306569182745133,حائل,عبدالرحمن الحربي,salman.alarjani@vendor29.sa.example,+966554523710,SA3410461597403896943627,نشط,2024-09-04
V01032,مركز السهلي للخدمات المالية,5606249726,334938575022473,تبوك,إيمان الخالدي,sami.alhajri@vendor17.sa.example,+966510756505,SA2303640905552669630474,نشط,2025-05-08
V01033,شركة مساهمة السهلي للترجمة والتعريب,3406054977,368356961430923,بريدة,شيماء المسعود,rashed.almarwani@vendor11.sa.example,+966509977382,SA9765559004436464254707,نشط,2026-04-17
V01034,مجموعة الرشيدي للصناعات الغذائية,5606599211,303896663234963,تبوك,خلود الصاعدي,rahaf.alharbi@vendor4.sa.example,+966552283666,SA2682127673034252640773,نشط,2025-05-16
V01035,شركة الزياني للتسويق الرقمي,4031314691,326504746985013,مكة المكرمة,أريج العسيري,anas.alyami@vendor28.sa.example,+966538671189,SA6796186785992835147758,نشط,2025-06-11
V01036,مكتب السديري للأعمال العقارية,3206788039,352362527642623,حائل,منى البقمي,nasser.alhumaidi@vendor1.sa.example,+966568652926,SA4423820842819577944729,نشط,2024-08-20
V01037,مختبرات المطيري للتعليم والتدريب,6906329822,304327176650743,عرعر,فيصل الغامدي,najoud.alhazmi@vendor23.sa.example,+966519710180,SA0239219429463725773272,نشط,2025-12-14
V01038,شركة الشريف لإدارة المشاريع,4031111008,342443737644823,مكة المكرمة,وفاء القرشي,wael.alghamdi@vendor20.sa.example,+966511031580,SA8290129208082202770183,نشط,2025-06-04
V01039,مؤسسة المطيري للاتصالات,1010112550,307477151146913,الرياض,مشعل الثبيتي,musaid.alsubaie@vendor7.sa.example,+966582231568,SA7839250535479972632575,نشط,2026-03-09
V01040,مركز الشهراني للصناعات الغذائية,4652984012,323511183900213,ينبع,وائل القرشي,tala.alfaifi@vendor11.sa.example,+966511495793,SA8552151712416848921641,نشط,2025-12-15
V01041,مكتب الحربي للخدمات البيئية,6506385339,347806135385493,نجران,حمد العسيري,bayan.alkhaldi@vendor9.sa.example,+966521460923,SA2400808304208328621736,نشط,2025-10-12
V01042,شركة مساهمة الحميدي للترجمة والتعريب,3206675371,366501210895023,حائل,نواف المطيري,hani.albalawi@vendor2.sa.example,+966521353988,SA1507263198909731624824,نشط,2026-03-04
V01043,مؤسسة العمري للمقاولات,5606503897,348375237388913,تبوك,وليد الشمري,badr.althbiti@vendor17.sa.example,+966500344992,SA0339627509944296431261,نشط,2025-05-11
V01044,مركز الصاعدي للتعليم والتدريب,3406564423,387847654758,بريدة,مساعد الشهري,heba.aldosari@vendor23.sa.example,+966502949378,SA3871156513082239750158,نشط,2025-07-03
V01045,مكتب الحازمي للخدمات اللوجستية,7106481561,334619128341503,سكاكا,منى الربيعي,hamad.alzubaidi@vendor27.sa.example,+966585959127,SA2942605368955968660511,نشط,2025-05-18
V01046,مصنع الشريف للخدمات المالية,4030968615,331958006449103,جدة,نجلاء الحوساوي,maisa.alhazmi@vendor28.sa.example,+966534636002,SA5694392175226441899596,نشط,2024-05-20
V01047,مصنع الربيعي للبنية التحتية,4652813249,386625644136223,ينبع,أنوار الحربي,hani.alyami@vendor11.sa.example,+966526033180,SA2032701708323590899790,نشط,2026-01-30
V01048,شركة مساهمة المطيري للترجمة والتعريب,4031656587,382960683107603,مكة المكرمة,صقر البلوي,sara.alsalmi@vendor18.sa.example,+966504575255,SA3035247576655483897798,نشط,2025-06-03
V01049,مؤسسة الزبيدي للتعليم والتدريب,4030436727,336562633678233,جدة,يمنى الشمري,sahar.alsahli@vendor15.sa.example,+966509323867,SA5235458398969485787040,نشط,2025-04-15
V01050,شركة مساهمة الأسمري للبنية التحتية,4652949288,305208382101903,ينبع,غانم السبيعي,aljawharah.albqami@vendor17.sa.example,+966532325408,SA2800882101074834638002,نشط,2024-07-28
V01051,مؤسسة التميمي للمستشفيات,5854546509,384418927453823,خميس مشيط,منى العرجاني,maisa.almarwani@vendor27.sa.example,+966508408447,SA4716993788838197188086,نشط,2024-05-12
V01052,شركة مساهمة المرواني للخدمات المالية,3206705341,338739137506023,حائل,جواهر الصاعدي,rami.almalki@vendor22.sa.example,+966501910313,SA0541131500063377724569,نشط,2026-05-24
V01053,مكتب الدوسري لإدارة المشاريع,3406576565,344156001859453,بريدة,بدر العتيبي,mona.alsudairi@vendor12.sa.example,+966521682203,SA9668689218863258389778,نشط,2024-11-17
V01054,مركز القرني للطباعة والنشر,5606522892,347458812529323,تبوك,بيان الشمري,turki.alghamdi@vendor5.sa.example,+966535090706,SA0253598391735555562190,نشط,2024-10-09
V01055,شركة السبيعي للتطوير البرمجي,4650048165,347940859809813,المدينة المنورة,تالا العتيبي,badr.alzubaidi@vendor13.sa.example,+966547223640,SA9881039912835023332717,نشط,2025-07-20
V01056,شركة الزهراني للصناعات الغذائية,2050511437,360003921190053,الدمام,رانيا الحميدي,adel.aldosari@vendor10.sa.example,+966505488739,SA7172215744825115534973,نشط,2024-11-11
V01057,شركة الحربي للتسويق الرقمي,5855295827,307776145530793,أبها,حسن المطيري,adel.alharbi@vendor23.sa.example,+966599617228,SA8401845854489025169825,نشط,2024-04-17
V01058,مصنع الحميدي للتعليم والتدريب,4652405599,354051123775043,ينبع,شهد الشمري,adel.alshamri@vendor14.sa.example,+966507138621,SA7175684006141885556556,نشط,2025-02-09
V01059,مركز المسعود لتقنية المعلومات,5855853540,398372428819663,أبها,حسين المطيري,fahad.alaufi@vendor20.sa.example,+966514531811,SA5330607358913388129237,نشط,2024-09-30
V01060,مركز الرويلي للتجهيزات الطبية,3406040146,368827856005243,بريدة,أيمن الشمري,omar.alarjani@vendor20.sa.example,+966598793380,SA0951498585544927420408,نشط,2024-08-08
V01061,مكتب المسعود للبنية التحتية,6906053785,361778027444983,عرعر,يوسف الفيفي,hanan.almutairi@vendor7.sa.example,+966503622092,SA5898179709712210258083,نشط,2025-07-24
V01062,مكتب الغامدي للاتصالات,4032728897,373698741212113,الطائف,حنان العمري,shahad.alzahrani@vendor1.sa.example,+966568468986,SA1436433493044394592101,نشط,2025-06-09
V01063,مكتب الحربي للمستشفيات,1010283459,370893007091913,الرياض,سارة الشهراني,haifa.alsalmi@vendor29.sa.example,+966564103889,SA9689988584100617635952,نشط,2024-05-22
V01064,شركة الأسمري للطباعة والنشر,7106896239,369623486389793,سكاكا,عمر العسيري,ahmed.alsudairi@vendor1.sa.example,+966520538351,SA7768565152708064848918,نشط,2024-05-13
V01065,شركة مساهمة الربيعي للخدمات المالية,4650816757,333930070797133,المدينة المنورة,عبدالعزيز القرشي,safaa.alqarni@vendor26.sa.example,+966549561150,SA7748600131195917547861,نشط,2026-04-20
V01066,مكتب السلمي للأمن السيبراني,3406084314,318159581556933,بريدة,رامي السهلي,maha.alsalmi@vendor28.sa.example,+966553896916,SA3566341597073086664193,نشط,2024-08-21
V01067,مختبرات الغامدي للطباعة والنشر,4031592902,303298147182893,مكة المكرمة,عبدالرحمن المقرن,lama.alyami@vendor11.sa.example,+966555837974,SA4211134300749285223614,نشط,2025-02-24
V01068,شركة المقرن للخدمات المالية,6006414966,386120545671483,جازان,وائل الثبيتي,anas.alotaibi@vendor17.sa.example,+966531934450,SA9115903181459600245807,نشط,2026-05-02
V01069,مؤسسة المقرن لإدارة المشاريع,3206767077,379229175074033,حائل,هاني الغامدي,shahad.alrashidi@vendor12.sa.example,+966508306670,SA5020597600188550107767,نشط,2024-09-17
V01070,مكتب السلمي للخدمات اللوجستية,4650430003,399819951759943,المدينة المنورة,ابتسام البلوي,shaima.alqahtani@vendor2.sa.example,+966527851414,SA9159572701826295439070,نشط,2025-07-05
V01071,شركة السلمي لإدارة المشاريع,3206254450,347810012467753,حائل,منى القحطاني,safaa.alhumaidi@vendor17.sa.example,+966523605247,SA9237203140966898985029,نشط,2024-12-03
V01072,مختبرات الرويلي للاستشارات,2050099546,358388784975013,الدمام,لين الشهري,najla.alotaibi@vendor29.sa.example,+966565409986,SA1378740041645094459799,نشط,2025-07-01
V01073,مجموعة الرشيدي للإعلام والتواصل,1010104243,346449180860703,الرياض,لين السديري,najoud.alsaaidi@vendor4.sa.example,,SA7580458648346717372207,نشط,2026-06-08
V01074,مؤسسة الحربي للاستشارات,4032259502,381151058028963,الطائف,أسماء المقرن,hamad.alhajri@vendor18.sa.example,+966579264602,SA6002190435201430312182,نشط,2025-10-25
V01075,مصنع الشهراني للمقاولات,7106296640,351663525062323,سكاكا,عبدالله الحوساوي,badr.alruwaily@vendor29.sa.example,+966532760893,SA0876130497977820993323,نشط,2024-05-20
V01076,مختبرات السهلي للأعمال العقارية,5606891533,389257721577233,تبوك,مياء الحربي,reem.alsahli@vendor1.sa.example,+966575820663,SA5596072815041040247598,نشط,2024-08-08
V01077,مؤسسة السلمي للخدمات المالية,4650093801,314513860515733,المدينة المنورة,عادل العنزي,asma.alghamdi@vendor2.sa.example,+966500047294,SA7302179637510294512304,نشط,2026-03-18
V01078,شركة المالكي للتعليم والتدريب,2051348767,349332589138113,الجبيل,زينب المسعود,mishal.aljohani@vendor1.sa.example,+966526441798,SA8495474145391439412659,نشط,2025-09-02
V01079,مكتب المرواني للتطوير البرمجي,6906078905,377249005905443,عرعر,سلمى الزهراني,abdulaziz.aljohani@vendor10.sa.example,+966527484135,SA2850371891896458582276,نشط,2025-10-29
V01080,مجموعة الرشيدي للخدمات البيئية,4031934677,397055294639623,مكة المكرمة,لين الزبيدي,ayman.altamimi@vendor10.sa.example,+966544941654,SA9301577368862606708535,نشط,2025-05-19
V01081,مختبرات الهاجري للاتصالات,7106659837,330129587712733,سكاكا,رنا الحربي,shehab.albalawi@vendor2.sa.example,+966553703657,SA9893631822790045088024,نشط,2024-09-25
V01082,مكتب الغامدي لتقنية المعلومات,6006974795,393037454510733,جازان,خلود الرويلي,anwar.almutairi@vendor8.sa.example,+966565437923,SA6847606813139983521236,نشط,2025-11-25
V01083,شركة مساهمة السهلي للتسويق الرقمي,1010808996,337741522691493,الرياض,عبدالكريم الأسمري,shahad.alotaibi@vendor22.sa.example,+966580575850,SA7655830628156472398812,نشط,2025-11-17
V01084,مجموعة العامري للخدمات اللوجستية,4031948545,314167684271283,مكة المكرمة,سمر الشهراني,safaa.almarwani@vendor18.sa.example,+966508058591,SA7874053482014406157094,نشط,2025-08-23
V01085,مركز الخالدي للتعليم والتدريب,6006034374,366731948792103,جازان,حمد المسعود,khalid.alzubaidi@vendor15.sa.example,+966590086888,SA1429988907557085779577,نشط,2025-01-16
V01086,شركة الدوسري للتجهيزات الطبية,4650056433,361441213312213,المدينة المنورة,رانيا الزبيدي,jasem.alqarni@vendor7.sa.example,+966540514275,SA6100749044688764655581,نشط,2025-10-18
V01087,مختبرات الشريف للصناعات الغذائية,5606304444,318685381198443,تبوك,غانم الربيعي,anas.alotaibi@vendor22.sa.example,+966518996947,SA8665829234573922657909,نشط,2026-04-01
V01088,مجموعة المسعود للصناعات الغذائية,5606975130,312821090342313,تبوك,باسل القحطاني,omar.alhosawy@vendor19.sa.example,+966599566887,SA1986987195382612591775,نشط,2025-10-09
V01089,شركة مساهمة الحربي للبنية التحتية,3206459138,371286853055423,حائل,لؤي الحميدي,eman.althbiti@vendor24.sa.example,+966529856524,SA7994062914077986930968,نشط,2025-09-01
V01090,شركة المقرن للمستشفيات,4032348496,307520548842693,الطائف,ميساء البقمي,fatima.alanazi@vendor20.sa.example,+966565276171,SA7921702762719024635425,نشط,2025-12-01
V01091,مجموعة الرشيدي للأعمال العقارية,5606141789,365135374089993,تبوك,زينب الرويلي,mona.alashmari@vendor12.sa.example,+966525878875,SA5029752911480667620374,نشط,2024-11-08
V01092,مصنع الشهري للتجهيزات الطبية,4652121049,392120759598903,ينبع,مازن الجهني,aljawharah.alhosawy@vendor7.sa.example,+966505717434,SA9655411414404532754739,نشط,2024-08-28
V01093,شركة مساهمة الرويلي للتجهيزات الطبية,6006600371,328755598432403,جازان,رانيا الغامدي,salman.alsalmi@vendor4.sa.example,+966505427192,SA2165143131544196455339,نشط,2026-02-01
V01094,مختبرات العمري للتطوير البرمجي,5854098556,380183547092673,خميس مشيط,ناصر اليامي,kholoud.alhumaidi@vendor21.sa.example,+966581499719,SA97059697278715599160,نشط,2022-09-24
V01095,مؤسسة الرشيدي للتعليم والتدريب,6506898850,327276839964143,نجران,مروة السلمي,ghadeer.aldosari@vendor23.sa.example,+966589958882,SA1448139668392163612810,نشط,2025-12-01
V01096,شركة السهلي للأمن السيبراني,3406449001,381573071573843,بريدة,نايف البلوي,hanan.alharbi@vendor11.sa.example,+966504695222,SA7294348540899040860992,نشط,2024-10-18
V01097,شركة مساهمة القرني للخدمات البيئية,4032144532,385471631726793,الطائف,هند الدوسري,musaid.alsalmi@vendor27.sa.example,+966514649873,SA3924071400889052967419,نشط,2024-12-06
V01098,مركز الدوسري للتجهيزات الطبية,2051654263,385833568266213,الجبيل,أسماء المطيري,hassan.alghamdi@vendor7.sa.example,+966554416623,SA9183299714282722287338,نشط,2026-01-24
V01099,مكتب الشهري للبنية التحتية,4031073847,320631622081133,مكة المكرمة,رنا العتيبي,rania.alrubaie@vendor24.sa.example,+966520225682,SA1930549227793069697230,نشط,2024-11-24
V01100,مصنع الدوسري للاستشارات,2051439199,311253027433893,الجبيل,نواف السديري,kareem.alhumaidi@vendor18.sa.example,+966582083152,SA2880569739509500749691,نشط,2026-04-05
V01101,مصنع الحميدي للخدمات البيئية,2051891845,328592422697473,الجبيل,أيمن الحازمي,saleh.alhazmi@vendor30.sa.example,+966525154090,SA9836019353860450292665,نشط,2025-07-18
V01102,مصنع الشريف للترجمة والتعريب,4652871754,338761724012323,ينبع,تركي الشمري,alanoud.alomari@vendor7.sa.example,+966536016993,SA4026531381244916558851,نشط,2025-05-22
V01103,مختبرات الغامدي للمقاولات,7106610213,310295807710563,سكاكا,سامي البلوي,hamad.alshahrani@vendor11.sa.example,+966530550846,SA1842170423320433559048,نشط,2026-01-25
V01104,مصنع المطيري للإعلام والتواصل,2051215027,388022202222043,الجبيل,نجلاء السديري,abeer.alsahli@vendor24.sa.example,+966514352636,SA0260819098177648015380,نشط,2024-08-30
V01105,مختبرات الحميدي للأعمال العقارية,5855310366,391305903744373,أبها,سعد الأسمري,aljawharah.aldosari@vendor21.sa.example,+966540087924,SA8828639125867862401010,نشط,2025-11-17
V01106,مركز الشريف للإعلام والتواصل,6006255679,376908315316,جازان,صقر المسعود,shaima.alanazi@vendor12.sa.example,+966589352313,SA4064545932875601473018,نشط,2025-11-06
V01107,مؤسسة الشمري للخدمات البيئية,5606738540,389583531265473,تبوك,لمى القرني,najoud.alaufi@vendor4.sa.example,+966548648961,SA6509036257267119924764,نشط,2024-10-19
V01108,مختبرات القحطاني للأمن السيبراني,5854381422,306721383797323,خميس مشيط,رامي العوفي,hind.alomari@vendor26.sa.example,+966582294088,SA0228126521143110611492,نشط,2026-02-12
V01109,مكتب الشمري للتجهيزات الطبية,4032244563,302409992267003,الطائف,نايف الزبيدي,musaid.alqurashi@vendor26.sa.example,+966511340054,SA3799150421509528341845,نشط,2022-09-30
V01110,شركة الثبيتي للاستشارات,5855300285,344685988799223,أبها,أمل الشهراني,,+966569721301,SA2312119843824261365822,نشط,2026-02-06
V01111,شركة العرجاني للصناعات الغذائية,6506845727,358522095850803,نجران,مساعد العنزي,mona.almarwani@vendor6.sa.example,,SA1265199191656226873812,نشط,2026-04-29
V01112,شركة السبيعي للتجهيزات الطبية,6506890177,305005350006743,نجران,سلطان القحطاني,adel.alqahtani@vendor23.sa.example,+966564545531,SA9694424278217241037796,نشط,2026-01-05
V01113,مجموعة المطيري للأعمال العقارية,4032795181,353266561883063,الطائف,لمى السبيعي,reem.altamimi@vendor2.sa.example,+966561049496,SA6566338225967926447728,نشط,2025-12-03
V01114,شركة مساهمة الشمري للصناعات الغذائية,4031988943,371695391391333,مكة المكرمة,سلمان السلمي,shahad.alamri@vendor4.sa.example,+966546803164,SA5806032079342854495130,نشط,2025-10-22
V01115,شركة مساهمة الربيعي للمستشفيات,7106088478,321339844409123,سكاكا,سحر الحربي,majed.alsharif@vendor21.sa.example,+966532499024,SA4628128612563126271151,نشط,2025-02-21
V01116,مجموعة اليامي للطباعة والنشر,7106915907,377655280749663,سكاكا,حسين الهاجري,sami.alzahrani@vendor2.sa.example,+966502888393,SA9844489067005471033128,نشط,2025-01-25
V01117,مؤسسة البقمي لإدارة المشاريع,2050749370,329006091740153,الدمام,غانم السبيعي,rana.alzahrani@vendor13.sa.example,+966519124431,SA8119440624068132695688,نشط,2025-12-26
V01118,مجموعة الرشيدي للإعلام والتواصل,3206749011,382472193171213,حائل,بيان البقمي,ghanem.alrubaie@vendor1.sa.example,+966554478255,SA9757763698016272373302,نشط,2024-06-28
V01119,مكتب الرشيدي للطباعة والنشر,3406971322,387809678449703,بريدة,سمر المقرن,rashed.alhosawy@vendor11.sa.example,+966529788743,SA7268881911136075411887,نشط,2025-07-09
V01120,مجموعة الدوسري للصناعات الغذائية,4650321937,374070769571723,المدينة المنورة,سلمى المالكي,ruya.alshamri@vendor15.sa.example,+966536628584,SA4326353197622395454905,نشط,2024-09-25
V01121,شركة مساهمة العتيبي للأمن السيبراني,4650536789,332555594773223,المدينة المنورة,طلال الزياني,badr.alshahrani@vendor30.sa.example,+966530776594,SA2084176680839098464392,نشط,2024-06-29
V01122,مختبرات المالكي للخدمات اللوجستية,7106334681,380956634293093,سكاكا,عبدالوهاب العوفي,abdulaziz.alsahli@vendor15.sa.example,+966552278534,SA3195793090187166278866,نشط,2025-01-07
V01123,مركز السلمي للترجمة والتعريب,4032094009,374708540164943,الطائف,سامي التميمي,hassan.alqahtani@vendor17.sa.example,+966511364804,SA4888505917405694918504,نشط,2026-04-04
V01124,مكتب الشهراني للاستشارات,4650113388,328530138780773,المدينة المنورة,سلمان الغامدي,heba.almasoud@vendor29.sa.example,+966516347652,SA5505361963308832575758,نشط,2025-02-12
V01125,مكتب الحميدي للتسويق الرقمي,1010787251,362330689258673,الرياض,حسن الغامدي,reem.almasoud@vendor15.sa.example,+966577238793,SA1530149515629961911411,نشط,2025-01-24
V01126,مختبرات السلمي للصناعات الغذائية,3406289415,340216424110743,بريدة,نورة البلوي,wafaa.aljohani@vendor12.sa.example,+966555691887,SA5249384884836438504932,نشط,2026-04-16
V01127,مجموعة الغامدي للتطوير البرمجي,2050628215,388846452114993,الدمام,أحمد البقمي,safaa.alhosawy@vendor1.sa.example,+966578314103,SA0436488388140419684431,نشط,2025-06-16
V01128,مكتب القرشي للصناعات الغذائية,4031637288,323769856378503,مكة المكرمة,فيصل الشريف,salman.alhazmi@vendor17.sa.example,+966500979561,SA2722630931001771949391,نشط,2026-04-03
V01129,شركة مساهمة المالكي للأمن السيبراني,4031341465,310507906507583,مكة المكرمة,تركي السلمي,hamza.alqarni@vendor20.sa.example,+966534535767,SA8677942116130357713581,نشط,2025-08-09
V01130,مجموعة الثبيتي لإدارة المشاريع,1010338984,302818127604033,الرياض,نورة العرجاني,rahaf.alashmari@vendor24.sa.example,+966596434997,SA9221004045271060660645,نشط,2026-04-11
V01131,مصنع الجهني للتعليم والتدريب,4650357554,386724574602423,المدينة المنورة,رامي القرني,marwa.aljohani@vendor23.sa.example,+966574459328,SA5090708901764973920286,نشط,2025-10-24
V01132,مصنع الزبيدي للتطوير البرمجي,6506441213,362324282674803,نجران,يوسف الشهري,kholoud.alrashidi@vendor1.sa.example,+966552221712,SA0466983764371009876896,نشط,2025-07-19
V01133,شركة الحوساوي للطباعة والنشر,5855716439,396236291846043,أبها,سارة الغامدي,talal.albalawi@vendor25.sa.example,+966578477593,SA1590202740541928927165,نشط,2024-06-15
V01134,مكتب الأسمري للخدمات المالية,4032312404,309025458582473,الطائف,نواف العتيبي,saleh.almugrin@vendor16.sa.example,+966580495224,SA7770822101552992145241,نشط,2024-11-08
V01135,مجموعة الشريف لإدارة المشاريع,6006851467,380665093047763,جازان,حسين الحوساوي,dima.alrubaie@vendor21.sa.example,+966511578415,SA3876490467836778896129,نشط,2026-03-04
V01136,مجموعة الغامدي للإعلام والتواصل,4032864015,376110728390763,الطائف,عبير الصاعدي,safaa.alghamdi@vendor26.sa.example,+966539705828,SA5387250540979744670427,نشط,2026-05-15
V01137,مختبرات الشهراني للمقاولات,4031068645,318000397932063,مكة المكرمة,نجلاء الجهني,ibtisam.alomari@vendor16.sa.example,+966500671214,SA9196055989858450484474,نشط,2024-11-26
V01138,مختبرات الشهري للترجمة والتعريب,2051133855,322321150619223,الجبيل,أنس الجهني,ghanem.alshamri@vendor5.sa.example,+966590575790,SA1056559528346899068638,نشط,2025-01-11
V01139,مجموعة العامري للاتصالات,4652125815,328376106493983,ينبع,عبدالله السواط,adel.albqami@vendor28.sa.example,+966517593070,SA5278682200048571114401,نشط,2024-07-24
V01140,مصنع العسيري لتقنية المعلومات,6506302339,337669054528543,نجران,لين المقرن,marwa.aldosari@vendor11.sa.example,+966581637799,SA5415005042829714174288,نشط,2025-06-19
V01141,شركة مساهمة العامري للاتصالات,2050706837,361608541871243,الدمام,عبدالكريم القرشي,walid.alghamdi@vendor13.sa.example,+966504901451,SA8229539511393095131472,نشط,2025-12-15
V01142,مكتب الحوساوي للتعليم والتدريب,3206169493,398530739072863,حائل,حسين العنزي,adel.alziyani@vendor11.sa.example,+966544693411,SA1716145501080854022092,نشط,2025-09-06
V01143,شركة مساهمة المرواني للمستشفيات,3206890883,360010856649293,حائل,حسن السديري,leen.alhosawy@vendor29.sa.example,+966576861068,SA1293546767072096914776,نشط,2024-12-29
V01144,مكتب الثبيتي للإعلام والتواصل,4652969976,351497763586233,ينبع,أيمن الدوسري,saleh.almarwani@vendor14.sa.example,+966536551880,SA3502755357115987154929,نشط,2025-02-21
V01145,مكتب الفيفي للمستشفيات,5606732750,384491732857213,تبوك,نجلاء المقرن,mansour.alhazmi@vendor12.sa.example,+966516436433,SA3672800255300122747329,نشط,2026-02-10
V01146,مجموعة الحربي للبنية التحتية,3406201287,385306440884993,بريدة,ريم الشهري,shahad.almugrin@vendor5.sa.example,+966588053376,SA7135615606374658921756,نشط,2025-02-01
V01147,شركة مساهمة الحازمي للإعلام والتواصل,6006730420,357641705823903,جازان,خالد العنزي,safaa.alhumaidi@vendor8.sa.example,+966533376759,SA3558259093445683345801,نشط,2025-02-20
V01148,مصنع الفيفي للطباعة والنشر,5854634336,305388000796333,خميس مشيط,نجود الدوسري,luay.alsudairi@vendor15.sa.example,+966511215525,SA7577097453651010223470,نشط,2024-10-25
V01149,مصنع الشمري للطباعة والنشر,2050041567,358241594265383,الدمام,إيمان اليامي,shaima.alsudairi@vendor23.sa.example,+966581253126,SA3067867623410074870105,نشط,2024-09-26
V01150,مؤسسة المسعود للمقاولات,6006364560,352718528416383,جازان,محمد العوفي,hanan.alyami@vendor15.sa.example,+966562453905,SA3282269091904159044606,نشط,2025-03-25
V01151,مختبرات الحربي للخدمات المالية,5606502226,364914473604403,تبوك,رند الرويلي,ghadeer.alsudairi@vendor7.sa.example,+966505689304,SA9488211948850288530107,نشط,2025-09-24
V01152,مركز المقرن للمستشفيات,5606182611,388995996340613,تبوك,هاني الجهني,yomna.albqami@vendor20.sa.example,+966592119818,SA4122405051465891886084,نشط,2025-05-04
V01153,شركة العرجاني للتجهيزات الطبية,3406889145,382488743565833,بريدة,كريم التميمي,leen.albqami@vendor3.sa.example,+966568041610,SA2491606179163054385996,active,2025-06-10
V01154,شركة البلوي للتعليم والتدريب,7106050820,349020671063153,سكاكا,عبدالعزيز اليامي,abdullah.alhazmi@vendor30.sa.example,+966543153972,SA1851047322097972657115,نشط,2024-05-25
V01155,مركز السواط للتجهيزات الطبية,6506799511,397753258254443,نجران,بشاير الحوساوي,haifa.albalawi@vendor13.sa.example,+966578969901,SA7564167148404158229683,نشط,2025-02-08
V01156,شركة مساهمة العمري للطباعة والنشر,2050573832,323960579877953,الدمام,رؤيا المرواني,saqr.albqami@vendor18.sa.example,+966590420678,SA7968927131768777936123,نشط,2025-04-18
V01157,مجموعة الجهني للخدمات اللوجستية,5855675220,332750367966563,أبها,رؤيا الرويلي,turki.albalawi@vendor3.sa.example,+966560254456,SA1851052448552729423043,نشط,2022-11-13
V01158,مجموعة الزياني للاستشارات,2051310398,330071582651463,الجبيل,عبدالله الغامدي,mona.alhajri@vendor17.sa.example,+966529934468,SA7332638346489354817388,نشط,2026-03-02
V01159,مؤسسة الغامدي للخدمات المالية,4032072449,358076950502873,الطائف,أنس التميمي,fatima.alhosawy@vendor15.sa.example,+966561506156,SA9170639635650327278208,نشط,2025-06-27
V01160,مؤسسة الجهني للتعليم والتدريب,3206472269,395247086730,حائل,لطيفة الفيفي,fatima.alruwaily@vendor16.sa.example,+966571845903,SA4774321325382673283974,نشط,2025-02-07
V01161,مركز التميمي للخدمات المالية,6906727873,331858641136163,عرعر,بدر الزبيدي,hassan.alshahrani@vendor3.sa.example,+966565924175,SA9438098190899618360453,نشط,2024-07-12
V01162,مكتب القرشي للمقاولات,4652426377,379597822529483,ينبع,رامي الشهراني,naif.althbiti@vendor30.sa.example,+966538704519,SA5176280717874702136229,نشط,2025-03-16
V01163,مختبرات الدوسري للأمن السيبراني,5854767870,369205109985973,خميس مشيط,كريم السديري,jawaher.alhazmi@vendor23.sa.example,+966510414355,SA2529237880079572038814,نشط,2024-08-12
V01164,مؤسسة السبيعي للأمن السيبراني,3406466333,328423480884393,بريدة,إبراهيم الزهراني,shehab.alhazmi@vendor22.sa.example,+966575104656,SA9582291355694557632411,نشط,2026-04-12
V01165,مصنع الرويلي للترجمة والتعريب,4652826964,367041106758033,ينبع,هند الهاجري,anwar.alshamri@vendor11.sa.example,+966584856302,SA1953239121629695735699,نشط,2025-02-11
V01166,مؤسسة الحميدي للاستشارات,5854196927,333879719326453,خميس مشيط,نايف المقرن,yousef.alfaifi@vendor14.sa.example,+966547094294,SA9624465247753632008645,نشط,2026-03-11
V01167,شركة الرشيدي للتعليم والتدريب,5606600472,302219998875333,تبوك,نورة اليامي,bashayir.alsubaie@vendor16.sa.example,+966500929177,SA8500355736336773310601,نشط,2026-04-17
V01168,مؤسسة البلوي للخدمات البيئية,3206166482,384047528403413,حائل,محمد الصاعدي,anwar.aljohani@vendor3.sa.example,+966580415336,SA8034595207079822724938,نشط,2025-07-22
V01169,مجموعة السبيعي للخدمات اللوجستية,6906462357,334125073110503,عرعر,إبراهيم الفيفي,omar.albalawi@vendor30.sa.example,+966513194462,SA6761698050362852937488,نشط,2024-12-14
V01170,مؤسسة الأسمري للتسويق الرقمي,5606307861,341760490340363,تبوك,غدير التميمي,ibtisam.almugrin@vendor9.sa.example,+966567641263,SA4541006992770466699094,نشط,2025-10-30
V01171,مركز الفيفي للاستشارات,5606511491,341850427223783,تبوك,أنوار السهلي,hani.alaufi@vendor4.sa.example,+966520936118,SA7066413234615442303464,نشط,2025-02-03
V01172,مختبرات السديري للمقاولات,4031477225,342457741548973,مكة المكرمة,زياد الغامدي,luay.alruwaily@vendor6.sa.example,+966515820612,SA2953066748209076198001,نشط,2025-01-02
V01173,مكتب السديري للإعلام والتواصل,6906908201,385282184511683,عرعر,أريج الرشيدي,ayman.alhumaidi@vendor18.sa.example,+966506297168,SA1688804180101061522829,نشط,2025-10-12
V01174,مختبرات المسعود للأعمال العقارية,4030607871,332349282808233,جدة,حسن القرني,heba.aljohani@vendor1.sa.example,+966526807139,SA5927812280259620762589,نشط,2025-08-30
V01175,مركز الحميدي للاتصالات,7106439129,390616391041073,سكاكا,فهد السواط,hussein.alarjani@vendor22.sa.example,+966570390254,SA3534859627662737858768,نشط,2026-04-20
V01176,شركة مساهمة القرني للترجمة والتعريب,4652208177,308070140654833,ينبع,العنود الشمري,hani.alashmari@vendor27.sa.example,+966560708383,SA1410883318356013213315,نشط,2024-10-06
V01177,مؤسسة الدوسري للخدمات البيئية,5855121889,369384881744393,أبها,ديمة الربيعي,hanan.alzahrani@vendor20.sa.example,+966540507054,SA7329393398218967182229,نشط,2026-04-18
V01178,مصنع الغامدي للتسويق الرقمي,7106897435,340126613719,سكاكا,تالا الغامدي,abdulrahman.alsudairi@vendor29.sa.example,+966533021203,SA0669831910903825489820,نشط,2025-09-06
V01179,مجموعة القرني للاتصالات,7106277893,349668559991743,سكاكا,فاطمة البلوي,abdulwahhab.alanazi@vendor18.sa.example,+966564982825,SA0730624012575180497873,نشط,2024-07-23
V01180,مجموعة الحوساوي للترجمة والتعريب,4650261346,398546351617583,المدينة المنورة,بيان الحوساوي,hani.alanazi@vendor27.sa.example,+966532733469,SA8866511052879925164854,نشط,2025-01-08
V01181,مؤسسة العوفي للمستشفيات,3206067621,368673480906,حائل,مازن البلوي,nadia.alfaifi@vendor25.sa.example,+966547225799,SA9619580751916902777191,نشط,2024-07-27
V01182,مختبرات الزياني للتسويق الرقمي,4652360478,347091616313673,ينبع,ميساء الصاعدي,sara.alqurashi@vendor1.sa.example,+966530687498,SA0223676613013337174836,نشط,2025-03-29
V01183,مصنع البلوي للاتصالات,3206451282,327608370288503,حائل,بشاير العوفي,rahaf.alhosawy@vendor13.sa.example,+966511217708,SA5312559231407323004466,نشط,2026-05-01
V01184,مكتب السديري للمقاولات,4650944994,384365026321483,المدينة المنورة,نورة التميمي,jawaher.alrubaie@vendor20.sa.example,+966559715649,SA1475569854235237461325,نشط,2026-04-07
V01185,شركة الشهراني للأمن السيبراني,4030567543,375041644285383,جدة,سلطان الهاجري,marwa.alqarni@vendor14.sa.example,+966536766962,SA5142494412979835024127,نشط,2025-06-04
V01186,مصنع البلوي للمقاولات,4652704696,357324930626033,ينبع,فاطمة الفيفي,kareem.alhazmi@vendor22.sa.example,+966555119962,SA1873199466242220809266,نشط,2024-07-16
V01187,مختبرات القرشي للمقاولات,4652732781,372628111506653,ينبع,فاطمة السديري,anas.althbiti@vendor1.sa.example,+966544443364,SA1931063401932079641295,نشط,2026-01-25
V01188,مكتب السبيعي للتجهيزات الطبية,4030288787,308242495517983,جدة,أريج البلوي,faisal.alamri@vendor1.sa.example,+966503244406,SA3686584500208179814303,نشط,2024-10-06
V01189,مكتب الشريف للتطوير البرمجي,2050918057,352526780846423,الدمام,فاطمة الصاعدي,naif.alshehri@vendor22.sa.example,+966535070163,SA7669834370566834027381,نشط,2025-06-22
V01190,مركز الشهري للترجمة والتعريب,4650492169,314893265705873,المدينة المنورة,فهد القرشي,shehab.alrashidi@vendor14.sa.example,+966506265289,SA4189942258553644027402,نشط,2026-01-22
V01191,مجموعة الرشيدي للصناعات الغذائية,1010124222,381836849886023,الرياض,ريم السواط,badr.alharbi@vendor22.sa.example,+966583743011,SA8684265218292776081011,نشط,2025-04-08
V01192,مصنع الحازمي للطباعة والنشر,6006489193,307805906010463,جازان,كريم الشهراني,wael.alsalmi@vendor29.sa.example,+966530585941,SA4739519694513782518791,نشط,2026-03-28
V01193,مختبرات الفيفي للتطوير البرمجي,5854238791,305340333923513,خميس مشيط,زياد القرشي,maisa.alharbi@vendor17.sa.example,+966547960155,SA3846157233813427231426,نشط,2025-04-22
V01194,مكتب القرشي للمستشفيات,4650747994,397231628079673,المدينة المنورة,أيمن الثبيتي,aljawharah.alsalmi@vendor10.sa.example,+966543843861,SA9303501285839290935052,نشط,2026-05-04
V01195,مجموعة السديري للبنية التحتية,2050966048,353236184592683,الدمام,رنا العسيري,ayman.alhajri@vendor29.sa.example,+966556368754,SA7436071802883080842928,نشط,2026-02-20
V01196,مصنع الخالدي للطباعة والنشر,3206172596,394513326829123,حائل,لمى الحميدي,dima.alhazmi@vendor1.sa.example,+966527883444,SA5895006091881702751559,نشط,2026-06-08
V01197,شركة الجهني للخدمات اللوجستية,5606137765,393883993350213,تبوك,حنان الشريف,anas.alghamdi@vendor26.sa.example,+966574660853,SA1215003975229017348511,نشط,2026-05-26
V01198,مجموعة العرجاني للمستشفيات,6506337601,377815539305983,نجران,شهاب الشريف,omar.alsalmi@vendor12.sa.example,+966530473681,SA4326020797006142592407,نشط,2025-01-31
V01199,مركز العسيري للاتصالات,4030432119,333279583430873,جدة,حمد العمري,nadia.alshamri@vendor6.sa.example,+966595016533,SA5968645320169979059228,نشط,2025-07-16
V01200,شركة مساهمة الشهري للمقاولات,4032861336,352363257985,الطائف,أحمد الثبيتي,najoud.alamri@vendor10.sa.example,+966545403806,SA0810562433399872566063,نشط,2026-06-12
V01201,مكتب الحميدي للتطوير البرمجي,6006715891,341059047809293,جازان,هيفاء الشهري,reem.albqami@vendor27.sa.example,+966543158628,SA6961426382056634069301,نشط,2025-07-13
V01202,شركة مساهمة البقمي للإعلام والتواصل,6006958078,347311687217633,جازان,حمزة الرشيدي,saad.altamimi@vendor2.sa.example,+966533614385,SA2324011870720084021753,نشط,2026-04-30
V01203,شركة مساهمة الحميدي للخدمات المالية,7106616377,316086541717623,سكاكا,نجلاء الثبيتي,amal.alzubaidi@vendor1.sa.example,+966565821909,SA1779645201138999522242,نشط,2024-07-04
V01204,مختبرات البلوي للاتصالات,1010652239,375315124343223,الرياض,نايف الرشيدي,abdulkarim.alsharif@vendor7.sa.example,+966575737537,SA7998463427150959520489,نشط,2024-04-22
V01205,مكتب المالكي للتجهيزات الطبية,4031429418,398491567926093,مكة المكرمة,تركي الحوساوي,ibtisam.althbiti@vendor20.sa.example,+966572818331,SA3971271017775778120259,نشط,2026-04-15
V01206,شركة مساهمة العمري للمستشفيات,4652422860,366094462507073,ينبع,عمر الهاجري,heba.albalawi@vendor19.sa.example,+966578363707,SA2352876110307196286986,نشط,2025-01-07
V01207,مختبرات السديري للإعلام والتواصل,6506301293,301003325849743,نجران,لطيفة العرجاني,shehab.alsaaidi@vendor28.sa.example,+966505535894,SA6731473850619402216362,نشط,2024-09-01
V01208,مجموعة اليامي للخدمات اللوجستية,4030432742,319161642503743,جدة,حنان الربيعي,naif.alsalmi@vendor12.sa.example,+966580399267,SA3539997041985493354771,نشط,2025-11-26
V01209,مجموعة الزبيدي للتطوير البرمجي,4031700030,314035750842283,مكة المكرمة,مياء المسعود,luay.alzubaidi@vendor11.sa.example,+966529124463,SA8687991398040752104841,نشط,2026-02-16
V01210,مصنع العرجاني للطباعة والنشر,4031537467,331479506000903,مكة المكرمة,صفاء الزبيدي,kholoud.alotaibi@vendor5.sa.example,+966570067030,SA6735507507123333967571,نشط,2026-02-22
V01211,مجموعة الربيعي للتجهيزات الطبية,2050205673,321939728242693,الدمام,رند العوفي,saqr.alshehri@vendor20.sa.example,+966566154273,SA5703665854242595379112,نشط,2026-03-07
V01212,مختبرات الشهري للترجمة والتعريب,4030283777,379986593063413,جدة,عبدالرحمن الحميدي,anas.alomari@vendor12.sa.example,+966553335379,SA3599727228682748677688,نشط,2026-04-02
V01213,شركة البلوي للصناعات الغذائية,6506188335,334490549072703,نجران,مازن السواط,hanan.almarwani@vendor27.sa.example,+966533551254,SA1854566818370327725951,نشط,2025-04-12
V01214,مكتب الغامدي للتطوير البرمجي,5854829032,377841390535663,خميس مشيط,أنس الشريف,ghadeer.alotaibi@vendor11.sa.example,+966564125392,SA1126816166436439082626,نشط,2025-05-20
V01215,مكتب المطيري للاتصالات,3406741112,331746761935023,بريدة,منى الزهراني,bayan.alsharif@vendor24.sa.example,+966551984967,SA9561852524375824082653,نشط,2025-08-21
V01216,مؤسسة الحوساوي للصناعات الغذائية,4031662643,392680166827373,مكة المكرمة,بيان السواط,anas.althbiti@vendor5.sa.example,+966511027244,SA1430047851738133238481,نشط,2026-01-21
V01217,مؤسسة الحميدي للإعلام والتواصل,5855463910,325893957084203,أبها,فهد الشريف,amal.alqurashi@vendor15.sa.example,,SA3294719822789786249102,نشط,2024-12-27
V01218,مختبرات البلوي للتجهيزات الطبية,4030234341,350243545705353,جدة,زينب الغامدي,amal.alrashidi@vendor9.sa.example,+966582980797,SA1426404410218159274895,نشط,2026-02-16
V01219,مجموعة الأسمري للتعليم والتدريب,4032473376,333032614697083,الطائف,باسل الشهراني,khalid.almutairi@vendor29.sa.example,+966548856525,SA9691343031949321727932,نشط,2024-12-06
V01220,مجموعة السهلي للمستشفيات,2051206867,399212154911883,الجبيل,محمد الدوسري,rashed.alhajri@vendor4.sa.example,+966572853635,SA4116583959570714076459,نشط,2025-10-01
V01221,شركة مساهمة المرواني للاتصالات,5854840776,317184944066883,خميس مشيط,فيصل العنزي,jawaher.alshehri@vendor21.sa.example,+966554455471,SA3326402013963062089325,نشط,2024-08-22
V01222,شركة القحطاني للترجمة والتعريب,4032191133,355192035423343,الطائف,مشعل الرويلي,hassan.alhosawy@vendor18.sa.example,,SA9328806010361990183013,نشط,2024-10-10
V01223,مختبرات القرشي للإعلام والتواصل,4031066326,355353968831173,مكة المكرمة,منصور العامري,nasser.almarwani@vendor5.sa.example,+966506788396,SA3508754730343676517742,نشط,2025-05-26
V01224,شركة الرشيدي للإعلام والتواصل,7106754560,318834315347733,سكاكا,أيمن السديري,ibrahim.alhumaidi@vendor4.sa.example,+966516898658,SA2226728973669896577125,نشط,2026-04-29
V01225,مختبرات العرجاني للتطوير البرمجي,3206208834,381919060947073,حائل,عمر البقمي,wafaa.aldosari@vendor26.sa.example,+966523915399,SA6580501811043953540735,نشط,2026-05-16
V01226,مختبرات العامري لإدارة المشاريع,6006063749,380587848590773,جازان,نايف البلوي,samar.alshehri@vendor22.sa.example,+966578074956,SA7824892423505105919489,نشط,2025-11-13
V01227,مصنع الشمري للصناعات الغذائية,4032096719,333167272622253,الطائف,سامي الجهني,sami.alzubaidi@vendor6.sa.example,+966580590402,SA9012723005216226087449,نشط,2025-11-27
V01228,مكتب القرني للإعلام والتواصل,5855061077,395832631879513,أبها,جاسم المالكي,rania.alsubaie@vendor22.sa.example,+966564426017,SA2845375705922557064484,نشط,2024-08-11
V01229,شركة القحطاني للصناعات الغذائية,6006645725,379782396529953,جازان,عبير الشهراني,adel.alsharif@vendor16.sa.example,+966529573339,SA6491330650940154672694,نشط,2025-09-26
V01230,مصنع الحوساوي للخدمات اللوجستية,4032957700,320163452676493,الطائف,منصور المسعود,najoud.almalki@vendor8.sa.example,+966579916391,SA0736568153102126273960,نشط,2025-06-22
V01231,مكتب القرني للمستشفيات,4030868710,330870013542563,جدة,إبراهيم الغامدي,shaima.almugrin@vendor5.sa.example,+966505575691,SA7179794633278056080367,نشط,2024-06-28
V01232,مصنع الصاعدي لإدارة المشاريع,1010408228,366085553489053,الرياض,عمر اليامي,ghanem.alswat@vendor5.sa.example,+966545491358,SA71958928476505531194,نشط,2025-03-11
V01233,مصنع القرشي للتعليم والتدريب,4030602575,320997972160203,جدة,بدر العامري,mona.almasoud@vendor22.sa.example,+966574652614,SA4704157072157561466796,نشط,2024-08-20
V01234,مصنع الحوساوي للخدمات المالية,2051011756,315820339237933,الجبيل,بدر البقمي,maha.alqahtani@vendor27.sa.example,+966550039961,SA3619521787279101494939,نشط,2026-03-18
V01235,شركة مساهمة الرشيدي للإعلام والتواصل,4032095555,361675418840173,الطائف,مشعل الصاعدي,hamad.alqahtani@vendor2.sa.example,+966538714411,SA2398845021458271073513,نشط,2025-09-05
V01236,مصنع الحوساوي للتعليم والتدريب,7106515949,334622964493263,سكاكا,زياد الحميدي,dima.alqahtani@vendor12.sa.example,+966583047946,SA3756381363484414017640,نشط,2019-09-29
V01237,مصنع الجهني للأعمال العقارية,3206857453,319211616624623,حائل,حسن الربيعي,hind.alrubaie@vendor26.sa.example,+966554217789,SA8761762790115622581571,نشط,2025-02-02
V01238,شركة مساهمة الزبيدي للترجمة والتعريب,5855354345,387897979230503,أبها,ريم الفيفي,muath.albqami@vendor4.sa.example,+966547949390,SA2081728905583062473112,نشط,2026-01-01
V01239,مختبرات القرني للخدمات اللوجستية,4650796352,398656137017213,المدينة المنورة,ديمة العسيري,fahad.alswat@vendor10.sa.example,+966539091922,SA1214850996126939079687,نشط,2024-09-13
V01240,مؤسسة البلوي للأعمال العقارية,4030259345,316090128838723,جدة,باسل التميمي,abdulwahhab.alhazmi@vendor27.sa.example,+966560299540,SA0396119022056236295399,نشط,2024-11-20
V01241,شركة الثبيتي للتجهيزات الطبية,5854426076,326903452672113,خميس مشيط,جاسم الصاعدي,abdullah.alyami@vendor8.sa.example,+966575424351,SA6219048229931746223258,نشط,2024-11-06
V01242,شركة التميمي للاستشارات,6006905189,328838125382233,جازان,بدر المسعود,khalid.alyami@vendor30.sa.example,+966507999580,SA3391210649035569149829,نشط,2025-04-24
V01243,مجموعة العرجاني للمستشفيات,6506330321,304127921068583,نجران,هاني الزهراني,mohammed.alziyani@vendor20.sa.example,+966501130310,SA4681640557614249632969,نشط,2024-10-14
V01244,مؤسسة المالكي للإعلام والتواصل,6006659587,370024848505813,جازان,رانيا الحوساوي,hanan.alsubaie@vendor26.sa.example,+966598189602,SA8260731643975040124949,نشط,2025-09-29
V01245,شركة مساهمة الحوساوي للتعليم والتدريب,3406321773,368838843937593,بريدة,جواهر السهلي,mohammed.alrubaie@vendor21.sa.example,+966522449917,SA7040188782370669306515,نشط,2024-09-02
V01246,مؤسسة الحازمي للتعليم والتدريب,2051036748,369394667782953,الجبيل,سلطان العنزي,kareem.alshehri@vendor3.sa.example,+966578349819,SA7214012335422071794985,نشط,2024-06-25
V01247,شركة مساهمة القرني للخدمات المالية,2051440285,315494712276903,الجبيل,أنس الشمري,abeer.alyami@vendor21.sa.example,+966556769948,SA9772390157497280107747,نشط,2025-09-06
V01248,مصنع الشريف للتجهيزات الطبية,4030681276,337421474759503,جدة,أنس الشهري,wafaa.alzubaidi@vendor30.sa.example,+966597663784,SA1491259099845249918598,نشط,2025-10-06
V01249,شركة البلوي للخدمات اللوجستية,4652070803,338571958901793,ينبع,حنان العمري,abdulkarim.almalki@vendor2.sa.example,+966561406506,SA5686074898486988456674,نشط,2026-06-16
V01250,مختبرات السهلي للاتصالات,3406862624,311824160790343,بريدة,عادل الغامدي,ahmed.alsalmi@vendor3.sa.example,+966508742431,SA2398932065283392593881,نشط,2025-05-09
V01251,مصنع القحطاني للأمن السيبراني,6906624782,327506073957623,عرعر,زياد الغامدي,yousef.alsaaidi@vendor17.sa.example,+966502920950,SA5980459797320220733256,نشط,2024-06-13
V01252,مؤسسة المسعود للتسويق الرقمي,4030358273,307728416495653,جدة,شيماء الشهري,fahad.albalawi@vendor24.sa.example,+966563082512,SA1660549040278299336867,نشط,2024-11-18
V01253,مختبرات السلمي للاستشارات,4650191154,319619435567953,المدينة المنورة,إبراهيم التميمي,ziad.alsalmi@vendor9.sa.example,+966542074517,SA9011541197298466664001,نشط,2025-01-15
V01254,مختبرات الغامدي للطباعة والنشر,6506588817,399342073425573,نجران,رهف المسعود,maisa.alasiri@vendor25.sa.example,+966553571021,SA4405193098050427734743,نشط,2024-07-29
V01255,مختبرات المقرن للمستشفيات,6906438005,313986822946663,عرعر,عبدالرحمن الحربي,fahad.altamimi@vendor2.sa.example,+966563341616,SA3451159212562089501873,نشط,2019-11-13
V01256,مجموعة الجهني للاتصالات,6006860985,330149425396773,جازان,غانم الشهري,nasser.alruwaily@vendor28.sa.example,+966594648864,SA0778865403672722816008,نشط,2024-09-20
V01257,مختبرات الزهراني لتقنية المعلومات,6906093886,398491399642913,عرعر,حنان العسيري,rahaf.almugrin@vendor1.sa.example,+966577409433,SA5872065477001576953735,نشط,2026-05-19
V01258,مركز الرويلي للصناعات الغذائية,4030223624,334566387501363,جدة,لطيفة العتيبي,rami.alfaifi@vendor19.sa.example,+966568955037,SA7053550466037794622439,نشط,2024-12-11
V01259,شركة المرواني للخدمات اللوجستية,6006222371,367352048537903,جازان,أريج الغامدي,hassan.alziyani@vendor20.sa.example,+966515569073,SA9719425799368115439740,نشط,2026-03-11
V01260,مجموعة الأسمري للاستشارات,4030688370,391555967665853,جدة,كريم السبيعي,hussein.alhazmi@vendor28.sa.example,+966598549403,SA0956539839770995143213,نشط,2025-10-12
V01261,شركة الرويلي للتجهيزات الطبية,7106764687,330619427580883,سكاكا,رهف العتيبي,badr.alshahrani@vendor15.sa.example,+966595585694,SA3614861882332700275872,نشط,2024-05-03
V01262,مركز المقرن للخدمات المالية,6906803585,394996901354173,عرعر,محمد السديري,maisa.alotaibi@vendor27.sa.example,+966574876829,SA8144383834095027100692,نشط,2026-03-09
V01263,مجموعة الحوساوي للطباعة والنشر,6006483167,359488848451,جازان,لطيفة الحربي,leen.alsahli@vendor10.sa.example,+966522392100,SA5088566373093112342528,نشط,2025-05-13
V01264,مؤسسة القرني للخدمات اللوجستية,2051359823,322949637044343,الجبيل,حنان العامري,hamad.althbiti@vendor1.sa.example,+966575639581,SA4817039691203669781791,نشط,2025-03-18
V01265,شركة مساهمة العوفي للأعمال العقارية,2051655806,367739935712623,الجبيل,كريم الغامدي,basel.alhosawy@vendor30.sa.example,+966559162414,SA3470145202785319236387,نشط,2024-05-10
V01266,شركة مساهمة العوفي للمستشفيات,1010177173,354618350595503,الرياض,رند العامري,hani.alhosawy@vendor10.sa.example,+966539434469,SA7494780761322380109330,نشط,2025-05-07
V01267,مختبرات الغامدي للصناعات الغذائية,4031081980,396158147971513,مكة المكرمة,نورة العامري,nawaf.alsharif@vendor4.sa.example,+966530715583,SA7486291356160438064574,نشط,2025-06-02
V01268,مكتب الحربي للمقاولات,4030384474,353037441474463,جدة,يمنى الغامدي,ayman.alsubaie@vendor17.sa.example,+966559831635,SA6900166448914802201906,نشط,2026-01-08
V01269,شركة مساهمة الزياني للترجمة والتعريب,6506835006,314806874280743,نجران,نادية القحطاني,tala.alziyani@vendor6.sa.example,+966588460392,SA8852315118925428368745,نشط,2024-10-16
V01270,شركة الحوساوي للمقاولات,3206742423,350117582719483,حائل,ناصر الحوساوي,abdulaziz.alaufi@vendor16.sa.example,+966538360647,SA7101106025647042777768,نشط,2025-04-24
V01271,مختبرات السهلي للطباعة والنشر,3406777249,304404412683543,بريدة,صالح اليامي,ghadeer.alruwaily@vendor13.sa.example,+966536241513,SA3669646756337197770910,نشط,2024-08-22
V01272,مجموعة الشهراني للاستشارات,2050935868,337660366205803,الدمام,مساعد الحربي,ahmed.alqahtani@vendor8.sa.example,+966518361991,SA9461352121229900262772,نشط,2025-06-21
V01273,شركة العامري للتسويق الرقمي,6006124000,328394731642903,جازان,رنا العتيبي,hassan.almasoud@vendor11.sa.example,+966513384366,SA2502051156038955539530,نشط,2025-06-09
V01274,مؤسسة العمري للخدمات اللوجستية,4032444325,328321298633153,الطائف,رؤيا الشمري,talal.alsudairi@vendor4.sa.example,+966508093829,SA8040311175823061930945,نشط,2025-08-08
V01275,مختبرات الحربي للإعلام والتواصل,5855733889,327543837128663,أبها,شيماء الزهراني,mayaa.alghamdi@vendor20.sa.example,+966531920233,SA1315453259125720453261,نشط,2025-12-11
V01276,مركز العوفي لتقنية المعلومات,6006992495,330459049211193,جازان,خالد الشمري,yousef.alsalmi@vendor14.sa.example,+966565157123,SA9247407241278029430011,نشط,2022-08-15
V01277,شركة الشريف للاستشارات,6906708117,362428315638853,عرعر,كريم السبيعي,ghanem.alhajri@vendor10.sa.example,+966518559115,SA7687810965515353775026,نشط,2026-02-21
V01278,مصنع العرجاني للخدمات البيئية,4030404027,381977049362983,جدة,هاني الربيعي,tala.alzahrani@vendor28.sa.example,+966509788680,SA2693309914252788496111,نشط,2024-07-28
V01279,مكتب العوفي للمقاولات,2051119641,375644437516873,الجبيل,سلمان اليامي,ahmed.alsalmi@vendor13.sa.example,+966582980286,SA5590328536806711688137,نشط,2025-05-15
V01280,مصنع الرشيدي للتسويق الرقمي,6506698082,304359653909743,نجران,ميساء السهلي,mishal.alrubaie@vendor6.sa.example,+966505982141,SA1668771045151034459026,نشط,2024-09-05
V01281,مكتب العنزي للاستشارات,6506677205,318160725261403,نجران,يمنى المرواني,yousef.alqahtani@vendor8.sa.example,+966586496004,SA1409738699706013956734,نشط,2024-05-09
V01282,شركة العنزي للأمن السيبراني,4032437731,315465878914133,الطائف,إيمان القرني,bayan.alsudairi@vendor1.sa.example,+966551611166,SA4596101114089330307660,نشط,2025-12-16
V01283,مركز الدوسري للخدمات المالية,2050244743,310282163380503,الدمام,لطيفة الأسمري,najla.alasiri@vendor8.sa.example,+966538730507,SA5608396530805840665831,نشط,2024-05-12
V01284,مؤسسة الرويلي للخدمات اللوجستية,5606758905,332455049652293,تبوك,معاذ السواط,ahmed.almalki@vendor1.sa.example,+966525436426,SA9518000051670123337496,نشط,2024-05-18
V01285,شركة الفيفي للطباعة والنشر,5606615331,329344570855893,تبوك,منصور الفيفي,rashed.alshehri@vendor11.sa.example,+966500451340,SA4115388700346776729671,نشط,2024-08-05
V01286,شركة المسعود للإعلام والتواصل,1010935089,310263474538663,الرياض,سامي البلوي,reem.altamimi@vendor11.sa.example,+966528582324,SA3820382660973690574038,نشط,2026-02-22
V01287,شركة الرشيدي للخدمات اللوجستية,6506126406,308966776694233,نجران,مها القرشي,asma.almarwani@vendor17.sa.example,+966583316448,SA9204047865615475947559,نشط,2025-12-17
V01288,مصنع الغامدي للاتصالات,7106245084,307820825898253,سكاكا,تركي المقرن,badr.alotaibi@vendor23.sa.example,+966502783390,SA1589303082905845419055,نشط,2025-10-16
V01289,مركز المقرن للتطوير البرمجي,4650282564,363229946286863,المدينة المنورة,باسل السواط,omar.alruwaily@vendor8.sa.example,+966515743134,SA8348585910387292154426,نشط,2024-06-11
V01290,شركة مساهمة الدوسري للاتصالات,4031421580,344011809777213,مكة المكرمة,العنود الشريف,turki.alghamdi@vendor9.sa.example,+966566660335,SA7162127398247289748132,نشط,2025-04-26
V01291,شركة مساهمة العتيبي للتطوير البرمجي,6006962678,318512151425893,جازان,لؤي السهلي,jasem.alsalmi@vendor9.sa.example,+966597780468,SA8294732971303079401492,نشط,2024-07-30
V01292,شركة مساهمة السبيعي للخدمات البيئية,6006712159,318638408181703,جازان,زينب القحطاني,ghadeer.almarwani@vendor27.sa.example,+966574873188,SA7806026412042010203791,نشط,2022-10-17
V01293,مجموعة الخالدي للبنية التحتية,4031413025,394718557799483,مكة المكرمة,ريم البلوي,hassan.alaufi@vendor14.sa.example,+966571244932,SA3712684710883415984129,نشط,2025-09-24
V01294,مجموعة الخالدي لتقنية المعلومات,2050906444,314997551808213,الدمام,أمل الأسمري,nasser.alhazmi@vendor7.sa.example,+966555919762,SA6650182552255869213642,نشط,2025-07-26
V01295,مركز الحازمي للإعلام والتواصل,6006753867,303331980248753,جازان,فهد اليامي,abdulwahhab.alanazi@vendor27.sa.example,+966506181254,SA9693250521248403534089,نشط,2025-04-05
V01296,مؤسسة المرواني للترجمة والتعريب,5855128067,390113716597903,أبها,نواف القرني,haifa.alrashidi@vendor30.sa.example,+966519645334,SA9049220444114962045254,نشط,2024-08-16
V01297,مكتب الربيعي للبنية التحتية,3406399625,311211238357153,بريدة,رؤيا الحوساوي,shaima.alrashidi@vendor1.sa.example,+966599812620,SA9444676789558360330764,نشط,2025-10-05
V01298,مصنع الأسمري للخدمات البيئية,1010532324,352888896846423,الرياض,هند المطيري,abdulwahhab.alrubaie@vendor14.sa.example,+966513759892,SA5599428860960470581868,نشط,2024-06-03
V01299,شركة الفيفي للطباعة والنشر,2051407911,362374536732243,الجبيل,ابتسام الشهري,nasser.alomari@vendor6.sa.example,+966555803336,SA4064528944422506296762,نشط,2025-05-16
V01300,مصنع العمري للتسويق الرقمي,6006390149,362996471432803,جازان,حمزة المالكي,areej.albalawi@vendor22.sa.example,+966535332490,SA6404672962267888223383,نشط,2024-11-13
V01301,مجموعة العنزي للاتصالات,4650530183,318531394671413,المدينة المنورة,يمنى الربيعي,wael.almasoud@vendor30.sa.example,+966534947997,SA6176332437243312427140,نشط,2025-05-02
V01302,مختبرات اليامي للمقاولات,5854948802,363062207950923,خميس مشيط,تركي الشهري,abeer.alshamri@vendor19.sa.example,+966570967781,SA2539968480631840466468,نشط,2026-03-14
V01303,مؤسسة المقرن للخدمات البيئية,4650271756,335128810265923,المدينة المنورة,غدير القرني,abdulkarim.albalawi@vendor16.sa.example,+966587805343,SA1573950007105072426210,نشط,2024-05-15
V01304,شركة الرشيدي للخدمات المالية,4030942757,324241012945713,جدة,صفاء الصاعدي,sara.alsalmi@vendor20.sa.example,+966521202649,SA5202523463580552166174,نشط,2024-08-24
V01305,مصنع الغامدي للاتصالات,7106284299,395291158148463,سكاكا,بشاير العمري,reem.albalawi@vendor3.sa.example,+966548895706,SA4245304117368400664169,نشط,2025-05-02
V01306,مختبرات المسعود للإعلام والتواصل,4030560257,313109215698323,جدة,صفاء الرويلي,dalal.alrashidi@vendor23.sa.example,+966503982440,SA3309039837745487252418,نشط,2025-07-01
V01307,شركة مساهمة الرشيدي للطباعة والنشر,5606445550,322172418480773,تبوك,عبدالعزيز الفيفي,mohammed.alswat@vendor20.sa.example,+966567804686,SA6565336517548411288216,نشط,2025-04-19
V01308,مركز المقرن للاستشارات,6006098498,335338614465483,جازان,رنا الزهراني,ayman.alrashidi@vendor10.sa.example,,SA1323962916591816373896,نشط,2026-01-24
V01309,مختبرات الجهني للتجهيزات الطبية,4030848609,387681458537783,جدة,تالا العوفي,hussein.aljohani@vendor17.sa.example,+966599327550,SA6023877424354890516854,نشط,2024-11-16
V01310,مركز الجهني للمقاولات,5855106080,351899953710773,أبها,إبراهيم السلمي,rana.alomari@vendor12.sa.example,+966507983205,SA6731715179907713822718,نشط,2024-04-25
V01311,مصنع العسيري لتقنية المعلومات,6506940732,312451176589823,نجران,إبراهيم المرواني,turki.alharbi@vendor16.sa.example,+966501696213,SA5072405458461813794300,نشط,2024-11-25
V01312,مجموعة العرجاني للتطوير البرمجي,5855301808,333804747060843,أبها,شهاب الغامدي,saleh.alsudairi@vendor22.sa.example,+966510840587,SA1689046566078482524540,نشط,2025-04-24
V01313,شركة المقرن للأعمال العقارية,7106988210,354588482436773,سكاكا,هند الحوساوي,hussein.alhosawy@vendor11.sa.example,+966525023359,SA15198265453452994771,نشط,2024-07-17
V01314,مجموعة الصاعدي لإدارة المشاريع,6906436232,366301439362963,عرعر,معاذ الزهراني,rania.alomari@vendor30.sa.example,+966580033201,SA8348966737424926951570,نشط,2024-10-11
V01315,شركة السبيعي للإعلام والتواصل,7106133521,396981567907213,سكاكا,راشد الحميدي,lama.alqahtani@vendor20.sa.example,+966582755654,SA2346882820189956286361,نشط,2025-11-03
V01316,مختبرات الثبيتي للاستشارات,4652386773,361333761768213,ينبع,نورة العوفي,hanan.alsubaie@vendor6.sa.example,+966573676131,SA6330887544234199904459,نشط,2025-02-27
V01317,شركة الفيفي للتطوير البرمجي,3206971948,317983290311743,حائل,نجود الشهري,safaa.alghamdi@vendor23.sa.example,+966583019153,SA5596096108155046878939,نشط,2025-01-04
V01318,مصنع البلوي للخدمات البيئية,6506419437,397535618961873,نجران,دلال الزياني,,+966505014347,SA7553645553748814172492,نشط,2026-01-13
V01319,شركة مساهمة الرويلي للاتصالات,5854350052,328260428186913,خميس مشيط,أنوار السلمي,hani.alzahrani@vendor22.sa.example,+966529864671,SA3360470205007103794609,نشط,2026-02-26
V01320,مجموعة البلوي للأمن السيبراني,4032487646,399252329020963,الطائف,نادية الصاعدي,safaa.alswat@vendor7.sa.example,+966558859910,SA5954944512935145188899,نشط,2024-06-07
V01321,مختبرات السلمي للخدمات البيئية,4652047940,365933140424793,ينبع,خلود القرني,maisa.alrubaie@vendor30.sa.example,+966556556872,SA3379885248000370185450,نشط,2024-04-19
V01322,مكتب الصاعدي للتطوير البرمجي,2050083079,351805117423993,الدمام,بشاير الحازمي,khalid.alhumaidi@vendor2.sa.example,+966551149260,SA3592961144424463464863,نشط,2025-07-30
V01323,مختبرات المقرن للتجهيزات الطبية,2051928353,397188319536613,الجبيل,هند الهاجري,abdullah.alarjani@vendor30.sa.example,+966573081292,SA1727662817694055441361,نشط,2025-12-04
V01324,مجموعة العسيري للمقاولات,5854713196,309423148077693,خميس مشيط,بشاير العرجاني,basel.alotaibi@vendor22.sa.example,+966593463922,SA7500314106229471060165,نشط,2024-05-12
V01325,شركة الهاجري للإعلام والتواصل,4650398727,334976028397363,المدينة المنورة,نايف الدوسري,haifa.almutairi@vendor17.sa.example,+966506487029,SA0565518391274663601385,نشط,2024-08-15
V01326,شركة مساهمة العمري للبنية التحتية,4030720512,374689350299553,جدة,عبدالله السديري,sultan.almutairi@vendor15.sa.example,+966533443700,SA4291378216404322296881,نشط,2025-09-12
V01327,مكتب الهاجري لتقنية المعلومات,3206981025,381765648606643,حائل,عبدالكريم الزهراني,,+966510982879,SA9270419430109765206841,نشط,2024-12-02
V01328,مركز الغامدي للترجمة والتعريب,2050239668,314698364408083,الدمام,لمى الغامدي,mona.aljohani@vendor24.sa.example,+966522683494,SA5835520164863223071163,نشط,2026-04-14
V01329,مجموعة المالكي للتسويق الرقمي,4031533085,375360882255913,مكة المكرمة,راشد المرواني,muath.almasoud@vendor9.sa.example,+966575763570,SA7199407789141102424037,نشط,2025-08-14
V01330,مؤسسة السهلي للأعمال العقارية,4032940413,302677164756483,الطائف,لمى الشهراني,abdullah.alziyani@vendor24.sa.example,+966596466060,SA8735927942863000480100,نشط,2026-01-14
V01331,مؤسسة السلمي للمستشفيات,5855873793,388520518462223,أبها,مساعد العوفي,wafaa.alsubaie@vendor5.sa.example,+966529699362,SA0227345522209225826508,نشط,2025-08-20
V01332,مجموعة الفيفي للتسويق الرقمي,7106863425,347227957270553,سكاكا,ديمة الهاجري,,+966547515297,SA4416208418979374832531,نشط,2024-05-20
V01333,شركة العامري للتعليم والتدريب,3406185694,334146579442533,بريدة,مازن الرويلي,jawaher.alqurashi@vendor11.sa.example,+966500672429,SA1551090460227911602590,نشط,2025-07-31
V01334,شركة الجهني لتقنية المعلومات,3206056342,360656352643263,حائل,عبدالرحمن العنزي,dalal.alamri@vendor18.sa.example,+966564600515,SA8562265706508029351160,نشط,2026-03-23
V01335,مختبرات الشهراني لإدارة المشاريع,4650164893,335641361183323,المدينة المنورة,عمر الحازمي,sara.alsubaie@vendor27.sa.example,+966532458869,SA7067373675083142171864,نشط,2025-09-01
V01336,شركة مساهمة المطيري للمستشفيات,5855340573,387090125254203,أبها,فاطمة الجهني,areej.alaufi@vendor15.sa.example,+966521101056,SA9185762338206116114824,نشط,2024-10-13
V01337,مجموعة الغامدي للاتصالات,4031366191,332582668269173,مكة المكرمة,سحر الحميدي,anwar.alswat@vendor22.sa.example,+966571655303,SA2295323487080048248255,نشط,2025-08-29
V01338,مصنع الشهري للتسويق الرقمي,5855407163,340640507087613,أبها,أمل العرجاني,anas.alarjani@vendor16.sa.example,+966509390704,SA5085016153471711250386,نشط,2026-01-13
V01339,شركة مساهمة الرويلي للترجمة والتعريب,4650002794,325332912768203,المدينة المنورة,سامي البلوي,anas.alghamdi@vendor22.sa.example,+966517236399,SA9728785784386472321379,نشط,2024-08-01
V01340,مجموعة البلوي للمستشفيات,4652162670,343332875521743,ينبع,صفاء الشهري,basel.alruwaily@vendor11.sa.example,+966594532776,SA6428422943956876659746,نشط,2026-04-24
V01341,مصنع الحوساوي للاتصالات,4032923175,324058389065873,الطائف,وليد الرويلي,rahaf.alharbi@vendor10.sa.example,+966594896462,SA4499117395090279933990,نشط,2024-09-01
V01342,مجموعة الغامدي للتسويق الرقمي,6506921341,301615648438513,نجران,سعد العامري,najla.alsubaie@vendor19.sa.example,+966519851319,SA2308058005250277762908,نشط,2026-03-31
V01343,مجموعة البقمي للتطوير البرمجي,6006987195,314692872331343,جازان,زياد البلوي,sara.alghamdi@vendor22.sa.example,+966513734428,SA4113441850015725698160,نشط,2026-03-16
V01344,مركز الرويلي للترجمة والتعريب,5606240998,332305146854923,تبوك,نجلاء الزبيدي,ahmed.alqarni@vendor14.sa.example,+966549170916,SA9875516341594773942290,نشط,2026-06-08
V01345,مختبرات الزهراني للخدمات المالية,2050861816,307891884269983,الدمام,عمر الحازمي,salman.alaufi@vendor26.sa.example,+966565630779,SA6290510474122542751383,نشط,2026-02-14
V01346,شركة العرجاني للتطوير البرمجي,4650585010,304977372454443,المدينة المنورة,مساعد العسيري,noura.alghamdi@vendor10.sa.example,+966534061837,SA9621486972225069834414,نشط,2025-02-20
V01347,مكتب العتيبي للطباعة والنشر,1010785099,372789958292543,الرياض,باسل البلوي,kareem.altamimi@vendor22.sa.example,+966500667835,SA2880736421522292421810,نشط,2024-11-15
V01348,مكتب البلوي للمستشفيات,3406581907,368480804012553,بريدة,يمنى الحربي,areej.alsharif@vendor11.sa.example,+966584757509,SA6927156467643870391069,نشط,2025-12-31
V01349,شركة الخالدي لتقنية المعلومات,2051095278,338931882234913,الجبيل,محمد العنزي,khalid.alsubaie@vendor22.sa.example,+966518919496,SA8915347589126450155255,نشط,2025-01-28
V01350,شركة مساهمة العتيبي للخدمات اللوجستية,7106436241,336858124061483,سكاكا,عبدالعزيز الدوسري,dima.alruwaily@vendor6.sa.example,+966530912957,SA4161767220900408809855,نشط,2026-01-25
V01351,مركز الرشيدي للتعليم والتدريب,6506763814,380753686692803,نجران,نواف الحازمي,hind.alashmari@vendor21.sa.example,+966541028316,SA5065588424750347622655,نشط,2025-02-26
V01352,شركة العنزي لإدارة المشاريع,5606898572,397077591550413,تبوك,أحمد الغامدي,rand.alrashidi@vendor7.sa.example,+966583544596,SA5945240949334860022373,نشط,2025-09-17
V01353,مكتب الصاعدي للاتصالات,6006784278,399089585359043,جازان,هاني المرواني,wael.alziyani@vendor8.sa.example,+966550433233,SA8207426262888050326149,نشط,2024-11-26
V01354,مكتب الفيفي للاتصالات,3206333871,330903878846293,حائل,حمد الحازمي,mansour.alrashidi@vendor22.sa.example,+966518292348,SA2685760653884760605325,نشط,2025-12-19
V01355,شركة المرواني للمقاولات,2050236359,378501728671513,الدمام,صفاء المسعود,ibtisam.alshahrani@vendor23.sa.example,+966554888845,SA7681953435831239884571,نشط,2025-12-08
V01356,مركز القحطاني للأعمال العقارية,2050511367,342793004032303,الدمام,باسل الحازمي,nadia.alghamdi@vendor19.sa.example,+966581023164,SA7683849501290700596743,نشط,2024-09-08
V01357,مكتب الشهراني لتقنية المعلومات,4030229579,385328749825973,جدة,سلمى الرشيدي,areej.alruwaily@vendor12.sa.example,+966537289828,SA9701152861686986452961,نشط,2025-12-19
V01358,مجموعة اليامي للمستشفيات,1010045212,360432737350503,الرياض,حنان الأسمري,mayaa.alshahrani@vendor7.sa.example,+966554831871,SA3724220397665408707480,نشط,2024-07-03
V01359,مختبرات السهلي لتقنية المعلومات,5606709910,311876259927353,تبوك,أيمن السديري,abdulaziz.alhajri@vendor25.sa.example,+966566360402,SA8646660818483886472093,نشط,2025-04-14
V01360,مختبرات السديري للاستشارات,3406874105,353572863529323,بريدة,خالد الفيفي,luay.alamri@vendor24.sa.example,+966519794202,SA9857308085829512355173,نشط,2024-06-10
V01361,مركز السهلي للاتصالات,6506364430,368171710092293,نجران,سارة الحربي,samar.alsudairi@vendor5.sa.example,+966588367954,SA9467283393281214691805,نشط,2025-03-26
V01362,مؤسسة الربيعي للأعمال العقارية,5606846855,352171723114523,تبوك,شهد الصاعدي,badr.alsudairi@vendor16.sa.example,+966562812548,SA1156682915094407119280,نشط,2024-07-28
V01363,مجموعة الزبيدي للاتصالات,6506385703,345442372826393,نجران,هند المسعود,ibrahim.alsubaie@vendor10.sa.example,+966598147416,SA8691965290978616755724,نشط,2025-01-10
V01364,مصنع الدوسري للتطوير البرمجي,5606014438,376739828260183,تبوك,حمزة الأسمري,hind.almugrin@vendor9.sa.example,+966558447183,SA9830472375222890700081,نشط,2024-11-03
V01365,مكتب الدوسري للأمن السيبراني,3206483457,375356110917473,حائل,لطيفة العرجاني,jasem.albalawi@vendor4.sa.example,+966554055062,SA0781684321988886614643,نشط,2026-03-26
V01366,مصنع العامري للطباعة والنشر,4650855895,363634191850423,المدينة المنورة,زينب الهاجري,hanan.alshahrani@vendor1.sa.example,+966511868741,SA1782842696067674865045,نشط,2025-09-09
V01367,مختبرات الزياني للصناعات الغذائية,3406358106,320049490816753,بريدة,سلمان الشمري,bayan.alhosawy@vendor28.sa.example,+966570802067,SA8191005797941005049175,نشط,2025-01-14
V01368,شركة الحوساوي للصناعات الغذائية,5854423538,364351339133563,خميس مشيط,شيماء الأسمري,ibtisam.albqami@vendor9.sa.example,+966542951915,SA7292821124305276237122,نشط,2025-05-04
V01369,شركة التميمي للخدمات المالية,7106603534,357648630349403,سكاكا,مياء الرويلي,abeer.alghamdi@vendor9.sa.example,+966575011812,SA4368727298260318344637,نشط,2025-05-17
V01370,مركز السبيعي لإدارة المشاريع,4030621915,328586568029143,جدة,هاني الربيعي,omar.alarjani@vendor17.sa.example,+966519101694,SA7453874106081226771935,نشط,2025-08-07
V01371,مصنع السواط للمقاولات,6506095183,367677654647613,نجران,أحمد السواط,musaid.alshahrani@vendor19.sa.example,+966574702326,SA4680025419357208708809,نشط,2024-09-03
V01372,مؤسسة الحربي لتقنية المعلومات,4652818402,309541989258953,ينبع,أمل القحطاني,shahad.alanazi@vendor22.sa.example,+966592321402,SA6086871823335892634361,نشط,2025-03-28
V01373,مكتب الغامدي للصناعات الغذائية,4650080171,372669434132063,المدينة المنورة,خالد العسيري,nasser.albalawi@vendor24.sa.example,+966576161423,SA7376576318300482541660,نشط,2025-02-12
V01374,مختبرات السهلي للأعمال العقارية,1010305078,355283852600633,الرياض,فهد البلوي,sara.alotaibi@vendor2.sa.example,+966598784018,SA4686613876016842598151,نشط,2025-03-26
V01375,مختبرات الربيعي للتعليم والتدريب,7106312874,379979006700163,سكاكا,يمنى الصاعدي,hind.alziyani@vendor10.sa.example,+966531475594,SA1640054029092099190642,نشط,2026-01-22
V01376,مختبرات الشهراني للمقاولات,2051113912,362332598962763,الجبيل,أسماء الزبيدي,dima.alqahtani@vendor10.sa.example,,SA9857619872261617872757,نشط,2024-12-14
V01377,مجموعة الشمري للتسويق الرقمي,5606351199,315974050851793,تبوك,رؤيا السواط,nadia.alotaibi@vendor11.sa.example,+966512944880,SA4803211612039906442901,نشط,2025-12-10
V01378,مجموعة الرويلي لإدارة المشاريع,5854415179,366416390511013,خميس مشيط,ماجد الزبيدي,aljawharah.alqurashi@vendor17.sa.example,+966558776659,SA2607071952541622644098,نشط,2025-08-07
V01379,مكتب السهلي للخدمات البيئية,3406628871,320154166302723,بريدة,وفاء الحربي,mohammed.alsubaie@vendor26.sa.example,+966543096549,SA5531520681569210595390,نشط,2025-05-18
V01380,مصنع اليامي للأعمال العقارية,2051109895,300891628964493,الجبيل,عبدالوهاب القحطاني,ibtisam.alshamri@vendor29.sa.example,+966507890945,SA7098696904422026209222,نشط,2024-10-17
V01381,مجموعة العسيري للمستشفيات,4031451039,375146905158253,مكة المكرمة,أحمد الغامدي,mazen.alziyani@vendor29.sa.example,+966510320695,SA0447513356220685682308,نشط,2024-09-18
V01382,مكتب المرواني للتسويق الرقمي,5606640311,378456827241043,تبوك,نجلاء العتيبي,hamad.alsaaidi@vendor3.sa.example,+966595714429,SA4720223839359563820650,نشط,2024-10-07
V01383,مجموعة العوفي للاتصالات,5606560535,368456234697073,تبوك,عبدالكريم الجهني,shehab.alkhaldi@vendor30.sa.example,+966539798768,SA4375002610323359729882,نشط,2024-07-29
V01384,مصنع الأسمري للتعليم والتدريب,6006528041,329081050579823,جازان,سحر العرجاني,mona.almarwani@vendor18.sa.example,+966594249640,SA1432020972046486028730,نشط,2025-10-01
V01385,مكتب الربيعي للترجمة والتعريب,2051845924,371202032592083,الجبيل,عبير التميمي,shaima.albqami@vendor28.sa.example,+966545651320,SA0697597739922781688631,نشط,2025-07-02
V01386,مجموعة المقرن للتطوير البرمجي,3406295904,332867433010483,بريدة,فيصل الغامدي,rania.almutairi@vendor30.sa.example,+966556035049,SA1490892362504149690556,نشط,2025-01-12
V01387,شركة مساهمة الحميدي للتعليم والتدريب,5855693402,380102686139763,أبها,ميساء الغامدي,kholoud.alsalmi@vendor13.sa.example,+966587972371,SA5054908919211087486543,نشط,2026-06-07
V01388,مجموعة التميمي للتعليم والتدريب,4650479745,370417766177943,المدينة المنورة,ميساء الهاجري,rami.alaufi@vendor14.sa.example,+966511498947,SA5704882317374804329426,نشط,2025-12-22
V01389,مختبرات الربيعي للمقاولات,5606926001,378580449035673,تبوك,عادل البلوي,tala.alhosawy@vendor7.sa.example,+966510940551,SA3027851192205713074538,نشط,2024-08-30
V01390,شركة العتيبي للخدمات المالية,6506453581,357764797899823,نجران,رنا الحوساوي,abdulwahhab.alarjani@vendor2.sa.example,+966556320761,SA1511578317782739771017,نشط,2026-05-18
V01391,مصنع السواط للأعمال العقارية,4031127671,394920006153483,مكة المكرمة,إيمان السبيعي,hani.almasoud@vendor5.sa.example,+966572582574,SA0358788157987721331637,نشط,2026-06-12
V01392,مكتب المرواني للخدمات البيئية,3406651556,348243276566493,بريدة,صفاء السهلي,dima.alanazi@vendor4.sa.example,+966536604585,SA6593845978242441584207,نشط,2024-05-16
V01393,مجموعة القرشي للمقاولات,6906698265,354738445010393,عرعر,بشاير الجهني,samar.almalki@vendor22.sa.example,+966520799668,SA5606408925280420747659,نشط,2026-05-27
V01394,مؤسسة الصاعدي للأعمال العقارية,4032685064,382190310498053,الطائف,زياد الشريف,ayman.alruwaily@vendor13.sa.example,+966545632658,SA8184903261885393122385,نشط,2025-05-21
V01395,شركة الهاجري للتطوير البرمجي,4652390091,362851173036703,ينبع,خالد الشريف,hassan.albalawi@vendor17.sa.example,+966567857030,SA1024707063575382031296,نشط,2026-05-09
V01396,مختبرات السديري لتقنية المعلومات,1010557359,386895083478343,الرياض,بيان العنزي,wael.alhosawy@vendor12.sa.example,+966536403483,SA2088436064525570321115,نشط,2024-10-04
V01397,مختبرات المطيري لتقنية المعلومات,5855196349,393414955478063,أبها,سلمى الزياني,ahmed.alsahli@vendor19.sa.example,+966533404856,SA6221429628489974703040,نشط,2024-06-25
V01398,مركز القرني للخدمات المالية,4030595900,347212863557813,جدة,وليد السهلي,omar.alashmari@vendor1.sa.example,+966590366604,SA7936309234754973813934,نشط,2026-04-11
V01399,مركز الرويلي لتقنية المعلومات,3406829645,380145489888063,بريدة,أيمن الأسمري,ahmed.alzubaidi@vendor16.sa.example,+966585156409,SA5615161658341095852908,نشط,2025-03-04
V01400,مختبرات المقرن للصناعات الغذائية,6006225714,304316238282303,جازان,معاذ السبيعي,luay.alhajri@vendor14.sa.example,+966522652907,SA5433103197837847747587,نشط,2025-08-16
V01401,مجموعة الأسمري للصناعات الغذائية,4650248485,362684825707763,المدينة المنورة,غدير العنزي,khalid.alamri@vendor1.sa.example,+966542420222,SA4070386416447917051291,نشط,2025-02-19
V01402,شركة العنزي للتعليم والتدريب,6906141630,328903430486883,عرعر,رؤيا الرشيدي,ghanem.alashmari@vendor29.sa.example,+966528965076,SA2134979593589598695006,نشط,2024-08-31
V01403,مصنع القحطاني للأعمال العقارية,6006255676,383737763469703,جازان,حمد السديري,muath.albalawi@vendor9.sa.example,+966553695846,SA2489730851162559391787,نشط,2024-06-28
V01404,شركة مساهمة الفيفي للأعمال العقارية,4650099669,354709797008963,المدينة المنورة,لؤي المطيري,hussein.alarjani@vendor30.sa.example,+966530834266,SA6943864633958330633103,نشط,2025-07-13
V01405,مختبرات القحطاني للتعليم والتدريب,7106251408,386381693273943,سكاكا,مشعل القحطاني,rana.alhazmi@vendor4.sa.example,+966598556154,SA1188999904188619865283,نشط,2026-04-08
V01406,مؤسسة المالكي للأعمال العقارية,4030388068,384015079810793,جدة,ابتسام الربيعي,hussein.alghamdi@vendor21.sa.example,+966527044002,SA9457187343232076495678,نشط,2024-10-18
V01407,مصنع العرجاني للاتصالات,6506578998,349149205986533,نجران,طلال السلمي,kareem.almasoud@vendor29.sa.example,+966523158740,SA8365224155086258768341,نشط,2025-07-08
V01408,مصنع الدوسري للتجهيزات الطبية,5855565043,321488090467483,أبها,العنود التميمي,turki.albqami@vendor9.sa.example,+966529199371,SA5665911214503275802193,نشط,2025-08-12
V01409,مختبرات الخالدي لتقنية المعلومات,4031665485,358402232696933,مكة المكرمة,سمر البلوي,maisa.alarjani@vendor8.sa.example,+966557467371,SA9843464231777478260395,نشط,2024-11-29
V01410,شركة الرشيدي للمستشفيات,5854524277,329983757277143,خميس مشيط,فهد المرواني,saleh.alharbi@vendor2.sa.example,+966572676596,SA3275938170294033396059,نشط,2025-07-13
V01411,شركة مساهمة الحازمي للصناعات الغذائية,5606642384,349614047173953,تبوك,لطيفة البلوي,rana.alsudairi@vendor10.sa.example,+966527160923,SA4483678648016431333622,نشط,2024-09-06
V01412,مجموعة السديري للصناعات الغذائية,4652588642,388057824364783,ينبع,نواف المطيري,hassan.alamri@vendor24.sa.example,+966503608675,SA0318772732422620357525,نشط,2026-03-09
V01413,شركة الأسمري للبنية التحتية,6906443543,320341957029893,عرعر,رؤيا الشمري,heba.alruwaily@vendor5.sa.example,+966558963862,SA1549474499996044894014,نشط,2025-08-08
V01414,شركة مساهمة العمري للتسويق الرقمي,2050163916,323965331265553,الدمام,وليد الثبيتي,hussein.alsharif@vendor4.sa.example,+966598732100,SA7444957822547926538116,نشط,2024-06-04
V01415,شركة مساهمة الربيعي للخدمات المالية,3206920178,398167738928323,حائل,طلال الخالدي,hassan.alomari@vendor21.sa.example,,SA8101122558649862453985,نشط,2025-01-11
V01416,مؤسسة الحربي للتجهيزات الطبية,3206992795,349661803295963,حائل,فاطمة الغامدي,shehab.almugrin@vendor11.sa.example,+966546841380,SA8639940953179466292003,نشط,2024-08-14
V01417,شركة الحميدي للخدمات المالية,4650464432,374950428390053,المدينة المنورة,رانيا الصاعدي,hamza.alaufi@vendor2.sa.example,+966585686252,SA8742250705033156153241,نشط,2026-06-02
V01418,مختبرات الحازمي للاتصالات,4652366164,305451593490903,ينبع,إبراهيم العرجاني,maha.alruwaily@vendor13.sa.example,+966536419578,SA8149058653400603564085,نشط,2025-04-17
V01419,مجموعة الرشيدي للتجهيزات الطبية,1010250383,385318490605,الرياض,سمر السبيعي,salman.alrubaie@vendor26.sa.example,+966555592036,SA1666463399346471399008,نشط,2022-12-21
V01420,مجموعة العمري للتطوير البرمجي,5854071100,364872139421973,خميس مشيط,أحمد الشهراني,najoud.aldosari@vendor21.sa.example,+966565198619,SA7022369858381400001003,نشط,2024-04-22
V01421,مركز القرني للترجمة والتعريب,6006226727,388297917101253,جازان,نجود الشريف,anwar.albalawi@vendor12.sa.example,+966556153384,SA4034899369024262141099,نشط,2025-03-26
V01422,شركة الفيفي للاتصالات,3206146406,316358773065823,حائل,محمد القرشي,aljawharah.alshamri@vendor9.sa.example,+966503688831,SA2728543975567517862332,نشط,2024-11-08
V01423,مؤسسة الزياني للتطوير البرمجي,5854668120,376341978450293,خميس مشيط,ابتسام العوفي,ziad.alswat@vendor24.sa.example,+966598626217,SA7327335618797225496987,نشط,2025-06-04
V01424,شركة البقمي للبنية التحتية,6906483056,304281004916733,عرعر,منى الربيعي,,+966538383330,SA8590069066179949938822,نشط,2024-09-08
V01425,شركة مساهمة العنزي للصناعات الغذائية,1010621921,387106470614163,الرياض,ديمة التميمي,ziad.alhazmi@vendor28.sa.example,+966559010256,SA9899975188767221977105,نشط,2026-01-30
V01426,مجموعة السلمي للخدمات المالية,4030613108,370860534919963,جدة,ناصر السبيعي,hussein.alqarni@vendor7.sa.example,+966521019027,SA1063080283304238515109,نشط,2024-07-10
V01427,مصنع المالكي للمقاولات,1010388218,397088418168543,الرياض,هند العنزي,wafaa.alanazi@vendor17.sa.example,+966588729971,SA8033239305919361459104,نشط,2024-08-30
V01428,مكتب العسيري للخدمات المالية,5854511339,380477916104293,خميس مشيط,راشد الغامدي,hamza.almutairi@vendor1.sa.example,+966563064280,SA9184120246134667257321,نشط,2024-11-14
V01429,مجموعة المالكي للأعمال العقارية,7106325180,374891650245223,سكاكا,مشعل الرشيدي,safaa.alghamdi@vendor11.sa.example,+966504181821,SA0683956778168768325570,نشط,2025-01-02
V01430,مختبرات الرشيدي للخدمات اللوجستية,4032450462,373256007980363,الطائف,شهد المسعود,salman.alhajri@vendor23.sa.example,+966563511020,SA7663735842413603978375,نشط,2024-08-21
V01431,مختبرات البقمي للأمن السيبراني,2050473453,300597488773033,الدمام,الجوهرة البلوي,jasem.alghamdi@vendor23.sa.example,+966543264911,SA5975556259786954387379,نشط,2025-06-24
V01432,مصنع الخالدي للاتصالات,4652121215,359064354358833,ينبع,معاذ الربيعي,rania.alhumaidi@vendor14.sa.example,+966547515544,SA9061267111025182199401,نشط,2025-12-03
V01433,مصنع الرويلي للطباعة والنشر,5855734192,395446273092523,أبها,شهد الجهني,ibtisam.alsubaie@vendor1.sa.example,+966507368196,SA6929187656084411290001,active,2025-08-24
V01434,مؤسسة البقمي لإدارة المشاريع,5606687890,348174827020443,تبوك,ديمة العرجاني,nasser.albalawi@vendor29.sa.example,+966593069618,SA4263176132454973591758,نشط,2024-10-24
V01435,مختبرات العامري للخدمات المالية,1010575219,361525204303723,الرياض,هند القرشي,sara.alruwaily@vendor1.sa.example,+966521964593,SA5003840308419404409248,نشط,2025-10-16
V01436,شركة المطيري للتسويق الرقمي,4031762543,365663124611963,مكة المكرمة,العنود السهلي,faisal.alghamdi@vendor8.sa.example,+966549104027,SA1124594682784637332668,نشط,2024-07-07
V01437,مؤسسة الحربي للتطوير البرمجي,4652174056,369351900946613,ينبع,حمد الرويلي,hamad.alqahtani@vendor4.sa.example,+966589222338,SA2753757783370067856227,نشط,2025-12-22
V01438,مؤسسة الغامدي للخدمات المالية,2050767717,396766020796303,الدمام,تالا العامري,jawaher.aldosari@vendor21.sa.example,+966552852728,SA4581268080441517349310,نشط,2025-01-12
V01439,مصنع الثبيتي للخدمات اللوجستية,7106937115,303707179639183,سكاكا,عبدالله البلوي,maha.aldosari@vendor23.sa.example,+966535404183,SA2343749769341941705948,نشط,2025-10-22
V01440,شركة مساهمة الحوساوي للاتصالات,5606962687,359361757703053,تبوك,دلال الفيفي,adel.alamri@vendor10.sa.example,+966526169949,SA2769698862906450336354,نشط,2026-02-28
V01441,مصنع الهاجري للتطوير البرمجي,4032141576,339210307427903,الطائف,مروة الغامدي,maha.althbiti@vendor29.sa.example,+966588011683,SA3709262751572381895458,نشط,2026-03-01
V01442,مختبرات البلوي للصناعات الغذائية,5606343418,360625128876833,تبوك,تركي الزبيدي,rami.alasiri@vendor18.sa.example,+966511280873,SA7220802856298131163826,نشط,2026-04-14
V01443,شركة القرني للخدمات المالية,1010438532,398815900557883,الرياض,زياد الثبيتي,,+966543303267,SA8603300652454420270227,نشط,2025-08-19
V01444,مؤسسة اليامي للخدمات المالية,4652415417,309947132360243,ينبع,إيمان السلمي,rania.alashmari@vendor8.sa.example,+966510542212,SA1387172302500711385089,نشط,2025-04-10
V01445,مكتب العمري للتجهيزات الطبية,5855158153,312274174485253,أبها,سارة الحازمي,nadia.alhosawy@vendor2.sa.example,+966594331521,SA0709956660904034053569,نشط,2025-11-06
V01446,مركز القرني للإعلام والتواصل,5854843676,366395045465023,خميس مشيط,رامي المالكي,basel.alghamdi@vendor12.sa.example,+966566151352,SA6493872496972040333642,نشط,2025-04-23
V01447,مركز المرواني للمستشفيات,5606384273,331830589424073,تبوك,رؤيا السديري,abdulwahhab.alghamdi@vendor1.sa.example,+966574836613,SA8000086028832908109834,نشط,2025-03-20
V01448,مركز المقرن للتسويق الرقمي,4030297708,385585944499853,جدة,نجلاء السديري,alanoud.alhosawy@vendor2.sa.example,+966554418031,SA3757574638915328841525,نشط,2024-05-09
V01449,مصنع الشمري للصناعات الغذائية,4030423886,332960031803943,جدة,حمد البلوي,kholoud.altamimi@vendor3.sa.example,+966556682017,SA8797964252228842880402,نشط,2025-01-24
V01450,مكتب الشهري للتجهيزات الطبية,6906013268,371564284615113,عرعر,رند المسعود,saqr.alarjani@vendor14.sa.example,+966561944269,SA8694701849726529591612,نشط,2025-01-04
V01451,مكتب الأسمري للترجمة والتعريب,3206723294,305685634950663,حائل,رانيا الحميدي,hamza.alhosawy@vendor21.sa.example,+966594034641,SA1306448907495345142206,نشط,2024-11-23
V01452,شركة مساهمة الأسمري للمستشفيات,7106698001,375726646257453,سكاكا,شهد العنزي,majed.alsudairi@vendor14.sa.example,+966571148773,SA5488534429684001924235,نشط,2025-07-29
V01453,مركز الشهراني للاستشارات,6906693360,335433738373693,عرعر,أنوار الصاعدي,reem.alruwaily@vendor18.sa.example,+966583704649,SA5875235290407896703416,نشط,2025-09-11
V01454,مصنع الدوسري للبنية التحتية,7106040857,370201581965173,سكاكا,تركي الغامدي,saad.almutairi@vendor19.sa.example,+966571249967,SA5344453856883676377678,نشط,2026-04-27
V01455,شركة مساهمة العامري للتعليم والتدريب,3406480046,396723542386653,بريدة,سلمى البلوي,ibrahim.alghamdi@vendor25.sa.example,+966520403518,SA6522639913348527779965,نشط,2022-03-10
V01456,مصنع السلمي للتجهيزات الطبية,3206510678,389610004806223,حائل,مساعد المطيري,shaima.almalki@vendor26.sa.example,+966547224890,SA3737185539730924439634,نشط,2026-01-13
V01457,مركز الحميدي لإدارة المشاريع,4032752143,335150333486003,الطائف,ريم العرجاني,dalal.alhosawy@vendor22.sa.example,+966510970869,SA2702246336692592534892,نشط,2026-01-31
V01458,مجموعة المرواني للتعليم والتدريب,6006273627,368602401981973,جازان,غانم القحطاني,bashayir.alashmari@vendor16.sa.example,+966541797681,SA7084499167207423930998,نشط,2025-11-19
V01459,مصنع المرواني للاستشارات,5606858640,300170450973423,تبوك,حسين الغامدي,yousef.albqami@vendor2.sa.example,+966506075218,SA8417432815984653408223,نشط,2026-04-15
V01460,مركز الدوسري للمستشفيات,6006927810,380585481390993,جازان,طلال القرني,abdullah.alfaifi@vendor16.sa.example,+966582153472,SA5567931836629111264807,نشط,2025-09-27
V01461,مؤسسة العمري للتطوير البرمجي,4031584371,346354908002413,مكة المكرمة,هند الرويلي,,+966502715561,SA1996388908240148370723,نشط,2025-11-25
V01462,مختبرات البقمي للخدمات البيئية,6506307268,314622397640913,نجران,رهف السواط,reem.altamimi@vendor18.sa.example,+966568122364,SA5459802455524995417922,نشط,2025-12-31
V01463,مكتب العوفي للخدمات اللوجستية,1010111405,361124363843803,الرياض,عمر القرشي,basel.alsaaidi@vendor17.sa.example,+966515754931,SA2369100036584663246679,نشط,2025-02-07
V01464,مصنع الهاجري للتطوير البرمجي,2051038408,399088698978963,الجبيل,صفاء الزهراني,nasser.alqahtani@vendor1.sa.example,+966534668285,SA7902870959139766316655,نشط,2025-02-19
V01465,مصنع السلمي للاستشارات,4650683637,399760031364933,المدينة المنورة,ميساء العرجاني,eman.alswat@vendor3.sa.example,+966567294172,SA1808483286095099389438,نشط,2025-12-25
V01466,شركة مساهمة المطيري لتقنية المعلومات,4032685978,303973216329533,الطائف,سعد الزياني,yomna.almasoud@vendor1.sa.example,+966543291774,SA4234930622488596264602,نشط,2025-11-08
V01467,مكتب العامري للأمن السيبراني,1010998466,319687966384603,الرياض,خالد القرني,naif.alomari@vendor23.sa.example,+966581154331,SA4893950795521464361357,نشط,2025-07-11
V01468,مؤسسة الرشيدي للتجهيزات الطبية,5606663706,394587564211603,تبوك,تركي القرني,tala.alhazmi@vendor2.sa.example,+966518383932,SA1275158428296103605617,نشط,2025-07-25
V01469,شركة مساهمة الزبيدي لتقنية المعلومات,6506277130,383475170506133,نجران,ديمة الشهري,ruya.alsudairi@vendor15.sa.example,+966556163161,SA4932211082219293057029,نشط,2025-05-31
V01470,مختبرات الحميدي للترجمة والتعريب,3406308808,354181537413593,بريدة,بشاير الصاعدي,ibrahim.almalki@vendor6.sa.example,+966597820592,SA4513146100684424089388,نشط,2024-05-24
V01471,مركز العوفي للبنية التحتية,4650091376,377474845931123,المدينة المنورة,كريم الحربي,basel.alkhaldi@vendor2.sa.example,+966553337442,SA2069455091076262882339,نشط,2025-09-03
V01472,مجموعة الربيعي للمستشفيات,5854538209,326752976787673,خميس مشيط,ميساء اليامي,luay.almalki@vendor7.sa.example,+966579233499,SA3240422165846209530947,نشط,2026-01-08
V01473,مؤسسة القرشي للتجهيزات الطبية,5855030232,396446810940373,أبها,نايف الرشيدي,rahaf.alswat@vendor6.sa.example,+966595283183,SA6330332395249604726589,نشط,2026-03-19
V01474,مؤسسة القرني للمقاولات,6506439898,350323855842443,نجران,حمزة الثبيتي,abdulrahman.althbiti@vendor22.sa.example,+966554863147,SA4480354053237452465004,Active,2025-12-13
V01475,مصنع الحربي لتقنية المعلومات,7106163710,334944265598493,سكاكا,عبدالرحمن الحوساوي,fatima.alamri@vendor15.sa.example,+966511165024,SA5784174776763464981532,نشط,2026-04-09
V01476,مؤسسة الربيعي للبنية التحتية,4032087772,377724520740673,الطائف,مساعد السهلي,walid.alharbi@vendor14.sa.example,+966586886624,SA0613766998442588986531,نشط,2024-12-10
V01477,مجموعة المرواني للخدمات البيئية,1010597969,317325245440513,الرياض,يوسف الصاعدي,sara.alqurashi@vendor16.sa.example,+966517671676,SA2005998932252447580681,نشط,2025-06-20
V01478,مؤسسة الخالدي للترجمة والتعريب,2051423575,316776245387753,الجبيل,هبة القحطاني,abdulkarim.alanazi@vendor7.sa.example,+966595020244,SA4260553140909091472715,active,2026-02-20
V01479,مكتب السبيعي للخدمات المالية,7106624444,386970919124843,سكاكا,نواف الرويلي,eman.alsubaie@vendor19.sa.example,+966594105708,SA8921790485405778718582,نشط,2026-03-05
V01480,مجموعة التميمي للاستشارات,4030908455,303232221222123,جدة,دلال البلوي,faisal.alharbi@vendor5.sa.example,+966558338497,SA3777304072682380324404,نشط,2024-08-20
V01481,مختبرات العتيبي للتطوير البرمجي,6506259543,341395354933993,نجران,لطيفة السواط,,+966531210002,SA7608177797559054739771,نشط,2024-12-28
V01482,مؤسسة الشهري للتطوير البرمجي,7106192988,337467493778893,سكاكا,بشاير المالكي,abdulaziz.alswat@vendor13.sa.example,+966593089105,SA6982035842779293720123,نشط,2025-02-05
V01483,مؤسسة السبيعي للخدمات اللوجستية,6906220287,318119107399453,عرعر,لمى الصاعدي,muath.alqahtani@vendor15.sa.example,+966596600353,SA1948169911987369026736,نشط,2025-03-18
V01484,مجموعة السبيعي للطباعة والنشر,6506650793,372816226709863,نجران,بيان المقرن,rania.alamri@vendor13.sa.example,+966575715256,SA8821883016244608413764,نشط,2026-03-28
V01485,مصنع السديري للمقاولات,6506066193,312883557339453,نجران,أيمن الغامدي,muath.alqarni@vendor26.sa.example,+966544563797,SA7891671352355683490297,نشط,2024-05-18
V01486,شركة مساهمة العرجاني للاتصالات,4031511457,372922578305733,مكة المكرمة,عمر الحميدي,mohammed.alarjani@vendor11.sa.example,+966555755337,SA6982620580930546481436,نشط,2024-07-31
V01487,مؤسسة القحطاني للبنية التحتية,6506949045,312719276102213,نجران,رامي السلمي,majed.alotaibi@vendor18.sa.example,+966572172480,SA5272268943664278868791,نشط,2024-09-30
V01488,مؤسسة السلمي للخدمات اللوجستية,4031275516,337609450218213,مكة المكرمة,وائل السلمي,luay.almutairi@vendor22.sa.example,+966596319912,SA8464077478265608550408,نشط,2024-08-14
V01489,مجموعة الشهراني للتطوير البرمجي,4031034080,351668229207873,مكة المكرمة,تركي الشريف,salma.alshehri@vendor6.sa.example,+966555999126,SA3132207087950023792536,نشط,2026-05-18
V01490,مصنع الرشيدي للصناعات الغذائية,4032654002,305139533355433,الطائف,الجوهرة الحربي,bayan.alzubaidi@vendor13.sa.example,,SA9796476755379273992207,نشط,2025-02-03
V01491,مصنع التميمي للتطوير البرمجي,4030642722,361048166076463,جدة,تالا الرويلي,abdulaziz.alqurashi@vendor1.sa.example,+966558285326,SA5829275260191428779667,نشط,2024-07-19
V01492,مختبرات العرجاني للخدمات المالية,4650236016,332537017812443,المدينة المنورة,سارة السبيعي,abdullah.altamimi@vendor5.sa.example,+966549008348,SA0623729275776300456597,نشط,2025-03-11
V01493,مركز التميمي للبنية التحتية,5855944556,329286235984563,أبها,يمنى المسعود,nasser.alhazmi@vendor20.sa.example,+966503826825,SA5531725885790201084567,نشط,2024-08-22
V01494,مختبرات الحوساوي للأمن السيبراني,1010318684,315848049652243,الرياض,أنوار الزبيدي,luay.alqahtani@vendor1.sa.example,+966586828216,SA3069369635672010538364,نشط,2024-12-23
V01495,مركز التميمي للبنية التحتية,7106425559,319068338717013,سكاكا,سحر الربيعي,mayaa.alaufi@vendor16.sa.example,+966546493929,SA9745751878164448845879,نشط,2025-03-21
V01496,شركة مساهمة العسيري للخدمات المالية,4652546608,371117353610843,ينبع,عبدالوهاب العنزي,fahad.alarjani@vendor5.sa.example,+966550535838,SA5622509403915402173707,نشط,2025-09-17
V01497,مختبرات الغامدي للإعلام والتواصل,5606795828,374386661851803,تبوك,صفاء العامري,badr.alamri@vendor30.sa.example,,SA6173844820011520888785,نشط,2026-03-02
V01498,مؤسسة البلوي للإعلام والتواصل,4650825585,349367126633683,المدينة المنورة,مها الزبيدي,latifa.alruwaily@vendor8.sa.example,+966528320677,SA9715840567497471384879,نشط,2025-05-17
V01499,مجموعة القرشي للأعمال العقارية,4652533459,388855050127633,ينبع,غدير الشريف,mohammed.alhazmi@vendor4.sa.example,+966535782287,SA1781165355566218549677,نشط,2024-08-14
V01500,مجموعة الخالدي للخدمات المالية,2051085421,332363478521763,الجبيل,نادية الزهراني,bashayir.aljohani@vendor6.sa.example,+966591900151,SA3960465630485983211313,نشط,2025-08-29
V01154-DUP,شركة البلوي للتعليم والتدريب ,7106050820,349020671063153,سكاكا,عبدالعزيز اليامي,abdullah.alhazmi_dup@vendor30.sa.example,+966543153972,SA1851047322097972657115,نشط,2024-05-25
V00242-DUP,مكتب الشريف للخدمات اللوجستية ,4030334825,382501613051153,جدة,عبير المالكي,jawaher.alamri_dup@vendor4.sa.example,+966520548475,SA8143008020947472969712,نشط,2024-08-30
V00413-DUP,مكتب المسعود لتقنية المعلومات ,6906650481,382125564646233,عرعر,بيان البلوي,salman.alhumaidi_dup@vendor20.sa.example,+966576196075,SA2051393510431771490574,نشط,2026-04-01
V01104-DUP,مصنع المطيري للإعلام والتواصل ,2051215027,388022202222043,الجبيل,نجلاء السديري,abeer.alsahli_dup@vendor24.sa.example,+966514352636,SA0260819098177648015380,نشط,2024-08-30
V00455-DUP,مصنع الشمري للبنية التحتية ,2050579785,327684000911153,الدمام,لؤي الخالدي,abdullah.alzubaidi_dup@vendor11.sa.example,+966553645814,SA7082542723396550100454,نشط,2026-02-28
V00394-DUP,مختبرات الصاعدي للتسويق الرقمي ,7106627157,340104646251403,سكاكا,رامي الأسمري,areej.alhosawy_dup@vendor4.sa.example,+966541563261,SA1325009617220131656759,نشط,2026-01-31
V00259-DUP,مختبرات العنزي للبنية التحتية ,3206049605,375448805100543,حائل,أنوار الزبيدي,ayman.alziyani_dup@vendor11.sa.example,+966588710303,SA1325874886192353576741,نشط,2025-03-24
V00770-DUP,مركز الحميدي للاستشارات ,1010825538,315274866160613,الرياض,شهاب الرشيدي,wael.alrashidi_dup@vendor15.sa.example,+966571221950,SA5552306405315262651343,نشط,2024-12-30
V00643-DUP,مؤسسة الهاجري للاستشارات ,6006658656,359731411238703,جازان,حمد العسيري,ahmed.alshamri_dup@vendor5.sa.example,+966571393245,SA1194427446828413874881,نشط,2024-12-23
V00022-DUP,مختبرات الرويلي للأمن السيبراني ,3206844943,378877663934823,حائل,مروة الرويلي,abdulrahman.alsaaidi_dup@vendor5.sa.example,+966548966947,SA5142326316454748037674,نشط,2025-11-06
V01388-DUP,مجموعة التميمي للتعليم والتدريب ,4650479745,370417766177943,المدينة المنورة,ميساء الهاجري,rami.alaufi_dup@vendor14.sa.example,+966511498947,SA5704882317374804329426,نشط,2025-12-22
V00098-DUP,مؤسسة العرجاني للإعلام والتواصل ,4031729643,335520578390363,مكة المكرمة,سعد الفيفي,fatima.albalawi_dup@vendor15.sa.example,+966595349254,SA2144008255134660306399,نشط,2025-03-17
V00111-DUP,مكتب المسعود للمقاولات ,3406276934,334708363654823,بريدة,مازن الثبيتي,sultan.alsudairi_dup@vendor26.sa.example,+966579328351,SA7309751893274223623538,نشط,2025-08-08
V00383-DUP,شركة مساهمة السبيعي للمقاولات ,6506233624,335449940079833,نجران,فهد الحربي,saad.alyami_dup@vendor28.sa.example,+966535275794,SA7667008859194698561775,نشط,2024-07-23
V00005-DUP,مركز البقمي للأمن السيبراني ,6006621850,393310369842753,جازان,لؤي الدوسري,abdulwahhab.alasiri_dup@vendor16.sa.example,+966549078627,SA8252870589410114666222,نشط,2025-09-24
