employee_id,full_name_ar,national_id,department,job_title,monthly_salary_sar,bank_iban,mobile,biometric_on_file,hire_date
E00001,مشعل الربيعي,1751534981,الموارد البشرية,محلل,22000,SA8933674829481995265344,+966553566301,لا,2016-07-06
E00002,رند العسيري,1081062968,تقنية المعلومات,مسؤول مشتريات,8500,SA4327959171451282436256,+966573670833,نعم,2022-01-13
E00003,سامي الحوساوي,1952566535,ضبط الجودة,باحث,18000,SA9209512937639794377332,+966522382521,نعم,2013-02-09
E00004,باسل المطيري,1599437421,الموارد البشرية,كبير محللين,6500,SA0254080424710535827845,+966585668305,نعم,2022-02-20
E00005,هاني الجهني,1657193957,الشؤون القانونية,رئيس قسم,14500,SA3088077727665123809926,+966555020561,نعم,2011-12-23
E00006,حنان الأسمري,1139785362,الخدمات المساندة,مطور برمجيات,6500,SA1451878472659344063448,+966535489233,لا,2025-07-07
E00007,لمى الحربي,1666403116,الشؤون القانونية,مهندس,55000,SA6303947425215297802673,+966535484066,لا,2017-08-28
E00008,ميساء المسعود,1065890780,الموارد البشرية,منسق,18000,SA4276296731478102320514,,لا,2011-09-14
E00009,هند التميمي,1667152969,التدقيق الداخلي,مطور برمجيات,27500,SA5646310212574499101469,+966507088610,نعم,2024-08-29
E00010,رهف السلمي,1874445636,التخطيط والتطوير,منسق,11000,SA5472774886725179530789,+966577954697,نعم,2020-11-29
E00011,ديمة المطيري,1419169691,إدارة المخاطر,مدير,6500,SA3024573907118812712129,+966582767268,نعم,2025-05-19
E00012,سلمان الرشيدي,1749978340,الخدمات المساندة,مستشار,33000,SA0677831521783346214686,+966515328335,نعم,2014-09-22
E00013,نجلاء القرشي,1320830662,الشؤون القانونية,مسؤول مشتريات,27500,SA6393199481421351264355,+966529731125,نعم,2024-02-28
E00014,صفاء الحميدي,1186347900,الاتصال المؤسسي,محلل,27500,SA8754753922014777921635,+966563002871,نعم,2010-11-07
E00015,ميساء الزياني,1601635897,الاتصال المؤسسي,مسؤول مشتريات,27500,SA5915707188673555963100,+966520762465,لا,2020-01-25
E00016,سعد الغامدي,1321972596,تقنية المعلومات,أمين مستودع,33000,SA8625151410929151306414,+966528059602,لا,2013-10-03
E00017,ابتسام المالكي,1493807893,ضبط الجودة,مسؤول مشتريات,14500,SA2625060351254915886251,+966547229721,لا,2017-11-08
E00018,نجود العوفي,1682706740,إدارة المعرفة,محاسب,22000,SA9628220195326033018655,+966518872242,نعم,2024-11-02
E00019,مازن الزبيدي,1610359240,الموارد البشرية,مدقق حسابات,18000,SA8188445142382593241286,+966543998791,لا,2012-05-23
E00020,سحر العمري,1466219191,إدارة المخاطر,محلل,14500,SA2672663002037973409297,+966596319965,لا,2023-10-29
E00021,راشد اليامي,1272012236,إدارة المعرفة,مطور برمجيات,55000,SA6169863223289048115067,+966565044710,نعم,2024-01-08
E00022,عبدالوهاب الهاجري,1660775163,التدقيق الداخلي,موظف خدمة عملاء,27500,SA1636096023954924904125,+966559165761,نعم,2017-11-17
E00023,نجود الجهني,1440016192,الخدمات المساندة,باحث,22000,SA0381277239796553483869,+966596722046,نعم,2022-04-17
E00024,هند العتيبي,1796912390,الخدمات المساندة,مصمم,14500,SA3107630902665793275833,+966506365244,لا,2011-06-30
E00025,عبدالعزيز الرشيدي,1638647527,المالية,موظف خدمة عملاء,27500,SA1609660911605578615456,+966560592601,لا,2019-12-15
E00026,نجلاء الربيعي,1453892034,المالية,أخصائي,8500,SA5261006422910772550870,+966507301616,لا,2025-03-02
E00027,سحر العسيري,1637219013,ضبط الجودة,مشرف,11000,SA0751822533179731467003,+966537016863,نعم,2018-01-20
E00028,سلمى الأسمري,1628993386,المشتريات,كبير محللين,33000,SA9550912631338578790418,+966593645291,لا,2019-02-11
E00029,نجلاء الفيفي,1104514888,الاتصال المؤسسي,مستشار,22000,SA7554694904530472103528,+966525591955,نعم,2024-07-02
E00030,مساعد السلمي,176692174,الشؤون القانونية,محاسب,8500,SA7896914658992564940260,+966554642701,لا,2020-02-26
E00031,تالا المسعود,1555660198,إدارة المخاطر,مدير,41000,SA8095911235455616527790,+966529441490,نعم,2010-01-27
E00032,أنس المقرن,1476420540,إدارة المعرفة,مدير,41000,SA2688758650841392762099,+966589675479,لا,2023-05-27
E00033,وائل المرواني,1311486797,تقنية المعلومات,مطور برمجيات,41000,SA2568632998927801687178,+966562940530,نعم,2020-08-18
E00034,معاذ الغامدي,1137233688,التدقيق الداخلي,مدير,8500,SA5586688390822243921478,+966588324388,لا,2013-05-27
E00035,أنوار الصاعدي,1707388987,المالية,باحث,41000,SA1880152968244653027678,+966534942862,لا,2018-08-19
E00036,جاسم الحميدي,1849096852,ضبط الجودة,أخصائي,8500,SA3467054862628036227227,+966513482946,نعم,2014-08-23
E00037,أمل العامري,1929487088,إدارة المخاطر,مصمم,27500,SA3580570667929785675079,+966597960592,نعم,2019-01-09
E00038,ابتسام الرويلي,1520037977,الموارد البشرية,محاسب,8500,SA5242408669864545620800,+966536392496,لا,2021-03-19
E00039,تالا الأسمري,1783522830,الموارد البشرية,مشرف,18000,SA0456554664156954352326,+966523919978,لا,2017-07-09
E00040,عبدالعزيز الشهري,1028816237,التدقيق الداخلي,منسق,33000,SA5171828350358086872446,+966510585431,لا,2016-04-27
E00041,بيان الرشيدي,1879241022,الموارد البشرية,أمين مستودع,33000,SA8486408016220429888550,+966579874411,نعم,2010-01-17
E00042,عبدالرحمن السبيعي,1918192459,الاتصال المؤسسي,مسؤول مشتريات,27500,SA9732305227208955467856,+966570873102,لا,2016-09-10
E00043,حمزة البقمي,1454852102,الشؤون القانونية,مدير,6500,SA3267534021367398897780,+966598663290,لا,2018-01-26
E00044,فيصل الحوساوي,1539266971,المالية,محاسب,41000,SA3976145075582891050047,+966570502300,نعم,2025-03-06
E00045,عبدالرحمن العامري,1707412746,إدارة المخاطر,مشرف,8500,SA2437424823600356603158,+966597077159,نعم,2025-11-16
E00046,أحمد الشريف,1040020081,المالية,مسؤول مشتريات,8500,SA8553649747776551875808,+966593435500,نعم,2019-11-04
E00047,سارة الحميدي,1036776258,التشغيل,مسؤول مشتريات,18000,SA0697628424882729670636,+966533907531,لا,2023-07-13
E00048,رانيا الشريف,1985514692,التشغيل,باحث,27500,SA8531128913109620794416,+966594395141,لا,2011-11-30
E00049,طلال الزبيدي,1041340256,تقنية المعلومات,مختص,6500,SA6285809748574041490711,+966557287875,نعم,2013-09-23
E00050,لؤي السبيعي,1791222944,الخدمات المساندة,أمين مستودع,33000,SA3934018297906309891566,+966588922983,نعم,2022-07-26
E00051,سحر المطيري,1229358062,إدارة المخاطر,محلل,41000,SA3707781302497163768531,+966578570195,نعم,2018-08-31
E00052,ريم الغامدي,1346749367,إدارة المعرفة,أخصائي,22000,SA9681387563467234159677,+966524239318,نعم,2012-03-17
E00053,رانيا المسعود,1878313616,ضبط الجودة,موظف خدمة عملاء,6500,SA0820645697026081147717,+966513384680,لا,2025-05-31
E00054,صالح العمري,1771025051,الاتصال المؤسسي,مستشار,11000,SA4702964905907442246345,+966556788140,لا,2023-10-24
E00055,زينب الربيعي,1211930589,الموارد البشرية,كبير محللين,18000,SA5566978022576469461293,+966590550388,نعم,2019-02-25
E00056,فهد الجهني,1045433594,إدارة المخاطر,مختص,41000,SA2422791138161510609231,+966584200425,نعم,2021-03-27
E00057,سحر الصاعدي,1481277653,الموارد البشرية,كبير محللين,41000,SA7197098633220529573325,+966566054635,لا,2021-06-08
E00058,صالح البلوي,1026512531,التخطيط والتطوير,مدير عام مساعد,55000,SA7944370324668026489441,+966564393666,نعم,2022-03-19
E00059,أريج الهاجري,1292255690,التدقيق الداخلي,موظف خدمة عملاء,18000,SA5575766152183924831366,+966559746805,لا,2011-09-17
E00060,باسل العسيري,1461292078,إدارة المعرفة,مدير عام مساعد,14500,SA9620774860551870312245,+966502738585,نعم,2015-06-07
E00061,غدير المسعود,1894995388,الموارد البشرية,موظف خدمة عملاء,6500,SA1274051527027772697534,+966528383985,نعم,2019-04-20
E00062,رند الرشيدي,1995888482,الخدمات المساندة,محلل,11000,SA6535285250708270537407,+966556164987,نعم,2021-06-12
E00063,بشاير الحربي,1902015302,المشتريات,مهندس,41000,SA0897340659507981679017,+966518722509,لا,2017-06-11
E00064,حنان البقمي,1890871385,المشتريات,محاسب,14500,SA2993049312131359829325,+966542019976,نعم,2014-04-15
E00065,ماجد الحميدي,1114018623,تقنية المعلومات,رئيس قسم,33000,SA7700453265986293650157,+966520407904,لا,2023-09-28
E00066,أيمن الشريف,1931041295,الخدمات المساندة,مسؤول مشتريات,11000,SA5875653396897617239014,+966561758616,لا,2025-04-02
E00067,خلود اليامي,1019951324,إدارة المعرفة,باحث,27500,SA6345878087190379091531,+966560985087,نعم,2022-08-02
E00068,باسل اليامي,1087826507,تقنية المعلومات,محلل,33000,SA9623511339485875903029,+966507556006,لا,2014-08-23
E00069,حسين العرجاني,1528674037,الشؤون القانونية,مدقق حسابات,18000,SA7682322214158091310799,+966514619653,لا,2013-12-21
E00070,وفاء الخالدي,1359979893,تقنية المعلومات,مدير,22000,SA9763534501146878724930,+966531894759,نعم,2021-05-19
E00071,أنس الحميدي,1125782415,المشتريات,مشرف,14500,SA4444766094353406275263,+966532917278,نعم,2017-08-05
E00072,مازن الهاجري,1237981954,ضبط الجودة,مطور برمجيات,55000,SA1138340631071299763375,+966591033064,نعم,2023-06-18
E00073,عبدالعزيز الجهني,1800191700,المالية,كبير محللين,41000,SA4105172551359553970978,+966561272355,نعم,2021-10-02
E00074,كريم الشهراني,1738688090,تقنية المعلومات,رئيس قسم,14500,SA3514844135095724459349,+966503612143,نعم,2022-10-07
E00075,أنوار الحميدي,1835494004,الموارد البشرية,كبير محللين,14500,SA5173192806023757140951,+966527763212,نعم,2019-02-07
E00076,ماجد الشهري,1344130586,الخدمات المساندة,مطور برمجيات,41000,SA8685915848602068162220,+966599303098,نعم,2021-04-07
E00077,عبير المطيري,1974828269,الموارد البشرية,محاسب,41000,SA4170328484005971775063,+966576755673,لا,2024-12-14
E00078,لين الخالدي,1666628936,إدارة المخاطر,أمين مستودع,8500,SA7855501737090902070614,+966542404834,لا,2011-01-26
E00079,أنس الخالدي,1724331614,التخطيط والتطوير,أخصائي,11000,SA5856463202946398003824,+966597270824,نعم,2016-10-03
E00080,هيفاء التميمي,1718041823,الشؤون القانونية,باحث,22000,SA7009976929186610012316,+966527172385,نعم,2023-05-04
E00081,عبدالله المقرن,1024094896,الاتصال المؤسسي,مسؤول مشتريات,22000,SA3128688464368441028937,+966525434785,لا,2012-02-29
E00082,عبدالرحمن الزياني,1342876024,تقنية المعلومات,محاسب,55000,SA7274362666092848374912,+966565482910,لا,2017-09-15
E00083,ريم البلوي,1805005541,إدارة المعرفة,مهندس,27500,SA1450735957698730263282,+966509594919,نعم,2021-07-03
E00084,رند الزهراني,1853079984,المشتريات,مصمم,41000,SA5455961437365170390331,+966540283255,لا,2014-03-30
E00085,رند اليامي,1627329012,التخطيط والتطوير,محاسب,55000,SA8270249519996098359771,+966534738472,لا,2010-03-15
E00086,نادية الربيعي,1522946852,التشغيل,محاسب,33000,SA2196407423722835311130,+966542663090,نعم,2023-10-14
E00087,سحر الرويلي,1820397964,التدقيق الداخلي,مختص,11000,SA3596939855137346350714,+966509555262,نعم,2025-05-14
E00088,نجود التميمي,1725190340,المشتريات,أخصائي,33000,SA9075763289706191021221,+966599529522,نعم,2012-10-13
E00089,جاسم الهاجري,1244498596,الموارد البشرية,منسق,8500,SA2883294184970306458916,+966568887847,نعم,2018-10-04
E00090,جاسم العنزي,1304928078,التخطيط والتطوير,مهندس,41000,SA6593456760857654051966,+966532056409,لا,2018-05-16
E00091,حمد الشهري,1718915471,إدارة المعرفة,باحث,6500,SA0873935774572125799122,+966527140207,لا,2020-02-29
E00092,أحمد الحربي,1626090672,تقنية المعلومات,مدير عام مساعد,27500,SA8183565014170885568072,+966535535258,لا,2022-07-17
E00093,نادية الزبيدي,1632918908,إدارة المعرفة,أمين مستودع,11000,SA1149771738121193198717,+966544224755,لا,2026-05-16
E00094,رامي الربيعي,1051075065,التشغيل,مدير عام مساعد,11000,SA4374767722310112306826,+966530025994,لا,2015-09-19
E00095,إبراهيم الرشيدي,1629838960,ضبط الجودة,باحث,41000,SA7808540394346815760703,+966526650151,لا,2016-01-03
E00096,دلال الخالدي,1582410849,الموارد البشرية,رئيس قسم,41000,SA9825236489518830824945,+966588573180,نعم,2018-12-07
E00097,حنان الرشيدي,1319803738,إدارة المخاطر,مصمم,11000,SA2842834186813250434442,+966598976112,لا,2023-10-21
E00098,عمر المقرن,1585945122,المشتريات,أخصائي,6500,SA7238948509170413305154,+966571046345,لا,2016-02-16
E00099,ديمة الفيفي,1723820591,التشغيل,منسق,41000,SA5295723855656247844115,+966510199914,نعم,2018-03-07
E00100,فهد العرجاني,1967566785,تقنية المعلومات,رئيس قسم,27500,SA6476316390242774398898,+966591868685,نعم,2013-10-31
E00101,إيمان الحوساوي,1556255162,التدقيق الداخلي,منسق,18000,SA6676832756379613873265,+966526680043,نعم,2010-10-23
E00102,زينب الحازمي,1184601035,المشتريات,مصمم,22000,SA8475770702185328480367,+966536055909,لا,2016-04-26
E00103,ماجد العنزي,1941903211,الخدمات المساندة,أمين مستودع,18000,SA0548318555817507162842,+966578784511,نعم,2024-04-22
E00104,غانم الرشيدي,1884522184,إدارة المعرفة,أخصائي,14500,SA8030747287367738053344,+966506225791,نعم,2014-08-08
E00105,هند المطيري,1014577439,التخطيط والتطوير,أخصائي,27500,SA6679810144354514113584,+966540962298,لا,2026-05-22
E00106,نادية الشمري,1363755180,إدارة المعرفة,رئيس قسم,22000,SA1104665530289858243501,+966589744130,نعم,2024-08-31
E00107,نواف الشهراني,1625740624,إدارة المخاطر,منسق,41000,SA1808109142076212274972,+966560248442,لا,2020-08-28
E00108,هبة الأسمري,1907990400,الخدمات المساندة,مطور برمجيات,18000,SA5497495145153969777271,+966524332545,نعم,2011-10-31
E00109,منصور السهلي,1200140737,تقنية المعلومات,باحث,55000,SA0503621943115449875494,+966535386352,لا,2019-11-05
E00110,راشد المالكي,1836912087,تقنية المعلومات,منسق,8500,SA5642616402685791797113,+966541938851,لا,2018-02-20
E00111,فيصل الزياني,1328969348,المالية,مختص,27500,SA5125362384173207038734,+966576003881,نعم,2019-01-03
E00112,صفاء الشهري,1780022636,الاتصال المؤسسي,باحث,41000,SA5558130136891309961920,+966558003279,لا,2022-01-23
E00113,لمى الرويلي,1219040472,إدارة المخاطر,منسق,55000,SA8159689763543784477259,+966552680543,لا,2021-11-25
E00114,صفاء المالكي,1042457265,التخطيط والتطوير,مسؤول مشتريات,55000,SA5319288064458601119908,+966529320117,لا,2025-04-18
E00115,سلطان المقرن,1448706695,التخطيط والتطوير,مستشار,6500,SA2923667675972782650640,+966564962512,لا,2025-08-01
E00116,نادية العرجاني,1182752061,الشؤون القانونية,محلل,41000,SA6644051975353844374938,+966549648496,لا,2023-09-17
E00117,حمد الشهراني,1098646035,المشتريات,مدير,11000,SA1847211345886862899886,+966580283828,نعم,2011-07-20
E00118,صفاء المطيري,1765588676,إدارة المعرفة,محلل,8500,SA6696340700471081750133,+966570659255,نعم,2023-08-18
E00119,نورة الصاعدي,1774139966,إدارة المعرفة,أخصائي,18000,SA9118398776738352511108,+966556390869,نعم,2011-11-25
E00120,شيماء الحربي,1111316269,إدارة المخاطر,مدير,41000,SA1413192858018458405673,+966569410561,لا,2025-12-16
E00121,إيمان العوفي,1486617705,المشتريات,مصمم,14500,SA3161235785840106584962,+966507694769,لا,2019-08-19
E00122,حمزة الخالدي,1590689020,الخدمات المساندة,رئيس قسم,27500,SA1518337139253928095698,+966532636813,نعم,2011-05-08
E00123,مروة الحوساوي,1899380891,ضبط الجودة,محاسب,18000,SA2363794632884874282515,+966589123719,نعم,2018-11-05
E00124,محمد العرجاني,1391296801,التدقيق الداخلي,أمين مستودع,6500,SA2631215901776779349935,+966525245741,لا,2014-09-26
E00125,رند الشهري,1950674612,الاتصال المؤسسي,مشرف,6500,SA3936209667859098118577,+966528480494,نعم,2025-05-23
E00126,مياء الرويلي,1265388809,إدارة المخاطر,مدير عام مساعد,27500,SA9020976781232537332191,+966504785830,نعم,2019-02-11
E00127,وفاء العرجاني,1320359837,التخطيط والتطوير,مهندس,14500,SA1984158792205243489580,+966543153417,نعم,2020-04-09
E00128,هند العمري,1110355607,الاتصال المؤسسي,مشرف,27500,SA7849721095575444664337,+966524234034,نعم,2019-10-30
E00129,وفاء العمري,1584187155,التدقيق الداخلي,مدير,22000,SA8577894365178712710134,+966553394992,نعم,2020-02-26
E00130,إيمان المقرن,1481496105,التدقيق الداخلي,مسؤول مشتريات,18000,SA3844646282938241495235,+966552847170,لا,2013-02-05
E00131,هيفاء العنزي,1038902829,التدقيق الداخلي,مشرف,11000,SA8865576230807904771695,+966535847628,لا,2016-02-09
E00132,أيمن الزهراني,1408299111,الخدمات المساندة,أخصائي,41000,SA7618644096338364158420,+966533512618,نعم,2019-02-27
E00133,حسن الخالدي,1384554653,ضبط الجودة,محلل,14500,SA1064725300792804253063,+966512312174,لا,2022-10-18
E00134,عبدالوهاب الشهري,1993037124,إدارة المخاطر,موظف خدمة عملاء,18000,SA4441776334301711680600,+966525634380,لا,2025-11-15
E00135,نواف الهاجري,1275874574,التخطيط والتطوير,مدير,8500,SA3028870122678870905135,+966598728653,لا,2021-02-07
E00136,زينب العمري,1366290367,التشغيل,محلل,8500,SA7726107713438304171923,+966503851102,لا,2022-02-09
E00137,لمى العنزي,1974975532,الخدمات المساندة,مشرف,8500,SA7039570677575876908337,+966500401261,نعم,2020-10-17
E00138,معاذ العوفي,1885050631,ضبط الجودة,مهندس,55000,SA2297001312508916643736,+966591029064,لا,2026-04-16
E00139,العنود المطيري,1221129917,الشؤون القانونية,مسؤول مشتريات,27500,SA8554702568726806694448,+966558259667,لا,2016-02-07
E00140,مياء الدوسري,1479894410,ضبط الجودة,أمين مستودع,8500,SA1393385953212153246998,+966512477391,لا,2018-09-12
E00141,منى الرويلي,1067260487,الاتصال المؤسسي,مختص,14500,SA4963956434042820570241,+966529672020,نعم,2012-08-04
E00142,حمد المطيري,1467613301,الموارد البشرية,مهندس,18000,SA6926424759189872302280,+966546602559,نعم,2020-03-13
E00143,زينب البلوي,1210897847,تقنية المعلومات,رئيس قسم,14500,SA5089481611005200797767,+966508760018,نعم,2024-10-10
E00144,خلود البقمي,1405104918,الشؤون القانونية,باحث,14500,SA8107529808522620173237,+966557511802,لا,2011-05-19
E00145,تركي الهاجري,1097370843,الشؤون القانونية,مدقق حسابات,27500,SA4525783723572780754954,+966542828780,نعم,2014-09-05
E00146,لطيفة الزهراني,1566471023,ضبط الجودة,مهندس,18000,SA4338030117663528200443,+966569711597,نعم,2017-04-25
E00147,سلمى الخالدي,1548989779,التشغيل,محلل,41000,SA8715543678325937827296,+966580819977,لا,2013-12-24
E00148,حمد الرويلي,1230092882,إدارة المخاطر,مدير عام مساعد,18000,SA3101723008232064549943,+966513133207,لا,2021-05-30
E00149,فاطمة الدوسري,1123272013,إدارة المعرفة,مشرف,33000,SA1328899856793165676533,+966515116864,نعم,2023-12-03
E00150,عبدالوهاب الحربي,1168068136,التخطيط والتطوير,كبير محللين,18000,SA4072374721765229011963,+966516459223,نعم,2024-11-12
E00151,ناصر المقرن,1753299237,الاتصال المؤسسي,موظف خدمة عملاء,18000,SA7708849443848722076805,+966541464406,نعم,2017-11-21
E00152,محمد السلمي,1578433581,إدارة المعرفة,مدير,14500,SA9747578709846013639227,+966588626164,لا,2024-01-01
E00153,عبدالله العرجاني,1789980230,الموارد البشرية,كبير محللين,6500,SA4089672049741019333170,+966580119749,نعم,2013-03-10
E00154,شهاب المسعود,1420332106,التشغيل,محلل,55000,SA8305696862099648954148,+966524341430,نعم,2021-09-28
E00155,مشعل العتيبي,1168979381,تقنية المعلومات,مطور برمجيات,33000,SA3780707089266607550623,+966560106140,نعم,2025-04-03
E00156,ناصر الشريف,1208006641,الخدمات المساندة,كبير محللين,41000,SA5426826072492979917107,+966520059469,لا,2019-11-02
E00157,نادية الغامدي,1320101775,التشغيل,أمين مستودع,33000,SA4878376792930899069014,+966505911331,لا,2025-10-05
E00158,هند السواط,1769851716,إدارة المعرفة,مشرف,18000,SA8306183092450780878411,+966526584279,لا,2019-05-06
E00159,زياد القرني,183143650,الشؤون القانونية,رئيس قسم,41000,SA5679959542540958133061,+966509575825,نعم,2015-10-25
E00160,صالح العسيري,1222979815,المالية,مختص,6500,SA0248381595629717510117,+966561297138,نعم,2016-03-15
E00161,ابتسام المرواني,1271273425,التشغيل,مسؤول مشتريات,22000,SA7574768465195136583829,+966519726223,نعم,2016-10-26
E00162,نورة العتيبي,1425062898,إدارة المعرفة,مستشار,8500,SA4692489019199532555366,+966524833808,نعم,2025-11-15
E00163,حسن الجهني,1918510254,إدارة المخاطر,مهندس,41000,SA7872915825976693599322,+966570262895,لا,2026-02-04
E00164,رانيا المرواني,1678135292,التدقيق الداخلي,أمين مستودع,14500,SA7620432827811201956855,+966508240439,لا,2014-07-22
E00165,زينب المطيري,1847622683,الشؤون القانونية,مدير عام مساعد,33000,SA3414683540444340578433,+966598176954,نعم,2011-05-18
E00166,أحمد التميمي,1463597276,الخدمات المساندة,مسؤول مشتريات,33000,SA1707046395641707292150,+966565744622,لا,2013-10-18
E00167,راشد السلمي,1752462943,إدارة المعرفة,موظف خدمة عملاء,14500,SA6551256821707286981700,+966552750324,نعم,2024-08-08
E00168,سامي السلمي,1025891027,التخطيط والتطوير,مستشار,11000,SA4100255709574569912276,+966580558942,لا,2023-01-15
E00169,محمد اليامي,1143721445,الشؤون القانونية,مصمم,14500,SA0473848052342449638752,+966502760955,لا,2018-10-04
E00170,طلال الحربي,1339585695,التخطيط والتطوير,مختص,14500,SA6718426858454560685693,+966517104947,لا,2026-03-27
E00171,أيمن الأسمري,1299296465,الموارد البشرية,أمين مستودع,41000,SA9198336807388776819087,+966502619119,لا,2012-04-25
E00172,نجلاء العمري,1405735513,إدارة المعرفة,باحث,27500,SA7149582573615728132517,+966504699295,لا,2022-04-23
E00173,نادية السلمي,1766257297,التخطيط والتطوير,مطور برمجيات,0,SA9121421994898270371326,+966555407689,نعم,2013-03-24
E00174,لطيفة الجهني,1053040810,الاتصال المؤسسي,مدير عام مساعد,55000,SA6242347704788807954588,+966527693681,نعم,2014-10-24
E00175,أريج المالكي,1502264185,تقنية المعلومات,رئيس قسم,8500,SA1056113264743918746818,+966598715974,لا,2015-09-22
E00176,عبدالرحمن الثبيتي,1619545450,تقنية المعلومات,رئيس قسم,27500,SA4004621698541263337661,+966550473087,لا,2017-04-21
E00177,مساعد القرني,1890963414,التخطيط والتطوير,منسق,55000,SA6653369593921742371099,+966584264105,نعم,2018-09-17
E00178,باسل الحربي,1425761754,التخطيط والتطوير,منسق,27500,SA4655923089042914292712,+966584193731,نعم,2025-04-10
E00179,أمل القحطاني,1363841121,التدقيق الداخلي,منسق,14500,SA5253517731458888206437,+966506325168,لا,2025-03-09
E00180,صفاء السبيعي,1459785422,ضبط الجودة,محلل,55000,,+966593404210,نعم,2025-02-21
E00181,عبدالله القرشي,1083783488,التشغيل,أخصائي,18000,SA9623874758224843677020,+966564419430,لا,2023-02-13
E00182,نايف الجهني,1032431676,الاتصال المؤسسي,مشرف,18000,SA4767262464418318752323,+966579033469,نعم,2025-12-20
E00183,سارة الشهراني,1432278719,الخدمات المساندة,موظف خدمة عملاء,33000,SA3264116070679437481572,+966541685339,نعم,2017-05-02
E00184,رامي العمري,1964259053,تقنية المعلومات,مختص,27500,SA3088728000250545762273,+966528958976,لا,2015-10-06
E00185,ميساء العوفي,1498552347,الشؤون القانونية,باحث,14500,SA4413635682975477591613,+966582212421,لا,2012-09-08
E00186,نجود السلمي,1216306025,الخدمات المساندة,أخصائي,27500,SA6284114213762055684936,+966519505272,لا,2011-09-23
E00187,معاذ الدوسري,1651391995,التشغيل,محلل,22000,SA9691248203537713959831,+966576062062,لا,2015-05-02
E00188,تركي السهلي,1016207647,التخطيط والتطوير,كبير محللين,33000,SA1415092443917769144529,+966595575225,لا,2016-09-09
E00189,خالد الشهراني,1305457234,المالية,أمين مستودع,22000,SA3545123818680559070171,+966515398973,لا,2018-08-31
E00190,ميساء الغامدي,1140801208,الخدمات المساندة,كبير محللين,6500,SA9019423559383275389314,+966536968001,لا,2013-12-29
E00191,ميساء المقرن,1408155545,الخدمات المساندة,مهندس,8500,SA7304986356973925092653,+966506365503,نعم,2023-06-20
E00192,إيمان المالكي,1627262999,التشغيل,موظف خدمة عملاء,18000,SA6051125607940849602394,+966506956519,نعم,2022-03-13
E00193,حمد العسيري,1962005243,التدقيق الداخلي,مستشار,11000,SA6541924029167869979908,+966520345818,لا,2014-08-20
E00194,نايف الحوساوي,1840864027,ضبط الجودة,مستشار,6500,SA6885590292013798450501,+966552427001,نعم,2025-03-09
E00195,محمد المرواني,1219099197,إدارة المعرفة,كبير محللين,22000,SA6195879967122238711022,+966563775046,لا,2010-03-27
E00196,باسل المالكي,1605034808,الخدمات المساندة,مشرف,6500,SA2496420768480489196060,+966561836007,لا,2012-02-15
E00197,زينب الشمري,1153209240,تقنية المعلومات,محاسب,14500,SA1470612164372308146417,+966515480567,لا,2015-06-07
E00198,ريم العوفي,1568471880,الاتصال المؤسسي,مختص,18000,SA6284402817779920203847,+966517971862,لا,2023-12-27
E00199,شهد الجهني,1766866451,الشؤون القانونية,منسق,6500,SA1127219590361348398662,+966544359607,نعم,2015-11-10
E00200,أيمن العنزي,1549783973,الموارد البشرية,مختص,27500,SA1186982710491269255050,+966505492161,لا,2023-02-28
E00201,صقر الربيعي,1311861718,الخدمات المساندة,مختص,8500,SA3164021153562106835488,+966529473379,لا,2011-05-17
E00202,يوسف القحطاني,1581122361,التخطيط والتطوير,مختص,18000,SA5990452525545417413309,+966554752943,نعم,2012-09-26
E00203,ماجد الشريف,1637023084,التخطيط والتطوير,محلل,14500,SA5509832659111184107049,+966503309945,لا,2010-11-25
E00204,بدر الزهراني,1893997120,المالية,مصمم,6500,SA8793000667936760891230,+966555215969,نعم,2013-08-22
E00205,غانم البقمي,1144454467,التشغيل,مهندس,11000,SA4698860482793160127020,,لا,2013-05-25
E00206,نجود السواط,1169274717,التشغيل,منسق,55000,SA1385282701386165145603,+966578446166,لا,2019-08-05
E00207,غدير المسعود,1768514588,الخدمات المساندة,محلل,6500,SA8493573706981509573528,+966588262891,نعم,2021-10-02
E00208,محمد الجهني,1394980575,إدارة المخاطر,مدير عام مساعد,8500,SA9390773493076850297116,+966527149434,لا,2011-11-17
E00209,راشد الهاجري,1761633229,إدارة المعرفة,محلل,8500,SA2240071973256432801958,+966594280297,لا,2020-02-27
E00210,أسماء المطيري,1894956224,الاتصال المؤسسي,باحث,18000,SA0862721201047718090216,+966521808774,نعم,2011-06-18
E00211,مشعل الحربي,1460940982,إدارة المعرفة,مدقق حسابات,11000,SA3825252709172763191267,+966578217076,لا,2010-07-24
E00212,رانيا الزبيدي,1253254005,التدقيق الداخلي,مدقق حسابات,27500,SA5655634380578636306071,+966572268901,نعم,2019-11-04
E00213,مشعل السلمي,1648776241,التخطيط والتطوير,مسؤول مشتريات,55000,SA2348271444780555864277,+966546992040,لا,2007-10-03
E00214,عمر البلوي,1923441453,المشتريات,مدير عام مساعد,14500,SA0963970998842632854463,+966582431043,نعم,2011-10-23
E00215,لطيفة العتيبي,1388730242,المالية,رئيس قسم,33000,SA3339403004556950086001,+966505912082,لا,2020-02-20
E00216,حمزة الأسمري,1736837087,الاتصال المؤسسي,مسؤول مشتريات,41000,SA0602587742392186234443,+966598974531,نعم,2018-11-12
E00217,أيمن البلوي,1148572496,الشؤون القانونية,كبير محللين,55000,SA4672522529615900046010,+966589693250,لا,2013-12-30
E00218,أريج المسعود,1200303814,إدارة المخاطر,مختص,8500,SA5264036241720164084345,+966580656357,نعم,2024-01-17
E00219,هاني العوفي,1766555351,إدارة المعرفة,محاسب,8500,SA1526259887228571062855,+966512607331,لا,2024-07-10
E00220,منصور السواط,188697784,ضبط الجودة,محاسب,33000,SA6176716687713984967061,+966558728876,لا,2015-07-30
E00221,سمر الشهري,1136369384,التدقيق الداخلي,رئيس قسم,14500,SA1076035500224759619783,+966554945221,نعم,2012-02-26
E00222,ديمة الشمري,1974885061,الخدمات المساندة,أمين مستودع,55000,SA1933085471481277867872,+966515679922,لا,2024-05-06
E00223,صالح المالكي,1435371115,الموارد البشرية,كبير محللين,55000,SA8086291665283243841328,+966561122915,نعم,2017-09-17
E00224,رؤيا البقمي,1818625012,المشتريات,مدقق حسابات,11000,SA6297687754800644971388,+966577530455,لا,2010-09-13
E00225,عبدالله الزياني,1898341209,الاتصال المؤسسي,مطور برمجيات,8500,SA3041167171274207272414,+966595227072,لا,2021-01-19
E00226,خلود الغامدي,1912507298,الموارد البشرية,كبير محللين,27500,SA6522325489469192864167,+966578862507,نعم,2020-01-26
E00227,أنوار المسعود,1176022851,التخطيط والتطوير,محلل,41000,SA1621521547189361461160,+966560815920,نعم,2015-10-27
E00228,مياء الربيعي,1715649248,المالية,مصمم,8500,SA0691620639571784780255,+966516874191,نعم,2012-03-19
E00229,حنان الفيفي,1579007848,الاتصال المؤسسي,مختص,22000,SA1042620971877142094807,+966544482879,لا,2018-02-09
E00230,شيماء الشهري,1354654392,المشتريات,مستشار,14500,SA7486356900686162446937,+966525217042,نعم,2017-01-14
E00231,نجود الهاجري,1523664918,الموارد البشرية,أمين مستودع,27500,SA3108184366645103545139,+966523877129,لا,2026-05-10
E00232,دلال السديري,1692191487,الخدمات المساندة,مدير,33000,SA6636788736279513918206,+966579129011,لا,2020-08-11
E00233,مازن العوفي,1784487645,إدارة المخاطر,مدير,14500,SA2765691820840200438717,+966558766721,لا,2019-11-14
E00234,رنا الجهني,1978461786,إدارة المخاطر,مصمم,55000,SA7265647408292655042750,+966575534182,نعم,2011-01-07
E00235,أسماء المطيري,1233355690,التشغيل,مدقق حسابات,33000,SA7383033224362309853841,+966535578336,نعم,2016-05-19
E00236,غانم الجهني,1377905607,التدقيق الداخلي,محلل,55000,SA4193705004575287485617,+966551822646,لا,2015-06-12
E00237,عبدالكريم الجهني,1470753656,التشغيل,كبير محللين,6500,SA2507311457213490111540,+966506729330,لا,2026-01-21
E00238,يوسف الغامدي,1071766859,التدقيق الداخلي,مدير عام مساعد,18000,SA5084849212254890263122,+966545894571,لا,2015-04-05
E00239,عمر الجهني,1994792669,التشغيل,رئيس قسم,8500,SA3171359066995401593447,+966556762877,نعم,2010-10-15
E00240,أحمد الغامدي,1928791613,إدارة المخاطر,منسق,6500,SA2099565134285076226114,+966562614343,نعم,2015-12-20
E00241,عادل المقرن,1592175721,المالية,مطور برمجيات,18000,SA2817619354834276109636,+966580291964,نعم,2020-08-21
E00242,خالد المالكي,1335113153,ضبط الجودة,مختص,8500,SA2150946958939062970486,+966594864214,نعم,2015-09-25
E00243,أنوار اليامي,1000230241,إدارة المخاطر,مدير,14500,SA5713770889860708114496,+966565699313,لا,2013-02-14
E00244,مها الشهري,1268457312,الاتصال المؤسسي,مختص,6500,SA5792132181946374649671,+966505558202,نعم,2023-07-29
E00245,كريم الشهراني,1773823339,التخطيط والتطوير,أمين مستودع,18000,SA6999139468164640534166,+966520909221,نعم,2021-07-06
E00246,جاسم السبيعي,1772408819,إدارة المخاطر,أخصائي,22000,SA7687550025883849281694,+966519227561,نعم,2023-07-17
E00247,لمى الثبيتي,1072298969,المالية,أمين مستودع,27500,SA7513984904893917516552,+966568414851,لا,2019-11-03
E00248,رند الصاعدي,1524103197,إدارة المعرفة,محاسب,6500,SA1021264988055588625556,+966528273595,لا,2012-02-29
E00249,جواهر البلوي,1415312303,التشغيل,مدير عام مساعد,14500,SA0646221174684213662925,+966588452368,نعم,2025-09-05
E00250,نواف العرجاني,1556333175,ضبط الجودة,مهندس,41000,SA2364707427815892958633,+966569592945,نعم,2012-01-31
E00251,ماجد العنزي,1391477344,التشغيل,رئيس قسم,8500,SA0361290077026420315161,+966556988350,لا,2023-07-24
E00252,طلال السديري,1028398772,الاتصال المؤسسي,مهندس,55000,SA8130203430801724108755,+966586120858,لا,2024-02-07
E00253,باسل الأسمري,1500438146,الموارد البشرية,مطور برمجيات,27500,SA9075207346578586875158,+966512081215,لا,2021-09-16
E00254,وفاء العوفي,1684765595,ضبط الجودة,مسؤول مشتريات,41000,SA6863583474532788877251,+966584911010,لا,2013-04-14
E00255,نايف الشريف,1859057661,الخدمات المساندة,مستشار,55000,SA6255995353311096728916,+966559110712,نعم,2015-08-14
E00256,زينب الزبيدي,1534429681,الخدمات المساندة,موظف خدمة عملاء,6500,SA6224044404288749723255,+966563587719,نعم,2013-07-26
E00257,هيفاء الزياني,1048916991,التخطيط والتطوير,أخصائي,33000,SA3778939831238427732173,+966529367483,لا,2021-02-11
E00258,رانيا الزبيدي,1719650028,ضبط الجودة,منسق,8500,SA8830188129618440205368,+966575173601,لا,2010-02-02
E00259,منصور البلوي,1966156414,إدارة المعرفة,رئيس قسم,18000,SA6054194650871759204045,+966560714687,نعم,2014-02-13
E00260,أنس الغامدي,1384872923,المشتريات,محاسب,11000,SA3912081761915114239620,+966520225962,لا,2025-12-06
E00261,ابتسام الربيعي,1822254452,التشغيل,موظف خدمة عملاء,8500,SA3256075172210119621513,+966551584661,نعم,2019-12-21
E00262,رهف الغامدي,1215652155,الموارد البشرية,محلل,41000,SA8548196189414282725762,+966573113670,لا,2024-01-13
E00263,عبدالوهاب الربيعي,1748711882,الشؤون القانونية,مهندس,11000,SA1172628004032753907390,+966542855327,لا,2026-05-18
E00264,سعد الحميدي,1864989222,ضبط الجودة,باحث,14500,SA7047244823425860365784,+966515232259,لا,2018-01-29
E00265,أنوار السبيعي,1418054480,الشؤون القانونية,مدير عام مساعد,55000,SA0567622538874544421252,+966504260062,نعم,2023-06-10
E00266,نجود الرشيدي,1830061907,التخطيط والتطوير,مصمم,27500,SA1576591712126900194919,+966596609748,لا,2018-09-25
E00267,نجلاء العتيبي,1130865684,الاتصال المؤسسي,أمين مستودع,33000,SA6436601020984402468124,+966555645085,نعم,2019-04-16
E00268,رند الربيعي,1986286803,التشغيل,أمين مستودع,8500,SA7715142940735065816126,+966549750851,لا,2017-04-22
E00269,فهد القرني,1181858463,تقنية المعلومات,باحث,18000,SA4827822320985127273276,+966514911740,نعم,2010-08-26
E00270,سلمى السهلي,1004376495,المشتريات,أخصائي,27500,SA1549732323430152050828,+966531634184,لا,2014-05-23
E00271,مساعد الخالدي,1279387136,ضبط الجودة,مصمم,22000,SA3864028285695956031377,+966540100738,نعم,2023-04-02
E00272,غانم الهاجري,1780451389,التخطيط والتطوير,مدير,6500,SA8518696050251453223666,+966502648399,نعم,2017-04-23
E00273,رامي العتيبي,1328500325,التدقيق الداخلي,مدير,6500,SA7206273312468152224571,+966573379013,لا,2015-09-09
E00274,يمنى الزهراني,1226652103,التشغيل,رئيس قسم,27500,SA9048945250357005861682,+966562340753,نعم,2015-07-20
E00275,حنان العامري,1820665691,إدارة المخاطر,مشرف,22000,SA3047810789425055420147,+966514002462,نعم,2024-05-25
E00276,وفاء التميمي,1796935920,الاتصال المؤسسي,موظف خدمة عملاء,33000,SA6936355267305223179811,+966595738935,نعم,2021-07-01
E00277,منى الأسمري,1469367070,الموارد البشرية,محاسب,22000,SA5927735330436041519126,+966510851080,نعم,2018-11-20
E00278,غدير الهاجري,1962956486,التخطيط والتطوير,رئيس قسم,14500,SA4285846426696946625430,+966509615273,نعم,2017-11-02
E00279,مشعل السهلي,1180613646,التدقيق الداخلي,كبير محللين,41000,SA4086307827572517794470,+966556935457,لا,2017-01-17
E00280,ميساء الرويلي,1894636586,الموارد البشرية,مهندس,55000,SA5933802329270469055270,+966519987122,لا,2023-10-03
E00281,رند البلوي,1319397160,ضبط الجودة,مصمم,55000,SA7864158838037924152798,+966517137102,لا,2018-12-18
E00282,نواف العنزي,1230934687,تقنية المعلومات,مدقق حسابات,22000,SA2717066952202330904743,+966524895792,لا,2015-06-04
E00283,شهد العسيري,1351341373,الشؤون القانونية,محلل,14500,SA9588777919908810097153,+966530440622,لا,2017-04-04
E00284,منى القحطاني,1156935320,التدقيق الداخلي,محاسب,55000,SA5625193123406590186633,+966532602708,لا,2015-01-02
E00285,بشاير الزهراني,1125610400,إدارة المعرفة,مختص,18000,SA8096024361894206329801,+966540235946,لا,2014-10-13
E00286,نورة السبيعي,1970906929,الخدمات المساندة,رئيس قسم,22000,SA5411202993115529641909,+966583346260,نعم,2013-05-24
E00287,مروة السهلي,1394300345,التشغيل,مصمم,27500,SA0595922721152115522936,+966501564972,نعم,2013-07-09
E00288,حسن المسعود,1310946759,الموارد البشرية,كبير محللين,27500,SA7930380227771540958342,+966577993182,نعم,2024-04-05
E00289,هيفاء البلوي,1411381039,التدقيق الداخلي,مصمم,8500,SA1803779643386520023560,+966505007950,نعم,2016-01-28
E00290,ريم الزهراني,1226621843,إدارة المعرفة,رئيس قسم,6500,SA8956408615374383887450,+966572063724,لا,2019-02-11
E00291,مشعل الفيفي,1154436305,تقنية المعلومات,مصمم,14500,SA5660242657125092889981,+966595178992,نعم,2012-08-22
E00292,يوسف البلوي,1794957488,ضبط الجودة,مستشار,41000,SA2825032232059522690185,+966531585275,نعم,2018-03-12
E00293,سلمى الحربي,1573524699,التشغيل,مهندس,11000,SA1677757298947506415806,+966550869090,لا,2011-08-13
E00294,عبير الشمري,1543122293,التخطيط والتطوير,رئيس قسم,22000,SA9067325139139468718796,+966554051222,لا,2018-06-20
E00295,إبراهيم المالكي,1247743790,التشغيل,مصمم,55000,SA0544033978364928966821,+966511039918,لا,2023-11-25
E00296,طلال الرشيدي,1877820009,ضبط الجودة,مدير,11000,SA8219700949495704331529,+966536283363,نعم,2023-11-07
E00297,مشعل الصاعدي,1368895114,إدارة المخاطر,مدير عام مساعد,18000,SA3609518569110572353326,+966560008104,لا,2014-12-18
E00298,عبدالوهاب المسعود,1646533230,الشؤون القانونية,مختص,22000,SA0675841245102211292455,+966544184442,لا,2015-01-22
E00299,لين العسيري,1879172946,الشؤون القانونية,أخصائي,41000,SA9499370973983076360905,+966560137149,لا,2010-11-09
E00300,طلال المسعود,1184679098,المالية,مدير عام مساعد,41000,SA5480798034873469119907,+966555629139,لا,2023-07-24
E00301,عمر السلمي,1160272959,ضبط الجودة,مهندس,14500,SA4694115283443574447053,+966550635586,لا,2019-09-23
E00302,مروة القرني,1632106579,الشؤون القانونية,محلل,11000,SA4059997861197899016749,+966550718698,نعم,2020-10-20
E00303,كريم الغامدي,1760731792,التشغيل,منسق,8500,SA8714301984378927337219,+966526245759,لا,2023-07-25
E00304,غدير الصاعدي,1089316135,تقنية المعلومات,مسؤول مشتريات,41000,SA0231725554172463630109,+966522354849,لا,2025-02-18
E00305,منصور الجهني,1105864050,إدارة المعرفة,مسؤول مشتريات,6500,SA7078927198027519217014,+966597002250,لا,2015-11-01
E00306,عمر الفيفي,1636403568,ضبط الجودة,كبير محللين,55000,SA8399549183663003117018,+966540682117,لا,2018-10-16
E00307,غانم القرشي,1533856637,إدارة المعرفة,أخصائي,14500,SA6783744540220305053326,+966577500150,نعم,2012-02-24
E00308,ناصر المالكي,1528535923,الخدمات المساندة,أمين مستودع,41000,SA8485475971708404582949,+966545405886,لا,2022-07-06
E00309,لمى القرني,1663989299,ضبط الجودة,مسؤول مشتريات,41000,SA4584132357059094695716,+966557922529,نعم,2011-10-07
E00310,شهد اليامي,1096649882,الخدمات المساندة,مستشار,18000,SA9090202976149358160234,+966546020216,نعم,2021-05-24
E00311,يوسف السبيعي,1837388618,إدارة المعرفة,مستشار,8500,SA3201056260762799973056,+966525816118,نعم,2014-04-09
E00312,رؤيا الرويلي,1555514619,المالية,مصمم,6500,SA3092291831630103246577,+966511155474,لا,2013-07-01
E00313,رهف القحطاني,1892288190,تقنية المعلومات,أخصائي,55000,SA6762752816164648320895,+966519421532,نعم,2022-11-28
E00314,هاني الزياني,1909201731,المشتريات,مدير عام مساعد,22000,SA4833664267830821759175,,نعم,2017-11-07
E00315,نواف القرشي,1533461313,الشؤون القانونية,مطور برمجيات,41000,SA8876106996462647682219,+966571377440,نعم,2024-08-25
E00316,زياد الرويلي,1093966321,الشؤون القانونية,مختص,18000,SA9649576691471120843821,+966527510280,نعم,2010-12-27
E00317,نجود الشهراني,1191710068,الشؤون القانونية,مهندس,14500,SA7219524259420020945913,+966581872783,نعم,2010-12-05
E00318,حمزة المقرن,1046386833,إدارة المخاطر,أخصائي,18000,SA1146433962775356758260,+966527060551,لا,2010-05-07
E00319,لطيفة الحميدي,1055686552,تقنية المعلومات,مدير,55000,SA0848081559491646527262,+966527576013,نعم,2017-01-30
E00320,أحمد اليامي,1678868306,الاتصال المؤسسي,منسق,6500,SA9235424962147034716549,+966507490652,لا,2017-08-05
E00321,نجود السبيعي,1084539608,تقنية المعلومات,مسؤول مشتريات,6500,SA8518144221182654915390,+966540966873,نعم,2010-12-24
E00322,صالح القرشي,1512272996,التدقيق الداخلي,مدقق حسابات,11000,SA6125246451501903377625,+966586515826,لا,2011-11-04
E00323,وفاء العرجاني,1247092495,إدارة المعرفة,مدقق حسابات,22000,SA8461335640863950022704,+966537961622,لا,2025-10-27
E00324,حسن الشهري,1127164190,الاتصال المؤسسي,موظف خدمة عملاء,27500,SA0439406503041592597476,+966550611210,نعم,2016-04-21
E00325,تركي الصاعدي,1414360501,ضبط الجودة,مختص,6500,SA9397579202521668031555,+966502222422,لا,2019-07-05
E00326,رانيا الشهراني,1803781952,ضبط الجودة,محلل,8500,SA2389456011517726212955,+966590093427,لا,2016-02-07
E00327,زينب الزهراني,1947563027,ضبط الجودة,موظف خدمة عملاء,27500,SA2206111912873044027686,+966509826282,نعم,2025-04-27
E00328,يمنى المالكي,1594604272,المشتريات,منسق,14500,SA7674508005054755701652,+966503961416,نعم,2021-11-14
E00329,مازن العامري,1364358307,إدارة المخاطر,أمين مستودع,8500,SA3829089731166473188690,+966503075139,لا,2023-08-09
E00330,سلمان المرواني,1035508827,الشؤون القانونية,موظف خدمة عملاء,6500,SA5281806046068409481273,+966546847032,نعم,2019-05-14
E00331,حسين الحازمي,1080455858,ضبط الجودة,مدير عام مساعد,33000,SA5031279483986349113294,+966564527407,نعم,2024-06-19
E00332,زينب السهلي,1214902965,المالية,مدير,55000,SA5942210136788245942107,+966528110935,لا,2023-10-27
E00333,سمر الحازمي,1781446289,الموارد البشرية,كبير محللين,14500,SA0637655150209357609934,+966544910163,نعم,2010-12-11
E00334,حنان السلمي,1047947179,التشغيل,مشرف,22000,SA2332833624092331650943,+966591138520,لا,2020-06-30
E00335,صالح الثبيتي,1912534391,المالية,مشرف,33000,SA9184753247660426947140,+966527508086,لا,2021-09-19
E00336,يوسف الرويلي,1129883441,ضبط الجودة,موظف خدمة عملاء,27500,SA9500033676179501551762,+966579018526,لا,2024-12-30
E00337,ديمة الأسمري,1648876801,التخطيط والتطوير,موظف خدمة عملاء,14500,SA6026435348803532273359,+966510026986,لا,2010-08-24
E00338,صقر القرشي,1011642228,الخدمات المساندة,منسق,27500,SA6689848273184841837521,+966517015653,لا,2019-09-17
E00339,عبدالرحمن العرجاني,1210434864,المشتريات,مدير عام مساعد,27500,SA4173963867625267060743,+966556388310,نعم,2025-10-26
E00340,وفاء العامري,1406555381,الشؤون القانونية,مدير عام مساعد,18000,SA3170907341070787208330,+966546939385,نعم,2023-01-11
E00341,لطيفة الأسمري,1541212807,الخدمات المساندة,مهندس,8500,SA8408668357511966006209,+966583305619,نعم,2022-12-09
E00342,نواف الأسمري,1007413907,الموارد البشرية,رئيس قسم,18000,SA5148405922905604150822,+966569244672,لا,2010-05-14
E00343,سلمى السديري,1817455361,المالية,أمين مستودع,11000,SA8340780397494622427961,+966550873182,نعم,2024-08-13
E00344,كريم العنزي,1673699557,الاتصال المؤسسي,مدير عام مساعد,55000,SA8953606240338079648678,+966560021231,لا,2023-08-27
E00345,فيصل التميمي,1090529486,التشغيل,مدقق حسابات,22000,SA3061933839481257677339,+966547988981,لا,2011-06-04
E00346,هاني الأسمري,1553336601,إدارة المعرفة,مشرف,55000,SA5885577748919279379083,+966517184330,نعم,2012-01-17
E00347,حمد القرشي,1338419243,التخطيط والتطوير,أمين مستودع,33000,SA6991153708804132227569,+966513529813,لا,2024-02-09
E00348,هبة الغامدي,1423928546,الخدمات المساندة,مهندس,14500,SA2006285008195581218951,+966549203420,نعم,2020-10-23
E00349,مياء الزياني,1396065201,إدارة المخاطر,محلل,41000,SA5151332667840959759548,+966535985279,لا,2020-10-02
E00350,مروة الغامدي,1159270329,المالية,كبير محللين,33000,SA8809654110525876504042,+966502321053,لا,2023-01-03
E00351,فاطمة العتيبي,1710770619,الشؤون القانونية,مدير عام مساعد,6500,SA0658366769874404612801,+966534635166,لا,2011-05-22
E00352,ابتسام العمري,1978115358,المشتريات,مدقق حسابات,27500,SA1723200450780781672119,+966529853483,نعم,2025-06-05
E00353,كريم السلمي,1874280629,إدارة المعرفة,مدقق حسابات,14500,SA6260274403104395255794,+966517896291,لا,2011-09-09
E00354,إيمان الفيفي,1603350255,المالية,مسؤول مشتريات,41000,SA9207286060717213792698,+966506631008,لا,2013-04-30
E00355,لين السهلي,1895224002,الخدمات المساندة,باحث,-500,SA9210994255628014330383,+966514143392,نعم,2015-02-28
E00356,حنان الخالدي,1831256274,الخدمات المساندة,مطور برمجيات,14500,SA1225296551135282345469,+966518668282,نعم,2014-06-13
E00357,حمزة الشريف,1887872982,إدارة المخاطر,مدقق حسابات,14500,SA0542873779561000622760,+966503367774,لا,2024-10-07
E00358,وائل السلمي,1341207916,الاتصال المؤسسي,محاسب,11000,SA9283735376030280625687,+966570783244,نعم,2024-05-25
E00359,هبة المقرن,1453169730,المالية,منسق,11000,SA5318429862398892126911,+966518408468,نعم,2012-11-24
E00360,سامي القرشي,1646396969,الاتصال المؤسسي,باحث,33000,SA7759061133411450488614,+966521118561,نعم,2015-12-07
E00361,معاذ الحازمي,1622081774,المشتريات,مصمم,11000,SA8028037880371926827483,+966514529903,لا,2017-02-24
E00362,أريج المقرن,1298281492,إدارة المخاطر,مهندس,18000,,+966519140214,نعم,2023-02-16
E00363,ريم الغامدي,1808383135,التدقيق الداخلي,محاسب,8500,SA2370154310559395868561,+966585358892,لا,2017-07-24
E00364,شهد السبيعي,1807905607,المالية,مختص,55000,SA8532297343852528312100,+966527721034,لا,2025-06-03
E00365,سارة العمري,1137313936,إدارة المخاطر,موظف خدمة عملاء,11000,SA6008938342113644710338,+966525401291,لا,2011-04-04
E00366,هيفاء البلوي,1469551756,الخدمات المساندة,كبير محللين,14500,SA5762295937769883379291,+966553688614,لا,2022-12-10
E00367,نورة المالكي,1504391937,التشغيل,محلل,22000,SA8905838324382049485431,+966559090493,نعم,2025-02-04
E00368,حنان العامري,1710923572,المشتريات,موظف خدمة عملاء,41000,SA6558286712435111044573,+966538767430,لا,2022-03-29
E00369,زياد الزبيدي,1232206944,المشتريات,موظف خدمة عملاء,33000,SA4612472405612942914405,+966564308783,لا,2010-02-27
E00370,حمزة الأسمري,1146490394,المشتريات,مدير عام مساعد,14500,SA2562604385507102627257,+966564737360,نعم,2014-12-16
E00371,مشعل الزبيدي,1048923856,المشتريات,مختص,41000,SA0532885492289266504599,+966575562029,نعم,2022-06-09
E00372,منصور العوفي,1741832198,الاتصال المؤسسي,أمين مستودع,41000,SA1807077365121887336388,+966595640040,لا,2026-04-09
E00373,رنا الشريف,1306875848,الخدمات المساندة,مهندس,11000,SA2324091691801916732198,+966510650840,لا,2019-03-29
E00374,نجلاء السبيعي,1139109332,الاتصال المؤسسي,أخصائي,8500,SA1328858552950026047040,+966587303470,نعم,2016-11-27
E00375,وليد البلوي,1944579844,ضبط الجودة,مختص,41000,SA6447073090905774590045,+966561786615,نعم,2019-09-30
E00376,سارة العرجاني,1640736821,الشؤون القانونية,مستشار,8500,SA3645032887323268814801,+966568311677,لا,2014-10-11
E00377,سارة السبيعي,1773678279,الاتصال المؤسسي,أمين مستودع,18000,SA5238764688767882895787,+966513189111,لا,2014-12-07
E00378,ابتسام الرويلي,1209478732,التشغيل,مشرف,6500,SA6175762449729949003404,+966588974414,نعم,2013-06-22
E00379,هاني القرشي,1492167315,التشغيل,مشرف,33000,SA5184069283894739320815,+966542890755,نعم,2012-12-14
E00380,حمد الزهراني,1828359321,التشغيل,موظف خدمة عملاء,14500,SA9819550785004450931955,+966574967806,لا,2021-12-15
E00381,شهد السلمي,1085249132,الاتصال المؤسسي,محلل,6500,SA3842282663077964397348,+966512402667,نعم,2014-08-07
E00382,أحمد الحازمي,1303111684,المشتريات,مستشار,11000,SA4685981415097283719792,+966572307654,نعم,2025-03-10
E00383,ديمة الشهري,1287627564,المشتريات,مدير عام مساعد,55000,SA7104925004974570875305,+966505561416,لا,2016-05-14
E00384,مساعد السلمي,1495681049,الخدمات المساندة,منسق,14500,SA5158486793127934564972,+966584936748,نعم,2021-06-02
E00385,فيصل الحميدي,1519691552,إدارة المخاطر,أمين مستودع,6500,SA9127558378191840233743,+966538896062,نعم,2021-04-29
E00386,غانم الرشيدي,1022260051,المالية,مهندس,8500,SA6429148543889657657401,+966507245783,نعم,2025-02-22
E00387,أمل اليامي,1838034062,الخدمات المساندة,محلل,55000,SA3173642349115877837980,+966575490048,نعم,2025-11-13
E00388,حسين البقمي,1162488868,تقنية المعلومات,رئيس قسم,33000,SA2899055829303093613224,+966533685870,نعم,2021-09-18
E00389,عبدالرحمن العوفي,1024033142,التدقيق الداخلي,موظف خدمة عملاء,22000,SA3736251727516510632435,+966578865093,نعم,2018-01-12
E00390,ناصر الزبيدي,1358781290,الشؤون القانونية,مختص,11000,SA6073387980403351558244,+966567580248,لا,2010-04-24
E00391,شيماء السلمي,1816682908,الشؤون القانونية,موظف خدمة عملاء,18000,SA3273038824509969864118,+966503892771,لا,2018-07-17
E00392,حسين السلمي,1547053031,المشتريات,محلل,6500,SA2247902929100349545735,+966551036486,لا,2015-11-08
E00393,أريج الشهراني,1887482618,المشتريات,مدير,22000,SA9398013137451901089255,+966548515972,نعم,2014-11-28
E00394,معاذ السواط,1197124744,الشؤون القانونية,أخصائي,27500,SA1993948981858750167716,+966516463968,نعم,2017-02-03
E00395,هاني الأسمري,1860771722,إدارة المخاطر,محلل,41000,SA0567057046025230989159,+966589548078,لا,2019-04-26
E00396,منى السواط,1497280097,التشغيل,محاسب,27500,SA6859873560793410487266,+966573158597,نعم,2023-05-05
E00397,عبير الغامدي,1210573760,الخدمات المساندة,باحث,14500,SA6839125023719186976772,+966586297397,لا,2018-03-13
E00398,منى الحميدي,1158314136,تقنية المعلومات,كبير محللين,41000,SA2811744448299621898300,+966503425404,نعم,2021-04-29
E00399,ماجد الربيعي,1663697975,الخدمات المساندة,مدير عام مساعد,55000,SA6564146984760675700616,+966514858151,نعم,2014-07-25
E00400,محمد القحطاني,1182962777,التخطيط والتطوير,رئيس قسم,27500,SA5302019670061300963998,+966541982145,نعم,2026-04-04
E00401,حسن العوفي,1765149925,التدقيق الداخلي,موظف خدمة عملاء,14500,SA6511464045736213320292,+966504684156,لا,2014-02-16
E00402,نواف الأسمري,1898764038,التخطيط والتطوير,موظف خدمة عملاء,6500,SA8308097075093433786120,+966583930329,لا,2021-04-14
E00403,إبراهيم البلوي,1750716092,إدارة المعرفة,محاسب,11000,SA5847911052976121580812,+966541426347,نعم,2020-08-26
E00404,رؤيا السلمي,1247621954,التدقيق الداخلي,باحث,18000,SA5056569757278603842613,+966532582441,لا,2010-12-08
E00405,ناصر الرويلي,1288217662,المشتريات,محلل,6500,SA3077403020037522951968,+966535593770,لا,2019-05-19
E00406,نجلاء العمري,1381631934,الشؤون القانونية,باحث,41000,SA0953516773487180422039,+966570311076,نعم,2012-03-14
E00407,شيماء العتيبي,1407575404,الاتصال المؤسسي,كبير محللين,8500,SA2771005277599123035056,+966587125433,نعم,2023-04-05
E00408,بشاير الشمري,1254268970,الاتصال المؤسسي,مطور برمجيات,33000,SA4130989142064478273562,+966576389220,لا,2010-10-09
E00409,إبراهيم السهلي,1619625435,الشؤون القانونية,مهندس,8500,SA6427355789635148599949,+966529363356,لا,2012-02-10
E00410,سامي الصاعدي,1227856901,الاتصال المؤسسي,أخصائي,27500,SA3205412667878890675013,+966597684385,لا,2014-12-13
E00411,حمزة الحربي,1352789968,إدارة المعرفة,أخصائي,41000,SA8328697743292420409356,+966552343933,لا,2014-10-19
E00412,عادل السديري,1342252887,إدارة المعرفة,مهندس,41000,SA5244240553518429167467,+966593485055,نعم,2024-12-07
E00413,ديمة الشريف,1488944057,الخدمات المساندة,باحث,22000,SA0650142742565039956189,+966562624263,نعم,2011-12-20
E00414,ديمة الأسمري,1489266484,الموارد البشرية,مختص,14500,SA7754113424548121475715,+966581154988,نعم,2017-05-04
E00415,إيمان الشريف,1528925652,الموارد البشرية,مستشار,11000,SA8799463145045983284108,+966567736626,نعم,2021-05-01
E00416,رنا الشمري,1096675713,ضبط الجودة,مدقق حسابات,11000,SA5829928559325362375404,+966592252335,لا,2018-11-23
E00417,زينب الرشيدي,1916441635,ضبط الجودة,محلل,6500,SA9792526786592822311366,+966500615713,نعم,2021-05-23
E00418,رهف الفيفي,1721146338,تقنية المعلومات,محلل,18000,SA9137545167222396078382,+966599827301,لا,2025-05-08
E00419,حمد العسيري,1395061441,ضبط الجودة,مشرف,6500,SA4762428521455153638945,+966571216542,نعم,2015-03-12
E00420,بيان العوفي,1402591109,الخدمات المساندة,أخصائي,27500,SA4355312691478700487240,+966580347993,لا,2025-08-21
E00421,مياء الشهراني,1246939373,التخطيط والتطوير,محلل,33000,SA1902391743357592774370,+966530108926,لا,2016-07-03
E00422,كريم البلوي,1827276658,ضبط الجودة,أخصائي,55000,SA3026400567808463601643,+966599207375,نعم,2023-05-20
E00423,سلمان القرني,1175511755,التدقيق الداخلي,محلل,55000,SA2741840788177396913263,+966508731206,نعم,2023-03-04
E00424,إبراهيم القرشي,1728359678,إدارة المعرفة,رئيس قسم,6500,SA6146710131742303281979,+966535766470,لا,2025-05-10
E00425,العنود السلمي,1126333689,تقنية المعلومات,مدير عام مساعد,27500,SA8994663542361816301424,+966564994019,نعم,2010-03-19
E00426,سلطان العوفي,1819613751,تقنية المعلومات,مشرف,41000,SA4932360240595845750675,+966553880202,نعم,2012-12-19
E00427,سمر السواط,1121992729,تقنية المعلومات,محاسب,14500,SA0879558282348483259304,+966580413533,نعم,2023-07-02
E00428,معاذ العتيبي,1765552375,الاتصال المؤسسي,أخصائي,27500,SA3121664068639104696927,+966547763154,نعم,2019-09-08
E00429,هبة العامري,1796602406,الموارد البشرية,مصمم,11000,SA2717638429571111559311,+966535983341,نعم,2013-08-09
E00430,بشاير البلوي,1697544656,الاتصال المؤسسي,محلل,27500,SA8316755166941602033518,+966592279036,نعم,2025-01-02
E00431,رهف الهاجري,1979767884,تقنية المعلومات,كبير محللين,6500,SA7268918391634567801281,+966544053348,نعم,2023-07-24
E00432,ديمة العمري,1285896120,إدارة المخاطر,أخصائي,11000,SA9602528035528215946943,+966541168100,نعم,2012-08-21
E00433,نورة الشمري,1637961101,التدقيق الداخلي,منسق,41000,SA8213668164101115225318,+966531438863,نعم,2024-11-19
E00434,نايف الرشيدي,1254011149,ضبط الجودة,مطور برمجيات,27500,SA6262371535785566123760,+966544076716,لا,2011-03-19
E00435,فهد الهاجري,1699612808,الشؤون القانونية,مدير عام مساعد,14500,SA7098956528943757070619,+966555033823,نعم,2013-07-07
E00436,زياد الثبيتي,1153660681,الخدمات المساندة,أخصائي,41000,SA8175196301108840157553,+966558524334,لا,2017-07-11
E00437,منصور الصاعدي,1570313807,إدارة المعرفة,مستشار,27500,SA6075218649482223925595,+966590509219,لا,2011-12-11
E00438,أريج الغامدي,1451405417,المشتريات,رئيس قسم,33000,SA6219118595930208752681,+966575395163,لا,2013-05-05
E00439,حمد السديري,1524249206,الخدمات المساندة,مدقق حسابات,41000,SA0499041961432050633076,+966571149988,نعم,2026-03-04
E00440,سلطان الرشيدي,1195092950,الموارد البشرية,أخصائي,11000,SA0718448613242439963133,+966518835814,لا,2018-03-16
E00441,محمد المالكي,1108851435,المشتريات,رئيس قسم,55000,SA3834958959701378478396,+966523783734,نعم,2022-01-08
E00442,لطيفة الثبيتي,1669051425,إدارة المخاطر,أمين مستودع,14500,SA1205011935470256561531,+966530350311,لا,2019-01-15
E00443,مياء الحربي,1351810385,الموارد البشرية,موظف خدمة عملاء,22000,SA1848215059234343746010,+966539328927,نعم,2017-01-15
E00444,غدير المسعود,1302440126,الاتصال المؤسسي,محلل,55000,SA4731576870808032840980,+966587571775,نعم,2011-08-15
E00445,مشعل الحازمي,1817697350,المشتريات,مدير عام مساعد,55000,SA6071991150658228862273,+966525657223,نعم,2010-03-01
E00446,مشعل الشمري,1058537588,الخدمات المساندة,مدير,27500,SA9192237136619360722294,+966577679733,لا,2016-05-28
E00447,سلمان البقمي,1213290578,تقنية المعلومات,مسؤول مشتريات,55000,SA5118875521053620858376,+966593839317,لا,2026-05-13
E00448,فيصل الرويلي,1870380175,الخدمات المساندة,مسؤول مشتريات,14500,SA8288846736306896510063,+966523607687,لا,2020-01-03
E00449,خلود الشهراني,1413514892,الاتصال المؤسسي,مدير,55000,SA2453863263855631147005,+966573103211,لا,2022-06-20
E00450,ريم العنزي,1811188166,إدارة المخاطر,مصمم,22000,SA8706581820879688325472,+966596331567,نعم,2015-07-10
E00451,هند العتيبي,1738680576,التدقيق الداخلي,مصمم,11000,SA7838169648965425979559,+966569174393,لا,2023-06-08
E00452,باسل القرشي,1353038415,الموارد البشرية,كبير محللين,11000,SA1598471449738382454561,+966501871404,نعم,2015-09-08
E00453,أحمد المسعود,1535952897,التخطيط والتطوير,مستشار,27500,SA9144268712975156255021,+966551846729,لا,2018-01-02
E00454,نواف الحازمي,1268133699,تقنية المعلومات,أمين مستودع,8500,SA9876304712270947580706,+966504840033,لا,2013-10-21
E00455,دلال السبيعي,1025792779,الخدمات المساندة,مدير,8500,SA7643097274995060090850,+966532126802,نعم,2024-09-24
E00456,خلود الشريف,1085370565,التدقيق الداخلي,كبير محللين,6500,SA3647531820978607228558,+966515785168,نعم,2015-02-06
E00457,تالا المطيري,1188028359,الخدمات المساندة,مسؤول مشتريات,14500,SA7466571385104651426078,+966563260389,نعم,2026-01-01
E00458,شهد الحازمي,1827892934,المشتريات,رئيس قسم,55000,SA9202702471345912949408,+966513128985,لا,2011-02-08
E00459,عبدالكريم العامري,1279894545,التشغيل,أمين مستودع,41000,SA3923774553581732347356,+966521161623,نعم,2024-05-01
E00460,باسل السبيعي,1176052445,ضبط الجودة,رئيس قسم,22000,SA1739547795560801227088,+966536877908,نعم,2020-01-30
E00461,سامي الرويلي,1695405116,الخدمات المساندة,باحث,55000,SA8841548536141507816046,+966577513142,نعم,2014-11-13
E00462,بيان الغامدي,1840975419,الموارد البشرية,باحث,14500,SA8969040641384578584869,+966527649863,لا,2012-07-18
E00463,عبير الحربي,1070264682,الخدمات المساندة,مختص,27500,SA5389672652546532524679,+966550448348,لا,2021-10-10
E00464,رند الأسمري,1135517710,التشغيل,أمين مستودع,22000,SA2087701144622555000619,+966537757212,نعم,2026-02-13
E00465,سلطان العوفي,1205717729,المشتريات,منسق,55000,SA9401543889865347079497,+966534829416,نعم,2011-10-24
E00466,حسن الخالدي,1753843133,الموارد البشرية,مدقق حسابات,11000,SA2957912324616282662768,+966547824362,لا,2015-11-05
E00467,تالا الحازمي,1390656872,المشتريات,مهندس,55000,SA2489078091933354965934,+966517214790,نعم,2019-11-13
E00468,سلطان الجهني,1142751385,ضبط الجودة,مختص,6500,SA2870495518734208254490,+966568129658,لا,2018-02-15
E00469,العنود العسيري,1458698170,التخطيط والتطوير,أمين مستودع,33000,SA2912347843167394543369,+966599111132,نعم,2014-07-01
E00470,سلطان الرشيدي,1290012259,إدارة المعرفة,محلل,14500,SA2634526498165696532292,+966575158884,لا,2015-02-01
E00471,مروة البقمي,1227064795,تقنية المعلومات,منسق,41000,SA8261890261158335310169,+966546377986,نعم,2017-12-30
E00472,أيمن السلمي,1249302876,الشؤون القانونية,كبير محللين,27500,SA3595563401960351736144,+966504513234,لا,2020-04-20
E00473,سلمان العسيري,1907160319,المشتريات,محاسب,18000,SA7530786879407277192828,+966519786738,نعم,2025-04-18
E00474,تركي الثبيتي,1145636534,التخطيط والتطوير,كبير محللين,11000,SA3962483338939471028440,+966552065228,نعم,2011-06-07
E00475,لين القرني,1097938151,الاتصال المؤسسي,أخصائي,22000,SA0948494658029592268966,+966578198369,نعم,2016-04-25
E00476,كريم الحميدي,1522603354,تقنية المعلومات,مدقق حسابات,33000,SA0282029588743537305045,+966519124409,نعم,2013-10-27
E00477,خالد الزياني,1138058142,الاتصال المؤسسي,أمين مستودع,6500,SA9151344214654724519097,+966546016189,لا,2025-09-08
E00478,رامي العتيبي,1199231620,التدقيق الداخلي,رئيس قسم,14500,SA8610081205612087566940,+966501299304,نعم,2022-02-06
E00479,عبدالعزيز الأسمري,1912767298,الشؤون القانونية,مصمم,33000,SA1713122442041803986340,+966594202026,لا,2022-10-17
E00480,ماجد الزبيدي,1650792573,المشتريات,منسق,22000,SA4208388594809311050285,+966544980422,نعم,2012-09-14
E00481,شيماء العتيبي,1443830102,المالية,كبير محللين,8500,SA7725108701031294399105,+966598780983,نعم,2016-06-30
E00482,رنا المسعود,1339568550,المشتريات,محاسب,8500,SA1701448680646812398959,+966527136185,لا,2024-02-16
E00483,الجوهرة السديري,1076230737,الاتصال المؤسسي,كبير محللين,18000,SA8194204678089949804431,+966566761834,نعم,2024-04-29
E00484,الجوهرة اليامي,1405755958,إدارة المخاطر,باحث,55000,SA4061502144300502829977,+966550710086,نعم,2016-07-11
E00485,دلال البلوي,1815638877,المشتريات,أخصائي,33000,SA9155874069340565844194,+966582617346,نعم,2022-08-11
E00486,شيماء التميمي,1328224819,إدارة المخاطر,مهندس,41000,SA5177907337728398278516,+966528441861,نعم,2015-11-15
E00487,رنا الربيعي,1050872678,التشغيل,كبير محللين,33000,SA6823906688601083052033,+966526825639,نعم,2020-09-20
E00488,شهاب الثبيتي,1683793895,الخدمات المساندة,محاسب,33000,SA7964947476445166024987,+966535814097,لا,2025-02-12
E00489,زياد العرجاني,1115182733,إدارة المخاطر,رئيس قسم,14500,SA1430552794330125365099,+966535375531,نعم,2019-06-04
E00490,رند القحطاني,1134084290,تقنية المعلومات,أمين مستودع,18000,SA1069855676926330024750,+966535627192,لا,2024-12-15
E00491,أسماء العمري,1555798022,الاتصال المؤسسي,مسؤول مشتريات,11000,SA3279257653745713742342,+966505004485,نعم,2019-10-23
E00492,مروة العتيبي,1720053162,التخطيط والتطوير,موظف خدمة عملاء,22000,SA6988294512458044998539,+966520860855,لا,2016-01-25
E00493,نورة العرجاني,1187802242,الشؤون القانونية,كبير محللين,8500,SA0480902265203461142705,+966571430605,نعم,2026-01-25
E00494,مشعل الخالدي,1582211726,تقنية المعلومات,أمين مستودع,6500,SA6246795951683244186706,+966547395180,نعم,2025-03-09
E00495,مياء الحميدي,1374630703,الشؤون القانونية,أخصائي,18000,SA4499009142825555607106,+966578327128,نعم,2021-04-23
E00496,دلال العمري,1165711209,الاتصال المؤسسي,مستشار,18000,SA7250638110079055434748,+966551413056,نعم,2011-01-30
E00497,غانم الحربي,1163545492,التخطيط والتطوير,مصمم,55000,SA7319636501469040929265,+966545895488,نعم,2011-05-03
E00498,شيماء الشريف,1164931196,إدارة المخاطر,مشرف,6500,SA8032688530765871854831,+966511882074,نعم,2010-10-26
E00499,نجلاء التميمي,1104618176,الخدمات المساندة,مطور برمجيات,18000,SA8199469498744723449176,+966524559636,لا,2024-12-26
E00500,بدر الشريف,1893852986,الموارد البشرية,محاسب,11000,SA4374570076846445714596,+966591418220,لا,2013-03-30
E00501,أسماء الصاعدي,1986917142,التشغيل,مشرف,55000,SA1886448045351118771024,+966548018135,لا,2025-05-07
E00502,الجوهرة الرويلي,1509703565,الخدمات المساندة,مدير,27500,SA1129486391903458851776,+966542180223,نعم,2011-08-25
E00503,نجود الشهراني,1685113548,الموارد البشرية,مطور برمجيات,55000,SA2660438890764345164434,+966574124106,نعم,2010-02-03
E00504,نجلاء السلمي,1992272292,المشتريات,أخصائي,55000,SA9623318476485238902663,+966579850689,لا,2012-01-02
E00505,أسماء المطيري,1249223387,الشؤون القانونية,موظف خدمة عملاء,55000,SA1624157520618487580721,+966557153167,نعم,2025-03-11
E00506,أسماء الأسمري,1412923409,إدارة المخاطر,أخصائي,8500,SA7006771191196019419936,+966552374074,نعم,2025-04-05
E00507,عبدالكريم الحوساوي,1044547410,التخطيط والتطوير,باحث,22000,SA4359538994190946604297,+966574395408,لا,2025-01-10
E00508,وفاء السبيعي,1283444287,تقنية المعلومات,موظف خدمة عملاء,11000,SA5648421380325401771800,+966525618186,لا,2013-05-17
E00509,ماجد اليامي,1611204189,التدقيق الداخلي,محاسب,11000,SA8888551691664427280173,+966581411277,لا,2021-02-05
E00510,منصور السهلي,1153214943,التخطيط والتطوير,مدير عام مساعد,11000,SA2692127034771357601454,+966514383869,لا,2024-08-30
E00511,حنان العسيري,1017616721,الاتصال المؤسسي,مدير,6500,SA9044089328396672753454,+966560954658,نعم,2019-07-27
E00512,وفاء السهلي,1472349990,ضبط الجودة,باحث,41000,SA7335440579437349476396,+966556689308,لا,2022-07-14
E00513,كريم الحازمي,1592549966,المالية,أمين مستودع,33000,SA5017991855582977110441,+966511525336,نعم,2024-10-09
E00514,مساعد المطيري,1533105464,التشغيل,باحث,6500,SA0710546090005043076045,+966529621691,نعم,2022-04-07
E00515,لؤي الرويلي,1894660552,التدقيق الداخلي,باحث,22000,SA6292513193481689653109,+966546919399,نعم,2010-04-19
E00516,مشعل اليامي,154827070,تقنية المعلومات,رئيس قسم,22000,SA7303627916036842975968,+966565254549,لا,2016-10-28
E00517,ديمة الأسمري,1037935689,الخدمات المساندة,كبير محللين,55000,SA5884902399807645958117,+966539462884,لا,2020-04-03
E00518,ميساء العمري,1264658707,الشؤون القانونية,مصمم,55000,SA7264005054148968866045,+966505108587,نعم,2012-07-30
E00519,أنس القرشي,1497569754,الخدمات المساندة,مسؤول مشتريات,14500,SA5060084229737959098673,+966533408856,لا,2012-01-20
E00520,يوسف الحوساوي,1442758312,التخطيط والتطوير,مطور برمجيات,18000,SA8687723688237552207609,+966502940941,نعم,2014-08-01
E00521,شهاب الحوساوي,1681255004,الاتصال المؤسسي,موظف خدمة عملاء,14500,SA2342873146170273880102,+966541489143,نعم,2011-06-09
E00522,نورة العمري,1848140164,تقنية المعلومات,موظف خدمة عملاء,8500,SA3955600153894334858121,+966508239555,لا,2016-06-30
E00523,أحمد اليامي,1070216252,المالية,مسؤول مشتريات,18000,SA7189517986679800795909,+966559073919,لا,2021-09-07
E00524,مياء المطيري,1241209970,التشغيل,مدقق حسابات,27500,SA5548952455254055299253,+966542101899,نعم,2023-12-10
E00525,لؤي العمري,1591698152,المشتريات,منسق,14500,SA7530356083811495590189,+966540774661,نعم,2022-06-30
E00526,شيماء العسيري,1912911896,تقنية المعلومات,أخصائي,8500,SA5088035020147122707887,+966538595335,لا,2021-12-15
E00527,هيفاء القرني,1739884268,الاتصال المؤسسي,كبير محللين,41000,SA3125313595519647504715,+966512378010,لا,2026-05-10
E00528,مازن السديري,1165848803,المالية,مطور برمجيات,11000,SA6146732194105141799735,+966538445959,نعم,2018-11-29
E00529,سلمى المسعود,1966829564,الاتصال المؤسسي,محلل,41000,SA7659678817611153579497,+966564958598,نعم,2019-10-24
E00530,أنوار الحميدي,1561101831,ضبط الجودة,أمين مستودع,6500,SA6227068056389503761140,+966524401529,لا,2012-07-14
E00531,ابتسام العوفي,1595558576,التشغيل,أخصائي,41000,SA4576197126037698955079,+966514655967,لا,2011-01-19
E00532,لين التميمي,1355439900,إدارة المخاطر,مشرف,27500,SA6127289297302098418891,+966506184220,نعم,2010-08-28
E00533,سارة الزياني,1964641086,الموارد البشرية,محلل,33000,SA6669016233067819364169,+966543548892,نعم,2018-06-09
E00534,مازن الشهري,1408550604,ضبط الجودة,مسؤول مشتريات,14500,SA9063777405860668181753,+966564887099,لا,2019-12-05
E00535,حسن الزبيدي,1170897571,ضبط الجودة,أخصائي,41000,SA2987138253444101653147,+966511167353,لا,2011-12-17
E00536,حمد الربيعي,1635150400,المشتريات,منسق,22000,SA7531194115626474962226,+966512761178,لا,2015-03-07
E00537,أنس الأسمري,1393820855,الاتصال المؤسسي,مطور برمجيات,14500,,+966594496476,لا,2021-06-22
E00538,مشعل الغامدي,1465426128,التشغيل,باحث,41000,SA1777284238984034940924,+966554237734,نعم,2012-05-20
E00539,جاسم التميمي,1641859804,التدقيق الداخلي,محلل,8500,SA5257088628669918949858,+966548167159,لا,2011-12-09
E00540,أنس الزبيدي,1335895601,الاتصال المؤسسي,مصمم,41000,SA5285594844832837966216,+966520212326,نعم,2020-04-13
E00541,عبدالكريم الشمري,1835881649,المالية,منسق,18000,SA2783806638358434822232,+966591568363,لا,2010-08-24
E00542,عبدالعزيز الحميدي,1981145368,تقنية المعلومات,مشرف,27500,SA5813465604062264189139,+966582576082,لا,2026-01-18
E00543,وائل العنزي,1873943722,التخطيط والتطوير,كبير محللين,55000,SA1234322747009581116024,+966542954236,لا,2025-05-01
E00544,تركي الفيفي,1961644968,ضبط الجودة,موظف خدمة عملاء,22000,SA4496392683447982970356,+966572320027,نعم,2022-01-11
E00545,دلال اليامي,1340833365,الخدمات المساندة,محلل,6500,SA3721000795442057217972,+966551690766,لا,2015-06-17
E00546,سحر الربيعي,1815126212,الخدمات المساندة,منسق,14500,SA5171183890329392834700,+966501206119,لا,2014-01-04
E00547,هند الفيفي,1080108333,الخدمات المساندة,مسؤول مشتريات,6500,SA3257455296839791045076,+966552322475,نعم,2010-02-23
E00548,سلطان الرويلي,1893520344,الاتصال المؤسسي,منسق,18000,SA7002166351255479932304,+966550609156,لا,2025-10-13
E00549,سمر الدوسري,1793421197,الخدمات المساندة,أخصائي,27500,SA3505098330332084834632,+966596745802,نعم,2023-02-24
E00550,بشاير الثبيتي,1613731833,التدقيق الداخلي,مسؤول مشتريات,41000,SA6766792658655679034695,+966514842037,لا,2006-02-17
E00551,بشاير الحربي,1348527712,الخدمات المساندة,مدقق حسابات,27500,SA5895920104435391624215,+966525902459,نعم,2019-11-19
E00552,مشعل الرويلي,1528755497,المشتريات,مهندس,18000,SA7935415987694983360832,+966553211824,لا,2022-04-02
E00553,هند السلمي,1151458500,إدارة المخاطر,مختص,33000,SA2120561862312520011050,+966555650008,نعم,2013-08-01
E00554,سمر الغامدي,1055053902,التخطيط والتطوير,مصمم,18000,SA1721363478911274252690,+966566526481,نعم,2018-03-31
E00555,رند الأسمري,1014552721,التخطيط والتطوير,مدير,11000,SA5663945376492611244335,+966529780353,نعم,2022-12-31
E00556,رانيا الحازمي,1769344134,ضبط الجودة,محلل,8500,SA0669745579254654565247,+966584225001,نعم,2025-07-07
E00557,سلمان القحطاني,1874630963,الموارد البشرية,مصمم,27500,SA1334237433834371239639,+966506014478,لا,2011-11-03
E00558,فيصل الغامدي,1108351808,الشؤون القانونية,باحث,11000,SA2559338046405337427945,+966517655033,نعم,2012-06-10
E00559,راشد المطيري,1867089391,المشتريات,مصمم,55000,SA7034468075093968880164,+966508802343,لا,2013-03-16
E00560,فاطمة الشريف,1919772770,ضبط الجودة,أمين مستودع,22000,SA4368306151303036127503,+966580369470,لا,2012-12-19
E00561,غانم الغامدي,1796966651,المشتريات,محلل,14500,SA0815014534477245018766,+966543742272,لا,2025-05-22
E00562,سامي الربيعي,1008368688,الشؤون القانونية,مصمم,6500,SA3936427879298920450649,+966515308289,نعم,2023-09-24
E00563,بشاير المرواني,1767004458,التشغيل,مستشار,27500,SA7984734451825585064614,+966552805113,لا,2018-01-04
E00564,زينب المسعود,1847387188,المالية,مدير عام مساعد,11000,SA4352585543490199948246,+966517743572,نعم,2015-11-24
E00565,هند السلمي,1034031045,الشؤون القانونية,أمين مستودع,6500,SA2323123399064989776391,+966598043627,لا,2024-03-01
E00566,نواف العنزي,1147538803,إدارة المعرفة,مدير,11000,SA7435442424710172065248,+966593894726,لا,2010-05-14
E00567,رامي العرجاني,1276468681,الخدمات المساندة,مشرف,6500,SA4527922516252873527941,+966590623599,لا,2017-01-10
E00568,فهد الزياني,1716048127,الموارد البشرية,مطور برمجيات,33000,SA4346598078465627752674,+966588657793,لا,2025-03-25
E00569,إيمان السديري,1321070193,المشتريات,مدير,6500,SA7333207208937367501897,+966575414820,لا,2020-11-03
E00570,رؤيا الرشيدي,1040262303,ضبط الجودة,مدير عام مساعد,55000,SA5767892522744337845969,+966522596496,نعم,2020-01-08
E00571,منى الربيعي,1870230453,إدارة المعرفة,مسؤول مشتريات,11000,SA7169151136548481685814,+966534301232,نعم,2023-05-05
E00572,سارة الربيعي,1556221768,المشتريات,مهندس,41000,SA7872358388566004875399,+966592039689,لا,2014-10-24
E00573,سلمى العتيبي,1830981336,التشغيل,محاسب,27500,SA3411634485599145512646,+966511111809,لا,2023-06-01
E00574,حسين الزياني,1186867279,إدارة المعرفة,محاسب,33000,SA2776938727950023576163,+966541560462,نعم,2020-02-08
E00575,نجلاء العسيري,1987323142,المشتريات,مدقق حسابات,22000,SA1424959393811689821853,+966593766717,لا,2023-10-28
E00576,حنان القحطاني,1578068957,إدارة المعرفة,مشرف,6500,SA3599845703605796665179,+966559528840,لا,2019-09-11
E00577,تركي الرويلي,1356839447,تقنية المعلومات,محاسب,6500,SA9219897942094038271709,+966553277040,لا,2025-07-05
E00578,منى المالكي,1473281580,التخطيط والتطوير,محلل,8500,SA2249647497079753844112,+966543725506,لا,2021-03-23
E00579,أمل الشهري,1912074679,ضبط الجودة,مدقق حسابات,27500,SA7019674727024748901944,+966527221009,نعم,2012-08-06
E00580,يوسف الحربي,1332690583,إدارة المخاطر,رئيس قسم,6500,SA9201874150559599518117,+966501739911,نعم,2011-01-31
E00581,جاسم الغامدي,1613985066,إدارة المعرفة,مسؤول مشتريات,11000,SA8244299658707312866765,+966542248720,لا,2011-02-20
E00582,حمد الحربي,1544989633,التدقيق الداخلي,باحث,33000,SA7652939429187528945631,+966531190609,لا,2021-11-02
E00583,سحر العامري,1140369784,تقنية المعلومات,مستشار,41000,SA5327813241463884397361,+966572193380,لا,2017-08-20
E00584,تركي الجهني,1713960191,الموارد البشرية,مصمم,18000,SA5468394531734679120733,+966514824782,لا,2016-02-25
E00585,جاسم السهلي,1921499420,التدقيق الداخلي,مدقق حسابات,8500,SA9368447077166040483916,+966575968889,نعم,2019-02-19
E00586,رؤيا البلوي,1305666560,الشؤون القانونية,مطور برمجيات,18000,SA8598645364061720150982,+966575491883,لا,2012-04-26
E00587,حمد الرويلي,1315250306,المشتريات,مشرف,55000,SA4545211207874455459841,+966535658364,لا,2021-03-06
E00588,لطيفة التميمي,1369488505,الموارد البشرية,مطور برمجيات,8500,SA2744258417932340349541,+966595294356,لا,2013-02-08
E00589,رامي الفيفي,1417968680,الشؤون القانونية,أمين مستودع,41000,SA4558296323003445569347,+966556395934,نعم,2020-07-22
E00590,مروة الحازمي,1913750574,الموارد البشرية,موظف خدمة عملاء,55000,SA7629213369482406868457,+966545167858,لا,2025-07-13
E00591,مساعد القحطاني,1449156601,التشغيل,مدقق حسابات,8500,SA7718552842598059137150,+966550996702,لا,2015-06-09
E00592,عبدالرحمن المالكي,1925023606,إدارة المخاطر,مدير,14500,SA6485494723151488232933,+966525906824,نعم,2015-08-17
E00593,صفاء الثبيتي,1639029311,الشؤون القانونية,مصمم,18000,SA6337895842483518028858,+966566666979,لا,2021-06-08
E00594,هبة العرجاني,1856443948,الشؤون القانونية,مشرف,33000,SA8388906122383124151587,+966550516581,نعم,2015-03-14
E00595,شيماء الرويلي,1667216814,تقنية المعلومات,مطور برمجيات,33000,SA3633347808393213628403,+966590917532,نعم,2012-08-24
E00596,عبدالله المالكي,1447900562,تقنية المعلومات,مختص,55000,SA5633247251974721634974,+966531314818,نعم,2017-10-17
E00597,لؤي الشهراني,1603223635,الشؤون القانونية,رئيس قسم,33000,SA6174882485071527550852,+966581213973,لا,2022-10-31
E00598,عبدالعزيز العتيبي,1876711969,المالية,رئيس قسم,11000,SA9678616720595370861750,+966514246047,نعم,2021-12-13
E00599,سحر اليامي,1930659303,التخطيط والتطوير,محاسب,14500,SA8081761999228705450424,,لا,2011-05-07
E00600,إبراهيم المطيري,1738779568,التدقيق الداخلي,أمين مستودع,14500,SA8020268128418274563431,+966577704006,لا,2010-04-02
E00601,عبدالوهاب الغامدي,1399785565,الموارد البشرية,منسق,18000,SA2461854974976596717818,+966543691059,لا,2010-11-14
E00602,وفاء الزياني,1498463163,إدارة المخاطر,مدير عام مساعد,27500,SA7069232970478255646156,+966589775051,نعم,2018-03-24
E00603,شهاب الحوساوي,1458661939,التخطيط والتطوير,محاسب,8500,SA8998868140230908380261,+966562662615,لا,2023-11-14
E00604,مازن المقرن,1901772770,الشؤون القانونية,مدقق حسابات,11000,SA5662190828984770098687,+966561584073,نعم,2025-10-20
E00605,صقر الحوساوي,1189994765,التدقيق الداخلي,أخصائي,18000,SA5845675747404412824725,+966547706874,لا,2021-12-10
E00606,كريم الربيعي,1803974235,التشغيل,رئيس قسم,33000,SA8239918451256989525981,+966507591873,نعم,2016-05-07
E00607,إيمان السبيعي,1314796291,تقنية المعلومات,كبير محللين,55000,SA8154005059859632576426,+966584819593,نعم,2020-09-14
E00608,هبة العنزي,1603236801,إدارة المعرفة,أخصائي,41000,SA4526644265000815817073,+966570625241,نعم,2011-08-25
E00609,عبير الحميدي,1970123905,الخدمات المساندة,موظف خدمة عملاء,11000,SA0246336256656110297585,+966561081672,لا,2017-12-14
E00610,إيمان السواط,1322097211,تقنية المعلومات,مختص,14500,SA0484422258402453025053,+966582015249,نعم,2017-12-06
E00611,حسين الزبيدي,1083523314,التدقيق الداخلي,محلل,33000,SA5659501060710729630810,+966597348432,لا,2020-06-01
E00612,حمزة الغامدي,1572785622,التدقيق الداخلي,مسؤول مشتريات,41000,SA5114553807834369085358,+966576149601,لا,2011-07-13
E00613,جواهر البلوي,1679816858,الشؤون القانونية,مشرف,27500,SA3315485407328790987490,+966565794997,نعم,2011-07-21
E00614,منصور العنزي,1836423663,التخطيط والتطوير,أمين مستودع,33000,SA6271845750525429813943,+966589245256,لا,2022-02-27
E00615,مياء الغامدي,1877350098,التخطيط والتطوير,أمين مستودع,41000,SA2563450441241792933470,+966539036988,نعم,2015-01-10
E00616,حسن الزياني,1722354931,إدارة المعرفة,مطور برمجيات,14500,SA6708838617122796067410,+966549102813,نعم,2017-06-15
E00617,عبدالرحمن المالكي,1403191727,الموارد البشرية,موظف خدمة عملاء,6500,SA9773044726577658379060,+966572132649,لا,2026-03-20
E00618,عبدالعزيز الأسمري,1628888289,الشؤون القانونية,محلل,14500,SA5354374403482061098097,+966528696470,نعم,2023-09-22
E00619,يمنى الشهراني,1405782994,إدارة المخاطر,مشرف,27500,SA8217016772264767444905,+966560678122,نعم,2021-03-17
E00620,أمل الحميدي,1372550218,الخدمات المساندة,رئيس قسم,55000,SA4300046532825949027643,+966541815966,لا,2020-02-08
E00621,راشد الزبيدي,1155557893,إدارة المعرفة,محاسب,11000,SA6254234313744518883276,+966520064987,لا,2020-02-19
E00622,طلال القرشي,1175024809,إدارة المعرفة,رئيس قسم,14500,SA3948740241698290718544,+966533768967,لا,2023-03-19
E00623,هبة السهلي,1527555328,إدارة المخاطر,مستشار,55000,SA2584816470389544050493,+966571996302,لا,2025-06-30
E00624,مها البلوي,1150960019,إدارة المخاطر,مدير عام مساعد,8500,SA2552665768543969076928,+966578651906,لا,2013-01-04
E00625,صقر الخالدي,1622891230,التشغيل,مهندس,33000,SA9739679943223609121280,+966597615484,لا,2013-01-18
E00626,مازن السواط,1312918228,إدارة المخاطر,مدير,6500,SA4724581937425867192961,+966501940748,نعم,2022-09-27
E00627,بدر الشهراني,1485794828,الاتصال المؤسسي,مختص,33000,SA8839137066022710847666,+966525388700,لا,2010-11-26
E00628,معاذ البلوي,1026136901,التدقيق الداخلي,محاسب,22000,SA7814386252303320547593,+966566441962,نعم,2012-02-07
E00629,فيصل الثبيتي,1014362485,الاتصال المؤسسي,مطور برمجيات,14500,SA5200378619525876267712,+966592502944,نعم,2014-07-17
E00630,شيماء الحازمي,1484498744,الاتصال المؤسسي,رئيس قسم,27500,SA3981928825156974652202,+966578525728,لا,2016-11-16
E00631,رند القرني,1826641084,المالية,مدقق حسابات,33000,SA2424935101393481413891,+966591735925,لا,2019-08-13
E00632,إيمان الربيعي,1454769165,تقنية المعلومات,موظف خدمة عملاء,27500,SA5707497647110068643430,+966596129555,نعم,2012-04-18
E00633,فاطمة الشهري,1102269618,المالية,محاسب,11000,SA6160524189126799137197,+966532944013,لا,2020-05-10
E00634,نواف الشهري,1978877080,التدقيق الداخلي,أخصائي,41000,SA1145244657390862156076,+966527998644,لا,2017-12-02
E00635,لين الشهراني,1665404339,الشؤون القانونية,منسق,6500,SA4202661714484114602191,+966514351166,لا,2025-10-03
E00636,رؤيا الصاعدي,1263315853,المالية,مستشار,14500,SA2846729066905687118417,+966548150542,نعم,2019-04-12
E00637,هاني الزبيدي,1544613498,ضبط الجودة,مدير عام مساعد,14500,SA0612532175608032984521,+966569351834,نعم,2021-12-19
E00638,سلمان الهاجري,1833416652,الخدمات المساندة,مستشار,33000,SA5259102213637622068632,+966534474004,نعم,2026-04-21
E00639,كريم السلمي,1874523945,التدقيق الداخلي,منسق,41000,SA3232364772475268973071,+966589065295,نعم,2019-03-22
E00640,غدير الزياني,1123854646,التخطيط والتطوير,موظف خدمة عملاء,41000,SA9189861740392853096573,+966553716084,لا,2021-08-20
E00641,سلمان اليامي,1920991625,تقنية المعلومات,مسؤول مشتريات,41000,SA2964081960878783881791,+966566262546,لا,2022-10-13
E00642,أيمن الشريف,1106499666,تقنية المعلومات,مصمم,27500,SA2212806703945558908009,+966523269009,لا,2013-01-26
E00643,لؤي الزياني,1587921428,المشتريات,مدير عام مساعد,8500,SA0667515803732243198095,+966598462297,نعم,2020-09-23
E00644,رهف القرشي,1071476178,المالية,مدقق حسابات,55000,SA2799027337882788412471,+966534049963,لا,2015-02-13
E00645,شهد الزهراني,1465354510,التشغيل,مدقق حسابات,8500,SA4402697763817675480824,+966511016944,نعم,2013-02-04
E00646,بدر العامري,1441941828,المشتريات,مسؤول مشتريات,41000,SA4458180585950095242693,+966568552643,نعم,2020-07-09
E00647,وائل الحوساوي,1608764930,الاتصال المؤسسي,مستشار,22000,SA4274280569467468003881,+966524864055,لا,2025-05-22
E00648,ديمة السواط,1036028684,الخدمات المساندة,مدير عام مساعد,27500,SA4215783765642780131006,+966521586608,نعم,2010-03-07
E00649,أريج المقرن,1772742696,التدقيق الداخلي,أخصائي,41000,SA3661774070322678754802,+966587773208,لا,2021-07-04
E00650,الجوهرة الشهري,1778856987,إدارة المعرفة,محلل,22000,SA5305420279636912797630,+966515594538,نعم,2019-12-13
E00651,مساعد العوفي,1081620385,الخدمات المساندة,مشرف,8500,SA4853096644933441394309,+966595277419,لا,2021-12-27
E00652,نجود الصاعدي,1337046427,تقنية المعلومات,أخصائي,6500,SA3004874949404184806279,+966531773968,لا,2018-12-09
E00653,منصور الرشيدي,1170677692,الاتصال المؤسسي,أخصائي,6500,SA8096923085646577605656,+966530368154,نعم,2023-08-21
E00654,هند اليامي,1953084256,المالية,مدقق حسابات,18000,SA2809073800958818064571,+966589158082,نعم,2026-01-29
E00655,مساعد الهاجري,1941014522,الموارد البشرية,كبير محللين,22000,SA6791827033881020013569,+966532937951,نعم,2021-07-15
E00656,غدير الحميدي,1225492733,المشتريات,كبير محللين,18000,SA1304000154311405333355,+966526639245,لا,2016-04-20
E00657,صقر القحطاني,1653836682,المالية,مدير عام مساعد,6500,SA9295973043579329863352,+966518227756,لا,2011-02-08
E00658,هاني العامري,1604909505,المالية,محلل,55000,SA3301090792908230168055,+966547860047,لا,2021-08-10
E00659,رهف العمري,1614783528,الشؤون القانونية,مسؤول مشتريات,41000,SA5994274986131391622696,+966589326562,لا,2023-07-22
E00660,ابتسام العمري,1613737848,الاتصال المؤسسي,محاسب,11000,SA3389081412491337578044,+966567670840,نعم,2020-06-03
E00661,نجود العرجاني,1156438556,المشتريات,موظف خدمة عملاء,55000,SA2052494204740871181611,+966542618815,لا,2015-04-18
E00662,أنوار القحطاني,1773488851,الاتصال المؤسسي,مدقق حسابات,999999,SA2379086175853100494620,+966590977676,لا,2016-05-12
E00663,شهد الرشيدي,1606429452,التشغيل,مطور برمجيات,22000,SA3980338057433281903171,+966530790018,لا,2014-05-23
E00664,تركي الرويلي,1451015158,إدارة المخاطر,مهندس,41000,SA3165506834679688463982,+966573361436,نعم,2014-07-13
E00665,فيصل الجهني,1907634362,الشؤون القانونية,محلل,8500,SA8064684380974274357195,+966569313631,نعم,2025-07-03
E00666,نواف الشهراني,1711703783,التدقيق الداخلي,موظف خدمة عملاء,33000,SA0982513941886473823112,+966570111404,لا,2020-05-08
E00667,حنان البقمي,1672839089,المالية,رئيس قسم,18000,SA3803506037172170821942,+966511009922,نعم,2018-09-03
E00668,محمد الصاعدي,1380128339,الشؤون القانونية,مختص,11000,SA4480245142567990582691,+966540641576,نعم,2019-02-15
E00669,ناصر الأسمري,1077971032,التدقيق الداخلي,مسؤول مشتريات,6500,SA6050879572937006407217,+966516961428,لا,2010-10-06
E00670,صالح البلوي,1416980983,التدقيق الداخلي,منسق,27500,SA4167287212774392738358,+966529427030,نعم,2010-07-05
E00671,ريم اليامي,1947038038,المالية,مختص,18000,SA4863127555436598542993,+966519705580,لا,2023-09-04
E00672,وفاء الشريف,1213273335,الشؤون القانونية,كبير محللين,6500,SA5304015045087281766541,+966538622730,لا,2019-02-18
E00673,تركي الثبيتي,1730147491,الشؤون القانونية,محلل,8500,SA5165065950251736517113,+966553789124,لا,2012-09-11
E00674,أسماء العسيري,1060577085,إدارة المخاطر,باحث,8500,SA8476679273210897493975,+966520703124,نعم,2019-06-04
E00675,لطيفة الشهراني,1658954654,التخطيط والتطوير,مستشار,55000,SA2612086543386582503229,+966563933493,لا,2016-10-20
E00676,إبراهيم الزياني,1782783821,تقنية المعلومات,باحث,11000,SA6045724810582503078378,+966547659375,لا,2018-02-28
E00677,نجود العرجاني,1526297567,الموارد البشرية,مستشار,22000,SA8031795897943550522515,+966595721673,لا,2021-03-01
E00678,نجود العتيبي,1310994346,الخدمات المساندة,محلل,11000,SA5162328618539906363233,+966533113890,لا,2015-05-22
E00679,طلال السواط,1188907016,الاتصال المؤسسي,منسق,18000,SA0358900709694533206850,+966509032869,نعم,2011-10-15
E00680,ابتسام اليامي,1110013198,الشؤون القانونية,منسق,27500,SA6460937378350618052738,+966583942542,نعم,2015-04-25
E00681,حسين الجهني,1435565906,إدارة المخاطر,مختص,8500,SA0404807992409732738132,+966557992073,نعم,2017-12-22
E00682,بشاير الثبيتي,1851546117,الاتصال المؤسسي,مسؤول مشتريات,41000,SA0374639945002239361094,+966504373773,لا,2019-12-03
E00683,جاسم المسعود,1968858827,الشؤون القانونية,مدقق حسابات,33000,SA3395381836637578707006,+966546073294,نعم,2023-07-07
E00684,فهد الثبيتي,1916114463,إدارة المعرفة,محاسب,8500,SA1801398314150526251047,+966515685447,نعم,2020-04-04
E00685,هبة العنزي,1397197276,التخطيط والتطوير,مشرف,55000,SA8230566427361879113900,+966591678318,لا,2010-06-20
E00686,وائل العوفي,1060415377,ضبط الجودة,رئيس قسم,33000,SA3515673263513215624792,+966531291769,نعم,2023-09-22
E00687,أسماء البلوي,1534664287,المالية,مستشار,14500,SA2532554944332528143357,+966514873735,نعم,2011-12-16
E00688,طلال الشهري,1539812022,المالية,كبير محللين,22000,SA9743086999695791406893,+966512326969,لا,2021-06-03
E00689,شيماء الرشيدي,1502648643,المشتريات,كبير محللين,14500,SA6676804334437170719665,+966530064576,نعم,2025-02-23
E00690,أنس الحميدي,1638676567,الشؤون القانونية,مصمم,27500,SA1591178262237280850490,+966572850236,لا,2017-07-04
E00691,باسل السبيعي,1631232293,الخدمات المساندة,مدير عام مساعد,8500,SA7732756274555669855394,+966518598456,نعم,2011-03-10
E00692,بيان المرواني,1724147218,ضبط الجودة,باحث,11000,SA6374171848139379258079,+966591247324,نعم,2018-10-08
E00693,دلال الربيعي,1537445460,ضبط الجودة,مطور برمجيات,33000,SA9647340047532396168514,+966579477239,لا,2023-03-19
E00694,عبدالعزيز الزبيدي,1021262801,التدقيق الداخلي,كبير محللين,22000,SA1549861230775451818383,+966561578829,لا,2026-01-02
E00695,أسماء الشهري,1012922959,تقنية المعلومات,أمين مستودع,18000,SA6329430142860152299063,+966562522477,لا,2015-11-12
E00696,سامي السبيعي,1571139243,التدقيق الداخلي,مشرف,14500,SA3890661545515892240545,+966536011359,لا,2025-01-04
E00697,لمى السديري,1545261735,التخطيط والتطوير,مستشار,33000,SA5882918108505913824128,+966578129397,نعم,2020-10-20
E00698,شهاب البقمي,1102788278,التدقيق الداخلي,موظف خدمة عملاء,8500,SA0531044250224887167014,+966592361253,لا,2026-05-19
E00699,ابتسام البقمي,1966560581,إدارة المعرفة,مختص,6500,SA8727213426311030411103,+966532326673,لا,2018-04-07
E00700,غدير البلوي,1104493331,التخطيط والتطوير,باحث,18000,SA6340198898741242129556,+966563246926,لا,2012-03-30
E00701,أمل السبيعي,1276440797,ضبط الجودة,أخصائي,55000,SA3355721563092581140612,+966524022766,نعم,2024-03-24
E00702,سعد الزياني,1763363486,التدقيق الداخلي,محلل,33000,SA2965577778304268874937,+966509697738,لا,2015-07-04
E00703,فهد الزبيدي,1653634707,التشغيل,مدير عام مساعد,8500,SA5334139496766346102225,+966572575577,لا,2026-03-04
E00704,باسل العمري,1062164577,التدقيق الداخلي,منسق,55000,SA6644788544266473013130,+966510699455,نعم,2023-04-22
E00705,شيماء السديري,1953820113,التخطيط والتطوير,مهندس,55000,SA3343369176318321490001,+966553318342,نعم,2019-10-08
E00706,سلمان العرجاني,1710366343,إدارة المخاطر,مصمم,6500,SA8545299409895008938603,+966586127420,لا,2011-07-06
E00707,عبدالرحمن الحوساوي,1114994757,إدارة المعرفة,مهندس,27500,SA9505360302886333810504,+966548358215,لا,2021-10-12
E00708,فهد السواط,1917720433,المالية,أخصائي,6500,SA6084604923549409589022,+966566893994,نعم,2015-06-30
E00709,نجلاء البلوي,1157951516,التخطيط والتطوير,مستشار,22000,SA1684182333091060902307,+966503752497,لا,2010-12-11
E00710,حسن البلوي,1773678550,الخدمات المساندة,مهندس,8500,SA7853324395056601282165,+966550453721,لا,2023-08-21
E00711,العنود الهاجري,1692391236,الشؤون القانونية,موظف خدمة عملاء,41000,SA7133922943708507011960,+966562512411,لا,2018-09-22
E00712,غدير العتيبي,1675900979,إدارة المخاطر,مطور برمجيات,27500,SA3283693972780965356885,+966519167361,لا,2024-11-26
E00713,سارة المقرن,1478505967,التشغيل,مشرف,18000,SA7481307597856085453664,+966570050952,لا,2018-01-24
E00714,هند الفيفي,1017865351,الشؤون القانونية,مطور برمجيات,27500,SA8226819727675138242799,+966599874949,لا,2019-10-29
E00715,زينب البقمي,1289927426,الموارد البشرية,مدقق حسابات,33000,SA2767987492981831677517,+966544748211,لا,2021-04-15
E00716,إيمان الغامدي,1259157202,تقنية المعلومات,كبير محللين,14500,SA8323993592622931432558,+966594164800,نعم,2017-01-25
E00717,رانيا البلوي,1712768702,إدارة المعرفة,محلل,14500,SA1831776491458528751214,+966580719424,نعم,2011-04-20
E00718,فاطمة السديري,1286494271,الشؤون القانونية,مختص,14500,SA6165649198209991103950,+966540455492,نعم,2015-06-25
E00719,راشد القرشي,1001717519,تقنية المعلومات,موظف خدمة عملاء,41000,SA2311167582295051764983,+966582786013,نعم,2023-12-04
E00720,منصور الثبيتي,1049821414,الخدمات المساندة,مهندس,55000,SA4294948779059316946122,+966559773742,لا,2019-01-22
E00721,هبة الحوساوي,1325032421,إدارة المعرفة,أمين مستودع,6500,SA7124035856643620234180,+966571085769,نعم,2016-01-27
E00722,وفاء العتيبي,1190048593,إدارة المخاطر,مدير عام مساعد,55000,SA5386857409028558040796,+966560461140,نعم,2024-09-28
E00723,بيان العرجاني,1382273033,إدارة المخاطر,أخصائي,18000,SA3068343403150942024954,+966556003998,نعم,2022-03-28
E00724,حسين الشريف,1025607704,المالية,مدير عام مساعد,27500,SA0350135888716622728951,+966553154908,نعم,2014-01-02
E00725,فاطمة الرويلي,1885762805,المالية,مهندس,55000,SA3956960618723097932936,+966574123593,لا,2012-02-01
E00726,أنوار البلوي,1156788752,إدارة المخاطر,مدير عام مساعد,18000,SA3985674938119074620619,+966503803912,نعم,2013-11-27
E00727,صفاء العمري,1010409116,التشغيل,محلل,6500,SA6535022682598580820317,+966530549704,لا,2022-12-19
E00728,جاسم السديري,1547630135,الموارد البشرية,منسق,11000,SA1624532432664932954307,+966523208077,نعم,2019-05-06
E00729,عمر السبيعي,1921507826,إدارة المخاطر,مشرف,55000,SA3800032748820694456947,+966540162730,نعم,2014-06-19
E00730,فيصل السواط,1258114352,التدقيق الداخلي,محاسب,8500,SA6959216412675448302741,+966590210783,لا,2021-08-22
E00731,غدير الغامدي,1510672478,تقنية المعلومات,مسؤول مشتريات,6500,SA2710022798243542775329,+966510097507,نعم,2017-08-05
E00732,زينب العنزي,1489852531,التخطيط والتطوير,مدير عام مساعد,8500,SA1721784185667345334023,+966535929004,نعم,2011-03-14
E00733,محمد التميمي,1006452385,المشتريات,مطور برمجيات,27500,SA3735504157663009836357,+966569184539,لا,2019-12-11
E00734,غدير الفيفي,1307581320,الاتصال المؤسسي,أخصائي,18000,SA8146671203779829150339,+966520260202,نعم,2022-02-22
E00735,رؤيا العنزي,1495102954,التدقيق الداخلي,رئيس قسم,18000,SA9242327305208925407007,+966546560154,نعم,2025-11-24
E00736,ريم العتيبي,1899787707,إدارة المخاطر,مسؤول مشتريات,27500,SA0903445808145183562574,+966531167289,لا,2018-10-16
E00737,نواف العتيبي,1736619642,ضبط الجودة,مدير عام مساعد,22000,SA3644982092722494264736,+966573545270,نعم,2011-01-27
E00738,منصور العسيري,1609047517,إدارة المخاطر,مشرف,14500,SA0359128564988412838766,+966506212171,نعم,2019-10-04
E00739,كريم البلوي,1444963613,الموارد البشرية,رئيس قسم,11000,SA2864293307579464061756,+966547587620,لا,2014-07-04
E00740,عبدالله القحطاني,1834399386,الموارد البشرية,مدير,33000,SA8411154915385391785244,+966574502624,لا,2020-10-08
E00741,لمى العنزي,1244227748,المشتريات,أمين مستودع,41000,SA9884790487043827135199,+966565317005,لا,2013-01-28
E00742,رنا السهلي,1829774197,الخدمات المساندة,كبير محللين,6500,SA8299214813362035621074,+966562082452,نعم,2018-03-06
E00743,هند العتيبي,1599261516,تقنية المعلومات,باحث,11000,SA9212635042204036303514,+966591671378,لا,2018-06-06
E00744,رهف الزبيدي,1678472562,المشتريات,مختص,6500,SA0595159239689959987010,+966515918036,نعم,2013-11-02
E00745,نادية الثبيتي,1295434151,الشؤون القانونية,منسق,11000,SA6998892543042629340724,+966542987998,نعم,2011-03-26
E00746,ميساء الربيعي,1549979910,الخدمات المساندة,مستشار,14500,SA8485991047078542320110,+966531092269,لا,2011-05-24
E00747,مشعل السديري,1005703333,الخدمات المساندة,مدقق حسابات,41000,SA4540267351399131573919,+966579734899,لا,2022-11-19
E00748,ماجد الحربي,1725291015,ضبط الجودة,مدقق حسابات,33000,SA1425273044979432716305,+966573704857,لا,2014-03-29
E00749,وائل السلمي,1739955100,التخطيط والتطوير,رئيس قسم,14500,SA2593427348946641690000,+966534749914,لا,2010-06-27
E00750,أيمن التميمي,1093191243,التشغيل,مدير,18000,SA1158824495108238577157,+966560173639,لا,2021-03-19
E00751,عبدالعزيز المسعود,1058828045,الموارد البشرية,مطور برمجيات,999999,SA7410052798663374211265,+966521120414,نعم,2010-06-26
E00752,هيفاء الزياني,1677772749,الشؤون القانونية,أمين مستودع,22000,SA5072974530279199670879,+966584362212,لا,2023-01-31
E00753,نايف المرواني,1992901775,إدارة المخاطر,منسق,6500,SA5005092945057313465512,+966551006901,نعم,2014-12-16
E00754,ريم الزهراني,1692960113,التدقيق الداخلي,مختص,27500,SA8798635457878138160484,+966539681531,لا,2014-06-13
E00755,وليد المقرن,1144179783,إدارة المخاطر,أخصائي,22000,SA2713293096930954100490,+966515139824,نعم,2017-06-13
E00756,تركي المسعود,1934471333,إدارة المعرفة,مدير,41000,SA0831400655903349781051,+966582255497,نعم,2014-04-29
E00757,نجلاء الرشيدي,1920345665,الخدمات المساندة,مسؤول مشتريات,41000,SA2260008759309245314500,+966552731520,نعم,2024-08-15
E00758,غدير الشمري,1880199094,التخطيط والتطوير,محاسب,27500,SA4549053037460242832288,+966501865139,لا,2024-09-15
E00759,رند الأسمري,1146050271,تقنية المعلومات,مدير,18000,SA0702422059153048812913,+966530831400,لا,2018-06-25
E00760,مازن الصاعدي,1192917324,الخدمات المساندة,منسق,8500,SA9237022275282393426959,+966548419889,نعم,2011-05-26
E00761,مساعد السواط,1140951177,المالية,أخصائي,27500,SA2854863204471030595207,+966556047562,نعم,2015-03-10
E00762,عبدالرحمن الزياني,1471275402,التشغيل,مهندس,18000,SA3584527583840156431692,+966569422803,نعم,2020-06-19
E00763,فاطمة السواط,1014420507,الشؤون القانونية,مصمم,14500,SA6068413961106318164483,+966526119831,لا,2024-02-09
E00764,ميساء العنزي,1099505289,إدارة المعرفة,أمين مستودع,33000,SA1950541350851330757271,+966502432822,نعم,2012-11-02
E00765,وليد الشمري,1372116481,الشؤون القانونية,مدير,22000,SA3312995709323821699653,+966587434782,لا,2012-07-04
E00766,محمد الصاعدي,1638928471,التشغيل,مستشار,11000,SA1592917038273356251994,+966500127282,لا,2019-08-15
E00767,جاسم المالكي,1891595710,المشتريات,محلل,22000,SA3322153077962570075274,+966502880171,نعم,2010-02-18
E00768,يمنى الرشيدي,1227363437,الشؤون القانونية,مشرف,11000,SA9155489978328329504010,+966505797243,لا,2018-10-08
E00769,صالح الغامدي,1935756179,الخدمات المساندة,منسق,41000,SA5887688953806643047759,+966585123270,نعم,2011-06-07
E00770,سلمان الغامدي,1445166166,الاتصال المؤسسي,مدقق حسابات,11000,SA6032041683518541743420,+966545293998,لا,2020-01-11
E00771,بشاير الحميدي,1014763989,المشتريات,محاسب,14500,SA5435111112639425029024,+966581470756,لا,2014-12-04
E00772,شهد الربيعي,1843370485,الاتصال المؤسسي,مستشار,18000,SA9074831583314062609636,+966520747300,لا,2021-05-24
E00773,طلال السواط,1216816064,المشتريات,مدير عام مساعد,8500,SA8514409147236380100805,+966546583514,نعم,2011-08-14
E00774,غانم الدوسري,1489816650,ضبط الجودة,مهندس,8500,SA1946027911970401417623,+966521005670,لا,2020-08-20
E00775,أسماء العامري,1490257076,الموارد البشرية,مدير,27500,SA2474193244721408613419,+966515251978,نعم,2017-06-13
E00776,عمر الزهراني,1220648784,الاتصال المؤسسي,مصمم,33000,SA5315610270745844245219,+966500294086,نعم,2010-06-16
E00777,سلمى السبيعي,1035743556,إدارة المخاطر,منسق,11000,SA5690013466968328571238,+966578546517,نعم,2010-11-13
E00778,ميساء السبيعي,1302644263,التشغيل,باحث,18000,SA2640034021057446412115,+966545497054,نعم,2024-07-17
E00779,عبدالرحمن اليامي,1095018857,المشتريات,مستشار,18000,SA8569983832704993671503,+966540067680,لا,2012-10-02
E00780,ناصر القحطاني,1347842724,التخطيط والتطوير,منسق,14500,SA8530064843804617939617,+966584972632,لا,2022-09-08
E00781,أسماء الأسمري,1325760518,إدارة المخاطر,مصمم,33000,SA2598526506076470797048,+966500823904,لا,2019-05-10
E00782,سلمان الجهني,1644453704,الموارد البشرية,رئيس قسم,11000,SA1979526943709348450891,+966585436510,لا,2014-12-10
E00783,مها الشريف,1348827542,التخطيط والتطوير,باحث,27500,SA1002202693355441393049,+966515595651,لا,2020-12-10
E00784,لطيفة السهلي,1171045667,المشتريات,مستشار,14500,SA3487082236273206182166,+966573326580,نعم,2025-07-21
E00785,غانم العتيبي,1999990227,الشؤون القانونية,مصمم,11000,SA8427031871866929957197,+966514101840,نعم,2024-08-20
E00786,عمر القحطاني,1021627144,تقنية المعلومات,موظف خدمة عملاء,11000,SA2603051649134338203703,+966576786692,لا,2023-07-18
E00787,حمزة الشهراني,1213371998,التدقيق الداخلي,أخصائي,6500,SA0729443772694125242931,+966532394494,لا,2017-04-26
E00788,بشاير العامري,1644476440,التشغيل,محاسب,41000,SA6871543374525840084348,+966576091338,لا,2025-12-20
E00789,تركي السلمي,1747801239,الشؤون القانونية,مختص,18000,SA0539383114986898402272,+966531048577,لا,2012-09-22
E00790,نواف البلوي,1548448974,إدارة المخاطر,مدير,41000,SA9480643646707758256169,+966581142685,نعم,2010-04-06
E00791,خالد الغامدي,1750601328,الاتصال المؤسسي,مصمم,27500,SA6020734084259634256691,+966500029622,لا,2017-07-30
E00792,لطيفة القحطاني,1589427747,المالية,مطور برمجيات,6500,SA8939764033832670860486,+966573127918,نعم,2014-02-07
E00793,رهف العمري,1909678094,التخطيط والتطوير,منسق,27500,SA2760269586027977774208,+966589118009,لا,2014-08-08
E00794,أريج الشريف,1812511911,الخدمات المساندة,باحث,6500,SA3797441866016930020907,+966566155154,لا,2021-05-20
E00795,حسين السديري,1312410804,التخطيط والتطوير,أخصائي,6500,SA8163664711953663660948,+966525018551,نعم,2010-08-01
E00796,عبدالكريم الحربي,1007712589,تقنية المعلومات,محاسب,41000,SA2540563191641470252527,+966532016504,لا,2021-11-30
E00797,رانيا القحطاني,1941963116,تقنية المعلومات,مدير,18000,SA9889596695032330766416,+966522177053,لا,2023-08-01
E00798,نادية الدوسري,1744123793,الاتصال المؤسسي,محاسب,14500,SA7291285797269618398054,,نعم,2023-10-15
E00799,ريم القرني,1215249697,إدارة المعرفة,مختص,22000,SA4041729394859160891226,+966580356309,نعم,2024-12-18
E00800,نادية المطيري,1150908893,التدقيق الداخلي,محلل,55000,SA0854556234358667423611,+966526545081,نعم,2022-05-18
E00801,مها الزهراني,1376297071,الخدمات المساندة,مهندس,14500,SA6815886582900948717810,+966587308401,لا,2020-01-02
E00802,حسن القرني,1927600856,إدارة المعرفة,مدقق حسابات,8500,SA4026841673656319604483,+966567721842,نعم,2024-08-03
E00803,فيصل الزبيدي,1185152442,إدارة المعرفة,كبير محللين,6500,SA4683001479277931000733,+966530973263,نعم,2025-12-15
E00804,نورة المقرن,1478611187,التخطيط والتطوير,مدير عام مساعد,11000,SA4650758145598911998117,+966585269976,نعم,2011-07-31
E00805,لطيفة البلوي,1417754833,المالية,مسؤول مشتريات,27500,SA5635446817809466873779,+966579392802,لا,2011-09-12
E00806,مشعل المرواني,1662549656,الموارد البشرية,أمين مستودع,22000,SA7640121709549888451908,+966501786631,نعم,2014-04-11
E00807,مياء الهاجري,1594246363,إدارة المعرفة,مدير عام مساعد,27500,SA3795115941486207436738,+966524893975,نعم,2012-04-14
E00808,وائل العسيري,1949868994,التدقيق الداخلي,رئيس قسم,11000,SA9659598469443788053264,+966575184657,نعم,2015-02-19
E00809,ابتسام الحربي,1613635992,ضبط الجودة,مدير,14500,SA1864199201181579410141,+966529491817,لا,2024-08-15
E00810,جاسم الحازمي,1428244030,إدارة المعرفة,موظف خدمة عملاء,8500,SA2173027464668141266836,+966530073539,لا,2017-07-15
E00811,هيفاء العتيبي,1605304466,الخدمات المساندة,مدقق حسابات,33000,SA0563657658432144600105,+966512289734,لا,2023-08-21
E00812,سلمى الشريف,1017189943,الاتصال المؤسسي,منسق,18000,SA3891968670267940490494,+966506009402,نعم,2024-10-12
E00813,حنان المقرن,1629610914,إدارة المخاطر,مشرف,55000,SA5148056672970452522749,+966528163776,نعم,2012-04-24
E00814,أمل الشهري,1558254064,الخدمات المساندة,مشرف,11000,SA5883003554772084420689,+966560994201,نعم,2025-09-16
E00815,زينب الأسمري,1207797802,الموارد البشرية,مختص,11000,SA6154016320968490322324,+966541920570,لا,2014-01-14
E00816,مشعل الخالدي,1859553396,إدارة المعرفة,مسؤول مشتريات,14500,SA4820187214587311961582,+966522597337,لا,2020-05-02
E00817,شهاب الغامدي,1737973246,الموارد البشرية,مدير عام مساعد,41000,SA2213637403442266717958,+966561601163,نعم,2026-05-07
E00818,لطيفة المطيري,1242116018,التخطيط والتطوير,مشرف,6500,SA7663749721281552113653,+966598691416,لا,2012-08-28
E00819,أسماء الشهري,1171308891,المشتريات,موظف خدمة عملاء,8500,SA7218662440899607101558,+966554081193,نعم,2023-10-14
E00820,الجوهرة الرويلي,1965421843,المشتريات,مختص,33000,SA1255763382775333464140,+966527604015,نعم,2025-08-30
E00821,ابتسام العوفي,1321353193,التشغيل,أخصائي,33000,SA0765779076924535577592,+966551603846,نعم,2013-04-25
E00822,ابتسام السواط,1815051063,الموارد البشرية,مصمم,41000,SA4174644114587315583396,+966588206696,لا,2012-06-26
E00823,نادية الرويلي,1496036672,إدارة المعرفة,أمين مستودع,33000,SA9854975122070001269864,+966550320241,لا,2013-09-17
E00824,صفاء المسعود,1066538032,تقنية المعلومات,كبير محللين,18000,SA7169944587182126585879,+966556819262,لا,2015-09-10
E00825,غدير الفيفي,1049446022,الشؤون القانونية,مهندس,8500,SA2468090485190780336740,+966567547640,لا,2021-12-13
E00826,جاسم القرني,1912472600,الاتصال المؤسسي,مدير عام مساعد,27500,SA6778335582659636595136,+966591042509,نعم,2024-06-01
E00827,بيان العوفي,1933526004,ضبط الجودة,باحث,11000,SA1485557232991745670905,+966554589837,لا,2018-04-10
E00828,أيمن العمري,1711511079,إدارة المخاطر,مدير,8500,SA9133452675732501890657,+966552590554,لا,2012-04-20
E00829,فهد العسيري,1483016232,التشغيل,مدير عام مساعد,14500,SA3365363954227932093018,+966517966305,لا,2015-10-01
E00830,غدير البلوي,1941516054,تقنية المعلومات,محلل,8500,,+966517478654,لا,2014-11-22
E00831,شهاب الهاجري,1615144332,إدارة المعرفة,مسؤول مشتريات,55000,SA8808640806909496199154,+966522234557,نعم,2016-02-21
E00832,تركي الجهني,1847517875,المالية,أخصائي,55000,SA6792810043157085622583,+966513095138,لا,2014-03-12
E00833,بيان اليامي,1576383689,الاتصال المؤسسي,مختص,11000,SA3689022263833635384800,+966591558275,لا,2010-03-15
E00834,هاني الزبيدي,1941896795,إدارة المخاطر,مستشار,33000,SA3256513097822192253071,+966525196253,لا,2022-09-07
E00835,سمر البلوي,1436653974,ضبط الجودة,محلل,14500,SA1112224391666110443996,+966587412492,نعم,2026-01-31
E00836,سلمى الصاعدي,1082650266,تقنية المعلومات,أخصائي,11000,SA6128001795185665800797,+966504451463,لا,2014-08-06
E00837,زياد الصاعدي,1214389676,الشؤون القانونية,رئيس قسم,11000,SA5550772093070055169347,+966502977241,نعم,2015-05-11
E00838,رانيا الحميدي,1939904221,الاتصال المؤسسي,مسؤول مشتريات,6500,SA5193092599368088917245,+966515583907,لا,2025-03-21
E00839,معاذ الجهني,1264905058,التخطيط والتطوير,مسؤول مشتريات,55000,SA0930770802760500515892,+966579985597,نعم,2017-05-28
E00840,أريج الحربي,1863821458,الاتصال المؤسسي,باحث,18000,SA7731243279684162757447,+966573656559,نعم,2015-04-21
E00841,الجوهرة المرواني,1941807297,تقنية المعلومات,أمين مستودع,55000,SA7962602894083723404186,+966560460886,نعم,2014-12-27
E00842,أنس الصاعدي,1105920506,الاتصال المؤسسي,مطور برمجيات,6500,SA0620047679335686923461,+966563457064,نعم,2021-06-28
E00843,جواهر البلوي,1217226362,المالية,مطور برمجيات,6500,SA0469228112204664062659,+966568379795,لا,2022-02-19
E00844,باسل السديري,1460862814,المشتريات,محلل,22000,SA4308296444072958681372,+966503149534,لا,2015-10-20
E00845,سلمى السديري,1532220892,إدارة المعرفة,أمين مستودع,14500,SA6126632621483099980915,+966543183823,نعم,2024-12-13
E00846,سارة العرجاني,1611051028,المالية,موظف خدمة عملاء,8500,SA0438129898717625340977,+966582847525,نعم,2024-06-08
E00847,صالح الهاجري,1520116607,التشغيل,محاسب,33000,SA2737434893739223385104,+966554005303,نعم,2013-01-15
E00848,عادل الحوساوي,1800380022,الشؤون القانونية,مدير عام مساعد,41000,SA3933233610316403945544,+966594142043,لا,2017-09-05
E00849,منصور الشهري,1809574864,التشغيل,محاسب,6500,SA7468341923940987136920,+966562964733,لا,2015-10-24
E00850,مساعد العامري,1259616348,الخدمات المساندة,رئيس قسم,6500,SA0244655548487895485286,+966515530401,لا,2012-05-18
E00851,منصور الزياني,1853770400,الشؤون القانونية,كبير محللين,27500,SA9480009087785351875438,+966526230499,نعم,2015-03-22
E00852,سلمى الزبيدي,1049960048,إدارة المعرفة,مختص,18000,SA3166251815154022721282,+966597226288,لا,2022-06-11
E00853,إبراهيم الربيعي,1632915789,تقنية المعلومات,أخصائي,6500,SA9051709264280824751057,+966571228446,نعم,2025-10-23
E00854,يوسف الحربي,1491585939,الموارد البشرية,محاسب,55000,SA4962227993976573301002,+966540766553,نعم,2018-10-29
E00855,ميساء المالكي,1933725903,المالية,مطور برمجيات,55000,SA6453168344707368285747,+966597545059,نعم,2024-07-16
E00856,جواهر المطيري,1222437251,المشتريات,كبير محللين,41000,SA6855280473155098147969,+966541110868,لا,2010-06-03
E00857,خلود البلوي,1918162122,الخدمات المساندة,رئيس قسم,41000,SA3773986770616212414069,+966510469573,نعم,2022-07-29
E00858,لؤي الصاعدي,1035925237,المشتريات,موظف خدمة عملاء,41000,SA6744775753111540082853,+966516564126,لا,2013-06-27
E00859,رامي الحربي,1054409030,المشتريات,أمين مستودع,55000,SA0513058849180404170712,+966538870092,نعم,2022-09-10
E00860,نجود العسيري,1052372107,الخدمات المساندة,أمين مستودع,11000,SA2737615607163467045743,+966570302232,نعم,2017-10-21
E00861,بشاير الشهري,1563350402,التخطيط والتطوير,مدير,41000,SA9630786809599317407756,+966562604349,نعم,2024-06-18
E00862,يمنى الجهني,1282809639,إدارة المخاطر,موظف خدمة عملاء,33000,SA7895061209995023868152,+966529068550,لا,2016-06-02
E00863,غدير البلوي,1014162984,الشؤون القانونية,مشرف,11000,SA6488821950355127522334,+966501990627,لا,2010-11-28
E00864,مشعل الحوساوي,1880386717,الخدمات المساندة,مدقق حسابات,14500,SA6217201541000850019501,+966597716121,لا,2022-01-12
E00865,سعد اليامي,1085039723,الموارد البشرية,مستشار,55000,SA7669104385082690541545,+966528996518,نعم,2018-05-14
E00866,نايف العمري,1000527158,التخطيط والتطوير,منسق,18000,SA6138750193719046123425,+966574734985,لا,2018-08-29
E00867,نجود اليامي,1640614333,المالية,منسق,8500,SA8441589463961552318378,+966556109283,لا,2010-11-19
E00868,حسن السواط,1941296558,الموارد البشرية,مدير,22000,SA0471758986153220225545,+966554123278,نعم,2023-12-18
E00869,لين الغامدي,1780415244,التدقيق الداخلي,أخصائي,14500,SA9890695787716914628426,+966501277885,نعم,2017-06-28
E00870,ديمة الزبيدي,1436182545,التدقيق الداخلي,مختص,41000,SA8269053522451070354157,+966554516227,نعم,2022-02-06
E00871,سلمى العنزي,1074596345,تقنية المعلومات,مصمم,8500,SA4288423256052540438109,+966586790841,لا,2015-03-28
E00872,فيصل الصاعدي,1985640158,إدارة المعرفة,محلل,33000,SA1562220718898800498539,+966585586787,نعم,2018-02-24
E00873,هاني القحطاني,1261672594,التدقيق الداخلي,مدقق حسابات,6500,SA5758157724804996452309,+966583113965,نعم,2020-11-22
E00874,بدر الربيعي,1385473374,المشتريات,مشرف,11000,SA5411311147373275953355,+966589713932,لا,2023-06-24
E00875,جواهر العمري,1373529138,إدارة المخاطر,مصمم,27500,SA7437425612692604654058,+966578181011,لا,2022-11-30
E00876,منى التميمي,1309002978,الخدمات المساندة,مسؤول مشتريات,8500,SA3913908302678059175251,+966537240591,لا,2018-03-11
E00877,ميساء القرشي,1927516623,ضبط الجودة,مدقق حسابات,14500,SA4416821921239205436457,+966582046948,لا,2013-07-22
E00878,رامي السلمي,1420940395,التدقيق الداخلي,مشرف,22000,SA6102779720001614530388,+966569985899,نعم,2019-07-07
E00879,نجلاء الحوساوي,1482559505,تقنية المعلومات,كبير محللين,22000,SA5237245643729962039465,+966521365542,نعم,2024-03-24
E00880,رانيا الثبيتي,1693584367,التشغيل,مشرف,6500,SA2685041690267007266441,+966517166595,لا,2019-05-11
E00881,شهاب الصاعدي,1959201532,التدقيق الداخلي,مصمم,11000,SA9110156889717238792646,+966510352784,نعم,2021-07-01
E00882,حسن العنزي,1992178234,المشتريات,مستشار,22000,SA3143757621822551694895,+966572099808,لا,2021-04-08
E00883,شهد الزهراني,1587792902,إدارة المعرفة,منسق,22000,SA9081042054155647776494,+966515529437,نعم,2014-03-02
E00884,زينب المطيري,1937277513,تقنية المعلومات,منسق,14500,SA5290511185077751268416,+966593204069,نعم,2019-08-27
E00885,جواهر الرشيدي,1214990184,التدقيق الداخلي,مستشار,8500,SA7969042487254782058944,+966536118133,لا,2018-02-01
E00886,حسين القحطاني,1234367827,الاتصال المؤسسي,أمين مستودع,11000,SA3839140862650021178001,+966541429057,نعم,2014-10-26
E00887,إيمان العمري,1408800785,التخطيط والتطوير,كبير محللين,22000,SA2196130694883353141045,+966583844081,نعم,2011-05-28
E00888,نجلاء الجهني,1156227249,ضبط الجودة,محلل,27500,SA8581117275734817107771,+966533487056,نعم,2025-07-02
E00889,زينب الشهراني,1890682626,إدارة المخاطر,مهندس,33000,SA2770475532601550727527,+966546537435,نعم,2017-03-19
E00890,منصور العوفي,1432023693,المشتريات,موظف خدمة عملاء,33000,SA8834819590936145538720,+966539028803,لا,2022-08-20
E00891,هاني الشهراني,1448059657,الاتصال المؤسسي,مدير,41000,SA8776403497625932293846,+966540853734,لا,2025-06-29
E00892,محمد القحطاني,1903906962,التدقيق الداخلي,كبير محللين,6500,SA5826631011876743223679,+966591509506,نعم,2011-07-31
E00893,نادية التميمي,1366309910,التشغيل,مستشار,14500,SA6063912872841722481565,+966540770624,لا,2020-11-25
E00894,لمى العامري,1840908220,ضبط الجودة,مختص,18000,SA3416429173294256831325,+966518972765,نعم,2012-10-28
E00895,نورة المطيري,1013862253,ضبط الجودة,مدقق حسابات,22000,SA9157360397447403601222,+966541998956,لا,2023-04-13
E00896,مشعل العسيري,1933725903,الشؤون القانونية,مدير,33000,SA7198027513256220832341,+966531783804,نعم,2020-04-18
E00897,رؤيا الدوسري,1992309136,التخطيط والتطوير,مختص,8500,SA3797800753644957062429,+966522291543,لا,2023-10-22
E00898,جواهر الهاجري,1076024007,التشغيل,منسق,22000,SA4660550597535248561516,+966532618508,لا,2020-03-27
E00899,إيمان الغامدي,1767300302,الشؤون القانونية,مدقق حسابات,14500,SA1059859018575289004083,+966514580925,نعم,2015-06-28
E00900,أحمد العمري,1524129655,تقنية المعلومات,مدير,18000,SA0383901660497232871076,+966580989452,نعم,2016-03-17
E00901,صفاء الأسمري,1797064860,التشغيل,كبير محللين,41000,SA2315156196589228055533,+966512995339,نعم,2023-05-29
E00902,رهف القحطاني,1065880070,ضبط الجودة,منسق,22000,SA1786862336485673796212,+966551933351,لا,2016-10-30
E00903,إيمان المرواني,1152359525,الموارد البشرية,محلل,27500,SA1566266886589070732978,+966539270865,نعم,2010-09-13
E00904,دلال القحطاني,1971939424,التشغيل,رئيس قسم,8500,SA7595209845658106354254,+966527864396,نعم,2012-12-05
E00905,ميساء الثبيتي,1606233953,الخدمات المساندة,مهندس,8500,SA5167390922504279620452,+966522444244,نعم,2016-11-23
E00906,بدر الزبيدي,1986763009,إدارة المعرفة,مطور برمجيات,18000,SA2799802146450645174932,+966552144921,لا,2018-09-29
E00907,عبدالرحمن السديري,1868359496,إدارة المعرفة,محلل,11000,SA4630533340852119041565,+966566286226,نعم,2018-11-11
E00908,سلمان العتيبي,1063246951,ضبط الجودة,مختص,22000,SA1030985343422884291653,+966535783090,لا,2020-12-12
E00909,بيان الشمري,1322772110,التشغيل,مصمم,22000,SA6441799670397674908363,+966520742369,نعم,2013-09-30
E00910,صفاء الغامدي,1215558378,التخطيط والتطوير,موظف خدمة عملاء,6500,SA6895857101526488498505,+966547603058,نعم,2017-05-30
E00911,سلطان الزهراني,1718998519,الموارد البشرية,أخصائي,11000,SA3879187912095385402162,+966500102452,لا,2010-07-21
E00912,تركي السديري,1786618635,الموارد البشرية,باحث,6500,SA9859808190582983252989,+966590922150,نعم,2012-09-14
E00913,نادية الغامدي,1734488172,التدقيق الداخلي,مدقق حسابات,14500,SA3391660412834105959148,+966557862013,لا,2025-10-15
E00914,رامي المسعود,1016492736,الموارد البشرية,كبير محللين,6500,SA4362780198197191041793,+966592502827,نعم,2013-09-24
E00915,صقر العوفي,1906266950,الخدمات المساندة,مدقق حسابات,6500,SA9310101002929708687035,+966515367727,نعم,2021-12-13
E00916,دلال الجهني,1014108516,الموارد البشرية,موظف خدمة عملاء,14500,SA1064908080541428551158,+966548068967,لا,2016-07-22
E00917,مشعل المطيري,1362471524,المالية,موظف خدمة عملاء,11000,SA9099444722633555789562,+966561456547,لا,2016-02-06
E00918,سلمان العرجاني,1191988540,ضبط الجودة,كبير محللين,22000,SA5188133020908063886855,+966543225791,لا,2013-03-03
E00919,شيماء الهاجري,1247566415,التدقيق الداخلي,مسؤول مشتريات,14500,SA7847726771602564999685,+966569039233,لا,2016-08-25
E00920,ميساء الحربي,1038794598,المالية,كبير محللين,33000,SA3016995837352911267585,+966549362526,لا,2024-09-05
E00921,مها العنزي,1038879704,الاتصال المؤسسي,منسق,8500,SA5149123878769719500240,+966558164887,نعم,2020-07-02
E00922,شيماء العرجاني,1449642659,التشغيل,مدقق حسابات,22000,SA7182749078751876773836,+966502737677,لا,2022-02-22
E00923,منى السلمي,1268559240,ضبط الجودة,مدير عام مساعد,11000,SA2197693175220197544976,+966552926347,لا,2014-03-05
E00924,غانم البقمي,1369419963,تقنية المعلومات,مدير,11000,SA6058357053794120195441,+966582787895,لا,2017-12-13
E00925,رانيا الدوسري,1871299986,التشغيل,محلل,8500,SA4800978012020364131990,+966519485944,لا,2020-09-14
E00926,منصور الزبيدي,1662763398,التدقيق الداخلي,باحث,18000,SA6178435323829125772343,+966567086880,نعم,2025-11-13
E00927,نجود الرشيدي,1615271507,الموارد البشرية,مشرف,22000,SA3013632026153428422920,+966580041395,لا,2017-03-05
E00928,عادل العوفي,1922714454,المشتريات,أمين مستودع,27500,SA3796903301903724317558,+966541607909,نعم,2024-05-11
E00929,يمنى الهاجري,1800322230,التدقيق الداخلي,محلل,8500,SA1138867335933068806370,+966571002602,نعم,2010-07-07
E00930,ماجد القرشي,1617196611,المشتريات,مطور برمجيات,55000,SA3421806019576560261104,+966593199285,لا,2019-05-17
E00931,صقر البلوي,1050646627,التخطيط والتطوير,مدير,41000,SA8270660330738475583962,+966575872673,نعم,2012-10-18
E00932,أريج العوفي,1359896758,المالية,مدير,33000,SA2544307120407419595704,+966579993203,نعم,2018-09-06
E00933,سارة الخالدي,1663681276,الشؤون القانونية,مسؤول مشتريات,33000,SA0458160546906835764480,+966576435260,لا,2013-07-02
E00934,فاطمة الشريف,1841770694,الخدمات المساندة,مستشار,11000,SA5587642699154695689112,+966538306870,لا,2019-04-28
E00935,عادل الشريف,1416965406,إدارة المعرفة,مستشار,33000,SA9289759361238850369270,+966530498925,نعم,2019-01-18
E00936,نورة القحطاني,1065192880,التدقيق الداخلي,محاسب,33000,SA1735670259963717415367,+966552034942,نعم,2010-12-07
E00937,مازن الرويلي,1413133834,التشغيل,مدير عام مساعد,11000,SA6690035400711310618385,+966583301503,نعم,2024-02-23
E00938,فاطمة السبيعي,1703036150,إدارة المعرفة,محاسب,41000,SA3262580300392534030485,+966539097307,لا,2016-01-29
E00939,رامي المقرن,1530257177,تقنية المعلومات,مسؤول مشتريات,18000,SA5397554513788037882222,+966528072284,لا,2022-02-01
E00940,جواهر الهاجري,1567705213,ضبط الجودة,منسق,55000,SA5609964814423751634195,+966582529171,نعم,2019-02-15
E00941,عبدالرحمن الشريف,1772641518,الشؤون القانونية,مصمم,55000,SA1701467655796229060213,+966517238736,نعم,2013-09-11
E00942,شهاب العمري,1093964185,إدارة المعرفة,مدير عام مساعد,41000,SA7267571434517259888821,+966581740550,نعم,2025-10-24
E00943,إبراهيم السديري,1780147110,المالية,محلل,8500,SA7981672715779133355456,+966503021093,نعم,2024-08-29
E00944,عبدالعزيز القرني,1831263965,التدقيق الداخلي,أخصائي,55000,SA5524338544703261527714,+966566308256,نعم,2010-03-04
E00945,تركي القرني,1542605017,الموارد البشرية,مدير,41000,SA2529327168185363250689,+966552291734,نعم,2020-10-14
E00946,زينب الشمري,1163184714,إدارة المعرفة,مدير,18000,SA5638043146329648979962,+966526979832,لا,2013-12-28
E00947,نايف الرويلي,1830719363,المشتريات,موظف خدمة عملاء,27500,SA3672251953492005219568,+966552683839,نعم,2022-07-01
E00948,راشد الحوساوي,1983600634,التخطيط والتطوير,مطور برمجيات,8500,SA1069861631671518587977,+966513423688,لا,2021-12-21
E00949,عبدالعزيز الخالدي,1402960395,الموارد البشرية,مهندس,11000,SA4732408582386628371257,+966518057300,لا,2011-12-21
E00950,رنا القحطاني,1284805700,الخدمات المساندة,أمين مستودع,6500,SA6914779713727566889967,+966567843769,لا,2023-08-13
E00951,فهد الزهراني,1340776929,الاتصال المؤسسي,مدقق حسابات,6500,SA7738918062891347233282,+966555453095,نعم,2015-07-31
E00952,رانيا الربيعي,1738372646,التخطيط والتطوير,مختص,6500,SA9314733379106361344127,+966530835441,لا,2021-05-05
E00953,رؤيا العرجاني,1027586351,التشغيل,موظف خدمة عملاء,22000,SA3462959897395977876103,+966528157714,لا,2022-04-19
E00954,نادية السهلي,1878303526,الاتصال المؤسسي,مستشار,18000,SA8275968704611689865135,+966520968703,لا,2012-02-18
E00955,منى المقرن,1811856077,الموارد البشرية,مطور برمجيات,22000,SA3249782863710689422695,+966580926654,لا,2017-09-19
E00956,دلال الأسمري,1063212185,التخطيط والتطوير,مهندس,6500,SA6151895452321744836134,+966542271895,نعم,2012-08-04
E00957,محمد العوفي,1853768636,المشتريات,مستشار,11000,SA5474013779678464197352,+966582706168,نعم,2025-05-08
E00958,شهد السهلي,1396633255,التدقيق الداخلي,مطور برمجيات,22000,SA1289016872639714759155,+966502422472,نعم,2023-04-28
E00959,لطيفة الغامدي,1872943194,المشتريات,مدير,33000,SA7105908408242020963322,+966582159495,نعم,2010-02-16
E00960,غدير الربيعي,1324341104,الموارد البشرية,أخصائي,14500,SA3496130001814148039394,+966567665517,نعم,2012-10-12
E00961,غانم السديري,1458169669,الموارد البشرية,رئيس قسم,11000,SA2313580298080798683541,+966504527363,نعم,2026-01-30
E00962,لين الفيفي,1807401953,إدارة المعرفة,أمين مستودع,18000,SA4793595584631839343480,+966561932154,لا,2015-09-21
E00963,حمد الحوساوي,1066397603,الموارد البشرية,مستشار,33000,SA4715296557734622278053,+966514857414,نعم,2013-10-08
E00964,أسماء الشريف,1154800617,المشتريات,مختص,8500,SA4338713718273575173280,+966531438652,نعم,2025-05-11
E00965,ريم السبيعي,1455825818,إدارة المعرفة,رئيس قسم,11000,SA5288991734844538630673,+966574828972,لا,2019-12-18
E00966,شيماء اليامي,1773141864,إدارة المعرفة,محاسب,11000,SA0883923000131891373653,+966559635631,نعم,2025-06-27
E00967,ماجد القرشي,1022409823,الاتصال المؤسسي,أخصائي,6500,SA5181913404859494097356,+966575246088,لا,2015-03-09
E00968,حسن اليامي,1629610583,المالية,أمين مستودع,6500,SA1924066668723344083729,+966535462798,لا,2015-06-29
E00969,أسماء السلمي,1831440589,التشغيل,مهندس,6500,SA3036060504501461157499,+966590633331,نعم,2025-08-14
E00970,مها الخالدي,1567689946,إدارة المعرفة,موظف خدمة عملاء,27500,SA4124563801234842539006,+966512863981,لا,2014-04-09
E00971,حنان الغامدي,1432263448,تقنية المعلومات,موظف خدمة عملاء,18000,SA1201621966828432876415,+966501446914,لا,2010-02-25
E00972,سمر المطيري,1696595576,التدقيق الداخلي,مسؤول مشتريات,14500,SA4894137694435566314512,+966530745606,لا,2025-05-28
E00973,خلود الشهري,1627985839,الخدمات المساندة,رئيس قسم,6500,SA7447540495228844021581,+966578045012,نعم,2013-08-23
E00974,بيان الغامدي,1623662432,ضبط الجودة,مصمم,14500,SA4874344256074106083135,+966590630605,نعم,2020-10-03
E00975,عبير البلوي,1414769305,الموارد البشرية,مدير,6500,SA4593783324190757843474,+966559052006,لا,2016-01-12
E00976,أريج البقمي,1960693214,ضبط الجودة,مدير,27500,SA5412311812969421226316,+966509428769,نعم,2014-10-10
E00977,لين العرجاني,1718216680,الاتصال المؤسسي,مدير,6500,SA3977783993370620969476,+966521413919,نعم,2022-01-01
E00978,ميساء الزياني,1221552720,الخدمات المساندة,باحث,6500,SA3651395324245252673675,+966589805849,لا,2022-03-22
E00979,هاني العرجاني,1368203897,الموارد البشرية,منسق,11000,SA1338867974372276848952,+966541851059,لا,2019-04-18
E00980,الجوهرة الغامدي,1661222842,إدارة المعرفة,مدير عام مساعد,14500,SA7998351017505518457693,+966544543139,لا,2011-06-25
E00981,شيماء الغامدي,1642201055,ضبط الجودة,مدقق حسابات,14500,SA1838225559698864499159,+966529745443,نعم,2015-08-02
E00982,منى الرويلي,1297525733,المشتريات,مسؤول مشتريات,55000,SA8516394285135876004322,+966583239419,نعم,2010-03-12
E00983,صفاء الخالدي,1522540564,الشؤون القانونية,أمين مستودع,18000,SA6152246434202587203777,+966531944973,لا,2018-06-12
E00984,ديمة البلوي,1114718743,تقنية المعلومات,منسق,6500,SA5938491311100917157397,+966550051544,نعم,2019-10-07
E00985,العنود الحوساوي,1086351473,المشتريات,مدير عام مساعد,22000,SA4968716546716802650148,+966510310548,لا,2018-10-06
E00986,مها الرشيدي,1245316862,الاتصال المؤسسي,رئيس قسم,14500,SA9615663191769901935362,+966506912159,لا,2025-11-16
E00987,مازن الحازمي,1502417122,التخطيط والتطوير,مدير عام مساعد,33000,SA3186377735963146751968,+966594788017,نعم,2023-04-02
E00988,لين القحطاني,1251427546,المالية,باحث,11000,SA4633347630731354139928,,نعم,2013-01-01
E00989,مروة العرجاني,1074255553,التخطيط والتطوير,محلل,11000,SA7041429465795172011931,+966511903898,لا,2025-01-17
E00990,شهاب الهاجري,1671744181,ضبط الجودة,مصمم,8500,SA6634373417271256776405,+966529137457,لا,2018-11-01
E00991,عادل السبيعي,1245843477,إدارة المخاطر,محاسب,22000,SA7340754612176346088692,+966599780490,نعم,2021-01-09
E00992,فيصل الحازمي,1315925295,الموارد البشرية,مدير,11000,SA4352542759111236211158,+966531476793,لا,2020-09-03
E00993,خالد الحوساوي,1830611982,الاتصال المؤسسي,مشرف,33000,SA8241430121819745509417,+966538135646,نعم,2019-11-24
E00994,عادل الزياني,1320654146,الاتصال المؤسسي,مسؤول مشتريات,41000,SA9804206865987348988113,+966539845898,نعم,2017-03-03
E00995,هند الربيعي,1541109961,ضبط الجودة,مدير,33000,SA4835154822549231549306,+966578490793,لا,2016-06-26
E00996,مها الحميدي,1090891431,إدارة المعرفة,محلل,41000,SA3939230080305155387112,+966558473012,نعم,2015-08-18
E00997,هبة العوفي,1622280863,التشغيل,رئيس قسم,6500,SA0307822982307624125232,+966584676463,نعم,2014-01-05
E00998,عبدالرحمن الأسمري,1437363763,تقنية المعلومات,أمين مستودع,27500,SA2856653612589620879969,+966598446813,نعم,2019-06-13
E00999,رانيا الأسمري,1150858247,الشؤون القانونية,رئيس قسم,18000,SA2451789199069658651710,+966516800778,لا,2016-02-04
E01000,منى التميمي,1448912525,تقنية المعلومات,محاسب,8500,SA2170144167376309902395,+966541060745,لا,2014-08-21
E01001,تالا البلوي,1220785545,تقنية المعلومات,باحث,8500,SA0811134961001111651986,+966537963822,لا,2021-07-14
E01002,فاطمة العوفي,1496391101,التدقيق الداخلي,مستشار,18000,SA0810922821274242368102,+966539238552,نعم,2015-03-15
E01003,هيفاء الحربي,1456315181,التخطيط والتطوير,باحث,11000,SA1036398996394625263244,+966505621000,لا,2011-05-28
E01004,عبدالعزيز المطيري,1569801192,إدارة المعرفة,أمين مستودع,22000,SA6230160376322404955398,+966587741935,نعم,2012-11-27
E01005,منى الحازمي,1762713822,الشؤون القانونية,مدير عام مساعد,14500,SA3911719572806827693105,+966525621039,لا,2016-11-25
E01006,دلال الثبيتي,1943470623,تقنية المعلومات,مدير عام مساعد,14500,SA6455970659533110423733,+966528510210,نعم,2015-03-20
E01007,ريم الرشيدي,1337196560,الشؤون القانونية,رئيس قسم,18000,SA1165139710900855890194,+966527173311,لا,2021-09-10
E01008,غانم القحطاني,1310125461,التشغيل,محلل,22000,SA3644039066637423483998,+966597130537,نعم,2022-07-27
E01009,صفاء البلوي,1016038695,إدارة المخاطر,منسق,14500,SA5623842162566788841815,+966582374716,نعم,2012-03-11
E01010,العنود البلوي,1188732174,الخدمات المساندة,مصمم,22000,SA3083267306412337547402,+966533729042,نعم,2023-08-09
E01011,رهف الفيفي,1480634185,التدقيق الداخلي,مطور برمجيات,55000,SA6439434631237281600169,+966501223950,لا,2017-11-13
E01012,باسل الثبيتي,1375484415,ضبط الجودة,منسق,18000,SA2148173741578029493830,+966524144749,لا,2013-08-28
E01013,عبدالله القحطاني,1154663049,إدارة المخاطر,مسؤول مشتريات,6500,SA0578205154676250809110,+966515512152,لا,2013-04-25
E01014,هند الشمري,1302669617,الاتصال المؤسسي,مطور برمجيات,18000,SA6566983147695413159649,+966532360716,لا,2020-11-20
E01015,منصور التميمي,1661043636,المالية,مسؤول مشتريات,33000,SA4634397120747934582221,+966515710326,لا,2011-10-18
E01016,فيصل القرشي,1202093629,التخطيط والتطوير,أخصائي,33000,SA3449480300886195484557,+966578714591,لا,2019-06-25
E01017,أحمد العامري,1844945061,المشتريات,كبير محللين,6500,SA6069578943365369284553,+966502939691,لا,2024-03-23
E01018,نادية الدوسري,1279425688,الشؤون القانونية,مشرف,27500,SA9280504271899765512531,+966502816552,لا,2018-08-04
E01019,تالا الزبيدي,1736429554,المالية,باحث,55000,SA7731184038910159360350,+966540223733,لا,2012-09-26
E01020,هاني العرجاني,1411076399,تقنية المعلومات,أخصائي,27500,SA9811916612623853642854,+966584508700,نعم,2022-11-09
E01021,باسل المسعود,1322471499,الشؤون القانونية,مشرف,6500,SA6672476661379122155219,+966555546215,نعم,2017-12-30
E01022,صفاء المطيري,1113898074,التشغيل,أخصائي,14500,SA8025349524411754552718,+966599717396,نعم,2020-06-06
E01023,كريم المرواني,1588549699,الموارد البشرية,مستشار,18000,SA5607573175506195474657,+966572871090,لا,2021-06-01
E01024,دلال العسيري,1475139141,إدارة المعرفة,باحث,27500,SA8812632186672525625336,+966518753424,لا,2015-08-19
E01025,بدر الشهراني,1155808775,ضبط الجودة,مشرف,11000,SA8710925727583230268719,+966599259528,لا,2021-07-13
E01026,سلطان اليامي,1031028573,إدارة المعرفة,مهندس,27500,SA8560036928908836788320,+966512837516,نعم,2021-03-26
E01027,ريم العسيري,1530474582,الشؤون القانونية,محلل,41000,SA2365704055551584502005,+966592635943,نعم,2020-11-01
E01028,أسماء السهلي,1229084338,الاتصال المؤسسي,باحث,6500,SA8826013989947359407495,+966561509192,نعم,2026-04-11
E01029,سمر الفيفي,1609940992,الخدمات المساندة,رئيس قسم,18000,SA8583933884085477036555,+966554551062,نعم,2017-11-22
E01030,الجوهرة المالكي,1865625212,الخدمات المساندة,مصمم,8500,SA1414511458318062014409,+966522278302,لا,2013-10-18
E01031,وائل الخالدي,1255806851,الخدمات المساندة,أخصائي,11000,SA6291737189606277450275,,لا,2016-12-26
E01032,لؤي الحميدي,1588257418,الخدمات المساندة,مسؤول مشتريات,11000,SA6006590620088753752087,+966508251804,لا,2015-08-11
E01033,فهد العتيبي,1318161500,ضبط الجودة,مسؤول مشتريات,55000,SA1054695148569073499451,+966586857214,لا,2024-02-13
E01034,شهاب الربيعي,1197860206,الاتصال المؤسسي,مدقق حسابات,18000,SA0942081961686218272335,+966540685066,نعم,2022-02-04
E01035,شهد الغامدي,1374692174,الشؤون القانونية,مدير عام مساعد,18000,SA0250073297902229456651,+966560569872,لا,2010-04-11
E01036,ريم العوفي,1096109945,الشؤون القانونية,أخصائي,41000,SA9071288507530987292218,+966501975534,نعم,2026-01-30
E01037,أمل الجهني,1829456605,الخدمات المساندة,محاسب,8500,SA4074100692983341994635,+966503969135,نعم,2019-01-07
E01038,صقر العوفي,1395180019,التخطيط والتطوير,منسق,8500,SA6377659254419368796328,+966537750641,لا,2025-08-05
E01039,ميساء الشهراني,1825919051,تقنية المعلومات,مطور برمجيات,14500,SA6707070647295324331491,+966556838843,نعم,2011-08-19
E01040,صفاء العسيري,1223672765,الاتصال المؤسسي,مطور برمجيات,14500,SA6876117611137321249863,+966569132907,لا,2015-01-18
E01041,لؤي الزياني,1119780268,الشؤون القانونية,مستشار,8500,SA4398771314094292241355,+966599833477,لا,2025-08-30
E01042,عبدالوهاب الثبيتي,1579976992,المالية,مشرف,41000,SA2644284529429187403792,+966578513391,نعم,2012-05-15
E01043,تالا التميمي,1702222447,إدارة المخاطر,أمين مستودع,14500,SA8611301967592072087413,+966556140035,لا,2016-02-21
E01044,لمى الخالدي,1972924276,تقنية المعلومات,مختص,18000,SA1568269087094441431392,+966558520841,نعم,2026-03-12
E01045,سارة الدوسري,1047917925,ضبط الجودة,مطور برمجيات,11000,SA7582390251696901395240,+966501876880,نعم,2025-04-25
E01046,خلود العامري,1726456427,الخدمات المساندة,أخصائي,27500,SA8019991220606537925530,+966543226475,لا,2023-01-25
E01047,ريم الشهراني,1977307444,المشتريات,مستشار,41000,SA8149763397593573211354,+966598076369,لا,2010-04-12
E01048,مشعل اليامي,1867853150,الخدمات المساندة,مطور برمجيات,8500,SA6892351220955705814762,+966524220981,نعم,2016-01-25
E01049,عبدالوهاب الجهني,1261957896,الشؤون القانونية,مدير,55000,SA4539723187662851204864,+966559300465,نعم,2020-02-21
E01050,سلمى الدوسري,1740968613,ضبط الجودة,باحث,33000,SA6446325784588367177861,+966572573687,لا,2020-11-02
E01051,الجوهرة الفيفي,1785737816,إدارة المخاطر,مدير عام مساعد,8500,SA7212273666075706656470,+966506851263,نعم,2015-02-01
E01052,لين الهاجري,1178552756,إدارة المعرفة,مشرف,14500,SA9313788563847368280483,+966525504181,لا,2017-07-31
E01053,ابتسام الدوسري,1029753751,ضبط الجودة,مدقق حسابات,18000,SA8612496472735072347048,+966587826754,نعم,2015-05-13
E01054,راشد القرني,1164322529,إدارة المعرفة,مدير عام مساعد,41000,SA4305925038066957282761,+966550439106,لا,2015-03-11
E01055,عبير الرشيدي,1816941379,المشتريات,أمين مستودع,18000,SA6406890206907528680117,+966572924241,نعم,2021-02-02
E01056,وليد القحطاني,1113457616,تقنية المعلومات,كبير محللين,18000,SA8814853090714393191663,+966574535667,نعم,2014-02-04
E01057,هيفاء المرواني,1866274234,الموارد البشرية,موظف خدمة عملاء,55000,SA6274940566891512512528,+966541563527,لا,2004-12-20
E01058,حمزة الشهراني,1604164838,المشتريات,مدير,8500,SA1759490366851221625047,+966574215561,لا,2014-03-25
E01059,شهاب العسيري,1585212168,المشتريات,مدير,22000,SA2994240435397072012461,+966542481835,نعم,2013-04-11
E01060,لمى اليامي,1292752142,التشغيل,كبير محللين,11000,SA7765211810580829662943,+966558901734,لا,2011-10-13
E01061,ابتسام العامري,1109380251,الشؤون القانونية,مدير عام مساعد,999999,SA1031706789141339330435,+966584796120,لا,2022-05-04
E01062,معاذ العمري,1178819379,الاتصال المؤسسي,منسق,18000,SA2321672121541854292441,+966533899817,لا,2026-04-08
E01063,خالد العتيبي,1900651462,إدارة المخاطر,مسؤول مشتريات,14500,SA5555024771159164231563,+966551360339,نعم,2010-06-03
E01064,أمل الهاجري,1396018382,إدارة المخاطر,مدير عام مساعد,33000,SA2361115311178447619844,+966564441772,نعم,2012-10-12
E01065,عبدالوهاب القرشي,1316644861,الاتصال المؤسسي,كبير محللين,27500,SA3797631642602953808500,+966545209572,نعم,2026-03-14
E01066,نادية البلوي,1293338966,ضبط الجودة,مهندس,55000,SA7948969197017240190053,+966525827675,لا,2020-07-24
E01067,نورة الفيفي,1734489774,إدارة المخاطر,مسؤول مشتريات,41000,SA2754552867253939147465,+966517655081,لا,2021-12-14
E01068,مروة البقمي,1351867559,التخطيط والتطوير,كبير محللين,27500,SA7025422582965681140005,+966507874193,لا,2013-08-01
E01069,بدر المسعود,1393177892,التشغيل,مدير,18000,SA4422410533851192063809,+966544643514,لا,2020-11-01
E01070,هبة القرشي,1356891778,المشتريات,كبير محللين,22000,SA5718925464996488427917,+966575181929,نعم,2018-02-17
E01071,لؤي الشمري,1185638788,تقنية المعلومات,مدير,18000,SA8747277987317986857262,+966509262006,نعم,2011-03-19
E01072,عبدالعزيز العنزي,1821816715,إدارة المعرفة,مستشار,6500,SA6380716514342466870678,+966573806827,لا,2010-12-05
E01073,عبدالوهاب الزياني,1329134033,التدقيق الداخلي,أخصائي,11000,SA1649212385790666095432,+966520656885,لا,2018-10-25
E01074,معاذ البلوي,1018843654,إدارة المعرفة,مدقق حسابات,27500,SA4683471310857197532301,+966576666031,نعم,2025-09-08
E01075,سارة الثبيتي,1312531864,المالية,مشرف,6500,SA1846790845308140285696,+966512675934,لا,2025-10-14
E01076,شيماء الفيفي,1514408705,ضبط الجودة,مهندس,33000,SA8805622060900739110511,+966569835360,نعم,2012-12-14
E01077,ابتسام الهاجري,1458051362,الاتصال المؤسسي,مستشار,27500,SA1094276933510225780694,+966503454541,نعم,2024-11-22
E01078,أسماء الزياني,1672294004,الاتصال المؤسسي,مسؤول مشتريات,8500,SA4933706902537568831841,+966520661373,نعم,2015-11-09
E01079,عمر السبيعي,1291837639,الاتصال المؤسسي,مدير عام مساعد,8500,SA4205609288820291904823,+966514899916,نعم,2022-10-07
E01080,حسن الحازمي,1902031952,المالية,مدير,41000,SA1721592817674285463765,+966542278512,نعم,2014-07-03
E01081,بيان الغامدي,1237803653,إدارة المخاطر,مسؤول مشتريات,33000,SA2230098031929063291159,+966586593218,لا,2024-11-01
E01082,مازن الزبيدي,1804585287,الخدمات المساندة,مدقق حسابات,18000,SA5924007563064387175403,+966522419371,نعم,2010-10-11
E01083,باسل الحربي,1853272225,التخطيط والتطوير,أخصائي,55000,SA0932685649402442445576,+966596510650,نعم,2017-02-25
E01084,ميساء العتيبي,172923515,المالية,مشرف,14500,SA6574491612504704544173,+966539787642,نعم,2015-03-21
E01085,ماجد التميمي,1983256072,تقنية المعلومات,موظف خدمة عملاء,11000,SA0331170011504874630731,+966502297261,نعم,2014-02-20
E01086,نواف الحوساوي,1643675026,التدقيق الداخلي,كبير محللين,8500,SA8622352424747256833013,+966582475018,نعم,2018-03-05
E01087,يوسف الشهراني,1331071439,الموارد البشرية,منسق,27500,SA7545306471472548875903,+966575033159,نعم,2013-05-18
E01088,إيمان المقرن,1270166273,تقنية المعلومات,كبير محللين,8500,SA3562784021147314991438,+966546005473,نعم,2021-11-24
E01089,الجوهرة الدوسري,1778042893,التدقيق الداخلي,منسق,11000,SA5319623275571515235450,+966534440135,لا,2018-04-19
E01090,تالا العوفي,1373747946,الاتصال المؤسسي,مهندس,14500,SA8463558691051890364313,+966582740393,نعم,2026-02-26
E01091,حسن الحميدي,1315346435,إدارة المخاطر,مدير عام مساعد,8500,SA8644633517461075846122,+966540092724,نعم,2018-04-14
E01092,هند العوفي,1207430579,التدقيق الداخلي,منسق,8500,SA0762975005862674315155,+966570741875,نعم,2017-10-09
E01093,فاطمة المالكي,1310146400,المشتريات,مشرف,18000,SA7283170617180748728192,+966501046236,لا,2014-02-25
E01094,وائل السديري,1674585920,الموارد البشرية,موظف خدمة عملاء,55000,SA1757661696546184067259,+966562406967,لا,2018-02-01
E01095,نواف البلوي,1954141063,تقنية المعلومات,باحث,55000,SA8427043761990731034415,+966539127771,لا,2012-03-10
E01096,أنوار الزهراني,1842849349,إدارة المعرفة,مدير عام مساعد,55000,SA7480544064419500628300,+966557661963,لا,2010-03-11
E01097,طلال الزياني,1480064342,ضبط الجودة,محلل,41000,SA1169807316381311001176,+966575427188,لا,2011-01-24
E01098,نادية البلوي,1914395288,الشؤون القانونية,كبير محللين,33000,SA6194189230845014169844,+966547699711,لا,2011-04-16
E01099,لمى الشريف,1645640739,التدقيق الداخلي,مدير,18000,SA6305693884863165770761,+966534427354,لا,2019-03-10
E01100,وليد العسيري,1234837662,ضبط الجودة,مدقق حسابات,6500,SA7980410264322027223403,+966507989603,لا,2024-10-20
E01101,شيماء العتيبي,1045580659,التشغيل,محلل,11000,SA9762184838661959305358,+966578283722,لا,2019-08-05
E01102,رامي العتيبي,1039356199,الخدمات المساندة,كبير محللين,27500,SA8534217693392779627567,+966571857813,نعم,2017-11-05
E01103,سامي المقرن,1525970289,التخطيط والتطوير,مدير,33000,SA7845173901125796701506,+966519857144,لا,2018-05-03
E01104,غدير العسيري,1269720437,التشغيل,أخصائي,6500,SA3410998126822209605778,+966566797536,نعم,2011-11-06
E01105,عبدالكريم الشريف,1232967040,التشغيل,مشرف,41000,SA5041139125810526655013,+966535453634,لا,2025-08-15
E01106,مشعل الثبيتي,1456739133,التشغيل,موظف خدمة عملاء,41000,SA1435348922159646073225,+966595282652,نعم,2016-09-05
E01107,يوسف المقرن,1075363448,الموارد البشرية,مطور برمجيات,6500,SA9528610315865071271718,+966595438219,نعم,2022-09-10
E01108,عبير السبيعي,1652710664,الشؤون القانونية,منسق,22000,SA8373419718695680370744,+966501115572,نعم,2024-05-26
E01109,العنود الغامدي,1997730161,الموارد البشرية,مستشار,8500,SA7220424991595463695799,+966531734914,نعم,2022-06-22
E01110,معاذ الحربي,148276528,تقنية المعلومات,أخصائي,22000,SA6926045264086635303934,+966576157262,لا,2015-10-28
E01111,سعد المقرن,1057920603,تقنية المعلومات,مدير عام مساعد,41000,SA9704323752176490648700,+966546201525,نعم,2023-10-18
E01112,بدر الخالدي,1179940851,الخدمات المساندة,مدير,33000,SA0967403050830532871348,+966544317482,لا,2015-08-22
E01113,إبراهيم الرشيدي,1301721963,المشتريات,رئيس قسم,55000,SA0871583733610079698800,+966551285700,نعم,2013-01-08
E01114,أنس المطيري,1868405364,إدارة المخاطر,مدير عام مساعد,18000,SA8412570527537725939265,+966500520022,نعم,2025-10-15
E01115,أحمد المسعود,1015746579,المشتريات,منسق,14500,SA4883445476333225709326,+966553209782,نعم,2012-06-24
E01116,ماجد البلوي,1180295873,الشؤون القانونية,منسق,41000,SA9828923689812781526964,+966550566028,لا,2011-04-06
E01117,أيمن المطيري,1629979954,التشغيل,رئيس قسم,55000,SA4432403724786760178880,+966523772879,نعم,2019-11-15
E01118,حنان المسعود,1616808067,إدارة المخاطر,باحث,33000,SA8234901630688037782233,+966573037529,لا,2021-10-27
E01119,مشعل البلوي,1619617358,ضبط الجودة,كبير محللين,41000,SA3923238624792431463066,+966515420963,لا,2016-04-22
E01120,زياد الدوسري,1040950386,المالية,أمين مستودع,55000,SA1295376249710128217880,+966538438643,نعم,2023-06-06
E01121,مها البقمي,1539199206,تقنية المعلومات,مصمم,6500,SA0788914935809420426350,+966552385032,نعم,2013-08-19
E01122,صفاء المقرن,1755142708,إدارة المعرفة,مطور برمجيات,55000,SA7840896624156970474978,+966516172645,نعم,2018-09-24
E01123,يوسف المقرن,1748017959,تقنية المعلومات,مشرف,8500,SA3347772279566614362717,+966598394041,لا,2018-01-15
E01124,عمر الزهراني,1571079100,المشتريات,مهندس,14500,SA3709328641408022585882,+966591813520,نعم,2019-12-12
E01125,شهاب الشهراني,1258118742,الاتصال المؤسسي,مطور برمجيات,18000,SA6459923916793232574138,+966539987612,نعم,2018-05-09
E01126,راشد الحازمي,1557199963,إدارة المخاطر,مدقق حسابات,27500,SA1851333281065140820100,+966550775489,نعم,2023-01-13
E01127,جواهر القحطاني,1360287575,إدارة المعرفة,كبير محللين,6500,SA3816793704024862884543,+966516539520,لا,2011-04-07
E01128,شيماء الجهني,1251201800,الشؤون القانونية,مشرف,18000,SA7873885129983053846231,+966552769551,لا,2020-02-12
E01129,زينب العتيبي,1834255935,إدارة المخاطر,مهندس,18000,SA4783579563712928907075,+966581207487,نعم,2016-03-20
E01130,العنود الغامدي,1941580944,الموارد البشرية,أمين مستودع,33000,SA6838594368850518555615,+966551422922,نعم,2024-09-25
E01131,نايف العرجاني,1956275489,المالية,مدير عام مساعد,41000,SA3877717568331943130003,+966571142625,لا,2021-11-22
E01132,رؤيا الزبيدي,1307107886,ضبط الجودة,مسؤول مشتريات,27500,SA0764847072855753513178,+966597284341,نعم,2024-03-28
E01133,عبدالرحمن الخالدي,1574401137,التخطيط والتطوير,مصمم,27500,SA5990014538205451273552,+966501902020,نعم,2017-11-23
E01134,تركي الخالدي,1065085811,تقنية المعلومات,مصمم,41000,SA2676797058865825231037,+966553489037,لا,2025-04-11
E01135,رند البلوي,1863291751,الشؤون القانونية,مدقق حسابات,11000,SA7069909960885764711606,+966541608103,لا,2022-02-20
E01136,صالح الثبيتي,1038558134,التدقيق الداخلي,أخصائي,27500,SA3011611693042986071135,+966587517577,لا,2023-09-22
E01137,هاني العامري,1380001790,المشتريات,مصمم,27500,SA4416970890261530667092,+966525508129,لا,2025-05-02
E01138,يوسف البلوي,1546737774,الموارد البشرية,مستشار,6500,SA4023119064745769251225,+966563235110,نعم,2023-10-01
E01139,صفاء الزبيدي,1322362631,المشتريات,مدقق حسابات,33000,SA4990710558925294226603,+966513504067,لا,2017-08-14
E01140,شهاب البلوي,1380436822,الشؤون القانونية,محلل,14500,SA7694742967601881227944,+966530341077,لا,2025-10-06
E01141,غانم العرجاني,1314739838,التدقيق الداخلي,رئيس قسم,11000,SA4904529171109047134369,+966568599396,نعم,2016-02-16
E01142,صفاء الرويلي,1233066636,التخطيط والتطوير,مختص,33000,SA1822791053954905763172,,نعم,2019-02-15
E01143,حمد الزهراني,1490887187,المشتريات,مشرف,14500,SA1255093467620081261069,+966528225221,نعم,2016-11-12
E01144,لؤي القرني,1562378776,التخطيط والتطوير,مختص,8500,SA0598091651697609852766,+966504964282,لا,2021-03-10
E01145,خلود العرجاني,1821679733,المشتريات,مدقق حسابات,41000,SA1442828995478335639707,+966570398172,لا,2022-01-01
E01146,أنوار الحميدي,1874667262,المشتريات,مدير عام مساعد,33000,SA7720133577278486101401,+966544397890,نعم,2022-08-09
E01147,صالح الرشيدي,1381175668,الاتصال المؤسسي,مشرف,8500,SA4932774391741007582980,+966522438420,لا,2018-12-05
E01148,وفاء الغامدي,1032087494,إدارة المعرفة,مطور برمجيات,18000,SA6729212485063161306866,+966506425378,نعم,2023-09-18
E01149,أسماء المطيري,1149477471,الاتصال المؤسسي,مسؤول مشتريات,27500,SA2980961122908515436766,,نعم,2012-09-23
E01150,إبراهيم الثبيتي,1806239313,الشؤون القانونية,مصمم,27500,SA2332930049767640080756,+966503787480,نعم,2023-01-03
E01151,ميساء المرواني,1457146353,التدقيق الداخلي,مهندس,41000,SA3209846150299983085209,+966512688876,لا,2020-12-10
E01152,الجوهرة الأسمري,1331618932,الشؤون القانونية,مصمم,22000,SA7770293329724243516759,+966564676740,لا,2017-02-03
E01153,وليد الشمري,1509974208,الشؤون القانونية,أمين مستودع,55000,SA0567936228642118481394,+966545909267,نعم,2012-04-25
E01154,هبة الجهني,1866608886,الموارد البشرية,موظف خدمة عملاء,27500,SA5355005957051152311152,+966597827411,نعم,2021-03-24
E01155,رامي الغامدي,1304260993,التدقيق الداخلي,مختص,8500,SA5821351506363365113522,+966528122795,نعم,2023-10-16
E01156,غدير الرشيدي,1494228297,الخدمات المساندة,مطور برمجيات,8500,SA7457803719450533689242,+966510844281,لا,2021-03-16
E01157,أمل الثبيتي,1039812506,الاتصال المؤسسي,رئيس قسم,6500,SA8167976283548713403534,+966517934695,لا,2013-12-06
E01158,هاني القرني,1885683548,تقنية المعلومات,مدير,33000,SA3119899346240488193738,+966550921847,لا,2026-05-13
E01159,حمد العسيري,1703097442,الشؤون القانونية,مشرف,14500,SA7731686356402652712075,+966531747546,لا,2012-06-27
E01160,حمد الحربي,1281648327,التخطيط والتطوير,مصمم,6500,SA6291718272295601964070,+966510290084,نعم,2011-06-16
E01161,سلمان التميمي,1130677998,إدارة المخاطر,محاسب,41000,SA3490028847373967921837,+966549732636,نعم,2021-03-06
E01162,هيفاء السديري,1639777380,إدارة المعرفة,مهندس,41000,SA9317076318097510147330,+966574589013,نعم,2023-04-27
E01163,عبدالعزيز السهلي,1532083142,ضبط الجودة,مسؤول مشتريات,6500,SA2697223942614335042927,+966518326586,نعم,2019-09-25
E01164,ميساء العنزي,1844987402,الاتصال المؤسسي,محاسب,27500,SA0534808721876597489560,+966580667090,نعم,2022-04-16
E01165,هاني المالكي,1760837516,ضبط الجودة,محلل,8500,SA4475519168760966306833,+966581806785,لا,2014-05-16
E01166,طلال اليامي,1830918197,إدارة المعرفة,مهندس,41000,SA7947772957696968756428,+966513553220,لا,2026-02-19
E01167,أيمن العرجاني,1575155773,الخدمات المساندة,مدقق حسابات,6500,SA4647583444952266958179,+966513790426,لا,2013-04-01
E01168,عادل السبيعي,1489294957,الخدمات المساندة,باحث,8500,SA8186401549020582246660,+966595033084,نعم,2015-10-01
E01169,يمنى الحوساوي,1944775350,إدارة المخاطر,مسؤول مشتريات,14500,SA8238818003695681950656,+966500312743,نعم,2011-08-25
E01170,تركي الغامدي,1816154676,التشغيل,منسق,14500,SA1944897735667608474614,+966574423185,نعم,2019-09-09
E01171,سلمى الفيفي,1305170308,المشتريات,منسق,8500,SA8779702108694456679262,+966599053523,نعم,2017-01-14
E01172,العنود السبيعي,1319459267,المالية,مدقق حسابات,55000,SA8621337145830839905212,+966583915214,نعم,2016-04-22
E01173,وائل العرجاني,1322219419,التشغيل,مدقق حسابات,8500,SA1390000931391501906025,+966557308429,نعم,2015-11-01
E01174,هاني المقرن,1241070653,الموارد البشرية,مدير عام مساعد,14500,SA6771327707461244736680,+966533059232,نعم,2016-10-09
E01175,الجوهرة العتيبي,1189043563,التخطيط والتطوير,مطور برمجيات,6500,SA9694870854232169242269,+966528767196,لا,2015-12-07
E01176,صالح القحطاني,1437434507,الخدمات المساندة,موظف خدمة عملاء,55000,SA9119748990102534063033,+966570019189,نعم,2024-11-18
E01177,ناصر الشهراني,1966447912,إدارة المعرفة,مختص,55000,SA9848760579899255618618,+966560956806,نعم,2012-03-01
E01178,عادل التميمي,1852169901,الشؤون القانونية,مستشار,33000,SA6969264604667760627065,+966589625756,لا,2013-04-01
E01179,رامي الحوساوي,1134758943,إدارة المخاطر,مدقق حسابات,6500,SA5842510235603113804907,+966518940018,نعم,2010-09-04
E01180,لؤي العرجاني,1250607270,إدارة المعرفة,مطور برمجيات,18000,SA8693231007243818108633,+966500054873,نعم,2025-12-30
E01181,أحمد القحطاني,1671849527,إدارة المخاطر,مدير,11000,SA9606744495786405652421,+966500300821,نعم,2013-07-19
E01182,نواف الغامدي,1832748097,التدقيق الداخلي,مدير,6500,SA0313426902287175532577,+966580252334,نعم,2015-03-22
E01183,ناصر الصاعدي,1295072928,المشتريات,أخصائي,41000,SA9183884866515719831161,+966543579645,نعم,2025-03-25
E01184,رؤيا العامري,1639339645,التخطيط والتطوير,أخصائي,33000,SA2720384513088250989738,+966576234318,لا,2011-06-19
E01185,عبدالعزيز الغامدي,1508542659,التشغيل,مهندس,11000,SA2120937890184470594594,+966525172764,لا,2017-11-02
E01186,مها المالكي,1623706759,إدارة المخاطر,كبير محللين,55000,SA4428464905713887185312,+966515762684,لا,2013-04-19
E01187,عبير السهلي,1055678013,التدقيق الداخلي,مهندس,6500,SA2192893874931995072116,+966596945466,نعم,2011-09-10
E01188,صقر الحوساوي,1551776725,المالية,محلل,22000,SA5029366701084855797670,+966598335413,نعم,2015-04-12
E01189,لطيفة الشريف,1281134153,تقنية المعلومات,مسؤول مشتريات,22000,SA5043786638491912415515,+966526423130,نعم,2018-06-09
E01190,رند العمري,1058325190,إدارة المخاطر,مسؤول مشتريات,22000,SA1730107136077493640900,+966509634016,نعم,2023-07-10
E01191,عبدالعزيز الحميدي,1899176372,التخطيط والتطوير,رئيس قسم,55000,SA9297553812911582049602,+966541065714,لا,2012-06-10
E01192,رنا الفيفي,1954378467,التدقيق الداخلي,مدير عام مساعد,22000,SA4780067743104336257116,+966566558157,نعم,2011-01-03
E01193,ديمة العرجاني,1402911505,المالية,مدير,33000,SA2270327488584804393219,+966540951652,نعم,2025-02-24
E01194,لطيفة الحازمي,1503630962,الخدمات المساندة,باحث,27500,SA3936507184880636473365,+966560024419,نعم,2014-08-22
E01195,ناصر العسيري,1118837051,الاتصال المؤسسي,أخصائي,41000,SA6700219625965817524091,+966561788358,لا,2026-01-03
E01196,أنوار الربيعي,1122997636,المشتريات,رئيس قسم,55000,SA6412651126183498242621,+966550380796,نعم,2015-07-11
E01197,لمى العامري,1406771574,ضبط الجودة,رئيس قسم,33000,SA6285394130746262384523,+966598498207,نعم,2019-11-19
E01198,هند الشهري,1537563247,الاتصال المؤسسي,مسؤول مشتريات,6500,SA6156034550830700023290,+966505693513,لا,2014-04-27
E01199,صقر الزبيدي,1794236966,المشتريات,مستشار,22000,SA5898857767002435346431,+966514918315,نعم,2012-11-28
E01200,مازن العسيري,1821611504,الاتصال المؤسسي,مدير عام مساعد,0,SA7283759994194232568835,+966545073724,لا,2024-12-08
E01201,يوسف الزياني,1939970230,الاتصال المؤسسي,موظف خدمة عملاء,6500,SA3797400894704138590286,+966550963317,لا,2018-06-12
E01202,إبراهيم السلمي,1262385980,تقنية المعلومات,منسق,6500,SA1574814425751963379191,+966548254018,لا,2024-08-11
E01203,سلطان المرواني,1216461739,ضبط الجودة,مسؤول مشتريات,11000,SA3708430391805026788243,+966564608643,لا,2024-03-25
E01204,سمر المرواني,1892847086,إدارة المعرفة,مهندس,18000,SA5351850337626262922066,+966527188839,لا,2010-03-27
E01205,محمد المسعود,1805918263,التخطيط والتطوير,مطور برمجيات,6500,SA7403272742455581870915,+966500863549,لا,2020-03-23
E01206,حمد البلوي,1907952095,التشغيل,مصمم,14500,SA0882161976021387915221,+966520418380,نعم,2010-07-26
E01207,عبير السلمي,1834912626,تقنية المعلومات,مشرف,8500,SA3321835151869314534301,+966520526874,لا,2021-11-28
E01208,وائل القرني,1081773911,الخدمات المساندة,باحث,27500,SA3834469772256671554800,+966563319999,لا,2017-11-15
E01209,صقر القرشي,1792155705,إدارة المخاطر,مدير عام مساعد,33000,SA5932787786496839917707,+966517230374,لا,2012-06-23
E01210,محمد اليامي,1970892392,التخطيط والتطوير,مصمم,41000,SA6767181753701195610018,+966569808110,لا,2022-02-23
E01211,كريم الحميدي,1458756309,المالية,مشرف,18000,SA2675212512765376483753,+966515747779,لا,2025-02-28
E01212,شهد الهاجري,1559064942,الشؤون القانونية,كبير محللين,6500,SA0756701303468026297354,+966550001785,نعم,2016-02-11
E01213,حمد الفيفي,1621127909,إدارة المخاطر,موظف خدمة عملاء,8500,SA4687280219245017173543,+966518550195,نعم,2015-11-29
E01214,هبة السديري,1583709884,التدقيق الداخلي,موظف خدمة عملاء,18000,SA3506199372333259783466,+966596411004,لا,2011-10-09
E01215,حسن الشريف,1187067739,التخطيط والتطوير,محلل,41000,SA8837561230323605337671,+966529035137,لا,2022-09-24
E01216,غانم الزبيدي,1545343848,التدقيق الداخلي,أخصائي,14500,SA9695782754257343060419,+966581030694,نعم,2011-06-10
E01217,إيمان الحازمي,1986170106,المالية,منسق,22000,SA8316497502662700959384,+966563371360,نعم,2012-02-06
E01218,نورة البلوي,1147471484,إدارة المخاطر,مصمم,11000,SA5224480562688389636745,+966550320853,لا,2023-06-09
E01219,سارة الرشيدي,1729237931,الخدمات المساندة,مهندس,55000,SA1396814753167069199126,+966525160555,نعم,2021-01-15
E01220,سلمى المطيري,1833780107,الشؤون القانونية,مشرف,6500,SA3486557093518526856735,+966529612476,نعم,2011-01-05
E01221,لطيفة الزياني,1066052414,الاتصال المؤسسي,محلل,33000,SA0396140755389626446442,+966563037993,نعم,2021-07-11
E01222,زياد القرشي,1919865889,إدارة المخاطر,رئيس قسم,33000,SA1223072364367911758082,+966546441270,نعم,2023-07-31
E01223,هبة الثبيتي,1368156905,الشؤون القانونية,مختص,8500,SA0648976240213768541141,+966566686529,نعم,2012-04-03
E01224,مازن الثبيتي,1921225619,المشتريات,مختص,6500,SA4869176243708619261441,+966568497563,لا,2025-03-22
E01225,سعد البلوي,1643458738,الاتصال المؤسسي,مسؤول مشتريات,33000,SA0399246753355716799131,+966512419381,لا,2024-11-29
E01226,سحر المالكي,1058566983,الخدمات المساندة,محلل,41000,SA2568439338940893265284,+966579124708,نعم,2013-08-30
E01227,سلطان الغامدي,1028119111,ضبط الجودة,مشرف,11000,SA8162023585731639730956,+966545055910,لا,2013-02-25
E01228,حمزة الخالدي,1282011384,الشؤون القانونية,موظف خدمة عملاء,22000,SA4838544877597847287763,+966580441418,نعم,2021-03-31
E01229,سامي الشريف,1398154698,الاتصال المؤسسي,منسق,41000,SA6499311735735242056455,+966512425264,نعم,2017-02-12
E01230,محمد الزياني,1456309002,إدارة المعرفة,مدقق حسابات,8500,SA0571647040460029694394,+966568472879,لا,2017-08-05
E01231,محمد السهلي,1048936445,المالية,مختص,27500,SA6739404465180808812911,+966594185660,نعم,2024-10-12
E01232,حمزة الزياني,1454089788,الخدمات المساندة,رئيس قسم,8500,SA5586830150084847867681,+966511450500,لا,2011-02-24
E01233,زياد الغامدي,1334173018,الخدمات المساندة,مطور برمجيات,14500,SA7844979468766411523674,+966547889665,نعم,2011-06-10
E01234,سعد العتيبي,1187442866,المشتريات,محلل,14500,SA8220823194640730862811,+966503023952,نعم,2013-01-05
E01235,سلمى الحازمي,1470041920,التخطيط والتطوير,محلل,33000,SA7229573561397031163649,+966591022363,نعم,2015-12-23
E01236,سامي السهلي,1651230938,الموارد البشرية,مشرف,22000,SA5008172124181989221334,+966586648065,لا,2014-10-25
E01237,ديمة المالكي,1102718903,المشتريات,باحث,22000,SA7523535187324228278023,+966590597435,نعم,2014-05-11
E01238,خلود البلوي,1407766623,التدقيق الداخلي,مصمم,6500,SA8682581360599791824056,+966530274014,لا,2024-04-05
E01239,منصور الرشيدي,1913547848,تقنية المعلومات,مدقق حسابات,18000,SA0831442848210914848725,+966504558919,لا,2014-06-21
E01240,رانيا البلوي,1731857122,الاتصال المؤسسي,كبير محللين,0,SA0840986528306817441972,+966596823229,نعم,2017-08-21
E01241,لؤي الربيعي,1141250041,الموارد البشرية,مسؤول مشتريات,6500,SA7050433239446147125389,+966527150430,نعم,2012-04-18
E01242,بدر المقرن,1681193064,تقنية المعلومات,منسق,33000,SA8584717924091306559498,+966569751536,لا,2011-11-14
E01243,شهاب المقرن,192951413,تقنية المعلومات,مشرف,22000,SA0473897348878617184797,+966518105075,لا,2010-08-07
E01244,مروة المسعود,1003966494,إدارة المعرفة,مهندس,33000,SA8418218378102801021928,+966533418450,لا,2016-01-08
E01245,هبة الحربي,1076113974,الموارد البشرية,مدير عام مساعد,14500,SA4529289562944936871420,+966549125050,نعم,2015-05-17
E01246,باسل الربيعي,1406686079,إدارة المخاطر,مصمم,22000,SA7552145315721101555689,+966556576658,نعم,2024-12-21
E01247,حسين الرشيدي,1654629391,تقنية المعلومات,أمين مستودع,22000,SA8637020669966902623143,+966534274178,نعم,2020-01-29
E01248,مشعل السواط,1999612516,الخدمات المساندة,كبير محللين,27500,SA1742428008598283976121,+966589572611,نعم,2012-01-14
E01249,رنا القحطاني,1589508314,التدقيق الداخلي,باحث,8500,SA8718412613538301177871,+966541702920,نعم,2013-05-05
E01250,شهاب القرشي,1313277251,الاتصال المؤسسي,أمين مستودع,41000,SA7637310117899988135660,+966552286663,لا,2026-04-22
E01251,أمل الدوسري,1679301901,الخدمات المساندة,محاسب,27500,SA7546622089941737635284,+966539715946,لا,2013-05-09
E01252,مساعد الشريف,1511032151,تقنية المعلومات,كبير محللين,11000,SA5916210985559602400568,+966550659344,نعم,2013-07-09
E01253,سعد التميمي,1514531142,تقنية المعلومات,رئيس قسم,6500,SA9304723466100733695124,+966509164474,لا,2018-08-15
E01254,الجوهرة البلوي,1998449431,التدقيق الداخلي,موظف خدمة عملاء,11000,SA8707516282657663146539,+966590635268,نعم,2022-03-16
E01255,سلمان القرني,1990230243,المشتريات,أمين مستودع,11000,SA4800768372855148934694,+966507032552,لا,2010-07-26
E01256,باسل الصاعدي,1487694646,إدارة المعرفة,مهندس,8500,SA2967329133676591508606,+966597470079,نعم,2017-10-14
E01257,شيماء الغامدي,1592342057,الخدمات المساندة,مصمم,14500,SA5788468849626563012674,+966583174066,لا,2013-07-06
E01258,صالح السلمي,1530592045,الخدمات المساندة,مشرف,18000,SA2936513150923858309118,+966569825439,نعم,2011-09-23
E01259,رانيا السلمي,1418344253,التشغيل,مسؤول مشتريات,22000,SA6624653577467729240523,+966529556175,نعم,2021-09-30
E01260,نادية السهلي,1353103029,المشتريات,مدير,33000,SA1056643814341753155647,+966541165755,نعم,2019-06-20
E01261,فاطمة الزهراني,1504826437,ضبط الجودة,رئيس قسم,11000,SA9219165381044312330590,+966510102406,لا,2015-06-28
E01262,هند القرني,1028069662,الخدمات المساندة,محلل,8500,SA2317279969844172627334,+966510940717,لا,2017-08-01
E01263,أنس الزبيدي,1730069174,التدقيق الداخلي,باحث,55000,SA5692905585538099638602,+966507409672,نعم,2015-02-08
E01264,صالح السهلي,1155997164,التدقيق الداخلي,كبير محللين,11000,SA6666294352757259544925,+966574074732,نعم,2010-06-13
E01265,هيفاء الشهري,1235153820,التدقيق الداخلي,موظف خدمة عملاء,55000,SA6947486567909941623870,+966559173305,لا,2011-01-12
E01266,عادل السلمي,1866970906,الموارد البشرية,مختص,33000,SA9419709784415454357261,+966564209031,نعم,2015-09-15
E01267,رؤيا الفيفي,1408439246,الموارد البشرية,مستشار,18000,SA4384810853207356476434,+966587881072,نعم,2015-03-12
E01268,وائل السبيعي,1276899794,ضبط الجودة,منسق,55000,SA7811341369540686630952,+966545595292,لا,2016-10-18
E01269,عبير السواط,1546438324,الخدمات المساندة,مدير عام مساعد,41000,SA3743173691203371045946,+966529759564,لا,2010-09-28
E01270,مشعل المقرن,1444865016,تقنية المعلومات,مهندس,27500,SA2298107390850247662752,+966506916228,نعم,2026-03-27
E01271,جواهر الشهراني,1279501975,إدارة المعرفة,مستشار,18000,SA9121762398637101781786,+966583000889,نعم,2019-11-27
E01272,سعد السلمي,1348576172,إدارة المعرفة,مهندس,6500,SA6773627506907588045702,+966538842515,لا,2020-06-20
E01273,لطيفة الشمري,1177005459,الشؤون القانونية,مشرف,14500,SA7233580130347638163437,+966563469227,نعم,2015-09-28
E01274,جاسم الشمري,1761650280,إدارة المعرفة,مهندس,41000,SA9774606729090052642434,+966599411439,لا,2018-07-29
E01275,هاني الرشيدي,1214934893,الموارد البشرية,كبير محللين,8500,SA5060744203995102724258,+966587916821,نعم,2023-06-12
E01276,صقر التميمي,1156381509,الخدمات المساندة,منسق,22000,SA2027387687432359092864,+966531000218,نعم,2016-05-29
E01277,سلمان المقرن,1865109977,إدارة المخاطر,باحث,22000,SA8468790883563847129604,+966559951264,لا,2024-12-13
E01278,سارة البلوي,1503951657,التدقيق الداخلي,مدير عام مساعد,11000,SA2016820249643435290926,+966547777509,لا,2012-01-19
E01279,نجود المرواني,1517058663,تقنية المعلومات,منسق,11000,SA2266477919043649944828,+966538089077,نعم,2010-03-05
E01280,أيمن الدوسري,1047715535,المالية,مهندس,22000,SA7680994909493358586288,+966519963778,نعم,2018-07-26
E01281,مياء البلوي,1000038065,التدقيق الداخلي,أمين مستودع,11000,SA0350971019634240540497,+966570713414,نعم,2015-12-04
E01282,صالح الفيفي,1206167114,التشغيل,رئيس قسم,14500,SA3785780781184491569138,+966540809589,نعم,2013-07-09
E01283,أحمد الربيعي,1412819300,المالية,محلل,55000,SA4020467678558395971107,+966569189758,نعم,2014-05-27
E01284,خلود المطيري,1731256796,التدقيق الداخلي,مدير,55000,SA7805615086615390099428,+966525800305,لا,2021-04-20
E01285,سحر الربيعي,1450102338,المالية,كبير محللين,6500,SA7851060263906905918853,+966538890269,نعم,2012-03-21
E01286,سامي الشريف,1409617709,الشؤون القانونية,مدقق حسابات,11000,SA1391239985301394624308,+966510560073,لا,2014-08-13
E01287,نادية المرواني,1025370923,إدارة المعرفة,مشرف,14500,SA0865237720759073218569,+966550696808,نعم,2021-12-24
E01288,نجود الثبيتي,1102308176,إدارة المخاطر,مهندس,27500,SA2334751250292402056345,+966534594889,لا,2011-12-30
E01289,تالا السبيعي,1762687596,التدقيق الداخلي,محلل,22000,SA9368015856395430245785,+966540341335,نعم,2016-12-19
E01290,فهد المالكي,1262682592,الاتصال المؤسسي,مدير عام مساعد,14500,SA2344590086299083830928,+966570923906,نعم,2022-11-24
E01291,ناصر اليامي,1082714781,التدقيق الداخلي,مستشار,8500,SA5661901206885846471578,+966588896040,لا,2012-11-20
E01292,إبراهيم الغامدي,1386331357,التخطيط والتطوير,منسق,8500,SA6961354322293627998290,+966513256504,لا,2015-01-12
E01293,فاطمة الحربي,1165149632,التخطيط والتطوير,مدقق حسابات,33000,SA0752391348202199493912,+966576087774,لا,2024-01-03
E01294,منصور العنزي,1665903496,الموارد البشرية,أمين مستودع,18000,SA6721894410635684283444,+966585648019,نعم,2019-01-14
E01295,راشد المسعود,1852475837,الشؤون القانونية,مشرف,6500,SA0917572162303104016836,+966530329777,لا,2016-09-30
E01296,زينب العنزي,1499390134,ضبط الجودة,مدقق حسابات,41000,SA0922003675783131180978,+966573154710,نعم,2013-07-05
E01297,ماجد الأسمري,1628013656,تقنية المعلومات,مشرف,8500,SA0561773310677596037865,+966542436529,نعم,2016-02-03
E01298,ناصر المالكي,1896876735,الخدمات المساندة,أمين مستودع,27500,SA6246226945533920371731,+966515685474,نعم,2014-04-29
E01299,عبدالعزيز العسيري,1496180116,الشؤون القانونية,رئيس قسم,22000,SA9773760815168549806700,+966576816098,لا,2024-05-16
E01300,سلمان الثبيتي,1781919806,إدارة المعرفة,مطور برمجيات,6500,SA6535013090720044671981,+966524049737,نعم,2025-06-30
E01301,بشاير الغامدي,1683861577,الموارد البشرية,مطور برمجيات,11000,SA4884792205125790136001,+966545852496,نعم,2014-05-12
E01302,وفاء المسعود,1605176005,المالية,موظف خدمة عملاء,41000,SA4477376440009004798944,+966571083165,لا,2016-12-18
E01303,أمل الحميدي,1406771574,ضبط الجودة,مختص,11000,SA9744077912050668038722,+966566929263,لا,2015-03-27
E01304,ريم العنزي,1043727393,إدارة المخاطر,مصمم,33000,SA9818127053813455516360,+966526894436,لا,2025-04-13
E01305,هيفاء الصاعدي,1707226732,الاتصال المؤسسي,مهندس,6500,SA7422824177869458929973,+966536915517,لا,2019-03-30
E01306,شيماء الفيفي,1018568087,إدارة المخاطر,موظف خدمة عملاء,22000,SA9223922244522705470835,+966588000121,نعم,2020-10-26
E01307,سلطان الرويلي,1137025365,ضبط الجودة,كبير محللين,14500,SA9859721408405597306579,+966576793214,لا,2012-06-12
E01308,إبراهيم الزهراني,1885764793,المالية,مسؤول مشتريات,8500,SA9828396533859646658205,+966515909898,لا,2011-10-16
E01309,منصور اليامي,1196160244,التدقيق الداخلي,مدقق حسابات,41000,SA7043619407477031964532,+966581573727,نعم,2014-08-29
E01310,سلطان الدوسري,1856149024,التخطيط والتطوير,مدقق حسابات,6500,SA1546938797431569977026,+966563293357,لا,2024-08-01
E01311,أسماء العنزي,1262550930,التشغيل,محاسب,55000,SA0313839997487439193644,+966555197509,لا,2025-01-28
E01312,نادية الحميدي,1973605155,التخطيط والتطوير,مهندس,41000,SA0831929414575790091772,+966551593844,لا,2025-06-13
E01313,أحمد السلمي,1662999687,ضبط الجودة,كبير محللين,27500,SA9747675193766046843881,+966522906215,نعم,2025-03-05
E01314,منى الزبيدي,1418633341,التخطيط والتطوير,أخصائي,41000,SA7791223954523884895745,+966571943530,نعم,2025-08-11
E01315,زينب المقرن,1013238751,التدقيق الداخلي,محلل,18000,SA3036156150679847853387,+966529087904,نعم,2023-09-04
E01316,سمر الشمري,1638598092,التدقيق الداخلي,مدير,41000,SA7781222310611508851553,+966580988865,لا,2023-01-26
E01317,جاسم العتيبي,1062685100,إدارة المخاطر,موظف خدمة عملاء,33000,SA3004566967857963172771,+966595902806,لا,2015-11-05
E01318,إيمان الشريف,1409551247,التخطيط والتطوير,محلل,8500,SA6806940833562264038392,+966537396124,نعم,2021-03-01
E01319,لمى التميمي,1703436897,ضبط الجودة,مصمم,8500,SA1936956614657573847539,+966505586045,لا,2023-05-27
E01320,نجود التميمي,1111553028,إدارة المعرفة,مدير عام مساعد,22000,SA2601329524107752975680,+966528471550,نعم,2016-11-02
E01321,هيفاء العمري,1246436404,الخدمات المساندة,رئيس قسم,55000,SA6450678470088862808739,+966555011418,نعم,2011-11-11
E01322,ديمة العرجاني,1897316806,تقنية المعلومات,أخصائي,33000,SA5226045621864603819813,+966529980871,نعم,2022-05-29
E01323,فهد الزبيدي,1573567599,ضبط الجودة,أمين مستودع,55000,SA7247924827568588237229,+966509485222,لا,2019-10-12
E01324,غانم القرشي,1110858188,التدقيق الداخلي,مستشار,27500,SA2238703812184432743163,+966587805299,لا,2013-08-26
E01325,طلال الخالدي,1901984912,المالية,موظف خدمة عملاء,27500,SA7472960039707968019336,+966500308540,نعم,2019-11-30
E01326,عبدالله القرشي,1063026767,الشؤون القانونية,مختص,22000,SA7568996685952886271414,+966559149331,لا,2013-12-14
E01327,فاطمة العمري,1564654398,المشتريات,مسؤول مشتريات,41000,SA0289651722575765708892,+966542464697,نعم,2020-01-03
E01328,سعد المقرن,1460192436,التدقيق الداخلي,مسؤول مشتريات,11000,SA3570034012701935769327,+966552432671,نعم,2014-02-28
E01329,سعد الشهراني,1977568821,المالية,باحث,22000,SA4794247361255780981807,+966596755354,لا,2014-04-26
E01330,صفاء المالكي,1162039364,الخدمات المساندة,أخصائي,6500,SA7019043630835703378919,+966564198304,نعم,2015-09-23
E01331,مشعل الزهراني,1408412128,ضبط الجودة,محلل,18000,SA4159156547117673735206,+966583408248,نعم,2025-03-06
E01332,ميساء الرويلي,1104507304,إدارة المعرفة,مدقق حسابات,18000,SA5059909659369170668077,+966502359047,لا,2020-11-26
E01333,منصور المسعود,1823573868,إدارة المعرفة,باحث,6500,SA5692049161324592716343,+966529347443,لا,2013-07-28
E01334,صالح الشهري,1961179577,الخدمات المساندة,مطور برمجيات,6500,SA7929529749645390501825,+966569464104,نعم,2025-10-31
E01335,كريم العمري,1292714480,التخطيط والتطوير,منسق,11000,SA4018452611520559163485,+966571029434,لا,2020-06-26
E01336,صالح الحوساوي,1089793549,المالية,موظف خدمة عملاء,8500,SA5682433899090839688978,+966555707529,لا,2024-11-14
E01337,وليد الخالدي,1908071622,الموارد البشرية,باحث,22000,SA2325165146730264381839,+966578379352,لا,2015-08-24
E01338,عبدالعزيز الحازمي,1336507635,ضبط الجودة,مصمم,41000,SA3618365783061527361291,+966563411744,نعم,2026-04-26
E01339,بشاير الرشيدي,1852396967,التشغيل,أمين مستودع,33000,SA9831797279529023607787,+966569171954,نعم,2016-09-15
E01340,صالح الدوسري,1815451206,ضبط الجودة,كبير محللين,8500,SA7698141332836595284466,+966553266012,لا,2018-07-17
E01341,جاسم المقرن,1659906570,الموارد البشرية,أخصائي,6500,SA5460592962907411782979,+966517256074,لا,2025-09-10
E01342,نواف المقرن,1258863339,الاتصال المؤسسي,باحث,41000,SA0320272800491259631683,+966553845438,لا,2012-04-07
E01343,سعد السلمي,1028609970,التخطيط والتطوير,محاسب,55000,SA0365844467341873329690,+966518833615,لا,2017-01-08
E01344,عبدالعزيز البلوي,1073641779,الشؤون القانونية,رئيس قسم,18000,SA0850218570788528467382,+966548051069,نعم,2014-02-15
E01345,أيمن المطيري,1063115958,التدقيق الداخلي,مشرف,33000,SA7609989795707738182908,+966570510788,لا,2010-12-31
E01346,جاسم الجهني,1190042190,تقنية المعلومات,منسق,55000,SA2173887920368808081612,+966567743495,لا,2025-08-10
E01347,إبراهيم المرواني,1139910325,تقنية المعلومات,مشرف,27500,SA3890080258471074628214,+966512016987,لا,2019-07-28
E01348,زياد الغامدي,1311611774,إدارة المخاطر,مختص,41000,SA2707380509000946907672,+966541086189,لا,2022-07-31
E01349,غدير العمري,1206791905,المالية,مدير عام مساعد,18000,SA3654670175041588376608,+966508242475,لا,2022-07-28
E01350,شهاب القرشي,1732017999,إدارة المعرفة,مهندس,11000,SA0858273131595767386247,+966582504302,لا,2014-10-22
E01351,صالح المطيري,1284425285,إدارة المخاطر,أمين مستودع,33000,SA2793784618828843964313,+966589891250,لا,2017-02-15
E01352,معاذ العامري,1395451030,التشغيل,أمين مستودع,6500,SA6179984428844995926558,+966515953201,لا,2012-03-13
E01353,معاذ المسعود,1885965648,التشغيل,مدقق حسابات,22000,SA1326572248863198228123,+966562029281,لا,2026-01-18
E01354,راشد المالكي,1123815688,تقنية المعلومات,كبير محللين,18000,SA3859428674914640289077,+966577939294,لا,2025-10-23
E01355,فاطمة الحميدي,1514265774,المشتريات,محاسب,11000,SA0827826263590826214963,+966576296446,نعم,2023-02-20
E01356,لين الشهري,1851024750,ضبط الجودة,مهندس,27500,SA4179287046881042696403,+966587917562,لا,2014-03-21
E01357,لؤي البلوي,1098979055,ضبط الجودة,مسؤول مشتريات,22000,SA4340867524225398735668,+966545241016,لا,2020-10-08
E01358,فاطمة الهاجري,1379351701,المالية,محاسب,33000,SA1899874207709355777473,+966539228815,لا,2024-05-08
E01359,حمزة الدوسري,1378706301,إدارة المخاطر,مدقق حسابات,33000,SA9235334070049985141163,+966507072401,لا,2017-05-03
E01360,أمل الهاجري,1543153488,ضبط الجودة,مطور برمجيات,27500,SA1577593937260001618755,+966569384096,نعم,2021-08-20
E01361,وليد القرشي,1961313788,الخدمات المساندة,مدير,27500,SA7868285195199107325505,+966502890097,نعم,2025-11-24
E01362,مازن الحازمي,1154174682,الاتصال المؤسسي,رئيس قسم,22000,SA5101606092429597348751,+966545528616,لا,2023-05-05
E01363,لطيفة الرشيدي,1541165294,الموارد البشرية,مسؤول مشتريات,14500,SA7619510601669093552759,+966518487365,نعم,2018-11-16
E01364,يمنى الخالدي,1349404564,الخدمات المساندة,مدير عام مساعد,0,SA7967462930937294515724,+966576032629,نعم,2017-06-09
E01365,حسين اليامي,1910510690,الاتصال المؤسسي,مسؤول مشتريات,18000,SA6681700611955920804205,+966566067743,لا,2025-06-08
E01366,إيمان البلوي,1935951598,إدارة المخاطر,مصمم,55000,SA6107096278570271683661,+966541269616,لا,2020-05-21
E01367,دلال البقمي,1461044032,إدارة المخاطر,مهندس,18000,SA8370813286866823078377,+966520415502,نعم,2015-11-12
E01368,عبدالوهاب الرويلي,1715911770,المشتريات,مشرف,14500,SA7334183355337519794977,+966542387342,نعم,2022-04-23
E01369,مها الزهراني,1437134313,الموارد البشرية,مدقق حسابات,14500,SA6677407319780098501202,+966534082192,لا,2025-07-05
E01370,نجلاء الشهراني,1316236908,التخطيط والتطوير,مهندس,14500,SA8709870248097651502538,+966554585768,لا,2012-04-04
E01371,نواف الحميدي,1058487156,التشغيل,مسؤول مشتريات,55000,SA6807431687633427040838,+966590923850,لا,2014-08-10
E01372,دلال الهاجري,1056417254,ضبط الجودة,مطور برمجيات,55000,SA7336776648885649015171,+966531713826,لا,2018-03-22
E01373,إيمان الربيعي,1629761113,المالية,مشرف,41000,SA0859593744080470240537,+966535301787,لا,2021-06-22
E01374,طلال الرويلي,1423386489,تقنية المعلومات,باحث,6500,SA8666325530846566299079,+966593951916,نعم,2013-12-01
E01375,رهف اليامي,1936578788,ضبط الجودة,مدقق حسابات,6500,SA0962255114344924492708,+966589628023,لا,2012-02-09
E01376,هبة السديري,1966463398,الشؤون القانونية,أمين مستودع,41000,SA4103552617436926488375,+966595183280,نعم,2012-07-15
E01377,بيان الزبيدي,1317646485,ضبط الجودة,مطور برمجيات,55000,SA8364440291825913168130,+966522958640,نعم,2017-08-18
E01378,تالا الزياني,1052324892,المشتريات,مصمم,27500,SA4376803106351993609504,+966506608085,لا,2020-12-06
E01379,فهد الحربي,1868252089,التشغيل,محاسب,14500,SA1168560352030196013882,+966587238037,لا,2026-01-06
E01380,زينب العرجاني,1337533770,الخدمات المساندة,مطور برمجيات,8500,SA9595067818034783385620,+966585077729,لا,2025-08-29
E01381,أسماء السلمي,1903102406,المشتريات,مسؤول مشتريات,41000,SA7776398414548693438422,+966564347065,لا,2023-08-18
E01382,إيمان المقرن,1844226488,التدقيق الداخلي,مدير,8500,SA1331563380485983380562,+966556454951,نعم,2016-07-28
E01383,عبدالكريم القرشي,1439251461,الاتصال المؤسسي,أخصائي,14500,SA2530441107239350774812,+966546212387,لا,2025-06-26
E01384,إيمان الرشيدي,1762700852,التخطيط والتطوير,مشرف,6500,SA9143137508192345024422,+966503420903,لا,2021-09-27
E01385,أنوار البلوي,1009721729,المالية,باحث,6500,SA1652947946659684010654,+966522769408,نعم,2025-12-19
E01386,جاسم الخالدي,1814421861,إدارة المعرفة,محلل,6500,SA7970489619286414571966,+966517478183,لا,2012-08-17
E01387,العنود الشمري,1675457442,الشؤون القانونية,مصمم,22000,SA3860045562776671068619,+966500724641,نعم,2015-02-01
E01388,بيان الجهني,1568112625,الاتصال المؤسسي,باحث,22000,SA6265465632151111548088,+966555276671,نعم,2010-08-28
E01389,نجود الربيعي,1696335585,إدارة المعرفة,مدير,11000,SA7089709659318592148444,+966506013145,نعم,2014-03-02
E01390,أيمن البلوي,1445942053,الخدمات المساندة,رئيس قسم,27500,SA3517723209500528207618,+966570362290,نعم,2019-10-21
E01391,ناصر الزهراني,1631404462,ضبط الجودة,مختص,8500,SA9437340866324650150238,+966580774533,لا,2011-07-26
E01392,ناصر الثبيتي,1398211142,التخطيط والتطوير,محاسب,11000,SA5076247370793925587927,+966500028653,نعم,2018-10-07
E01393,فهد الحوساوي,1394124992,تقنية المعلومات,محلل,11000,SA9233458181131385829219,+966565954708,نعم,2011-09-05
E01394,أريج القرشي,1044216180,الشؤون القانونية,مستشار,11000,SA6986062415237174964176,+966562640243,لا,2014-08-14
E01395,طلال العوفي,1991559285,التخطيط والتطوير,منسق,27500,SA1647320393882138069856,+966556781325,نعم,2012-12-14
E01396,رؤيا الغامدي,1078942214,التخطيط والتطوير,مسؤول مشتريات,11000,SA0200721368190150562887,+966568844337,نعم,2025-03-06
E01397,لؤي الهاجري,1185638788,المالية,كبير محللين,18000,SA7511555419301070104605,+966579779316,نعم,2020-04-16
E01398,خالد السديري,1323784403,ضبط الجودة,رئيس قسم,41000,SA7624229670808663828222,+966513334408,لا,2016-07-11
E01399,نجلاء العرجاني,1006795049,المالية,منسق,14500,SA6947913071186159236905,+966596996112,نعم,2014-09-23
E01400,نواف المسعود,1646588457,ضبط الجودة,باحث,6500,SA5875715783495361239006,+966524592826,نعم,2012-10-10
E01401,حمزة التميمي,1304119850,إدارة المعرفة,أخصائي,55000,SA4447111528299645807095,+966560381478,نعم,2010-12-05
E01402,فيصل الربيعي,1483749089,إدارة المعرفة,أمين مستودع,22000,SA9001568350488264948057,+966524342490,لا,2019-01-22
E01403,ميساء السديري,1158458388,المالية,موظف خدمة عملاء,18000,SA4466854180313183013630,+966551404371,نعم,2010-07-09
E01404,عبدالوهاب الصاعدي,1317819173,الشؤون القانونية,مدقق حسابات,11000,SA1607343150133823644596,+966584630156,لا,2018-01-28
E01405,نجلاء الفيفي,1469153355,ضبط الجودة,أخصائي,6500,SA9173484460801552518070,+966585498735,لا,2018-10-13
E01406,لطيفة الربيعي,1055304222,الشؤون القانونية,مدير,27500,SA2651066820566053445986,+966590068179,نعم,2025-09-14
E01407,لطيفة السواط,1518626716,إدارة المعرفة,مطور برمجيات,27500,SA7325373805767820954217,+966532630477,لا,2019-02-12
E01408,سارة الزهراني,1176739587,الخدمات المساندة,مسؤول مشتريات,33000,SA4043523122206394702046,+966573375209,لا,2022-12-12
E01409,عبدالعزيز السبيعي,1001374774,التدقيق الداخلي,مدير,8500,SA9117122336134794073390,+966537410155,نعم,2010-03-06
E01410,أيمن الثبيتي,1481432092,التشغيل,منسق,55000,SA8296526435389583271763,+966532572446,لا,2019-10-05
E01411,شهاب الغامدي,1849238629,إدارة المخاطر,مستشار,33000,SA6752154433956057324961,+966585273467,لا,2024-11-27
E01412,الجوهرة الرشيدي,1416048054,المشتريات,منسق,8500,SA2271834607779765821672,+966589549285,نعم,2024-01-12
E01413,عبير السلمي,1689049664,الخدمات المساندة,كبير محللين,22000,SA5775353646152181607710,+966526730033,نعم,2023-01-10
E01414,راشد اليامي,1747374765,الشؤون القانونية,مهندس,6500,SA6525370026278234715591,+966581995149,لا,2014-10-06
E01415,نايف الزياني,1758326001,التخطيط والتطوير,أمين مستودع,55000,SA7561525883635855894213,+966546033442,نعم,2024-01-12
E01416,ابتسام الحوساوي,1018369098,التشغيل,مستشار,33000,SA2169606545948765599010,+966542991726,نعم,2016-07-26
E01417,دلال الشريف,1430905602,المشتريات,مختص,33000,SA0301693362374971024533,+966523691197,نعم,2023-10-31
E01418,إيمان المقرن,1775138538,الخدمات المساندة,رئيس قسم,6500,SA2876015649887715445570,+966592207909,نعم,2012-09-29
E01419,عادل الرشيدي,1877763001,إدارة المعرفة,مهندس,11000,SA7730008175369836532635,+966591571329,نعم,2014-09-07
E01420,إبراهيم العنزي,1193196910,إدارة المعرفة,منسق,55000,SA2684272125896261142942,+966547967056,لا,2021-07-04
E01421,أيمن المالكي,1054842537,المشتريات,مدقق حسابات,27500,SA7280894434092738010279,+966557895416,نعم,2022-01-26
E01422,طلال الرشيدي,1750054676,المالية,موظف خدمة عملاء,55000,SA4691349557903245102441,+966554630147,نعم,2013-03-10
E01423,سلمى الشمري,1571585189,إدارة المعرفة,موظف خدمة عملاء,41000,SA4020880185109105810245,+966522689872,لا,2018-10-06
E01424,مروة العنزي,1543874976,تقنية المعلومات,محاسب,18000,SA5383238121130692135499,+966599337831,نعم,2012-01-03
E01425,أنس البقمي,1164365189,المالية,باحث,18000,SA1179314050883856801522,+966527784639,نعم,2016-02-01
E01426,نورة السديري,1211139082,الشؤون القانونية,مختص,14500,SA7440353818657367815146,+966579310481,لا,2024-11-20
E01427,حمد التميمي,1682481773,المشتريات,مصمم,14500,SA7374529295139439291002,+966556093534,نعم,2011-06-06
E01428,باسل السواط,1411885062,الموارد البشرية,باحث,14500,SA2375655239494578700017,+966560884108,لا,2018-02-03
E01429,حسين الفيفي,1613353026,ضبط الجودة,أمين مستودع,14500,SA8950496868547859159381,+966571494724,لا,2023-08-26
E01430,هاني الفيفي,1468537863,تقنية المعلومات,أمين مستودع,55000,SA7577321589423677436796,+966598382245,لا,2010-12-29
E01431,عبير الشهراني,1686395235,الشؤون القانونية,مطور برمجيات,8500,SA4972154085430111598279,+966566152198,لا,2017-11-26
E01432,رند العتيبي,1799872237,الاتصال المؤسسي,مدير,11000,SA5464386736478327592000,+966582436364,نعم,2021-10-09
E01433,أيمن السلمي,1563025806,التشغيل,محلل,41000,SA0422141757704561130988,+966569684549,نعم,2021-08-14
E01434,نايف القرني,1585374232,التشغيل,مهندس,11000,SA6223889969481551376299,+966597398740,نعم,2025-10-02
E01435,هاني العمري,1004390520,التدقيق الداخلي,مهندس,33000,SA7753378858215947679810,+966511358061,لا,2012-08-13
E01436,هند الشمري,1137609853,إدارة المخاطر,محاسب,14500,SA0683490203810584908905,+966554925955,نعم,2011-03-21
E01437,مروة المالكي,1998186017,الموارد البشرية,باحث,8500,SA3401744306712036451162,+966520761136,نعم,2021-12-21
E01438,لؤي المقرن,1547790210,التدقيق الداخلي,مصمم,41000,SA3240953859507859415403,+966548937389,لا,2015-04-04
E01439,سارة السلمي,1846925350,التدقيق الداخلي,مشرف,55000,SA5683968138085258202487,+966513697981,نعم,2020-11-29
E01440,شهاب الغامدي,1940715715,ضبط الجودة,موظف خدمة عملاء,27500,SA4769890465595519376673,+966530307741,لا,2012-12-25
E01441,سارة السلمي,1044815767,الاتصال المؤسسي,موظف خدمة عملاء,41000,SA0235121117474898337155,+966591099690,لا,2026-03-17
E01442,أنوار اليامي,1003586482,التشغيل,منسق,55000,SA2266897593525758934828,+966527641856,نعم,2026-02-20
E01443,هيفاء الزبيدي,1830392054,الاتصال المؤسسي,مسؤول مشتريات,33000,SA6063059222447891041169,+966575565438,نعم,2016-06-20
E01444,نايف الحوساوي,1551661323,الموارد البشرية,مشرف,22000,SA3012008491286297574294,+966526259897,لا,2020-11-16
E01445,غدير الربيعي,1684825449,تقنية المعلومات,أخصائي,11000,SA0265811027636252500580,+966590104106,نعم,2014-10-16
E01446,كريم المسعود,1258456464,تقنية المعلومات,كبير محللين,22000,SA6209238919729057179118,+966580974625,نعم,2021-09-10
E01447,معاذ الهاجري,1285356638,الشؤون القانونية,باحث,6500,SA1296640457923823139628,+966556383647,نعم,2015-05-14
E01448,رند الحوساوي,1865919474,المالية,منسق,11000,SA1375709132274004416956,+966587032453,نعم,2024-09-26
E01449,سلمى الحميدي,1295050080,إدارة المعرفة,محاسب,14500,SA1443031158095550355077,+966577212633,لا,2011-01-19
E01450,زينب الجهني,1573319751,الاتصال المؤسسي,أمين مستودع,11000,SA6440700077853346406774,+966502344047,نعم,2021-03-17
E01451,عبدالعزيز البلوي,1355568518,الخدمات المساندة,مطور برمجيات,22000,SA0485182383607711832609,+966553220767,لا,2010-08-30
E01452,ريم البلوي,1783436908,التخطيط والتطوير,أخصائي,8500,SA3095662002395741304315,+966528768690,نعم,2014-08-31
E01453,حمد الحميدي,1023671629,المشتريات,مدير,8500,SA6599957463493742555033,+966583963416,نعم,2014-12-27
E01454,بدر الخالدي,1399841004,المشتريات,محلل,33000,SA8115264699369223814884,+966599332484,نعم,2015-06-18
E01455,أحمد الشهراني,1761000619,المالية,موظف خدمة عملاء,14500,,+966501815261,لا,2015-06-24
E01456,أيمن الغامدي,1731069660,الخدمات المساندة,أخصائي,6500,SA9025042995931051907757,+966508549295,نعم,2022-03-19
E01457,زينب العمري,1233003654,التشغيل,مسؤول مشتريات,6500,SA4547201547238848893245,+966572698848,نعم,2025-06-15
E01458,لطيفة الحوساوي,1878222585,الموارد البشرية,محلل,14500,SA4538408007612653788850,+966570932022,لا,2014-01-27
E01459,سلمان المسعود,1549279923,التدقيق الداخلي,كبير محللين,33000,SA7314907540354972409311,+966561990065,نعم,2024-05-19
E01460,سلمان العنزي,1263916809,الاتصال المؤسسي,كبير محللين,18000,SA7288539926630800707991,+966535699588,لا,2018-12-01
E01461,محمد الزياني,1766260093,ضبط الجودة,مدقق حسابات,55000,SA4828595904214771050016,+966586367942,لا,2018-10-07
E01462,نادية الزبيدي,1482443734,التشغيل,محاسب,6500,SA7705302069889864763992,+966500042756,لا,2021-10-23
E01463,بشاير البلوي,1161205180,المالية,باحث,14500,SA7334349152897555629623,+966520907355,نعم,2011-05-23
E01464,رؤيا الجهني,1657103212,الاتصال المؤسسي,مدير عام مساعد,33000,SA2154699072513245672599,+966543598856,لا,2017-09-30
E01465,عبير الثبيتي,1102634274,ضبط الجودة,رئيس قسم,8500,SA4424789086496069419452,+966576381767,نعم,2020-05-07
E01466,دلال الغامدي,1752725265,التخطيط والتطوير,محلل,22000,SA7971181138462745853371,+966530715346,نعم,2020-07-15
E01467,راشد الحربي,1451427668,التدقيق الداخلي,رئيس قسم,41000,SA8014982454438592750127,+966580664962,لا,2013-03-28
E01468,شيماء العامري,1024697490,تقنية المعلومات,منسق,22000,SA3508944039491828514915,+966575303800,نعم,2025-10-04
E01469,يمنى الثبيتي,1398168037,الخدمات المساندة,مستشار,6500,SA4870474106601123499869,+966505741116,لا,2016-08-23
E01470,أحمد الغامدي,1330553924,الشؤون القانونية,مختص,6500,SA4741639673282732394069,+966556746022,لا,2025-08-06
E01471,لؤي الشمري,1066708544,الاتصال المؤسسي,مختص,11000,SA8383512175352974095164,+966530607631,لا,2010-02-18
E01472,مساعد العوفي,1637475847,الخدمات المساندة,أخصائي,55000,SA5389684256394324136362,+966578588803,لا,2023-05-20
E01473,فاطمة القرني,1206666362,ضبط الجودة,باحث,41000,SA0862886009905716772052,+966527232337,لا,2017-06-04
E01474,لؤي الرشيدي,1281103919,التدقيق الداخلي,أخصائي,41000,SA5016190670012993505155,+966524993540,نعم,2024-10-26
E01475,تالا العامري,1168283768,التخطيط والتطوير,محلل,27500,SA2790936860087090105749,+966573838806,نعم,2021-05-01
E01476,أيمن الثبيتي,1211589930,الشؤون القانونية,أخصائي,27500,SA6345681039047570220162,+966578622994,نعم,2013-11-22
E01477,لطيفة الجهني,1564036695,المشتريات,مسؤول مشتريات,14500,SA0937672337294221103325,+966544326752,لا,2023-05-29
E01478,عبير الحوساوي,1035167616,إدارة المعرفة,مطور برمجيات,8500,SA5340312078740504394761,+966503378989,لا,2012-07-04
E01479,معاذ العوفي,1029436175,ضبط الجودة,مصمم,14500,SA6265634901073860801723,+966581123338,لا,2012-03-15
E01480,هيفاء الحميدي,1827046952,المشتريات,مسؤول مشتريات,22000,SA4074923325306988295030,+966515103554,نعم,2019-03-18
E01481,هيفاء الفيفي,1137399166,المشتريات,مشرف,27500,SA2517654721715267925829,+966582578649,نعم,2013-08-30
E01482,غدير السلمي,1593809468,التدقيق الداخلي,مطور برمجيات,33000,SA4866884016405207603773,+966599826392,لا,2023-05-25
E01483,أحمد السواط,1804698783,تقنية المعلومات,باحث,55000,SA9206153651603050446244,+966512317640,نعم,2012-10-30
E01484,سحر الأسمري,1233747391,التخطيط والتطوير,منسق,14500,SA5668090948193433078520,+966584065980,لا,2020-07-27
E01485,نورة العنزي,1252498264,الموارد البشرية,مدقق حسابات,33000,SA3193737720220769235862,+966551871129,نعم,2018-06-16
E01486,أيمن القرشي,1835771666,المشتريات,منسق,41000,SA6216961619479381010556,+966593127276,نعم,2011-01-09
E01487,كريم المالكي,1213626300,الموارد البشرية,محلل,22000,SA1720490408996031027837,+966584715537,نعم,2012-02-08
E01488,مشعل العسيري,1964359010,ضبط الجودة,أمين مستودع,8500,SA5152945003720449768956,+966521727074,نعم,2016-12-31
E01489,إيمان العوفي,1355147800,إدارة المخاطر,مشرف,22000,SA0513628373880236141935,+966510225986,نعم,2014-07-24
E01490,أريج العتيبي,1367324181,التشغيل,مطور برمجيات,55000,SA5045162058551466606773,+966570977795,نعم,2011-06-04
E01491,رانيا الربيعي,1699932297,ضبط الجودة,مستشار,22000,SA6690206699227333774050,+966599377667,لا,2022-04-21
E01492,أريج الشمري,1353474826,التدقيق الداخلي,رئيس قسم,14500,SA0890176985624142310998,+966526856657,نعم,2025-06-14
E01493,راشد العوفي,1821307509,التشغيل,محلل,33000,SA2394106141815386628111,+966583775458,نعم,2024-08-10
E01494,جاسم السلمي,1439440650,ضبط الجودة,مستشار,14500,SA5337501817417618932881,+966502550283,لا,2019-06-29
E01495,أحمد البلوي,1679701316,التدقيق الداخلي,كبير محللين,6500,SA4064913588248437282900,+966506280955,لا,2013-07-07
E01496,هاني الحازمي,1953784491,تقنية المعلومات,كبير محللين,22000,SA2090381546895243140361,+966543009840,لا,2010-04-27
E01497,وائل المرواني,1366621108,المشتريات,مدير,11000,SA2105389218591650006349,+966526850696,نعم,2012-01-26
E01498,مساعد الصاعدي,1262618893,الاتصال المؤسسي,محاسب,27500,SA7772418975361656415051,+966535838378,لا,2019-11-23
E01499,لطيفة المالكي,1782334211,ضبط الجودة,كبير محللين,14500,SA0816061351644760267738,+966523326201,لا,2024-05-18
E01500,أنس الربيعي,1653116291,الاتصال المؤسسي,رئيس قسم,14500,SA1336016668037639172255,+966550734503,نعم,2016-06-16
E01501,أمل البلوي,1813710413,تقنية المعلومات,مختص,14500,SA6103631328454389788956,+966515025220,نعم,2015-04-04
E01502,ريم السواط,1401395965,الاتصال المؤسسي,رئيس قسم,6500,SA8087679050887778013381,+966533279151,لا,2022-11-11
E01503,غانم السلمي,1308863362,المشتريات,موظف خدمة عملاء,22000,SA6699799575415027870452,+966541634304,نعم,2017-03-07
E01504,رامي الزبيدي,1101535092,تقنية المعلومات,محلل,33000,SA2724157965634238332525,+966513116434,لا,2018-09-13
E01505,جواهر الأسمري,1842232769,الشؤون القانونية,كبير محللين,33000,SA0873001564582058506540,+966566020460,نعم,2015-01-30
E01506,حسين الشريف,1629111681,الشؤون القانونية,منسق,6500,SA7499035170614852200504,+966571670293,نعم,2023-01-14
E01507,فهد المالكي,1808548281,المالية,محاسب,33000,SA7569963489345220117627,+966573950329,نعم,2015-02-13
E01508,سلمى العوفي,1115268763,الشؤون القانونية,مستشار,33000,SA3768026829681908127436,+966501505393,لا,2022-08-22
E01509,بدر الأسمري,1477273187,الشؤون القانونية,منسق,41000,SA5611863962140761873314,+966554988507,لا,2019-07-09
E01510,الجوهرة المسعود,1928741857,التخطيط والتطوير,أمين مستودع,11000,SA2701450039946246283337,+966564945291,نعم,2023-01-05
E01511,بشاير المقرن,1669611921,إدارة المعرفة,مسؤول مشتريات,27500,SA3997392752574640077871,+966510462804,نعم,2013-01-12
E01512,خلود الفيفي,1685959254,إدارة المعرفة,منسق,8500,SA3971974051015029217959,+966505453946,لا,2017-03-26
E01513,مازن الهاجري,1404692947,الشؤون القانونية,مهندس,55000,SA1677256336165909775168,+966598462856,لا,2024-09-14
E01514,لين المقرن,152437689,ضبط الجودة,منسق,41000,SA3124560359115303503487,+966535820413,نعم,2015-01-10
E01515,صفاء الجهني,1943325504,الخدمات المساندة,مدير,14500,SA3753063614496065034308,+966558341391,لا,2025-01-31
E01516,حسن اليامي,1679923290,الموارد البشرية,مصمم,41000,SA7839910254805156141127,+966599493071,لا,2010-12-07
E01517,ماجد الحميدي,1855889844,التخطيط والتطوير,منسق,6500,SA2484594638242317727969,+966580320188,نعم,2015-04-02
E01518,يوسف اليامي,1186204713,الخدمات المساندة,مطور برمجيات,41000,SA8372292742312679916853,+966577200048,نعم,2022-07-18
E01519,سلمان الرويلي,1978766408,المالية,مختص,8500,SA4084594456896920233052,+966556868209,لا,2025-10-01
E01520,شهاب العمري,1393231566,التدقيق الداخلي,رئيس قسم,33000,SA8494590423109437388623,+966538878579,لا,2010-10-20
E01521,تالا الغامدي,1141343564,إدارة المعرفة,كبير محللين,18000,SA0566815077532532013195,+966548606356,لا,2019-08-20
E01522,أيمن السلمي,1992385839,المشتريات,رئيس قسم,22000,SA0771573205102134113671,+966547603812,نعم,2016-11-04
E01523,أريج العامري,1829159126,إدارة المعرفة,مطور برمجيات,11000,SA3555597000291108946611,+966582481077,نعم,2013-01-16
E01524,ريم الزهراني,1003745534,الخدمات المساندة,مشرف,55000,SA9027178444117937210792,+966513538371,لا,2025-06-10
E01525,رؤيا الغامدي,1940201674,التشغيل,مختص,22000,SA7369826815359759592146,+966575984243,لا,2013-04-17
E01526,شهاب الزبيدي,1385109168,الاتصال المؤسسي,مطور برمجيات,14500,SA6456467593971422197537,+966571711453,لا,2010-10-06
E01527,هند البقمي,1451121444,الاتصال المؤسسي,مدير عام مساعد,14500,SA8204770491215777805975,+966509290021,لا,2026-02-08
E01528,رنا الشهري,1795405933,تقنية المعلومات,كبير محللين,18000,SA0497591432353774963703,+966551417555,لا,2014-07-15
E01529,ماجد الأسمري,1274443421,تقنية المعلومات,مدير,14500,SA6421647236551315010291,+966580845060,لا,2024-01-16
E01530,أحمد المسعود,1355093210,الشؤون القانونية,موظف خدمة عملاء,6500,SA3605499497023001274371,+966598793087,لا,2019-10-13
E01531,بيان الزبيدي,1755235072,التخطيط والتطوير,مطور برمجيات,33000,SA1480509622754801134234,+966501125812,نعم,2019-06-18
E01532,أحمد الشمري,1918240159,المالية,مختص,14500,SA1518972839166940347485,+966528655911,لا,2016-06-17
E01533,عبير الدوسري,1749604334,إدارة المعرفة,مستشار,27500,SA2696638846474811959815,+966584842809,نعم,2023-07-19
E01534,نورة الزبيدي,1964818742,الشؤون القانونية,مهندس,11000,SA4847276503092751218368,+966590620119,نعم,2010-06-27
E01535,هيفاء الشمري,1888127162,الاتصال المؤسسي,مسؤول مشتريات,41000,SA0622297836092103154708,+966589257627,نعم,2019-09-04
E01536,مازن السلمي,1107367987,إدارة المعرفة,مستشار,27500,SA6242055698234925626233,+966508311702,نعم,2025-02-14
E01537,نادية التميمي,1046360507,ضبط الجودة,محلل,18000,SA7405094684495770102288,+966503404002,لا,2022-02-27
E01538,جاسم الحوساوي,1804343315,الموارد البشرية,موظف خدمة عملاء,27500,SA2041950992298919276761,+966580833884,نعم,2025-02-06
E01539,عمر الرشيدي,1229184146,التخطيط والتطوير,رئيس قسم,14500,SA8005563307734014972310,+966552093493,لا,2014-02-04
E01540,يمنى المقرن,1329589566,ضبط الجودة,أخصائي,41000,SA7342176858932638538019,+966513337811,نعم,2018-03-07
E01541,لطيفة السواط,1075422590,التدقيق الداخلي,مختص,41000,SA6613729735883421442216,+966555248744,نعم,2014-05-04
E01542,بيان الشريف,1306802479,التخطيط والتطوير,كبير محللين,14500,SA7687408754234635736057,+966568946217,لا,2012-01-26
E01543,كريم السلمي,1773350937,الخدمات المساندة,مدقق حسابات,41000,SA7139797569557250974077,+966537504684,لا,2014-12-17
E01544,بشاير القحطاني,1994299558,المالية,كبير محللين,8500,SA5676780624638705370866,+966582180160,نعم,2015-08-27
E01545,أحمد التميمي,1021621709,التخطيط والتطوير,مستشار,18000,SA1934099262034722978368,+966574044613,نعم,2015-12-24
E01546,زينب اليامي,1387824632,الاتصال المؤسسي,موظف خدمة عملاء,11000,SA1157166043997423883295,+966573574900,لا,2012-10-08
E01547,مازن الشمري,1646420859,تقنية المعلومات,مطور برمجيات,8500,SA0929128058022292629948,+966579122795,لا,2014-05-30
E01548,سلمى البلوي,1104170244,تقنية المعلومات,محلل,33000,SA5279800151416528817901,+966522918568,نعم,2025-01-20
E01549,أسماء المقرن,1013396765,الخدمات المساندة,مطور برمجيات,11000,SA5497077037225337395796,+966570211435,نعم,2017-11-20
E01550,ابتسام الرشيدي,1700338757,الموارد البشرية,محاسب,14500,SA0568114586899870308296,+966537224182,لا,2015-03-18
E01551,بيان الشهري,1749748412,تقنية المعلومات,مدير عام مساعد,14500,SA8762375997162755854279,+966538013115,نعم,2013-04-11
E01552,عبدالكريم القرشي,1635832056,الشؤون القانونية,باحث,11000,SA4731567784178711608309,+966584401785,لا,2014-05-29
E01553,رنا الجهني,1062629090,تقنية المعلومات,مدير,27500,SA0561326119302816634127,+966590246696,نعم,2025-11-04
E01554,وائل المقرن,1346373390,تقنية المعلومات,مطور برمجيات,55000,SA4901078872742357767631,+966566992593,لا,2022-03-21
E01555,الجوهرة الحميدي,1944789310,التدقيق الداخلي,مطور برمجيات,11000,SA8736002620702842170015,+966595852352,لا,2017-10-16
E01556,سامي السبيعي,1052370655,التشغيل,باحث,18000,SA4507705514581307825079,+966596741039,لا,2021-11-16
E01557,نجود الأسمري,1148580937,إدارة المعرفة,باحث,8500,SA7416940042123505761162,+966589630747,لا,2016-04-14
E01558,عبدالله الزهراني,1546895184,الاتصال المؤسسي,أمين مستودع,27500,SA6029525569748431932568,+966598846660,لا,2020-09-14
E01559,يوسف المطيري,1074100486,الاتصال المؤسسي,مستشار,33000,SA9767976172679429411719,+966513512669,لا,2013-04-09
E01560,عبدالعزيز الحازمي,1588715993,المالية,أمين مستودع,8500,SA7170714807660361203449,+966504788196,نعم,2012-03-04
E01561,وليد البقمي,1843370485,التخطيط والتطوير,كبير محللين,14500,SA3651280980362420295805,+966516401900,نعم,2023-04-09
E01562,وليد الزياني,1158614998,الموارد البشرية,رئيس قسم,18000,SA0894420980668501868395,+966522741646,لا,2018-03-16
E01563,شهد العامري,1967387737,التخطيط والتطوير,مطور برمجيات,22000,SA4954862235420116167682,+966559775062,نعم,2025-01-14
E01564,أنوار العوفي,1200847976,الاتصال المؤسسي,مدير عام مساعد,22000,SA4296328517481655771286,+966596292595,نعم,2016-04-27
E01565,منصور الشهري,1830896153,الخدمات المساندة,محاسب,18000,SA6647949022847759235199,+966516823899,نعم,2014-05-18
E01566,مشعل المطيري,1866406372,التخطيط والتطوير,محاسب,11000,SA7314117300547438596540,+966509798368,نعم,2013-11-27
E01567,مازن الحازمي,1269592646,التدقيق الداخلي,مستشار,14500,SA3815071637366205690776,+966582380789,لا,2016-03-25
E01568,تالا الدوسري,1825875352,التشغيل,رئيس قسم,55000,SA1805291794753028608861,+966541529711,نعم,2021-11-26
E01569,فيصل السواط,1310953987,تقنية المعلومات,مطور برمجيات,14500,SA4966547524685090783293,+966507078606,نعم,2020-01-18
E01570,مازن الخالدي,1562115855,التدقيق الداخلي,مدير عام مساعد,8500,SA3635433746437670897927,+966519679212,نعم,2019-02-04
E01571,حسن السهلي,1554378230,إدارة المعرفة,محلل,14500,SA1291431339614884970501,+966568632542,نعم,2023-07-23
E01572,خلود الرشيدي,1538041656,الاتصال المؤسسي,كبير محللين,27500,SA8688286525208528889003,+966591569080,نعم,2015-11-07
E01573,عادل الزهراني,1236379416,ضبط الجودة,كبير محللين,6500,SA2299259289600210330193,+966522285063,نعم,2014-10-21
E01574,عبدالكريم الجهني,1705371555,التشغيل,مطور برمجيات,22000,SA6443624782830363151706,+966504092179,نعم,2023-06-21
E01575,سلمان الحميدي,1950810364,الموارد البشرية,مدقق حسابات,55000,SA3327119169880210189027,+966550449290,لا,2017-11-03
E01576,جاسم الهاجري,1242960829,التشغيل,باحث,22000,SA4792235944819918101608,+966577674320,لا,2015-10-10
E01577,هيفاء القرشي,1852767175,المشتريات,مدقق حسابات,33000,SA6262709775216583153267,+966523130792,لا,2021-02-19
E01578,ناصر المالكي,1488848860,الخدمات المساندة,كبير محللين,8500,SA1375474817249029268132,+966532612715,نعم,2014-02-08
E01579,هاني السهلي,1104675903,إدارة المخاطر,منسق,18000,SA0696646232702438554006,+966543009088,لا,2012-10-05
E01580,نادية القحطاني,1293614085,إدارة المخاطر,مطور برمجيات,14500,SA2698626789326062707079,+966593697128,نعم,2021-12-15
E01581,سلطان الحميدي,1848206064,المشتريات,محلل,41000,SA3561529752095985734860,+966541413091,لا,2013-05-28
E01582,كريم السلمي,1421123314,التخطيط والتطوير,محاسب,55000,SA7918678707054592089434,+966513514454,نعم,2023-01-29
E01583,وفاء المرواني,1475358204,الموارد البشرية,مدير عام مساعد,6500,SA2743967604350502644859,+966593104948,نعم,2012-04-08
E01584,بشاير السبيعي,1747922001,إدارة المعرفة,منسق,22000,SA4631384190015439603082,+966552271850,لا,2011-12-19
E01585,صالح الأسمري,1150371795,التشغيل,مدير عام مساعد,6500,SA8325777593222155696113,+966553410884,نعم,2012-09-26
E01586,حمزة الشمري,1543668246,الموارد البشرية,محلل,8500,SA7420170216058598149456,+966508972961,نعم,2025-09-12
E01587,سلمان الخالدي,1805383518,التدقيق الداخلي,محاسب,8500,SA1439777264321556250129,+966545321953,لا,2025-04-13
E01588,ريم الغامدي,1714546312,إدارة المعرفة,رئيس قسم,8500,SA0964781159053828674357,+966599005737,لا,2011-02-26
E01589,صفاء الشمري,1618003105,إدارة المعرفة,مدقق حسابات,8500,SA2861192003118126787120,+966512906647,لا,2019-10-12
E01590,خلود السبيعي,1127904900,الاتصال المؤسسي,مطور برمجيات,27500,SA1845125750841880488968,+966560271705,لا,2023-01-29
E01591,بشاير المطيري,1873662488,التخطيط والتطوير,مطور برمجيات,41000,SA1327033085327395443191,+966539901693,نعم,2012-11-29
E01592,أحمد الثبيتي,1987500749,المشتريات,مسؤول مشتريات,14500,SA2999296285222011058931,+966582561806,نعم,2026-05-10
E01593,غانم البلوي,1264635382,المشتريات,موظف خدمة عملاء,18000,SA1482063860985526406510,+966540455584,لا,2015-06-26
E01594,راشد العامري,1039744279,الاتصال المؤسسي,محلل,8500,SA3850154351508821661440,+966502018853,لا,2021-11-27
E01595,بدر الزياني,1277324099,التشغيل,مدقق حسابات,55000,SA0475931712747897750088,+966518280725,لا,2019-04-24
E01596,سامي العنزي,1002085197,التشغيل,رئيس قسم,22000,SA1112526821943365786423,+966532909170,نعم,2021-06-01
E01597,يوسف القرني,1725478372,تقنية المعلومات,باحث,33000,SA6162079322459934205267,+966504239103,لا,2025-10-30
E01598,أنوار السبيعي,1611002336,التدقيق الداخلي,مشرف,55000,SA8790729215200374804897,+966552033321,نعم,2013-09-16
E01599,باسل الحوساوي,1189817636,المالية,رئيس قسم,33000,SA5431551744999295434850,+966544291888,لا,2012-08-18
E01600,حسن الحازمي,1422025963,إدارة المخاطر,مدير,6500,SA6095902802031818057729,+966542816955,لا,2013-09-27
E01601,هند العنزي,1873707697,المالية,رئيس قسم,27500,SA2340602508777537565891,+966591551915,لا,2021-05-01
E01602,فاطمة العنزي,1092212107,الخدمات المساندة,أخصائي,6500,SA3641146336276395974068,+966526841615,لا,2018-05-20
E01603,دلال السديري,1990653436,الشؤون القانونية,مشرف,41000,SA5523524614725246231768,+966576063306,لا,2014-12-06
E01604,كريم الجهني,1986556171,الموارد البشرية,أخصائي,14500,SA7017574668724264852862,+966575445773,لا,2021-12-11
E01605,إبراهيم المالكي,1161954456,التشغيل,باحث,41000,SA8437978957457183202554,+966537755366,نعم,2016-12-16
E01606,ابتسام السديري,1803952124,المشتريات,مدير,22000,SA7889808275841019921893,+966500604960,نعم,2020-12-15
E01607,جواهر العتيبي,1568268435,الخدمات المساندة,مصمم,11000,SA6864028231891538123907,+966529578230,نعم,2026-03-23
E01608,بشاير البلوي,1368186977,المالية,أخصائي,11000,SA6898115395465994346357,+966597227917,نعم,2015-11-07
E01609,فهد الدوسري,1908837915,ضبط الجودة,مصمم,6500,SA5174679971682699883608,+966510128774,لا,2024-10-16
E01610,عادل الحوساوي,1483647515,ضبط الجودة,محاسب,6500,SA9244106243030364467748,+966526842139,لا,2010-03-29
E01611,صفاء المرواني,1292164116,إدارة المعرفة,مطور برمجيات,55000,SA3858943073982395032915,+966567040187,لا,2011-09-04
E01612,مروة الرويلي,1594166850,التدقيق الداخلي,موظف خدمة عملاء,18000,SA2000757582943207201644,+966591016368,لا,2011-06-20
E01613,غدير العنزي,1798750384,ضبط الجودة,أمين مستودع,41000,SA0994459665545783820449,+966556678665,نعم,2012-08-09
E01614,أسماء الرويلي,1366438420,الاتصال المؤسسي,موظف خدمة عملاء,55000,SA1883955439108044011051,+966532720065,نعم,2022-07-05
E01615,حمد الحازمي,1171163023,التشغيل,منسق,27500,SA5587038098392993114642,+966534736172,نعم,2015-07-18
E01616,سارة الغامدي,1417293790,تقنية المعلومات,مهندس,6500,SA1166476834630266728923,+966558224068,نعم,2017-12-29
E01617,العنود الشهراني,1075952638,إدارة المخاطر,مسؤول مشتريات,8500,SA5332363095382644325448,+966505167463,نعم,2017-04-06
E01618,جواهر العمري,1526351703,المشتريات,مسؤول مشتريات,14500,SA3515941215636314792771,+966578351437,نعم,2010-10-11
E01619,محمد الغامدي,1783694696,الشؤون القانونية,باحث,22000,SA6199580751520521177241,+966579365442,لا,2018-09-14
E01620,أيمن الخالدي,1752822096,الشؤون القانونية,مطور برمجيات,33000,SA1560352114750390004609,+966524044490,نعم,2017-05-01
E01621,سعد الدوسري,1939288351,التخطيط والتطوير,رئيس قسم,18000,SA2555263788936748969056,+966545741045,لا,2019-09-30
E01622,كريم التميمي,1510805466,إدارة المعرفة,مطور برمجيات,41000,SA4565245897312137424893,+966573265498,نعم,2013-11-16
E01623,سحر العنزي,1323310365,المشتريات,مختص,8500,SA0491257310221189815918,+966556036591,نعم,2017-11-24
E01624,مياء العسيري,1727616631,الاتصال المؤسسي,مصمم,27500,SA9805277379268378547086,+966533227013,نعم,2025-07-29
E01625,ريم الحربي,1880931504,التخطيط والتطوير,مدقق حسابات,55000,SA8822152162480973854205,+966543181907,نعم,2017-07-10
E01626,جاسم السديري,1442193452,الخدمات المساندة,أخصائي,11000,SA3001946553052467163565,+966541504582,لا,2024-03-12
E01627,حمزة الزياني,1026588820,التدقيق الداخلي,أخصائي,18000,SA8010345945327991920744,+966557139706,نعم,2024-07-15
E01628,سلطان العنزي,1417456033,الاتصال المؤسسي,مطور برمجيات,41000,SA1865514718420415733571,+966521162477,نعم,2015-05-04
E01629,ماجد القرني,1429119116,التخطيط والتطوير,مستشار,22000,SA9733023568929584139965,+966557787811,لا,2018-10-05
E01630,مها العرجاني,1699399364,التشغيل,مطور برمجيات,8500,SA9206333317158618548049,+966525623464,نعم,2013-01-25
E01631,تركي الصاعدي,1250981030,الخدمات المساندة,رئيس قسم,41000,SA2172339234551498941313,+966551062028,نعم,2012-05-01
E01632,بشاير الرشيدي,1429558461,إدارة المعرفة,مطور برمجيات,11000,SA5167182664162211625815,+966597746756,نعم,2010-08-11
E01633,أسماء العسيري,1064065384,تقنية المعلومات,أخصائي,33000,SA5723848035391514530940,+966527098340,نعم,2021-07-24
E01634,عبدالعزيز الشريف,1254006941,التدقيق الداخلي,منسق,14500,SA2871403884510320597331,+966528106969,لا,2014-03-30
E01635,صقر المرواني,1889349187,التشغيل,مشرف,8500,SA8067097595679467516510,+966553920235,لا,2022-08-15
E01636,رامي السلمي,1658904196,إدارة المعرفة,محلل,27500,SA6342609179502460811680,+966505245639,نعم,2014-07-22
E01637,مازن الحربي,1247721358,التخطيط والتطوير,موظف خدمة عملاء,18000,SA4963116430862716319426,+966591754569,لا,2010-01-21
E01638,شيماء المالكي,1791745456,التشغيل,أخصائي,33000,SA1960968587505275254535,+966589611324,نعم,2026-03-15
E01639,عبدالكريم العمري,1997795289,ضبط الجودة,أمين مستودع,18000,SA8930252791093413983834,,نعم,2018-02-01
E01640,معاذ القحطاني,1420796631,التشغيل,مطور برمجيات,41000,SA4121008342225294144072,+966583301252,لا,2023-01-29
E01641,الجوهرة البلوي,1445845967,ضبط الجودة,أمين مستودع,41000,SA4398123712823086433733,+966537497412,لا,2019-12-28
E01642,معاذ الجهني,100148701,الاتصال المؤسسي,مختص,55000,SA5825682563604449855236,+966561716783,لا,2010-07-07
E01643,كريم العسيري,1969297827,ضبط الجودة,مسؤول مشتريات,14500,SA5565742022379881271636,+966537588328,نعم,2011-02-26
E01644,ميساء العمري,1208776243,الخدمات المساندة,مدير عام مساعد,22000,SA1815470848071135664948,+966558502340,نعم,2012-05-26
E01645,خلود الجهني,1799450067,الاتصال المؤسسي,مسؤول مشتريات,6500,SA0725478877854519658048,+966557735347,نعم,2013-12-29
E01646,هبة الغامدي,1224569457,التشغيل,مسؤول مشتريات,41000,SA3990478867559527146640,+966546901430,نعم,2022-09-04
E01647,أريج الجهني,1156479113,التدقيق الداخلي,رئيس قسم,6500,SA2211961119796178469185,+966524702448,نعم,2013-02-10
E01648,غدير السهلي,1798333538,الاتصال المؤسسي,باحث,18000,SA0642410118864505359362,+966560239935,لا,2013-08-02
E01649,وفاء الفيفي,1934451095,الاتصال المؤسسي,مستشار,27500,SA0615586354664199251377,+966535447790,لا,2024-06-06
E01650,هبة الزبيدي,1074552975,الاتصال المؤسسي,مدير,6500,SA2111546706649683954194,+966550209203,نعم,2011-12-03
E01651,عبدالكريم الدوسري,1034542496,المشتريات,مستشار,6500,SA9225137503727458308916,+966578845226,لا,2023-12-30
E01652,رند الرشيدي,1565149125,ضبط الجودة,مستشار,55000,SA0393597576273335607430,+966589920797,لا,2024-10-28
E01653,فهد السواط,1113270530,إدارة المخاطر,مطور برمجيات,27500,SA4844008857308943753561,+966526762568,لا,2022-09-30
E01654,ناصر الحربي,1333715280,تقنية المعلومات,مهندس,55000,SA1769373579018243421363,+966587203435,نعم,2016-08-02
E01655,هيفاء الغامدي,1550184467,الشؤون القانونية,مدقق حسابات,14500,SA5124794549781595452957,+966590674666,نعم,2011-01-04
E01656,شهاب العامري,1106548587,الخدمات المساندة,مدير عام مساعد,27500,SA8739912152944642203593,+966507348064,لا,2017-03-31
E01657,إيمان السلمي,1121712796,المالية,منسق,55000,SA4872882017160849964912,+966554314582,لا,2025-04-24
E01658,مياء البقمي,1230066423,إدارة المعرفة,مشرف,22000,SA7599589408669455963152,+966572205753,لا,2018-08-14
E01659,تالا الزهراني,1934903574,التخطيط والتطوير,رئيس قسم,27500,SA0939740105427915965598,,لا,2024-12-02
E01660,راشد المالكي,1749019491,التخطيط والتطوير,كبير محللين,8500,SA4184451653831102581678,+966527043379,نعم,2021-09-06
E01661,صالح السبيعي,1468823073,إدارة المخاطر,منسق,14500,SA4168850117359183954038,+966537109128,لا,2025-02-13
E01662,وليد الصاعدي,1265491074,التخطيط والتطوير,مستشار,55000,SA4212312338875771574897,+966519841549,لا,2015-01-16
E01663,أمل السديري,1198800185,الاتصال المؤسسي,مدير,27500,SA7048592468932581377480,+966568354712,لا,2013-03-03
E01664,رؤيا المقرن,1141420008,التشغيل,محلل,33000,SA5603566210416887219819,+966591661864,لا,2012-09-23
E01665,كريم القرني,1135513776,التشغيل,مدقق حسابات,8500,SA6117446008301933122482,+966515879908,لا,2017-12-10
E01666,عادل الرويلي,1700151424,التخطيط والتطوير,أخصائي,18000,SA2630268005914073156937,+966518498654,نعم,2012-07-30
E01667,ريم العمري,1589520285,تقنية المعلومات,مهندس,41000,SA6445824997511852237285,+966571028830,لا,2013-09-23
E01668,ديمة الحربي,1186040265,ضبط الجودة,مهندس,22000,SA6301285236096982922799,+966576988612,لا,2018-03-21
E01669,هند الدوسري,1339206649,التشغيل,مصمم,6500,SA6531955715814849332430,+966566459252,لا,2019-04-01
E01670,العنود السهلي,1074353499,التدقيق الداخلي,مشرف,55000,SA2809073825282562107573,+966592440938,لا,2025-11-21
E01671,رند السبيعي,1442203988,التشغيل,مهندس,8500,SA8283469321349388089930,+966541505809,لا,2020-04-21
E01672,ميساء الزياني,1029988621,الشؤون القانونية,محاسب,14500,SA5423564603007456650955,+966594792091,نعم,2015-12-28
E01673,أنوار اليامي,1803500360,المشتريات,موظف خدمة عملاء,33000,SA1044779617576735338405,+966578998381,لا,2013-07-13
E01674,سامي الربيعي,1223440957,الخدمات المساندة,رئيس قسم,55000,SA1949200789696333176175,+966537062292,لا,2012-09-10
E01675,سارة الغامدي,1979608336,الشؤون القانونية,مسؤول مشتريات,27500,SA3434132986517948392343,+966514573068,لا,2017-05-18
E01676,لين الربيعي,1745957736,المالية,مستشار,11000,SA6429846964220107066357,+966529043267,لا,2013-03-02
E01677,رند العمري,1512575687,المشتريات,مهندس,6500,SA8094643735606548345480,+966517803268,نعم,2016-06-11
E01678,هند الرشيدي,1997956022,تقنية المعلومات,موظف خدمة عملاء,41000,SA1762459782516685177437,+966532093211,نعم,2018-04-13
E01679,عبدالعزيز الزهراني,1958062430,الاتصال المؤسسي,منسق,11000,SA8358843656629103272363,+966593711025,لا,2013-01-21
E01680,حسن المقرن,1604991370,الموارد البشرية,محاسب,6500,SA7181876473044450204813,+966566823448,لا,2022-01-01
E01681,مشعل الهاجري,1149570002,المشتريات,باحث,11000,SA4189127485821916850392,+966562582285,لا,2011-10-11
E01682,أسماء السبيعي,1491274047,المشتريات,مدير عام مساعد,41000,SA6718948159244451823636,+966518700225,نعم,2013-06-11
E01683,الجوهرة الشريف,1552819474,تقنية المعلومات,أمين مستودع,33000,SA1179012766219289740470,+966503651230,نعم,2014-12-03
E01684,هبة الربيعي,1161508021,الموارد البشرية,مسؤول مشتريات,11000,SA7118051787203128552711,+966508954073,نعم,2012-02-10
E01685,عمر الخالدي,1092389798,ضبط الجودة,أمين مستودع,33000,SA5067981207308993567347,+966523175283,نعم,2026-04-18
E01686,شهاب الزهراني,1826590703,ضبط الجودة,باحث,27500,SA2388151492523159442573,+966577009416,لا,2021-04-03
E01687,هند المقرن,1439817238,ضبط الجودة,مختص,6500,SA0747887370454192450724,+966584852977,نعم,2018-09-11
E01688,مازن السديري,1293419949,التدقيق الداخلي,مدقق حسابات,27500,SA3538350934368848834360,+966571348044,لا,2017-04-27
E01689,سعد المالكي,1757215056,إدارة المعرفة,أمين مستودع,6500,SA2742218328990393869479,+966582782041,لا,2014-01-23
E01690,حمد الصاعدي,1824160020,إدارة المخاطر,محلل,22000,SA4789025394516493678970,+966548268637,نعم,2019-05-01
E01691,فهد الحربي,1058173905,التخطيط والتطوير,مدير عام مساعد,27500,SA1858116544584388744705,+966501174006,لا,2026-02-21
E01692,عبدالعزيز القرشي,1967254358,الخدمات المساندة,محلل,22000,SA7196723068241778221170,+966546211504,لا,2022-11-19
E01693,مساعد الغامدي,1531274262,الشؤون القانونية,مصمم,41000,SA1598460458394530032014,+966576121916,نعم,2016-04-07
E01694,ابتسام البلوي,1831150683,المشتريات,محاسب,14500,SA8192767883155748827206,+966580784784,لا,2023-07-06
E01695,رند العرجاني,1937217659,تقنية المعلومات,مسؤول مشتريات,33000,SA3520669463555926374585,+966554596274,لا,2011-10-10
E01696,أيمن السديري,1371957158,ضبط الجودة,مستشار,11000,SA5534664654580811335257,+966559173041,لا,2011-07-14
E01697,صفاء العوفي,1700924036,التدقيق الداخلي,موظف خدمة عملاء,22000,SA8759239155745779606040,+966539451628,نعم,2012-11-10
E01698,إيمان المسعود,1081359802,تقنية المعلومات,مسؤول مشتريات,41000,SA6996766698345990549051,+966568242911,لا,2010-06-02
E01699,رؤيا الثبيتي,1841568551,إدارة المعرفة,مصمم,18000,SA8003455769537894400485,+966534982283,لا,2012-10-08
E01700,بشاير السديري,1854331848,التدقيق الداخلي,موظف خدمة عملاء,33000,SA2429847387908227977461,+966589225490,لا,2012-02-25
E01701,صفاء المقرن,1559042682,المالية,مهندس,11000,SA7435537273624171942146,+966584148701,لا,2011-02-20
E01702,عبدالعزيز الهاجري,1687955540,ضبط الجودة,محاسب,22000,SA6463190390828365847118,+966566191371,نعم,2011-03-30
E01703,نورة السواط,1101563920,الخدمات المساندة,مهندس,8500,SA3351754111361737251060,+966529785973,نعم,2017-03-06
E01704,هبة الشهراني,1100563392,ضبط الجودة,مطور برمجيات,27500,SA1662927309381835919434,+966594691831,نعم,2016-09-22
E01705,صفاء البقمي,1979582820,المشتريات,مدقق حسابات,8500,SA1860078853749249864730,+966531060328,نعم,2019-01-04
E01706,نواف الزهراني,1234559498,المشتريات,محلل,11000,SA7801072827914688076911,+966522223665,لا,2023-12-03
E01707,هيفاء الخالدي,1027442654,التخطيط والتطوير,مختص,6500,SA2391922276657028631471,+966514561546,نعم,2023-01-01
E01708,شهد السديري,1435975451,التشغيل,موظف خدمة عملاء,27500,SA2544133039980116811332,+966525381613,لا,2021-06-30
E01709,عبدالرحمن الربيعي,1410202236,التخطيط والتطوير,مهندس,41000,SA0425526103681441128293,+966536777642,نعم,2011-07-11
E01710,هاني البلوي,1350922611,التشغيل,كبير محللين,8500,SA1407039014717848537299,+966522486319,نعم,2013-06-09
E01711,إيمان السديري,1868122860,الشؤون القانونية,مدير,55000,SA5337509145437212406625,+966578761156,لا,2017-10-11
E01712,سحر الشمري,1758804098,إدارة المعرفة,باحث,11000,SA2956697306033519723618,+966508229322,لا,2017-08-08
E01713,هبة الزهراني,1408811071,الموارد البشرية,مطور برمجيات,27500,SA7460413372683087165201,+966588698836,نعم,2012-05-26
E01714,نايف الدوسري,1087048441,إدارة المعرفة,مطور برمجيات,27500,SA0726583031403323348045,+966568071375,لا,2018-04-11
E01715,وفاء الحوساوي,1103200380,التشغيل,مدير عام مساعد,18000,SA0846965830991442475422,+966599921043,لا,2010-12-26
E01716,سمر الرشيدي,1238441149,التدقيق الداخلي,رئيس قسم,22000,SA2577099911066945109792,+966524374151,لا,2010-08-07
E01717,أحمد الدوسري,1232866002,التخطيط والتطوير,مصمم,8500,SA4585078404062164798087,+966516486365,نعم,2014-11-24
E01718,مياء المطيري,1102798699,المالية,أمين مستودع,33000,SA0443681592311074337557,+966536301065,نعم,2018-10-04
E01719,حسين الغامدي,1073253948,الشؤون القانونية,مهندس,14500,SA6473766902018703148187,+966540830693,نعم,2014-10-05
E01720,شهد العتيبي,1763235403,ضبط الجودة,مدير,11000,SA7423011009968346180582,+966567350554,لا,2013-05-12
E01721,عبدالعزيز الخالدي,1955822752,التشغيل,موظف خدمة عملاء,18000,SA7853002356522551278679,+966505546418,نعم,2015-01-15
E01722,غانم الحوساوي,1270795519,الموارد البشرية,أخصائي,8500,SA5827699694336748987686,+966567756359,نعم,2024-10-27
E01723,صالح الشريف,1894632593,الشؤون القانونية,مطور برمجيات,18000,SA2544874313845197144920,+966509825201,لا,2017-05-30
E01724,إبراهيم السهلي,1629915297,التخطيط والتطوير,مصمم,33000,SA4963813578272673722571,+966515759619,نعم,2026-05-08
E01725,فهد العامري,1728966100,إدارة المعرفة,أخصائي,22000,SA3623199824349258564042,+966581789611,نعم,2023-09-14
E01726,منصور المرواني,1326602016,تقنية المعلومات,محلل,8500,SA0567153503167305177196,+966528474430,نعم,2022-01-09
E01727,أيمن الرشيدي,1243629837,الشؤون القانونية,رئيس قسم,27500,SA1517706270624305418085,+966558162392,نعم,2026-02-10
E01728,رند السلمي,1475629315,التدقيق الداخلي,مهندس,22000,SA7894403713488531254702,+966594012388,لا,2023-07-27
E01729,عبدالرحمن المرواني,1795397668,التشغيل,محلل,27500,SA2095764873332211947151,+966539259704,لا,2013-10-27
E01730,رؤيا العتيبي,1272341676,التخطيط والتطوير,مختص,33000,SA9102936216675323714217,+966589180260,نعم,2014-02-02
E01731,ديمة التميمي,1464412525,إدارة المخاطر,مهندس,55000,SA9369952289182192698927,+966506493007,نعم,2017-02-05
E01732,ناصر القحطاني,1065111518,التخطيط والتطوير,مطور برمجيات,22000,SA4397858155947152851921,+966516642191,لا,2010-08-20
E01733,منى القحطاني,1542796436,الاتصال المؤسسي,أخصائي,22000,SA9854664350916051013522,+966568334328,نعم,2016-02-25
E01734,فيصل الربيعي,1448059780,إدارة المعرفة,باحث,55000,SA9714129525616890849031,+966553086211,لا,2011-04-22
E01735,لؤي الحوساوي,1766334237,الموارد البشرية,مدير,11000,SA6710785154924011198438,+966532230969,نعم,2020-08-17
E01736,نجود الصاعدي,1348441062,التخطيط والتطوير,رئيس قسم,11000,SA2750048387443945322515,+966598903191,لا,2018-03-21
E01737,يمنى الرويلي,1630074506,المشتريات,مهندس,33000,SA4061432414421077746187,,لا,2017-09-30
E01738,تركي الرشيدي,1360705824,الموارد البشرية,رئيس قسم,18000,SA9071605913318186098017,+966581876561,نعم,2011-06-22
E01739,بدر البقمي,1257240299,إدارة المخاطر,كبير محللين,8500,SA3782149804865241065855,+966586889770,نعم,2015-05-23
E01740,خلود الشريف,1705790960,الخدمات المساندة,رئيس قسم,41000,SA3651878723142265148880,+966513125935,لا,2024-10-08
E01741,حنان السبيعي,1338557273,ضبط الجودة,مهندس,33000,SA9252638036890737597950,+966542537775,لا,2010-11-09
E01742,عبدالله البلوي,1882612375,التدقيق الداخلي,مدير,6500,SA5282659033439282729912,+966513645924,نعم,2011-08-05
E01743,نجلاء الزبيدي,1839276183,إدارة المعرفة,منسق,55000,SA5372723627738281076965,+966505349994,نعم,2025-06-30
E01744,رنا السهلي,1353459876,إدارة المخاطر,مدير,6500,SA4935029969962133454105,+966515935409,نعم,2014-08-10
E01745,بيان البلوي,1801057264,الشؤون القانونية,رئيس قسم,33000,SA5593329173880087736409,+966583196101,لا,2021-09-13
E01746,عبير البقمي,1099179200,تقنية المعلومات,مصمم,22000,SA5402904013319610426636,+966515508024,نعم,2024-05-21
E01747,صقر المسعود,1498546835,التدقيق الداخلي,مدقق حسابات,33000,SA2175922149961510984919,+966536367293,لا,2022-02-01
E01748,محمد المالكي,1612437028,الشؤون القانونية,مشرف,22000,SA2186608184088731584214,+966529318517,لا,2012-08-25
E01749,نورة الربيعي,1262011347,التشغيل,محلل,8500,SA0235371686175456940549,+966532779191,لا,2020-10-23
E01750,عبدالوهاب القحطاني,1365647393,إدارة المعرفة,مستشار,33000,SA7086000955010461903348,+966518478946,نعم,2012-12-10
E01751,سلطان العمري,1956338766,التدقيق الداخلي,مستشار,33000,SA8373574772199458774740,+966562070699,نعم,2023-12-10
E01752,الجوهرة الهاجري,1172232645,إدارة المخاطر,مشرف,27500,SA3718544152215390821186,+966556967615,نعم,2026-02-22
E01753,سعد الزهراني,1880151590,المشتريات,كبير محللين,22000,SA5350148102645988632713,+966546836194,لا,2012-09-23
E01754,أنس الحربي,1453676445,الموارد البشرية,مطور برمجيات,11000,SA3545392258406187175751,+966510681769,نعم,2015-04-06
E01755,نجلاء العامري,1215850148,إدارة المخاطر,موظف خدمة عملاء,8500,SA9189496289904733722683,+966548875195,لا,2022-05-03
E01756,الجوهرة القرشي,1482920046,الاتصال المؤسسي,أمين مستودع,33000,SA8415383694606794593317,+966533675242,نعم,2012-12-21
E01757,مياء الرشيدي,1991933837,الشؤون القانونية,مسؤول مشتريات,27500,SA6817195706219811306884,+966533354349,لا,2021-03-11
E01758,عبدالوهاب الجهني,1733424772,تقنية المعلومات,باحث,8500,SA1515295946427778161466,+966547149022,لا,2011-05-24
E01759,صقر الحازمي,1022772873,التشغيل,مطور برمجيات,14500,SA0987862183267732256836,+966533509604,نعم,2024-02-10
E01760,ريم العرجاني,1072674524,المشتريات,محلل,41000,SA9295413447894295846435,+966555332070,نعم,2012-12-06
E01761,رانيا الحوساوي,1064354242,الخدمات المساندة,محاسب,27500,SA2520911995022645243771,+966592746389,لا,2020-11-19
E01762,رهف الحوساوي,1120575277,إدارة المعرفة,مدير عام مساعد,27500,SA6827692802622727000742,+966563572964,لا,2015-02-07
E01763,فاطمة الربيعي,1926133842,ضبط الجودة,منسق,6500,SA9178380144912501334239,,نعم,2024-01-31
E01764,رامي الصاعدي,1538041409,إدارة المعرفة,مدير عام مساعد,41000,SA5074353524326944119095,+966528400765,لا,2024-11-13
E01765,ريم العامري,1952607883,الشؤون القانونية,مدقق حسابات,11000,SA1000523185528650500133,+966567762502,لا,2023-04-30
E01766,هبة الفيفي,1002060885,الاتصال المؤسسي,مصمم,14500,SA5995683980794745384222,+966531911438,لا,2017-08-09
E01767,أحمد الحميدي,1380024941,الموارد البشرية,أمين مستودع,6500,SA3977227698798760730275,+966545935937,لا,2025-09-28
E01768,سمر القرشي,1922552466,إدارة المخاطر,رئيس قسم,41000,SA6328355735431792783701,+966558353976,نعم,2024-12-25
E01769,إبراهيم الربيعي,1226902870,إدارة المعرفة,أمين مستودع,8500,SA6558174467751620310431,+966522383628,لا,2012-06-06
E01770,شيماء القرشي,1193341391,الخدمات المساندة,محاسب,11000,SA8011270285534088364243,+966590062945,لا,2022-03-20
E01771,بشاير الرشيدي,1611770817,المشتريات,أمين مستودع,41000,SA4952538162813204640802,+966507400592,نعم,2020-03-22
E01772,مشعل الغامدي,1096890627,المالية,مصمم,6500,SA7266374353211667414855,+966521122911,لا,2023-11-07
E01773,فيصل العمري,1469757700,ضبط الجودة,أمين مستودع,14500,SA9303435614707106668061,+966555268281,نعم,2016-06-18
E01774,صالح الشمري,1562969871,تقنية المعلومات,رئيس قسم,55000,SA1407628925862783933780,+966540928424,لا,2019-05-20
E01775,مروة الشريف,1470250729,المالية,أمين مستودع,27500,SA5299085352689066302894,+966523714157,نعم,2019-12-29
E01776,العنود الفيفي,1197459959,الخدمات المساندة,مختص,55000,SA6087109483912475966845,+966522112760,لا,2024-07-22
E01777,تركي المرواني,1293895411,الخدمات المساندة,أخصائي,27500,SA2145146088631313627908,+966516431500,لا,2015-06-24
E01778,الجوهرة المرواني,1984469997,التدقيق الداخلي,باحث,33000,SA2420695267336638611647,+966559026997,لا,2012-11-07
E01779,حمد الشهراني,1895326286,المالية,مختص,14500,SA1872185615733508146498,+966508073520,نعم,2016-09-17
E01780,صالح السهلي,1327835151,المشتريات,كبير محللين,14500,SA3107667554103659202065,+966582324902,نعم,2011-10-31
E01781,سلمان الهاجري,1928606589,الموارد البشرية,منسق,18000,SA2952014202586818505084,+966564231006,لا,2023-10-03
E01782,مشعل الثبيتي,1829827615,التخطيط والتطوير,مختص,27500,SA5794326087080669067676,+966548903435,نعم,2023-04-24
E01783,الجوهرة العامري,1485828154,التشغيل,مسؤول مشتريات,18000,SA9030643796930660858191,+966511892213,نعم,2020-12-23
E01784,زينب السهلي,1323660116,ضبط الجودة,باحث,14500,SA5571285207212306903953,+966576589855,نعم,2020-05-02
E01785,عبدالله السواط,1139062564,الموارد البشرية,مصمم,33000,SA5542377766017418474724,+966551024209,لا,2025-12-08
E01786,كريم العنزي,1097344616,التشغيل,مصمم,55000,SA1893261609418485343057,+966521952241,لا,2018-06-15
E01787,رند العامري,1739044566,المشتريات,مسؤول مشتريات,27500,SA5745613907367548974647,+966542143355,لا,2013-04-24
E01788,محمد العنزي,1428339343,إدارة المخاطر,مسؤول مشتريات,8500,SA4131637091262162040396,+966557811893,نعم,2023-03-04
E01789,مساعد الحربي,1836211332,الخدمات المساندة,كبير محللين,22000,SA3259107965805440588507,+966529976947,نعم,2026-03-27
E01790,ديمة العنزي,1288562992,المشتريات,كبير محللين,18000,SA1160768410278311161614,+966545322621,نعم,2025-05-29
E01791,رامي الزهراني,1369315922,الخدمات المساندة,رئيس قسم,14500,SA0506609526883808271343,+966561217316,نعم,2011-09-09
E01792,نادية اليامي,1909109892,ضبط الجودة,أخصائي,8500,SA2906119097957350209219,+966560789463,لا,2011-03-10
E01793,الجوهرة الشهري,1330693407,المالية,موظف خدمة عملاء,41000,SA4967470382086508229676,+966529985444,لا,2010-10-24
E01794,محمد العامري,1433534672,تقنية المعلومات,مختص,22000,SA1575865692855471899430,+966531094251,نعم,2018-08-29
E01795,ناصر السلمي,1585535147,التدقيق الداخلي,موظف خدمة عملاء,55000,SA0322889275346921878073,+966572213294,نعم,2016-05-06
E01796,زياد الجهني,1897608871,إدارة المعرفة,مدقق حسابات,8500,SA0797698654433817854807,+966538230029,نعم,2025-12-13
E01797,صقر الرويلي,1344610348,التشغيل,مسؤول مشتريات,33000,SA1523564836727582330534,+966534545237,لا,2022-01-05
E01798,شهد الصاعدي,1526222623,الموارد البشرية,رئيس قسم,14500,SA4495453947468069663478,+966579059778,نعم,2023-12-18
E01799,زياد الصاعدي,1499534095,إدارة المخاطر,كبير محللين,11000,SA6445882228430415581006,+966589248640,نعم,2014-05-25
E01800,مشعل الأسمري,1246043739,الموارد البشرية,مستشار,8500,SA0587335985412265330167,+966547655754,نعم,2013-02-17
E01801,مازن الدوسري,1821845012,التخطيط والتطوير,مسؤول مشتريات,33000,SA9721835764931889274861,+966586332212,نعم,2019-03-14
E01802,عبدالله العنزي,1515189270,الخدمات المساندة,منسق,18000,SA6748917035215288155142,+966590227433,نعم,2010-11-24
E01803,مساعد الزبيدي,1734575184,الموارد البشرية,كبير محللين,18000,SA9085487308495607032496,+966505807003,لا,2018-11-15
E01804,نورة الرويلي,1726744202,التخطيط والتطوير,مدقق حسابات,55000,SA8598863928932702368345,+966599349831,نعم,2024-08-05
E01805,طلال البلوي,1341329025,ضبط الجودة,مختص,22000,SA2011979102267674346397,+966591803670,لا,2021-10-10
E01806,معاذ الشمري,1507191805,المشتريات,أمين مستودع,33000,SA5269892703260886803544,+966556151710,نعم,2018-05-09
E01807,ماجد الجهني,1325357448,إدارة المعرفة,مستشار,6500,SA7530205635545968160294,+966513801837,لا,2020-01-14
E01808,طلال العتيبي,1752893964,المالية,محلل,22000,,+966521000612,لا,2013-03-25
E01809,مروة الزبيدي,1486514167,التخطيط والتطوير,مسؤول مشتريات,27500,SA1908482513833068613820,+966557442347,لا,2015-11-07
E01810,دلال الخالدي,1401210065,الخدمات المساندة,مدير,8500,SA1910677333809038483670,+966591672594,نعم,2022-02-27
E01811,حسن المالكي,1535702581,التدقيق الداخلي,مستشار,22000,SA8586663988299141831413,+966579775696,لا,2024-10-30
E01812,سعد المرواني,1771428776,المالية,أخصائي,11000,SA1780351022020348960518,+966574943937,نعم,2015-09-03
E01813,حنان الحربي,1145399653,الموارد البشرية,كبير محللين,6500,SA5071978966757533126108,+966573186211,نعم,2011-08-06
E01814,ديمة الثبيتي,1545921635,التخطيط والتطوير,مسؤول مشتريات,11000,SA8052917020762815540157,+966562360628,لا,2018-03-17
E01815,طلال التميمي,1230271437,ضبط الجودة,محلل,6500,SA5389488291114974993852,+966548731000,لا,2015-03-31
E01816,عبدالله الشهراني,1331600534,التشغيل,رئيس قسم,41000,SA4943564769917577740812,+966546768688,نعم,2012-02-25
E01817,معاذ السلمي,1564997318,التشغيل,رئيس قسم,27500,SA4271314331894766974661,+966500308755,نعم,2011-03-19
E01818,حسين الشهري,1694142884,ضبط الجودة,محلل,41000,SA3534443468124221362725,+966526024298,نعم,2015-11-10
E01819,أنس الزياني,1602174748,الاتصال المؤسسي,مسؤول مشتريات,14500,SA0479650154352035267194,+966539718230,لا,2013-12-12
E01820,مساعد المطيري,1017291251,إدارة المخاطر,مسؤول مشتريات,18000,SA5524854920782444229359,+966565193476,نعم,2011-09-05
E01821,هبة السبيعي,1048782989,الموارد البشرية,رئيس قسم,11000,SA2516899728724284710078,+966573974070,نعم,2015-01-06
E01822,زياد العتيبي,1610626424,تقنية المعلومات,محلل,33000,SA1898091356028422689243,+966540666184,لا,2016-09-16
E01823,صفاء السبيعي,1875278465,التشغيل,أخصائي,18000,SA4541895453274129013699,+966533440683,نعم,2010-03-05
E01824,هاني الثبيتي,1286450786,التخطيط والتطوير,منسق,33000,SA9505127328521431178971,+966556186601,نعم,2026-03-10
E01825,بدر العامري,1891670026,إدارة المعرفة,مختص,41000,SA2747251244965798008549,+966528292887,لا,2010-01-17
E01826,مها المطيري,1051655908,المشتريات,مدير عام مساعد,41000,SA5157476426242757972051,+966570263278,نعم,2018-11-04
E01827,طلال السديري,1989233398,التخطيط والتطوير,مدقق حسابات,22000,SA1224624756496531136360,+966524979789,لا,2022-12-20
E01828,أحمد السلمي,1231074186,المالية,أخصائي,55000,SA3724450943884075585336,+966561889034,نعم,2016-02-29
E01829,نواف الحوساوي,1254183401,التدقيق الداخلي,مصمم,33000,SA5762101031528785737489,+966574459175,لا,2015-12-05
E01830,مروة اليامي,1527351199,المشتريات,مطور برمجيات,14500,SA3402220936302440931767,+966591334405,نعم,2013-04-26
E01831,سعد الخالدي,1885122414,إدارة المخاطر,محلل,6500,SA2558129271191162887494,+966599546585,نعم,2021-01-03
E01832,مازن السديري,1145759286,الشؤون القانونية,مدير,27500,SA1085473679406487645895,+966561388903,نعم,2014-05-21
E01833,إيمان الحوساوي,1935442192,الخدمات المساندة,مصمم,11000,SA9228940691502119427745,+966517766497,لا,2010-03-20
E01834,فهد الصاعدي,1802054401,الشؤون القانونية,منسق,55000,SA9146170423236017629763,+966577968249,نعم,2021-12-12
E01835,نجود العتيبي,1317218939,المالية,محاسب,11000,SA3639553431491636053112,+966556198900,لا,2020-11-21
E01836,حمزة الزهراني,1907707721,التخطيط والتطوير,مستشار,22000,SA9145923028412326525342,+966521560784,نعم,2015-03-23
E01837,لمى العرجاني,1353502212,التشغيل,محاسب,27500,SA2315517243859321625386,+966548065078,لا,2025-06-10
E01838,رهف الصاعدي,1481707303,الموارد البشرية,رئيس قسم,41000,SA9779215277672994591081,+966543285505,لا,2025-09-17
E01839,رهف العوفي,1061079750,المالية,مدير عام مساعد,22000,SA3518034299779352146074,+966547959498,لا,2020-06-30
E01840,خالد البلوي,1995582796,الاتصال المؤسسي,أمين مستودع,14500,SA6788951298723286860958,+966558166240,لا,2023-01-26
E01841,هاني الرشيدي,1145829618,إدارة المعرفة,موظف خدمة عملاء,27500,SA6410802364425767354404,+966546702730,نعم,2020-03-02
E01842,صقر الحربي,1050766417,التشغيل,مدقق حسابات,55000,SA5134027981947516864797,+966523294487,نعم,2019-10-03
E01843,منى البلوي,1856153158,التدقيق الداخلي,باحث,18000,SA8631432653921567422706,+966521402993,لا,2014-11-21
E01844,نايف البقمي,1087005128,التخطيط والتطوير,مدير,8500,SA8793954778788121700329,+966554855662,لا,2020-10-03
E01845,طلال البلوي,1919798528,المالية,مصمم,11000,SA0311020072975697409636,+966573240355,لا,2022-12-17
E01846,جواهر الشمري,130158084,إدارة المخاطر,محلل,18000,SA0561410770131417506132,+966563812740,نعم,2011-04-09
E01847,صالح السواط,1508674908,التخطيط والتطوير,موظف خدمة عملاء,14500,SA3476389414014362392101,+966504536782,نعم,2021-10-26
E01848,غدير البلوي,1441857297,المشتريات,مدير عام مساعد,22000,SA5102231136182526784350,+966520336163,لا,2018-12-13
E01849,يمنى العوفي,1175207198,تقنية المعلومات,باحث,6500,SA1640770410990704303189,+966581263516,نعم,2018-09-03
E01850,سحر الزهراني,1176414108,تقنية المعلومات,مدقق حسابات,55000,SA4883071421411926151226,+966577731712,لا,2013-06-17
E01851,عبدالوهاب الجهني,1484252745,الخدمات المساندة,مدير عام مساعد,33000,SA2801332518053473369228,+966501667833,لا,2025-04-22
E01852,نجلاء القرشي,1058433309,المالية,أخصائي,22000,SA5026876232602058904776,+966501945776,لا,2014-04-10
E01853,شيماء المرواني,1401748221,المالية,مختص,55000,SA5560218020524415868729,+966542319649,نعم,2011-01-19
E01854,تالا العتيبي,1376034359,ضبط الجودة,مصمم,27500,SA1123501093382658918328,+966529264143,نعم,2016-06-17
E01855,رنا القرني,1871013940,تقنية المعلومات,أخصائي,14500,SA8097002122221186370245,+966574414061,لا,2013-08-28
E01856,رامي المطيري,1834408013,المالية,مختص,18000,SA3739048242435984041208,+966527486368,نعم,2024-02-13
E01857,وليد الدوسري,1345166878,التخطيط والتطوير,أخصائي,14500,SA8670066909794143052611,+966505312891,نعم,2021-01-25
E01858,بشاير الدوسري,1556181665,إدارة المعرفة,كبير محللين,8500,SA2571532655845670604888,+966591685234,لا,2013-01-15
E01859,أسماء الثبيتي,1060308028,ضبط الجودة,مسؤول مشتريات,41000,SA4862438613992607855658,+966564255150,نعم,2010-06-02
E01860,سعد المرواني,1962506166,ضبط الجودة,محلل,33000,SA8452122826230194719213,+966582915876,لا,2019-02-26
E01861,فاطمة العنزي,1328295512,ضبط الجودة,أخصائي,55000,SA8078188177323948826236,+966590843774,نعم,2019-11-21
E01862,رانيا الغامدي,1779759842,الخدمات المساندة,باحث,11000,SA6608332254074415531644,+966575123888,نعم,2014-03-27
E01863,خلود الشهراني,1762018685,الشؤون القانونية,مهندس,33000,SA8994232213559189009906,+966533357101,نعم,2010-09-05
E01864,شهاب العوفي,1762339461,المالية,مختص,41000,SA1468463861410090333340,+966553877496,لا,2014-09-19
E01865,باسل الربيعي,1229619679,إدارة المعرفة,باحث,6500,SA6650487575818950275020,+966530395081,نعم,2023-01-05
E01866,ابتسام السهلي,1344077506,المالية,رئيس قسم,55000,SA5274676529411989559464,+966555892062,لا,2016-04-27
E01867,عمر الصاعدي,1269051304,الشؤون القانونية,مطور برمجيات,33000,SA8605496725143083176178,+966528436978,لا,2019-07-12
E01868,وفاء القرني,1366679486,تقنية المعلومات,مسؤول مشتريات,6500,SA9705004136633799870190,+966587732540,نعم,2021-11-17
E01869,مياء الدوسري,1257192946,التدقيق الداخلي,محلل,8500,SA6965534205715200071268,+966518682373,نعم,2012-10-29
E01870,عبير الرشيدي,1006610040,المالية,مختص,11000,SA0738435178404937658408,+966525990686,لا,2019-06-19
E01871,يمنى الرشيدي,1801239045,الشؤون القانونية,كبير محللين,33000,SA5101047849129615372930,+966515631800,لا,2012-03-26
E01872,خلود الجهني,1033652833,التشغيل,مشرف,14500,SA7912874642822209711931,+966542502952,لا,2010-01-16
E01873,مياء الغامدي,1605413929,التشغيل,مسؤول مشتريات,18000,SA2080432385440483863320,+966522077876,لا,2018-08-02
E01874,ديمة العنزي,1737638351,التخطيط والتطوير,مدير عام مساعد,22000,SA1374295012270832441377,+966599275557,لا,2016-12-22
E01875,رند الزبيدي,1063273500,التشغيل,أمين مستودع,27500,SA6561873068132856156484,+966594246371,نعم,2021-08-16
E01876,مروة المقرن,1798374284,التخطيط والتطوير,مستشار,14500,SA8735565080861299766128,+966567907663,نعم,2017-03-08
E01877,ناصر المقرن,1051138541,الاتصال المؤسسي,مسؤول مشتريات,41000,SA5852832595541115443296,+966580168880,نعم,2015-05-26
E01878,فهد الفيفي,1394400293,التدقيق الداخلي,موظف خدمة عملاء,33000,SA0344325839307220135590,+966512150922,نعم,2011-08-15
E01879,تركي العمري,1111381537,المالية,مدير,18000,SA9623468525237885752603,+966587317082,نعم,2025-12-07
E01880,بشاير الحوساوي,1011892781,إدارة المخاطر,مهندس,22000,SA6732288372718189030111,+966517488358,لا,2017-09-06
E01881,عبدالعزيز المرواني,1933032920,المشتريات,رئيس قسم,8500,SA4496112000759369218919,+966582821779,لا,2015-03-10
E01882,سلطان الربيعي,1968675759,التدقيق الداخلي,مدير,55000,SA7780991721971568046979,+966525817830,لا,2023-03-14
E01883,هبة الشهري,1651121376,الشؤون القانونية,أمين مستودع,33000,SA7371182268059013355630,+966509766061,لا,2017-05-05
E01884,الجوهرة السبيعي,1128700133,المشتريات,مدقق حسابات,14500,SA9682153966394693108338,+966508519037,نعم,2017-06-10
E01885,صالح العسيري,1700138546,إدارة المخاطر,مهندس,8500,SA6725629676013083639964,+966593439644,نعم,2019-07-06
E01886,عمر السلمي,1061276828,إدارة المعرفة,أمين مستودع,8500,SA9547958552759230578224,+966514510821,نعم,2010-03-03
E01887,ناصر الزهراني,1903380689,التخطيط والتطوير,موظف خدمة عملاء,22000,SA5692379890697040984940,+966511922152,لا,2013-12-20
E01888,نواف الرشيدي,1836353183,إدارة المخاطر,مختص,8500,SA0560340607088993636030,+966579441776,لا,2023-06-17
E01889,هاني السديري,1082028190,التشغيل,أمين مستودع,14500,SA0436625700164659707750,+966584809903,نعم,2016-04-16
E01890,نواف الزياني,1043298882,التشغيل,مدقق حسابات,41000,SA5925716899188556807306,+966527845897,لا,2025-10-06
E01891,أنوار البقمي,1102931282,الخدمات المساندة,أخصائي,55000,SA5337222694738124943534,+966535643421,نعم,2012-04-27
E01892,لطيفة البلوي,1241255254,الخدمات المساندة,مشرف,41000,SA8553950487220043695453,+966501381446,نعم,2024-06-13
E01893,زينب السواط,1056981853,إدارة المعرفة,مستشار,22000,SA5371691181342531364849,+966552313687,لا,2015-02-09
E01894,أمل البلوي,1703143600,الموارد البشرية,مصمم,41000,SA7186834398481592339435,+966556238221,لا,2014-05-17
E01895,ريم الحربي,1325495727,المالية,أخصائي,8500,SA0732521392386227470930,+966530047870,نعم,2020-02-21
E01896,رند المسعود,1062101140,المالية,مدير عام مساعد,18000,SA6903272458919628300322,+966531256702,نعم,2011-01-19
E01897,جواهر السلمي,1273375541,تقنية المعلومات,محلل,41000,SA0501195101594719097887,+966522752685,نعم,2011-04-15
E01898,خلود الشهري,1004995401,ضبط الجودة,موظف خدمة عملاء,27500,SA5838174119551510520315,+966540382580,لا,2018-12-11
E01899,مياء القحطاني,1744511286,الخدمات المساندة,مسؤول مشتريات,27500,SA1476344176479865222571,+966542528753,لا,2019-03-05
E01900,سلطان الغامدي,1788890042,الشؤون القانونية,مستشار,33000,SA7262769801357870909052,+966599960828,نعم,2017-02-21
E01901,رانيا البقمي,1484553985,إدارة المعرفة,أمين مستودع,14500,SA7526082047021534443369,+966529501828,لا,2022-12-16
E01902,طلال البلوي,1793807916,الخدمات المساندة,محلل,55000,SA6721122404384506372661,+966570179438,لا,2013-07-06
E01903,شيماء السديري,1794493781,التدقيق الداخلي,رئيس قسم,6500,SA4561351505656264856313,+966556507027,لا,2025-01-08
E01904,لين الحميدي,1582003875,تقنية المعلومات,أخصائي,8500,SA4480231094172372042276,+966560685438,لا,2026-03-24
E01905,سلطان السلمي,1742105693,الموارد البشرية,مهندس,6500,SA5493975840812679051175,+966548630174,نعم,2023-01-03
E01906,عبير المطيري,1575758980,المالية,مطور برمجيات,8500,SA1317946498204055873433,+966556309245,لا,2020-09-19
E01907,سامي العمري,1149615658,الخدمات المساندة,منسق,55000,SA3063811903693382957055,+966546354101,نعم,2022-02-19
E01908,سارة العتيبي,1633812506,إدارة المعرفة,منسق,55000,SA8439665265464370931273,+966551564774,لا,2021-11-21
E01909,سلمى السهلي,1473873667,الشؤون القانونية,أخصائي,41000,SA7207325332447276181745,+966588392146,نعم,2025-09-28
E01910,عبير الغامدي,1376913339,ضبط الجودة,أمين مستودع,33000,SA7977601198890000031982,+966505090968,نعم,2023-03-23
E01911,رامي المالكي,1274296571,المالية,مختص,18000,SA0575091386643258939516,+966573231155,نعم,2013-10-01
E01912,حمد المقرن,1542625486,الاتصال المؤسسي,مطور برمجيات,6500,SA1654052975294798029436,+966538527879,لا,2017-09-12
E01913,لين القرشي,1231699578,الشؤون القانونية,مستشار,18000,SA4141344405080928457542,+966569145866,لا,2019-03-24
E01914,غانم المسعود,1755725189,التدقيق الداخلي,مسؤول مشتريات,18000,SA8666575097142961961301,+966512626293,لا,2021-06-18
E01915,باسل الخالدي,1344617913,إدارة المخاطر,منسق,27500,SA7027089198057412792110,+966555185162,نعم,2011-01-04
E01916,سمر الغامدي,1739257523,التدقيق الداخلي,باحث,6500,SA4886454154019167112607,+966569351903,نعم,2016-10-23
E01917,حمد القرشي,1130566266,إدارة المعرفة,مختص,27500,SA1397932542691028370607,+966539662614,لا,2015-05-10
E01918,ديمة الزياني,1259662979,إدارة المخاطر,مشرف,41000,SA1960842629583687977649,+966562185569,لا,2017-07-06
E01919,ابتسام الأسمري,1165805993,الموارد البشرية,كبير محللين,22000,SA9586916354519469968102,+966578739627,لا,2012-05-16
E01920,وليد الرويلي,1315202026,التخطيط والتطوير,محلل,27500,SA5804147049578289484702,+966551691987,نعم,2014-05-24
E01921,هاني الرشيدي,1793438910,الموارد البشرية,باحث,33000,SA7227894801582114256309,+966562147268,لا,2020-03-18
E01922,زياد العسيري,1967002856,ضبط الجودة,مدير,11000,SA2477384155266196494013,+966549603959,لا,2015-09-28
E01923,زينب السواط,1429002973,ضبط الجودة,كبير محللين,6500,SA3580030563953031077325,+966598586632,نعم,2019-04-24
E01924,تركي الشمري,1644024877,الاتصال المؤسسي,كبير محللين,41000,SA2015529445949027808634,+966571666169,لا,2015-01-12
E01925,إبراهيم البلوي,1635582982,ضبط الجودة,مدير عام مساعد,27500,SA8305415544998268110145,+966576184998,لا,2019-11-08
E01926,عبدالرحمن البقمي,1995617238,المالية,كبير محللين,55000,SA4042160398512200180166,+966557581611,لا,2022-09-07
E01927,صفاء الخالدي,1134340825,إدارة المعرفة,مشرف,41000,SA4046549483813519229030,+966546737480,نعم,2023-11-04
E01928,لطيفة العوفي,1158500460,إدارة المعرفة,أمين مستودع,11000,SA7913186268334744324724,+966536747664,نعم,2018-08-03
E01929,زياد الحربي,1964390965,الشؤون القانونية,محاسب,27500,SA3553422247442789751177,+966542409643,لا,2024-06-19
E01930,ماجد البلوي,1893286789,المشتريات,مستشار,22000,SA5494541511733568029893,+966589223203,لا,2019-09-19
E01931,بدر الحميدي,1664419833,التخطيط والتطوير,محاسب,33000,SA4128187166355067423711,+966592140615,لا,2013-01-27
E01932,خالد الدوسري,1128966452,التشغيل,موظف خدمة عملاء,11000,SA3393730661893332927281,+966536215311,لا,2012-08-13
E01933,باسل المطيري,1302512155,ضبط الجودة,أخصائي,55000,SA4446424412086865354486,+966592213603,نعم,2015-03-28
E01934,ميساء البلوي,1625822091,الخدمات المساندة,مدقق حسابات,6500,SA2323936913867939789616,+966553062017,لا,2022-09-07
E01935,الجوهرة الثبيتي,1177332572,التشغيل,موظف خدمة عملاء,14500,SA7715921200240231053255,+966500909877,لا,2016-12-28
E01936,حسن العامري,1811200862,التدقيق الداخلي,مستشار,22000,SA5422716269798396255002,+966567048078,لا,2010-05-11
E01937,رهف المرواني,1052404512,المالية,محاسب,27500,SA5442604606929528325253,+966526237797,نعم,2015-05-25
E01938,عبدالعزيز الحوساوي,1308477833,الشؤون القانونية,محلل,14500,SA2263110582550254151073,,نعم,2017-05-17
E01939,الجوهرة السهلي,1030686859,الخدمات المساندة,مدير,11000,SA3897368592344112554663,+966554075647,نعم,2010-07-21
E01940,طلال العوفي,1909473454,ضبط الجودة,محاسب,11000,SA3141229735279608875847,+966564756593,لا,2016-02-20
E01941,جواهر الفيفي,1212101024,الموارد البشرية,مدير عام مساعد,41000,SA8978421227060294106951,+966580944206,لا,2023-07-02
E01942,وليد العنزي,1343161863,المشتريات,مختص,41000,SA7987281778329261324757,+966559703304,نعم,2025-09-25
E01943,فهد الزبيدي,1809592155,الخدمات المساندة,مختص,11000,SA8219887716764436641896,+966531066293,لا,2018-03-18
E01944,رنا الحميدي,1896532932,الشؤون القانونية,رئيس قسم,41000,SA9866423186015940059858,+966564632783,نعم,2025-02-01
E01945,حمزة الحميدي,1677090464,تقنية المعلومات,مصمم,18000,SA8905210761855824511579,+966541234566,لا,2012-06-04
E01946,منى الشمري,1110255559,الموارد البشرية,محاسب,6500,SA8278199458651703219007,+966576256985,لا,2024-06-14
E01947,عبدالعزيز البلوي,1985654696,الخدمات المساندة,مطور برمجيات,8500,SA5735134518624710419102,+966534616554,لا,2013-02-16
E01948,يمنى الفيفي,1146502974,المشتريات,كبير محللين,8500,SA8340794838333675082919,+966543277051,لا,2014-08-26
E01949,عبدالعزيز القرشي,1594106617,إدارة المخاطر,كبير محللين,14500,SA2721736893357438221720,+966586127356,نعم,2020-07-21
E01950,سعد القحطاني,1395566126,تقنية المعلومات,موظف خدمة عملاء,18000,SA9033139360643838494136,+966590847456,نعم,2015-02-01
E01951,صقر الشهراني,1818697417,تقنية المعلومات,رئيس قسم,8500,SA2317611861779261764071,+966531646875,نعم,2016-03-27
E01952,راشد الغامدي,1196118069,المالية,مستشار,18000,SA7836208662064861374471,+966584607968,نعم,2021-06-29
E01953,إيمان الزهراني,1563001005,الاتصال المؤسسي,مطور برمجيات,8500,SA7465457686487078826290,+966505657857,لا,2010-04-05
E01954,حسن البلوي,1998778433,إدارة المخاطر,مستشار,14500,SA6509190371376197903703,+966589614202,لا,2019-12-06
E01955,أنوار القرشي,1655728176,ضبط الجودة,كبير محللين,18000,SA0857888203340105532052,+966599015493,لا,2023-10-03
E01956,مشعل المرواني,1342054549,الخدمات المساندة,محاسب,55000,SA3714047396174407858444,+966502106051,نعم,2010-02-18
E01957,سلمان البلوي,1123403642,الشؤون القانونية,موظف خدمة عملاء,8500,SA8473989802115237268088,+966584506341,لا,2019-04-30
E01958,صقر العوفي,1161545452,المشتريات,مهندس,14500,SA3121099721232045313156,+966557251586,لا,2021-07-14
E01959,وائل الزياني,1232364537,ضبط الجودة,مدقق حسابات,27500,SA7441327887244353855909,+966552503244,نعم,2023-11-06
E01960,عبدالكريم السواط,1730255260,المشتريات,مدقق حسابات,6500,SA5531309334111603604498,+966544383053,لا,2023-07-13
E01961,وائل الفيفي,1266618402,التخطيط والتطوير,مدقق حسابات,55000,SA1314207592438532662006,+966559344674,لا,2023-09-11
E01962,مياء الدوسري,1727381699,ضبط الجودة,مصمم,22000,SA0909917557065334606895,+966502831854,نعم,2016-11-26
E01963,فهد الجهني,1543473506,الاتصال المؤسسي,مدقق حسابات,27500,SA9290535484791663962698,+966558655071,لا,2016-09-27
E01964,مروة الثبيتي,1647606993,الخدمات المساندة,محلل,11000,SA5140775095028287908258,+966540817674,نعم,2019-04-18
E01965,محمد الربيعي,1997040876,إدارة المعرفة,كبير محللين,55000,SA1973341403321428675486,+966584814631,لا,2015-09-05
E01966,منى المطيري,1765986714,الشؤون القانونية,موظف خدمة عملاء,14500,SA1594075998673834097151,+966566253883,لا,2026-03-25
E01967,غدير الحازمي,1290068897,الشؤون القانونية,منسق,22000,SA8903594521918823335291,+966570273033,نعم,2019-08-10
E01968,زينب الرويلي,1847413034,الاتصال المؤسسي,منسق,8500,SA8040174994459046683028,+966564320793,نعم,2020-10-04
E01969,ماجد المسعود,1608593602,الاتصال المؤسسي,مسؤول مشتريات,33000,SA2069042467477011760128,+966597397141,لا,2025-10-25
E01970,سامي الخالدي,1223835651,المشتريات,مدير عام مساعد,22000,SA6626126423720175614415,+966594432509,لا,2015-11-24
E01971,مشعل الحميدي,1386029100,الاتصال المؤسسي,مدير عام مساعد,22000,SA0318835921133897177255,+966512343511,لا,2025-09-02
E01972,فيصل الثبيتي,1134769643,المالية,منسق,11000,SA1946799554247683129223,+966535970300,نعم,2015-06-10
E01973,نجود الحوساوي,1222277103,المشتريات,موظف خدمة عملاء,14500,SA5044479288262998576850,+966523479049,لا,2014-06-20
E01974,لين الخالدي,1764575211,تقنية المعلومات,مشرف,55000,SA3099431181207171203511,+966558450224,لا,2016-04-15
E01975,نجلاء الزهراني,1351341373,التدقيق الداخلي,مسؤول مشتريات,22000,SA9112260024066567897445,+966579607925,لا,2010-06-02
E01976,خالد القرشي,1516599741,ضبط الجودة,مصمم,22000,SA8027995032376488548197,+966507834465,لا,2011-10-30
E01977,سلطان السلمي,1345645525,تقنية المعلومات,منسق,18000,SA8134396226690354924413,+966566625675,لا,2020-06-28
E01978,تركي الهاجري,1512738467,المشتريات,موظف خدمة عملاء,18000,SA3024845105914160140672,+966558569865,لا,2010-11-22
E01979,غدير العنزي,1813808258,الشؤون القانونية,أمين مستودع,8500,SA3125533035075381946673,+966570796698,نعم,2023-12-17
E01980,حمد الجهني,1772844278,الخدمات المساندة,مسؤول مشتريات,27500,SA8570945764913701165045,+966501117754,نعم,2013-04-05
E01981,عبدالله البلوي,1694645936,التشغيل,محلل,14500,SA9639660030308932236702,+966515365156,لا,2011-12-24
E01982,رؤيا العسيري,1204564296,إدارة المعرفة,مستشار,11000,SA9457202157236490655464,+966517112587,نعم,2023-05-09
E01983,لمى الدوسري,1522979556,الموارد البشرية,مدقق حسابات,11000,SA2226539125620664442445,+966562491207,نعم,2016-04-12
E01984,مها الرويلي,1972477663,تقنية المعلومات,باحث,14500,SA7806396376354014137097,+966577089987,لا,2011-09-23
E01985,حمزة الحوساوي,1205653114,الموارد البشرية,رئيس قسم,33000,SA1570415506053119031796,+966545135730,لا,2014-07-21
E01986,أمل المطيري,1672006747,الشؤون القانونية,مسؤول مشتريات,18000,SA1065957434767139257937,+966558419324,لا,2023-11-15
E01987,يوسف الأسمري,1864147085,المشتريات,محلل,6500,SA5966945955377425540022,+966505385617,لا,2013-06-21
E01988,هاني العامري,1114633249,الاتصال المؤسسي,منسق,11000,SA7504969412641291538125,+966516757227,لا,2022-07-02
E01989,بدر الغامدي,1894017092,الخدمات المساندة,مسؤول مشتريات,27500,SA8375140911601639338877,+966546872723,لا,2025-07-01
E01990,لطيفة السلمي,1010984266,المشتريات,مدير,14500,SA9468775042697810553197,+966568358416,لا,2022-03-08
E01991,كريم الغامدي,1509694368,الموارد البشرية,أخصائي,11000,SA2435397080974633801732,+966519815183,نعم,2015-07-06
E01992,غدير القحطاني,1017013986,تقنية المعلومات,مدير عام مساعد,41000,SA6989344847521291368366,+966549124148,لا,2024-07-01
E01993,حمد العامري,1759798844,التدقيق الداخلي,مختص,18000,SA0435745926300149313061,+966562357682,نعم,2019-05-05
E01994,فهد الهاجري,1922190739,التشغيل,كبير محللين,11000,SA1980086643494352752861,+966536954010,نعم,2023-03-20
E01995,بدر القرني,1623489331,التدقيق الداخلي,محاسب,8500,SA8895014049330214085590,+966571581303,نعم,2024-11-29
E01996,شهد السهلي,1653462794,المشتريات,كبير محللين,11000,SA2428630671893324941906,+966533729164,لا,2024-10-15
E01997,فيصل الدوسري,1651794248,إدارة المعرفة,منسق,22000,SA1963284697821529278630,+966591300585,لا,2017-12-24
E01998,بشاير السلمي,1252559487,الموارد البشرية,مهندس,27500,SA9569856108728624975361,+966581011389,لا,2015-04-14
E01999,طلال العرجاني,1094266861,التخطيط والتطوير,محاسب,11000,SA8652838254061146277660,+966500185199,نعم,2016-01-11
E02000,يوسف الشمري,1805726922,الشؤون القانونية,مطور برمجيات,55000,SA5345409147427116094115,+966560386565,لا,2019-07-30
