request_id,submitted_date,channel,request_text_ar,status,priority
REQ-000001,2026-04-17,البريد الإلكتروني,طلب نسخة من نظام الاستئناف المتاح للمستفيدين.,منجز,عالية
REQ-000002,2026-02-11,البوابة الإلكترونية,طلب إنهاء إجراءات الحصول على معاش التقاعد المبكر، هويتي 1432866869.,منجز,منخفضة
REQ-000003,2025-10-29,البريد الإلكتروني,استفسار عن موعد تجديد رخصة القيادة.,قيد المعالجة,متوسطة
REQ-000004,2026-05-17,البريد الإلكتروني,استفسار عن الوثائق المطلوبة لاستخراج وثيقة رسمية.,مفتوح,متوسطة
REQ-000005,2025-11-16,البريد الإلكتروني,أعاني من حالة صحية مزمنة وأطلب إعفاءً من الرسوم، رقم هويتي 1249071687.,منجز,عالية
REQ-000006,2025-07-05,البوابة الإلكترونية,طلب صرف تعويض بسبب حادثة عمل ولديّ تقرير طبي، يمكن مراسلتي على +966548908864.,مغلق,متوسطة
REQ-000007,2025-07-20,البريد الإلكتروني,طلب تقرير طبي يخص ابني القاصر لاستكمال المعاملة، هويتي 1820795225.,منجز,عالية
REQ-000008,2025-12-22,تطبيق الجوال,أرغب في الاستفسار عن ملفي الصحي، رقم السجل الطبي الخاص بي 1643046582.,مفتوح,عالية
REQ-000009,2026-03-08,البريد الإلكتروني,تقديم شكوى بسبب تسريب بياناتي الشخصية من قِبل أحد الموظفين، هويتي 1918476464.,مفتوح,متوسطة
REQ-000010,2026-01-04,مركز الاتصال,طلب توضيح حول رسوم الخدمة المعلنة.,مفتوح,متوسطة
REQ-000011,2025-08-12,الزيارة الميدانية,سؤال عن كيفية متابعة حالة الطلب المقدم عبر البوابة.,معلق,متوسطة
REQ-000012,2025-01-09,مركز الاتصال,استفسار عن موعد تجديد رخصة القيادة.,مغلق,متوسطة
REQ-000013,2025-11-05,مركز الاتصال,شكوى ضد موظف مع إرفاق اسمي الكامل ورقم هويتي 1249598358.,مفتوح,عالية
REQ-000014,2025-08-19,الزيارة الميدانية,أرجو تحديث بياناتي الشخصية، هويتي 1221034505 وجوالي +966552220183.,قيد المعالجة,منخفضة
REQ-000015,2026-01-24,مركز الاتصال,طلب دليل المستخدم الخاص بمنظومة الخدمات الإلكترونية.,مفتوح,عالية
REQ-000016,2025-11-07,البوابة الإلكترونية,طلب معلومات عن الخدمات المتاحة للمقيمين.,مغلق,منخفضة
REQ-000017,2025-11-09,الزيارة الميدانية,أستفسر عن كيفية اسـترداد دعم الإيجار، رقم هويتي الوطنية 1449312667.,مفتوح,عالية
REQ-000018,2024-12-20,الزيارة الميدانية,سؤال عن خطوات حجز موعد في الفرع.,منجز,متوسطة
REQ-000019,2025-08-05,البوابة الإلكترونية,سؤال عن مدة معالجة طلبات إصدار الشهادات.,منجز,منخفضة
REQ-000020,2026-05-18,البوابة الإلكترونية,طلب تعديل بيانات الراتب في السجل بسبب خطأ محاسبي، هويتي 1361920166.,معلق,متوسطة
REQ-000021,2026-01-22,مركز الاتصال,استفسار عن موعد تجديد رخصة القيادة.,مغلق,متوسطة
REQ-000022,2025-01-04,البوابة الإلكترونية,استفسار عن أوقات العمل الرسمية للفرع.,منجز,منخفضة
REQ-000023,2026-04-08,الزيارة الميدانية,اقتراح إضافة خدمة الدفع الإلكتروني لتسهيل المعاملات.,مغلق,منخفضة
REQ-000024,2025-01-08,البريد الإلكتروني,طلب إعفاء بسبب ظرف خاص ووضع مالي صعب، يمكن التواصل على +966560191023.,معلق,متوسطة
REQ-000025,2026-02-27,مركز الاتصال,استفسار عن قنوات التواصل مع فريق الدعم الفني.,مغلق,منخفضة
REQ-000026,2025-11-29,مركز الاتصال,أواجه ضائقة مالية ولا أستطيع سداد المخالفة، حسابي البنكي SA8264211561113493002427.,معلق,عالية
REQ-000027,2025-09-20,مركز الاتصال,استفسار عن موعد تجديد رخصة القيادة.,قيد المعالجة,منخفضة
REQ-000028,2025-11-08,الزيارة الميدانية,أرغب في الاستفسار عن ملفي الصحي، رقم السجل الطبي الخاص بي 1190519742.,قيد المعالجة,متوسطة
REQ-000029,2025-05-24,مركز الاتصال,طلب إنهاء إجراءات الحصول على معاش التقاعد المبكر، هويتي 1554994374.,مفتوح,متوسطة
REQ-000030,2025-01-19,الزيارة الميدانية,سؤال عن كيفية متابعة حالة الطلب المقدم عبر البوابة.,قيد المعالجة,منخفضة
REQ-000031,2025-08-19,مركز الاتصال,استفسار عن خطوات الاعتراض على قرار إداري.,منجز,عالية
REQ-000032,2026-05-09,تطبيق الجوال,استفسار عن الوثائق المطلوبة لاستخراج وثيقة رسمية.,مغلق,متوسطة
REQ-000033,2025-09-20,تطبيق الجوال,سؤال عن كيفية متابعة حالة الطلب المقدم عبر البوابة.,مفتوح,عالية
REQ-000034,2025-10-01,تطبيق الجوال,استفسار عن موعد تجديد رخصة القيادة.,منجز,منخفضة
REQ-000035,2026-04-04,البوابة الإلكترونية,استفسار عن موعد تجديد رخصة القيادة.,منجز,عالية
REQ-000036,2025-11-26,البوابة الإلكترونية,شكوى عن بطء الخدمة الإلكترونية في الموقع الرسمي.,قيد المعالجة,متوسطة
REQ-000037,2026-05-03,الزيارة الميدانية,طلب تعديل بيانات الراتب في السجل بسبب خطأ محاسبي، هويتي 1575219819.,معلق,منخفضة
REQ-000038,2025-10-06,البريد الإلكتروني,اقتراح بتحسين تجربة الموقع الإلكتروني.,قيد المعالجة,عالية
REQ-000039,2026-03-15,مركز الاتصال,أرغب في الاستفسار عن ملفي الصحي، رقم السجل الطبي الخاص بي 1002008942.,معلق,متوسطة
REQ-000040,2025-10-24,البريد الإلكتروني,طلب نموذج تفويض موقع لإنجاز المعاملات نيابةً.,منجز,منخفضة
REQ-000041,2025-01-11,البريد الإلكتروني,شكوى ضد موظف مع إرفاق اسمي الكامل ورقم هويتي 1119923280.,مغلق,عالية
REQ-000042,2026-03-10,الزيارة الميدانية,استفسار عن أوقات العمل الرسمية للفرع.,منجز,منخفضة
REQ-000043,2025-05-04,البريد الإلكتروني,طلب إرشادات للتسجيل في بوابة الخدمات الحكومية.,قيد المعالجة,متوسطة
REQ-000044,2025-01-04,الزيارة الميدانية,الاستعلام عن طلب دعم السكن المقدم منذ فترة، هويتي 1775721556.,مفتوح,متوسطة
REQ-000045,2026-04-21,الزيارة الميدانية,أستفسر عن كيفية اسـترداد دعم الإيجار، رقم هويتي الوطنية 1727162321.,مفتوح,منخفضة
REQ-000046,2025-09-16,البريد الإلكتروني,اقتراح بتحسين تجربة الموقع الإلكتروني.,مغلق,منخفضة
REQ-000047,2026-06-02,البريد الإلكتروني,طلب نموذج تفويض موقع لإنجاز المعاملات نيابةً.,مفتوح,منخفضة
REQ-000048,2025-11-11,تطبيق الجوال,طلب تقرير طبي يخص ابني القاصر لاستكمال المعاملة، هويتي 1931922791.,قيد المعالجة,منخفضة
REQ-000049,2025-04-22,البوابة الإلكترونية,طلب إنهاء إجراءات الحصول على معاش التقاعد المبكر، هويتي 1664314703.,قيد المعالجة,متوسطة
REQ-000050,2025-12-17,تطبيق الجوال,اقتراح تفعيل خاصية الإشعارات الفورية للمعاملات.,منجز,منخفضة
REQ-000051,2025-09-07,تطبيق الجوال,أحتاج مساعدة في استرداد مبلغ مالي تم خصمه خطأً من حسابي SA0412103638030529961919.,معلق,متوسطة
REQ-000052,2026-02-27,البوابة الإلكترونية,طلب منح بطاقة ذوي الإعاقة لطفلي، رقم ولايتي 1776043661.,مفتوح,منخفضة
REQ-000053,2025-06-28,تطبيق الجوال,استفسار عن موعد تجديد رخصة القيادة.,قيد المعالجة,متوسطة
REQ-000054,2025-08-11,تطبيق الجوال,استفسار عن الخدمات الرقمية المتاحة على التطبيق الرسمي.,قيد المعالجة,منخفضة
REQ-000055,2025-06-08,تطبيق الجوال,سؤال عن كيفية متابعة حالة الطلب المقدم عبر البوابة.,مغلق,عالية
REQ-000056,2025-06-07,تطبيق الجوال,أرغب في الاستفسار عن ملفي الصحي، رقم السجل الطبي الخاص بي 1116821297.,مغلق,عالية
REQ-000057,2026-01-17,مركز الاتصال,طلب تقرير طبي يخص ابني القاصر لاستكمال المعاملة، هويتي 1962823207.,قيد المعالجة,منخفضة
REQ-000058,2026-04-15,الزيارة الميدانية,اقتراح تفعيل خاصية الإشعارات الفورية للمعاملات.,مفتوح,عالية
REQ-000059,2025-09-03,الزيارة الميدانية,أعاني من حالة صحية مزمنة وأطلب إعفاءً من الرسوم، رقم هويتي 1499306478.,قيد المعالجة,متوسطة
REQ-000060,2026-02-24,البوابة الإلكترونية,شكوى عن بطء الخدمة الإلكترونية في الموقع الرسمي.,منجز,منخفضة
REQ-000061,2025-04-14,مركز الاتصال,طلب إنهاء إجراءات الحصول على معاش التقاعد المبكر، هويتي 1802769842.,مفتوح,متوسطة
REQ-000062,2025-06-06,تطبيق الجوال,طلب الحصول على شهادة من الجهة تثبت تسجيل المنشأة.,مفتوح,عالية
REQ-000063,2025-06-15,مركز الاتصال,طلب توضيح حول رسوم الخدمة المعلنة.,قيد المعالجة,عالية
REQ-000064,2025-01-23,تطبيق الجوال,شكوى ضد موظف مع إرفاق اسمي الكامل ورقم هويتي 1771385695.,معلق,متوسطة
REQ-000065,2025-04-17,البوابة الإلكترونية,استفسار عن إمكانية تحديث بيانات التواصل بشكل إلكتروني.,مغلق,منخفضة
REQ-000066,2026-01-12,الزيارة الميدانية,طلب توضيح حول رسوم الخدمة المعلنة.,معلق,منخفضة
REQ-000067,2025-12-03,تطبيق الجوال,استفسار عن الخدمات الرقمية المتاحة على التطبيق الرسمي.,مفتوح,عالية
REQ-000068,2025-09-09,تطبيق الجوال,طلب معرفة الإجراءات اللازمة لتجديد الترخيص التجاري.,معلق,منخفضة
REQ-000069,2026-03-31,الزيارة الميدانية,شكوى ضد موظف مع إرفاق اسمي الكامل ورقم هويتي 1229704075.,منجز,منخفضة
REQ-000070,2026-04-06,مركز الاتصال,أعاني من حالة صحية مزمنة وأطلب إعفاءً من الرسوم، رقم هويتي 1131552588.,منجز,عالية
REQ-000071,2025-01-10,البريد الإلكتروني,طلب إرشادات للتسجيل في بوابة الخدمات الحكومية.,قيد المعالجة,متوسطة
REQ-000072,2026-06-01,تطبيق الجوال,تقديم شكوى بسبب تسريب بياناتي الشخصية من قِبل أحد الموظفين، هويتي 1723566558.,مغلق,منخفضة
REQ-000073,2025-07-22,مركز الاتصال,استفسار عن الوثائق المطلوبة لاستخراج وثيقة رسمية.,قيد المعالجة,منخفضة
REQ-000074,2025-06-22,تطبيق الجوال,طلب دليل المستخدم الخاص بمنظومة الخدمات الإلكترونية.,منجز,متوسطة
REQ-000075,2026-05-30,البوابة الإلكترونية,طلب نسخة إلكترونية من شهادة إتمام معاملة.,مفتوح,متوسطة
REQ-000076,2025-10-11,مركز الاتصال,اقتراح تفعيل خاصية الإشعارات الفورية للمعاملات.,مفتوح,منخفضة
REQ-000077,2025-05-12,البريد الإلكتروني,اقتراح بتحسين تجربة الموقع الإلكتروني.,مغلق,متوسطة
REQ-000078,2025-12-12,الزيارة الميدانية,طلب معرفة الإجراءات اللازمة لتجديد الترخيص التجاري.,معلق,عالية
REQ-000079,2025-05-23,مركز الاتصال,أرجو تحديث بياناتي الشخصية، هويتي 1901227767 وجوالي +966534734427.,معلق,متوسطة
REQ-000080,2026-06-12,البوابة الإلكترونية,طلب إعفاء بسبب ظرف خاص ووضع مالي صعب، يمكن التواصل على +966505841715.,منجز,منخفضة
REQ-000081,2026-03-06,مركز الاتصال,أعاني من حالة صحية مزمنة وأطلب إعفاءً من الرسوم، رقم هويتي 1512076777.,معلق,منخفضة
REQ-000082,2025-02-20,تطبيق الجوال,أحتاج مساعدة في استرداد مبلغ مالي تم خصمه خطأً من حسابي SA0813763005717856175600.,منجز,متوسطة
REQ-000083,2025-01-22,الزيارة الميدانية,طلب إعفاء بسبب ظرف خاص ووضع مالي صعب، يمكن التواصل على +966592109777.,قيد المعالجة,منخفضة
REQ-000084,2025-08-02,تطبيق الجوال,طلب الحصول على شهادة من الجهة تثبت تسجيل المنشأة.,قيد المعالجة,عالية
REQ-000085,2025-08-21,مركز الاتصال,أستفسر عن كيفية اسـترداد دعم الإيجار، رقم هويتي الوطنية 1751385962.,منجز,منخفضة
REQ-000086,2026-02-15,البريد الإلكتروني,طلب تقرير طبي يخص ابني القاصر لاستكمال المعاملة، هويتي 1650284092.,قيد المعالجة,عالية
REQ-000087,2025-09-13,مركز الاتصال,استفسار عن إمكانية تحديث بيانات التواصل بشكل إلكتروني.,مغلق,عالية
REQ-000088,2025-08-21,تطبيق الجوال,اقتراح تفعيل خاصية الإشعارات الفورية للمعاملات.,منجز,منخفضة
REQ-000089,2025-07-21,تطبيق الجوال,أواجه ضائقة مالية ولا أستطيع سداد المخالفة، حسابي البنكي SA7929455066867313765569.,معلق,منخفضة
REQ-000090,2025-06-23,مركز الاتصال,استفسار عن الخدمات الرقمية المتاحة على التطبيق الرسمي.,مغلق,منخفضة
REQ-000091,2025-08-05,الزيارة الميدانية,الرجاء مراجعة ملف طعني لأنني معاق ويصعب عليّ الحضور الشخصي، هويتي 1493041287.,معلق,متوسطة
REQ-000092,2025-12-13,تطبيق الجوال,طلب إرشادات للتسجيل في بوابة الخدمات الحكومية.,مغلق,متوسطة
REQ-000093,2025-06-18,مركز الاتصال,استفسار عن الخدمات الرقمية المتاحة على التطبيق الرسمي.,معلق,منخفضة
REQ-000094,2025-07-19,تطبيق الجوال,أرغب في الاستفسار عن ملفي الصحي، رقم السجل الطبي الخاص بي 1919319382.,مغلق,متوسطة
REQ-000095,2025-04-15,البوابة الإلكترونية,أستفسر عن كيفية اسـترداد دعم الإيجار، رقم هويتي الوطنية 1365584364.,معلق,متوسطة
REQ-000096,2026-04-27,البريد الإلكتروني,استفسار عن قنوات التواصل مع فريق الدعم الفني.,منجز,منخفضة
REQ-000097,2025-01-25,البوابة الإلكترونية,طلب معلومات عن الخدمات المتاحة للمقيمين.,مغلق,منخفضة
REQ-000098,2026-03-25,الزيارة الميدانية,سؤال عن خطوات حجز موعد في الفرع.,منجز,منخفضة
REQ-000099,2025-11-18,البوابة الإلكترونية,استفسار عن إمكانية تحديث بيانات التواصل بشكل إلكتروني.,مفتوح,منخفضة
REQ-000100,2025-08-15,البوابة الإلكترونية,استفسار عن خطوات الاعتراض على قرار إداري.,منجز,عالية
REQ-000101,2025-05-23,الزيارة الميدانية,تقديم شكوى بسبب تسريب بياناتي الشخصية من قِبل أحد الموظفين، هويتي 1471996106.,مفتوح,منخفضة
REQ-000102,2026-05-07,مركز الاتصال,أرغب في الاستفسار عن ملفي الصحي، رقم السجل الطبي الخاص بي 1699243885.,منجز,عالية
REQ-000103,2025-02-10,مركز الاتصال,أعاني من حالة صحية مزمنة وأطلب إعفاءً من الرسوم، رقم هويتي 1167626363.,معلق,منخفضة
REQ-000104,2025-06-19,الزيارة الميدانية,اقتراح إضافة خدمة الدفع الإلكتروني لتسهيل المعاملات.,معلق,متوسطة
REQ-000105,2026-04-29,الزيارة الميدانية,تقديم طلب لاستثناء خاص نظراً لوجود مرض مزمن مثبت طبياً، جوالي +966551478494.,مغلق,متوسطة
REQ-000106,2025-06-10,البريد الإلكتروني,طلب تعديل بيانات الراتب في السجل بسبب خطأ محاسبي، هويتي 1582387666.,قيد المعالجة,عالية
REQ-000107,2026-03-05,تطبيق الجوال,طلب معرفة الإجراءات اللازمة لتجديد الترخيص التجاري.,منجز,منخفضة
REQ-000108,2025-02-03,الزيارة الميدانية,شكوى بخصوص فاتورة خاطئة تجاوزت راتبي الشهري، رقم الحساب SA8125282431161184885537.,قيد المعالجة,متوسطة
REQ-000109,2026-06-09,البريد الإلكتروني,سؤال عن كيفية متابعة حالة الطلب المقدم عبر البوابة.,قيد المعالجة,منخفضة
REQ-000110,2026-02-10,البريد الإلكتروني,طلب الحصول على شهادة من الجهة تثبت تسجيل المنشأة.,منجز,عالية
REQ-000111,2026-05-26,البريد الإلكتروني,الاستعلام عن طلب دعم السكن المقدم منذ فترة، هويتي 1638817203.,قيد المعالجة,منخفضة
REQ-000112,2026-06-07,البوابة الإلكترونية,استفسار عن الخدمات الرقمية المتاحة على التطبيق الرسمي.,مغلق,متوسطة
REQ-000113,2025-03-20,البريد الإلكتروني,استفسار عن خطوات الاعتراض على قرار إداري.,مغلق,عالية
REQ-000114,2026-01-16,مركز الاتصال,سؤال عن كيفية متابعة حالة الطلب المقدم عبر البوابة.,منجز,عالية
REQ-000115,2025-09-16,البوابة الإلكترونية,طلب تعديل بيانات الراتب في السجل بسبب خطأ محاسبي، هويتي 1104617509.,معلق,عالية
REQ-000116,2026-05-09,البريد الإلكتروني,تقديم طلب لاستثناء خاص نظراً لوجود مرض مزمن مثبت طبياً، جوالي +966508813731.,قيد المعالجة,منخفضة
REQ-000117,2025-12-16,البريد الإلكتروني,سؤال عن كيفية متابعة حالة الطلب المقدم عبر البوابة.,مغلق,عالية
REQ-000118,2025-06-07,البريد الإلكتروني,طلب تصحيح بيانات الاستقطاعات من الراتب الأساسي SA0804741831246314431743.,مفتوح,منخفضة
REQ-000119,2026-06-14,البوابة الإلكترونية,طلب تقرير طبي يخص ابني القاصر لاستكمال المعاملة، هويتي 1347380964.,مفتوح,عالية
REQ-000120,2026-02-03,مركز الاتصال,الاستعلام عن طلب دعم السكن المقدم منذ فترة، هويتي 1491720684.,قيد المعالجة,متوسطة
REQ-000121,2026-05-21,تطبيق الجوال,طلب إعفاء بسبب ظرف خاص ووضع مالي صعب، يمكن التواصل على +966560208523.,معلق,عالية
REQ-000122,2025-12-19,تطبيق الجوال,استفسار عن إمكانية تحديث بيانات التواصل بشكل إلكتروني.,مغلق,عالية
REQ-000123,2025-08-25,تطبيق الجوال,اقتراح تفعيل خاصية الإشعارات الفورية للمعاملات.,منجز,عالية
REQ-000124,2025-12-18,مركز الاتصال,استفسار عن خطوات الاعتراض على قرار إداري.,قيد المعالجة,منخفضة
REQ-000125,2025-06-23,البوابة الإلكترونية,اقتراح تفعيل خاصية الإشعارات الفورية للمعاملات.,منجز,متوسطة
REQ-000126,2025-11-06,البوابة الإلكترونية,طلب معرفة الإجراءات اللازمة لتجديد الترخيص التجاري.,قيد المعالجة,عالية
REQ-000127,2025-06-07,البوابة الإلكترونية,اقتراح إضافة خدمة الدفع الإلكتروني لتسهيل المعاملات.,قيد المعالجة,منخفضة
REQ-000128,2025-04-01,البوابة الإلكترونية,طلب تقرير طبي يخص ابني القاصر لاستكمال المعاملة، هويتي 1362640334.,مفتوح,عالية
REQ-000129,2025-05-17,مركز الاتصال,طلب إعفاء بسبب ظرف خاص ووضع مالي صعب، يمكن التواصل على +966538391378.,مغلق,عالية
REQ-000130,2025-04-04,البريد الإلكتروني,طلب نسخة إلكترونية من شهادة إتمام معاملة.,قيد المعالجة,متوسطة
REQ-000131,2026-01-04,البريد الإلكتروني,طلب معلومات عن الخدمات المتاحة للمقيمين.,مغلق,متوسطة
REQ-000132,2025-02-25,البريد الإلكتروني,استفسار عن قنوات التواصل مع فريق الدعم الفني.,قيد المعالجة,عالية
REQ-000133,2025-02-04,تطبيق الجوال,طلب معرفة الإجراءات اللازمة لتجديد الترخيص التجاري.,منجز,متوسطة
REQ-000134,2024-12-28,الزيارة الميدانية,طلب تقرير طبي يخص ابني القاصر لاستكمال المعاملة، هويتي 1363980671.,قيد المعالجة,منخفضة
REQ-000135,2025-12-05,الزيارة الميدانية,أحتاج مساعدة في استرداد مبلغ مالي تم خصمه خطأً من حسابي SA1481556501382657462688.,معلق,منخفضة
REQ-000136,2026-05-02,مركز الاتصال,سؤال عن مدة معالجة طلبات إصدار الشهادات.,منجز,عالية
REQ-000137,2025-01-29,مركز الاتصال,طلب نموذج تفويض موقع لإنجاز المعاملات نيابةً.,معلق,متوسطة
REQ-000138,2025-10-23,تطبيق الجوال,سؤال عن كيفية متابعة حالة الطلب المقدم عبر البوابة.,قيد المعالجة,منخفضة
REQ-000139,2024-12-25,تطبيق الجوال,استفسار عن خطوات الاعتراض على قرار إداري.,مفتوح,عالية
REQ-000140,2025-03-10,تطبيق الجوال,شكوى بخصوص فاتورة خاطئة تجاوزت راتبي الشهري، رقم الحساب SA8684810712476501134223.,مفتوح,متوسطة
REQ-000141,2026-01-07,البريد الإلكتروني,شكوى عن بطء الخدمة الإلكترونية في الموقع الرسمي.,مفتوح,منخفضة
REQ-000142,2026-05-23,تطبيق الجوال,استفسار عن قنوات التواصل مع فريق الدعم الفني.,منجز,عالية
REQ-000143,2025-10-29,البريد الإلكتروني,شكوى بخصوص فاتورة خاطئة تجاوزت راتبي الشهري، رقم الحساب SA6627604199936852683638.,مفتوح,متوسطة
REQ-000144,2025-04-08,مركز الاتصال,طلب معرفة الإجراءات اللازمة لتجديد الترخيص التجاري.,معلق,منخفضة
REQ-000145,2025-02-07,تطبيق الجوال,اقتراح إضافة خدمة الدفع الإلكتروني لتسهيل المعاملات.,منجز,متوسطة
REQ-000146,2025-12-23,البريد الإلكتروني,طلب نسخة إلكترونية من شهادة إتمام معاملة.,قيد المعالجة,متوسطة
REQ-000147,2026-02-09,البوابة الإلكترونية,أريد الاستعلام عن دعم الضمان الاجتماعي بناءً على وضعي المالي، جوالي +966561381216.,معلق,متوسطة
REQ-000148,2025-01-14,البوابة الإلكترونية,اقتراح إضافة خدمة الدفع الإلكتروني لتسهيل المعاملات.,منجز,عالية
REQ-000149,2026-04-18,مركز الاتصال,طلب توضيح حول رسوم الخدمة المعلنة.,منجز,عالية
REQ-000150,2026-04-01,الزيارة الميدانية,اقتراح إضافة خدمة الدفع الإلكتروني لتسهيل المعاملات.,منجز,منخفضة
REQ-000151,2025-03-18,تطبيق الجوال,طلب توضيح حول رسوم الخدمة المعلنة.,مفتوح,منخفضة
REQ-000152,2025-08-06,مركز الاتصال,طلب منح بطاقة ذوي الإعاقة لطفلي، رقم ولايتي 1458308325.,معلق,عالية
REQ-000153,2025-03-29,البوابة الإلكترونية,أستفسر عن كيفية اسـترداد دعم الإيجار، رقم هويتي الوطنية 1488368018.,قيد المعالجة,متوسطة
REQ-000154,2025-12-23,مركز الاتصال,استفسار عن خطوات الاعتراض على قرار إداري.,قيد المعالجة,منخفضة
REQ-000155,2026-06-01,الزيارة الميدانية,أعاني من حالة صحية مزمنة وأطلب إعفاءً من الرسوم، رقم هويتي 1670017357.,منجز,عالية
REQ-000156,2025-11-04,الزيارة الميدانية,شكوى عن صعوبة التنقل بين صفحات الموقع الرسمي.,منجز,متوسطة
REQ-000157,2025-01-27,الزيارة الميدانية,تقديم شكوى بسبب تسريب بياناتي الشخصية من قِبل أحد الموظفين، هويتي 1860138732.,مغلق,متوسطة
REQ-000158,2025-06-14,مركز الاتصال,طلب تحديث رقم الجوال المسجل في الأنظمة.,قيد المعالجة,منخفضة
REQ-000159,2025-05-31,البريد الإلكتروني,طلب نسخة إلكترونية من شهادة إتمام معاملة.,مغلق,عالية
REQ-000160,2025-01-19,البوابة الإلكترونية,طلب صرف تعويض بسبب حادثة عمل ولديّ تقرير طبي، يمكن مراسلتي على +966526121674.,مغلق,عالية
REQ-000161,2025-07-27,البوابة الإلكترونية,طلب توضيح حول رسوم الخدمة المعلنة.,مغلق,متوسطة
REQ-000162,2025-06-18,تطبيق الجوال,طلب معلومات عن الخدمات المتاحة للمقيمين.,مغلق,متوسطة
REQ-000163,2025-08-02,البوابة الإلكترونية,أستفسر عن كيفية اسـترداد دعم الإيجار، رقم هويتي الوطنية 1648623401.,قيد المعالجة,عالية
REQ-000164,2025-08-17,البوابة الإلكترونية,طلب دليل المستخدم الخاص بمنظومة الخدمات الإلكترونية.,مفتوح,عالية
REQ-000165,2025-01-14,الزيارة الميدانية,استفسار عن الوثائق المطلوبة لاستخراج وثيقة رسمية.,مفتوح,عالية
REQ-000166,2026-05-08,تطبيق الجوال,استفسار عن الوثائق المطلوبة لاستخراج وثيقة رسمية.,معلق,منخفضة
REQ-000167,2025-01-03,البوابة الإلكترونية,الاستعلام عن طلب دعم السكن المقدم منذ فترة، هويتي 1527995912.,منجز,متوسطة
REQ-000168,2026-05-09,الزيارة الميدانية,الاستعلام عن طلب دعم السكن المقدم منذ فترة، هويتي 1415907912.,معلق,متوسطة
REQ-000169,2025-03-10,الزيارة الميدانية,شكوى بخصوص فاتورة خاطئة تجاوزت راتبي الشهري، رقم الحساب SA9091026531761999248812.,مغلق,متوسطة
REQ-000170,2025-10-01,تطبيق الجوال,طلب نموذج تفويض موقع لإنجاز المعاملات نيابةً.,قيد المعالجة,عالية
REQ-000171,2025-03-27,مركز الاتصال,سؤال عن مدة معالجة طلبات إصدار الشهادات.,منجز,عالية
REQ-000172,2025-03-24,الزيارة الميدانية,اقتراح إضافة خدمة الدفع الإلكتروني لتسهيل المعاملات.,معلق,منخفضة
REQ-000173,2025-10-27,البوابة الإلكترونية,طلب معرفة الإجراءات اللازمة لتجديد الترخيص التجاري.,منجز,عالية
REQ-000174,2025-02-13,البريد الإلكتروني,أرغب في الاستفسار عن ملفي الصحي، رقم السجل الطبي الخاص بي 1990581264.,مفتوح,عالية
REQ-000175,2025-06-29,البوابة الإلكترونية,أعاني من حالة صحية مزمنة وأطلب إعفاءً من الرسوم، رقم هويتي 1653782894.,مغلق,متوسطة
REQ-000176,2025-06-15,مركز الاتصال,طلب إرشادات للتسجيل في بوابة الخدمات الحكومية.,مغلق,متوسطة
REQ-000177,2025-01-06,البوابة الإلكترونية,استفسار عن الخدمات الرقمية المتاحة على التطبيق الرسمي.,مغلق,عالية
REQ-000178,2026-04-21,الزيارة الميدانية,أعاني من حالة صحية مزمنة وأطلب إعفاءً من الرسوم، رقم هويتي 1739775516.,معلق,منخفضة
REQ-000179,2025-06-06,مركز الاتصال,طلب توضيح حول رسوم الخدمة المعلنة.,قيد المعالجة,متوسطة
REQ-000180,2025-07-30,البريد الإلكتروني,طلب تقرير طبي يخص ابني القاصر لاستكمال المعاملة، هويتي 1679213981.,قيد المعالجة,منخفضة
REQ-000181,2025-06-27,البريد الإلكتروني,سؤال عن كيفية متابعة حالة الطلب المقدم عبر البوابة.,مغلق,منخفضة
REQ-000182,2026-02-24,البوابة الإلكترونية,سؤال عن مدة معالجة طلبات إصدار الشهادات.,قيد المعالجة,متوسطة
REQ-000183,2025-01-22,البريد الإلكتروني,الرجاء مراجعة ملف طعني لأنني معاق ويصعب عليّ الحضور الشخصي، هويتي 1391808050.,معلق,منخفضة
REQ-000184,2026-03-28,مركز الاتصال,استفسار عن قنوات التواصل مع فريق الدعم الفني.,مفتوح,متوسطة
REQ-000185,2026-03-26,البريد الإلكتروني,طلب تعديل بيانات الراتب في السجل بسبب خطأ محاسبي، هويتي 1026322303.,مغلق,عالية
REQ-000186,2025-02-23,البريد الإلكتروني,شكوى ضد موظف مع إرفاق اسمي الكامل ورقم هويتي 1633461569.,مفتوح,متوسطة
REQ-000187,2025-12-06,البوابة الإلكترونية,سؤال عن خطوات حجز موعد في الفرع.,قيد المعالجة,عالية
REQ-000188,2025-10-08,البوابة الإلكترونية,طلب دليل المستخدم الخاص بمنظومة الخدمات الإلكترونية.,مغلق,منخفضة
REQ-000189,2026-04-16,البوابة الإلكترونية,الرجاء مراجعة ملف طعني لأنني معاق ويصعب عليّ الحضور الشخصي، هويتي 1220878225.,منجز,متوسطة
REQ-000190,2025-09-08,البريد الإلكتروني,طلب تقرير طبي يخص ابني القاصر لاستكمال المعاملة، هويتي 1180861203.,مغلق,منخفضة
REQ-000191,2026-01-30,البوابة الإلكترونية,طلب إنهاء إجراءات الحصول على معاش التقاعد المبكر، هويتي 1494845314.,قيد المعالجة,متوسطة
REQ-000192,2026-05-28,تطبيق الجوال,سؤال عن خطوات حجز موعد في الفرع.,معلق,عالية
REQ-000193,2025-07-15,البريد الإلكتروني,طلب إرشادات للتسجيل في بوابة الخدمات الحكومية.,قيد المعالجة,عالية
REQ-000194,2026-03-20,البريد الإلكتروني,استفسار عن الوثائق المطلوبة لاستخراج وثيقة رسمية.,قيد المعالجة,متوسطة
REQ-000195,2025-02-22,مركز الاتصال,طلب نسخة من نظام الاستئناف المتاح للمستفيدين.,مغلق,متوسطة
REQ-000196,2025-03-31,الزيارة الميدانية,أريد الاستعلام عن دعم الضمان الاجتماعي بناءً على وضعي المالي، جوالي +966507055730.,معلق,عالية
REQ-000197,2025-02-16,تطبيق الجوال,تقديم طلب لاستثناء خاص نظراً لوجود مرض مزمن مثبت طبياً، جوالي +966572952186.,قيد المعالجة,عالية
REQ-000198,2025-07-11,البريد الإلكتروني,الرجاء مراجعة ملف طعني لأنني معاق ويصعب عليّ الحضور الشخصي، هويتي 1640751093.,منجز,عالية
REQ-000199,2026-02-13,البريد الإلكتروني,طلب الحصول على شهادة من الجهة تثبت تسجيل المنشأة.,قيد المعالجة,عالية
REQ-000200,2025-12-10,مركز الاتصال,طلب إعفاء بسبب ظرف خاص ووضع مالي صعب، يمكن التواصل على +966545871101.,منجز,منخفضة
REQ-000201,2025-05-07,تطبيق الجوال,,مفتوح,متوسطة
REQ-000202,2025-07-21,مركز الاتصال,طلب منح بطاقة ذوي الإعاقة لطفلي، رقم ولايتي 1172484345.,معلق,منخفضة
REQ-000203,2026-02-01,البريد الإلكتروني,أعاني من حالة صحية مزمنة وأطلب إعفاءً من الرسوم، رقم هويتي 1263410472.,منجز,متوسطة
REQ-000204,2025-02-09,البوابة الإلكترونية,طلب إرشادات للتسجيل في بوابة الخدمات الحكومية.,معلق,متوسطة
REQ-000205,2025-01-15,البريد الإلكتروني,طلب إنهاء إجراءات الحصول على معاش التقاعد المبكر، هويتي 1023458563.,مغلق,متوسطة
REQ-000206,2026-04-03,الزيارة الميدانية,طلب نسخة إلكترونية من شهادة إتمام معاملة.,معلق,منخفضة
REQ-000207,2025-09-28,مركز الاتصال,طلب الحصول على شهادة من الجهة تثبت تسجيل المنشأة.,معلق,متوسطة
REQ-000208,2025-10-02,البريد الإلكتروني,أواجه ضائقة مالية ولا أستطيع سداد المخالفة، حسابي البنكي SA7598605328588272044083.,قيد المعالجة,متوسطة
REQ-000209,2025-12-17,البوابة الإلكترونية,استفسار عن خطوات الاعتراض على قرار إداري.,قيد المعالجة,متوسطة
REQ-000210,2025-04-05,الزيارة الميدانية,استفسار عن إمكانية تحديث بيانات التواصل بشكل إلكتروني.,قيد المعالجة,عالية
REQ-000211,2025-01-26,تطبيق الجوال,تقديم طلب لاستثناء خاص نظراً لوجود مرض مزمن مثبت طبياً، جوالي +966595853158.,مفتوح,متوسطة
REQ-000212,2025-09-11,البوابة الإلكترونية,أرجو تحديث بياناتي الشخصية، هويتي 1433405808 وجوالي +966552721639.,مفتوح,عالية
REQ-000213,2025-12-12,الزيارة الميدانية,أواجه ضائقة مالية ولا أستطيع سداد المخالفة، حسابي البنكي SA0378439874150745031875.,معلق,متوسطة
REQ-000214,2025-05-25,البوابة الإلكترونية,طلب تصحيح بيانات الاستقطاعات من الراتب الأساسي SA7953601953476502256559.,مغلق,متوسطة
REQ-000215,2024-12-25,تطبيق الجوال,طلب نموذج تفويض موقع لإنجاز المعاملات نيابةً.,قيد المعالجة,متوسطة
REQ-000216,2024-12-29,تطبيق الجوال,طلب صرف تعويض بسبب حادثة عمل ولديّ تقرير طبي، يمكن مراسلتي على +966550790184.,مفتوح,متوسطة
REQ-000217,2026-01-22,البوابة الإلكترونية,اقتراح بتحسين تجربة الموقع الإلكتروني.,معلق,عالية
REQ-000218,2025-11-11,تطبيق الجوال,طلب تحديث رقم الجوال المسجل في الأنظمة.,معلق,متوسطة
REQ-000219,2026-06-14,الزيارة الميدانية,اقتراح بتحسين تجربة الموقع الإلكتروني.,قيد المعالجة,متوسطة
REQ-000220,2026-05-26,مركز الاتصال,استفسار عن الوثائق المطلوبة لاستخراج وثيقة رسمية.,قيد المعالجة,عالية
REQ-000221,2025-01-09,الزيارة الميدانية,طلب تصحيح بيانات الاستقطاعات من الراتب الأساسي SA0427634894975703209031.,قيد المعالجة,متوسطة
REQ-000222,2025-10-25,مركز الاتصال,استفسار عن قنوات التواصل مع فريق الدعم الفني.,مفتوح,متوسطة
REQ-000223,2025-08-03,البوابة الإلكترونية,طلب معلومات عن الخدمات المتاحة للمقيمين.,مفتوح,منخفضة
REQ-000224,2025-06-09,مركز الاتصال,أريد الاستعلام عن دعم الضمان الاجتماعي بناءً على وضعي المالي، جوالي +966561934307.,قيد المعالجة,منخفضة
REQ-000225,2026-04-01,الزيارة الميدانية,اقتراح بتحسين تجربة الموقع الإلكتروني.,معلق,منخفضة
REQ-000226,2025-01-19,تطبيق الجوال,الاستعلام عن طلب دعم السكن المقدم منذ فترة، هويتي 1119038428.,مغلق,متوسطة
REQ-000227,2025-07-18,مركز الاتصال,طلب منح بطاقة ذوي الإعاقة لطفلي، رقم ولايتي 1951783123.,مفتوح,متوسطة
REQ-000228,2025-05-21,مركز الاتصال,طلب تقرير طبي يخص ابني القاصر لاستكمال المعاملة، هويتي 1698807128.,قيد المعالجة,منخفضة
REQ-000229,2025-11-12,البوابة الإلكترونية,طلب صرف تعويض بسبب حادثة عمل ولديّ تقرير طبي، يمكن مراسلتي على +966522678130.,منجز,عالية
REQ-000230,2026-02-11,الزيارة الميدانية,أستفسر عن كيفية اسـترداد دعم الإيجار، رقم هويتي الوطنية 1382961538.,مفتوح,متوسطة
REQ-000231,2025-08-02,مركز الاتصال,تقديم شكوى بسبب تسريب بياناتي الشخصية من قِبل أحد الموظفين، هويتي 1532754163.,قيد المعالجة,متوسطة
REQ-000232,2025-08-03,البوابة الإلكترونية,الاستعلام عن طلب دعم السكن المقدم منذ فترة، هويتي 1071269052.,معلق,متوسطة
REQ-000233,2024-12-22,البوابة الإلكترونية,طلب نموذج تفويض موقع لإنجاز المعاملات نيابةً.,معلق,عالية
REQ-000234,2024-12-22,البريد الإلكتروني,طلب إنهاء إجراءات الحصول على معاش التقاعد المبكر، هويتي 1256458769.,مفتوح,منخفضة
REQ-000235,2026-01-11,تطبيق الجوال,طلب توضيح حول رسوم الخدمة المعلنة.,قيد المعالجة,متوسطة
REQ-000236,2025-08-24,مركز الاتصال,أحتاج مساعدة في استرداد مبلغ مالي تم خصمه خطأً من حسابي SA4583318952043316717322.,مفتوح,منخفضة
REQ-000237,2026-06-20,مركز الاتصال,سؤال عن مدة معالجة طلبات إصدار الشهادات.,مفتوح,متوسطة
REQ-000238,2026-05-19,البوابة الإلكترونية,سؤال عن خطوات حجز موعد في الفرع.,مغلق,عالية
REQ-000239,2025-10-26,تطبيق الجوال,طلب إنهاء إجراءات الحصول على معاش التقاعد المبكر، هويتي 1903753158.,منجز,منخفضة
REQ-000240,2025-10-19,مركز الاتصال,استفسار عن أوقات العمل الرسمية للفرع.,مغلق,متوسطة
REQ-000241,2025-05-23,البوابة الإلكترونية,استفسار عن إمكانية تحديث بيانات التواصل بشكل إلكتروني.,مفتوح,متوسطة
REQ-000242,2026-04-02,البريد الإلكتروني,طلب توضيح حول رسوم الخدمة المعلنة.,مفتوح,منخفضة
REQ-000243,2026-06-06,الزيارة الميدانية,اقتراح بتحسين تجربة الموقع الإلكتروني.,مفتوح,منخفضة
REQ-000244,2026-05-28,مركز الاتصال,أرغب في الاستفسار عن ملفي الصحي، رقم السجل الطبي الخاص بي 1866118332.,قيد المعالجة,عالية
REQ-000245,2026-02-22,البريد الإلكتروني,استفسار عن قنوات التواصل مع فريق الدعم الفني.,مغلق,عالية
REQ-000246,2026-02-01,الزيارة الميدانية,طلب تصحيح بيانات الاستقطاعات من الراتب الأساسي SA4340993248042123691291.,منجز,متوسطة
REQ-000247,2025-11-25,البريد الإلكتروني,أريد الاستعلام عن دعم الضمان الاجتماعي بناءً على وضعي المالي، جوالي +966514741307.,قيد المعالجة,منخفضة
REQ-000248,2025-02-27,تطبيق الجوال,طلب نموذج تفويض موقع لإنجاز المعاملات نيابةً.,معلق,متوسطة
REQ-000249,2025-02-22,البريد الإلكتروني,طلب إعفاء بسبب ظرف خاص ووضع مالي صعب، يمكن التواصل على +966508106007.,مفتوح,منخفضة
REQ-000250,2026-03-05,البوابة الإلكترونية,اقتراح تفعيل خاصية الإشعارات الفورية للمعاملات.,منجز,عالية
REQ-000251,2025-12-09,تطبيق الجوال,طلب تحديث رقم الجوال المسجل في الأنظمة.,منجز,متوسطة
REQ-000252,2026-01-11,البوابة الإلكترونية,طلب نموذج تفويض موقع لإنجاز المعاملات نيابةً.,مفتوح,منخفضة
REQ-000253,2025-09-15,البريد الإلكتروني,طلب نسخة من نظام الاستئناف المتاح للمستفيدين.,مفتوح,عالية
REQ-000254,2025-03-08,تطبيق الجوال,أريد الاستعلام عن دعم الضمان الاجتماعي بناءً على وضعي المالي، جوالي +966501708526.,قيد المعالجة,عالية
REQ-000255,2026-03-30,البوابة الإلكترونية,استفسار عن الوثائق المطلوبة لاستخراج وثيقة رسمية.,منجز,متوسطة
REQ-000256,2025-04-17,البوابة الإلكترونية,أواجه ضائقة مالية ولا أستطيع سداد المخالفة، حسابي البنكي SA2627811930063557573902.,معلق,عالية
REQ-000257,2025-08-23,البوابة الإلكترونية,طلب إرشادات للتسجيل في بوابة الخدمات الحكومية.,مفتوح,عالية
REQ-000258,2025-04-25,البوابة الإلكترونية,استفسار عن موعد تجديد رخصة القيادة.,معلق,عالية
REQ-000259,2025-02-15,البوابة الإلكترونية,طلب صرف تعويض بسبب حادثة عمل ولديّ تقرير طبي، يمكن مراسلتي على +966516471116.,منجز,منخفضة
REQ-000260,2025-10-30,البوابة الإلكترونية,طلب إنهاء إجراءات الحصول على معاش التقاعد المبكر، هويتي 1895217782.,قيد المعالجة,منخفضة
REQ-000261,2026-06-07,الزيارة الميدانية,الرجاء مراجعة ملف طعني لأنني معاق ويصعب عليّ الحضور الشخصي، هويتي 1946531819.,مفتوح,عالية
REQ-000262,2026-04-15,تطبيق الجوال,طلب منح بطاقة ذوي الإعاقة لطفلي، رقم ولايتي 1819270974.,منجز,منخفضة
REQ-000263,2025-06-25,البريد الإلكتروني,طلب دليل المستخدم الخاص بمنظومة الخدمات الإلكترونية.,منجز,متوسطة
REQ-000264,2025-08-05,تطبيق الجوال,طلب تقرير طبي يخص ابني القاصر لاستكمال المعاملة، هويتي 1571608064.,مغلق,منخفضة
REQ-000265,2026-06-01,البوابة الإلكترونية,طلب الحصول على شهادة من الجهة تثبت تسجيل المنشأة.,مغلق,متوسطة
REQ-000266,2025-06-21,تطبيق الجوال,أحتاج مساعدة في استرداد مبلغ مالي تم خصمه خطأً من حسابي SA9117597158971375686007.,منجز,منخفضة
REQ-000267,2025-08-11,الزيارة الميدانية,استفسار عن الخدمات الرقمية المتاحة على التطبيق الرسمي.,مغلق,منخفضة
REQ-000268,2026-06-16,تطبيق الجوال,شكوى عن بطء الخدمة الإلكترونية في الموقع الرسمي.,مغلق,عالية
REQ-000269,2025-12-30,البوابة الإلكترونية,طلب نموذج تفويض موقع لإنجاز المعاملات نيابةً.,مغلق,منخفضة
REQ-000270,2026-04-14,البريد الإلكتروني,سؤال عن مدة معالجة طلبات إصدار الشهادات.,معلق,منخفضة
REQ-000271,2026-06-05,الزيارة الميدانية,طلب نموذج تفويض موقع لإنجاز المعاملات نيابةً.,مغلق,منخفضة
REQ-000272,2026-05-03,البريد الإلكتروني,شكوى بخصوص فاتورة خاطئة تجاوزت راتبي الشهري، رقم الحساب SA3190132403573017006982.,قيد المعالجة,متوسطة
REQ-000273,2025-10-04,تطبيق الجوال,شكوى عن صعوبة التنقل بين صفحات الموقع الرسمي.,مغلق,متوسطة
REQ-000274,2025-09-13,تطبيق الجوال,استفسار عن إمكانية تحديث بيانات التواصل بشكل إلكتروني.,منجز,متوسطة
REQ-000275,2024-12-20,مركز الاتصال,طلب دليل المستخدم الخاص بمنظومة الخدمات الإلكترونية.,معلق,متوسطة
REQ-000276,2026-03-15,البريد الإلكتروني,طلب تقرير طبي يخص ابني القاصر لاستكمال المعاملة، هويتي 1875277699.,منجز,عالية
REQ-000277,2025-11-11,البوابة الإلكترونية,طلب إنهاء إجراءات الحصول على معاش التقاعد المبكر، هويتي 1822328959.,معلق,عالية
REQ-000278,2025-06-14,تطبيق الجوال,أستفسر عن كيفية اسـترداد دعم الإيجار، رقم هويتي الوطنية 1480233285.,مفتوح,متوسطة
REQ-000279,2026-03-29,الزيارة الميدانية,طلب إرشادات للتسجيل في بوابة الخدمات الحكومية.,معلق,عالية
REQ-000280,2025-04-30,الزيارة الميدانية,طلب إرشادات للتسجيل في بوابة الخدمات الحكومية.,منجز,عالية
REQ-000281,2025-10-31,البوابة الإلكترونية,استفسار عن قنوات التواصل مع فريق الدعم الفني.,منجز,متوسطة
REQ-000282,2025-06-03,البريد الإلكتروني,طلب نسخة من نظام الاستئناف المتاح للمستفيدين.,منجز,عالية
REQ-000283,2025-07-21,البريد الإلكتروني,طلب الحصول على شهادة من الجهة تثبت تسجيل المنشأة.,مغلق,متوسطة
REQ-000284,2025-07-09,مركز الاتصال,الرجاء مراجعة ملف طعني لأنني معاق ويصعب عليّ الحضور الشخصي، هويتي 1649605696.,قيد المعالجة,متوسطة
REQ-000285,2025-12-29,البريد الإلكتروني,طلب تحديث رقم الجوال المسجل في الأنظمة.,قيد المعالجة,عالية
REQ-000286,2025-07-10,البوابة الإلكترونية,سؤال عن كيفية متابعة حالة الطلب المقدم عبر البوابة.,معلق,منخفضة
REQ-000287,2026-02-11,الزيارة الميدانية,أعاني من حالة صحية مزمنة وأطلب إعفاءً من الرسوم، رقم هويتي 1629244235.,مغلق,عالية
REQ-000288,2025-01-30,مركز الاتصال,استفسار عن الخدمات الرقمية المتاحة على التطبيق الرسمي.,مفتوح,متوسطة
REQ-000289,2025-12-30,البريد الإلكتروني,أرغب في الاستفسار عن ملفي الصحي، رقم السجل الطبي الخاص بي 1685571554.,معلق,عالية
REQ-000290,2025-09-09,مركز الاتصال,شكوى بخصوص فاتورة خاطئة تجاوزت راتبي الشهري، رقم الحساب SA8358602920781081983719.,مغلق,عالية
REQ-000291,2025-03-01,مركز الاتصال,طلب إعفاء بسبب ظرف خاص ووضع مالي صعب، يمكن التواصل على +966562626605.,معلق,متوسطة
REQ-000292,2025-06-22,الزيارة الميدانية,طلب دليل المستخدم الخاص بمنظومة الخدمات الإلكترونية.,مغلق,منخفضة
REQ-000293,2026-01-21,تطبيق الجوال,شكوى ضد موظف مع إرفاق اسمي الكامل ورقم هويتي 1895447025.,قيد المعالجة,متوسطة
REQ-000294,2025-02-14,تطبيق الجوال,طلب تقرير طبي يخص ابني القاصر لاستكمال المعاملة، هويتي 1865889164.,مغلق,عالية
REQ-000295,2026-04-30,البريد الإلكتروني,شكوى عن بطء الخدمة الإلكترونية في الموقع الرسمي.,منجز,متوسطة
REQ-000296,2025-04-06,تطبيق الجوال,سؤال عن مدة معالجة طلبات إصدار الشهادات.,مغلق,منخفضة
REQ-000297,2026-05-25,مركز الاتصال,اقتراح بتحسين تجربة الموقع الإلكتروني.,مفتوح,منخفضة
REQ-000298,2025-12-19,الزيارة الميدانية,تقديم طلب لاستثناء خاص نظراً لوجود مرض مزمن مثبت طبياً، جوالي +966591218141.,منجز,متوسطة
REQ-000299,2025-11-05,مركز الاتصال,سؤال عن مدة معالجة طلبات إصدار الشهادات.,مغلق,عالية
REQ-000300,2025-04-20,البوابة الإلكترونية,أعاني من حالة صحية مزمنة وأطلب إعفاءً من الرسوم، رقم هويتي 1013455819.,مفتوح,عالية
REQ-000301,2025-03-07,تطبيق الجوال,أعاني من حالة صحية مزمنة وأطلب إعفاءً من الرسوم، رقم هويتي 1809412479.,منجز,منخفضة
REQ-000302,2025-11-10,الزيارة الميدانية,طلب معلومات عن الخدمات المتاحة للمقيمين.,منجز,متوسطة
REQ-000303,2025-06-19,تطبيق الجوال,طلب نسخة إلكترونية من شهادة إتمام معاملة.,مفتوح,منخفضة
REQ-000304,2025-11-03,البريد الإلكتروني,اقتراح تفعيل خاصية الإشعارات الفورية للمعاملات.,مفتوح,عالية
REQ-000305,2025-06-25,البوابة الإلكترونية,سؤال عن مدة معالجة طلبات إصدار الشهادات.,منجز,عالية
REQ-000306,2026-06-05,البوابة الإلكترونية,طلب نسخة من نظام الاستئناف المتاح للمستفيدين.,معلق,عالية
REQ-000307,2025-05-08,مركز الاتصال,طلب توضيح حول رسوم الخدمة المعلنة.,قيد المعالجة,عالية
REQ-000308,2025-03-18,البوابة الإلكترونية,سؤال عن مدة معالجة طلبات إصدار الشهادات.,قيد المعالجة,منخفضة
REQ-000309,2026-04-29,مركز الاتصال,طلب تقرير طبي يخص ابني القاصر لاستكمال المعاملة، هويتي 1491240873.,مغلق,منخفضة
REQ-000310,2025-12-11,البريد الإلكتروني,أستفسر عن كيفية اسـترداد دعم الإيجار، رقم هويتي الوطنية 1494447277.,معلق,عالية
REQ-000311,2026-06-02,مركز الاتصال,الرجاء مراجعة ملف طعني لأنني معاق ويصعب عليّ الحضور الشخصي، هويتي 1355002013.,مغلق,عالية
REQ-000312,2025-05-12,البوابة الإلكترونية,أحتاج مساعدة في استرداد مبلغ مالي تم خصمه خطأً من حسابي SA5613060841883441097964.,مفتوح,متوسطة
REQ-000313,2025-09-29,تطبيق الجوال,اقتراح إضافة خدمة الدفع الإلكتروني لتسهيل المعاملات.,مفتوح,منخفضة
REQ-000314,2026-02-20,الزيارة الميدانية,استفسار عن إمكانية تحديث بيانات التواصل بشكل إلكتروني.,معلق,عالية
REQ-000315,2025-05-03,مركز الاتصال,استفسار عن أوقات العمل الرسمية للفرع.,منجز,منخفضة
REQ-000316,2025-01-17,البريد الإلكتروني,تقديم طلب لاستثناء خاص نظراً لوجود مرض مزمن مثبت طبياً، جوالي +966559262102.,قيد المعالجة,عالية
REQ-000317,2026-02-12,تطبيق الجوال,طلب نموذج تفويض موقع لإنجاز المعاملات نيابةً.,معلق,متوسطة
REQ-000318,2025-04-18,تطبيق الجوال,طلب الحصول على شهادة من الجهة تثبت تسجيل المنشأة.,منجز,متوسطة
REQ-000319,2025-02-02,الزيارة الميدانية,استفسار عن الوثائق المطلوبة لاستخراج وثيقة رسمية.,منجز,عالية
REQ-000320,2025-01-26,البريد الإلكتروني,استفسار عن موعد تجديد رخصة القيادة.,قيد المعالجة,منخفضة
REQ-000321,2025-06-24,الزيارة الميدانية,سؤال عن مدة معالجة طلبات إصدار الشهادات.,معلق,متوسطة
REQ-000322,2025-02-04,البريد الإلكتروني,طلب إعفاء بسبب ظرف خاص ووضع مالي صعب، يمكن التواصل على +966569394882.,قيد المعالجة,متوسطة
REQ-000323,2026-04-09,البوابة الإلكترونية,الاستعلام عن طلب دعم السكن المقدم منذ فترة، هويتي 1414351286.,مفتوح,عالية
REQ-000324,2025-03-06,البريد الإلكتروني,استفسار عن قنوات التواصل مع فريق الدعم الفني.,قيد المعالجة,متوسطة
REQ-000325,2025-09-25,الزيارة الميدانية,طلب إرشادات للتسجيل في بوابة الخدمات الحكومية.,مغلق,عالية
REQ-000326,2025-08-18,تطبيق الجوال,طلب منح بطاقة ذوي الإعاقة لطفلي، رقم ولايتي 1858608837.,مغلق,عالية
REQ-000327,2026-01-27,البريد الإلكتروني,طلب تقرير طبي يخص ابني القاصر لاستكمال المعاملة، هويتي 1164903732.,قيد المعالجة,متوسطة
REQ-000328,2025-02-01,مركز الاتصال,طلب نسخة من نظام الاستئناف المتاح للمستفيدين.,منجز,متوسطة
REQ-000329,2025-07-22,مركز الاتصال,استفسار عن إمكانية تحديث بيانات التواصل بشكل إلكتروني.,مفتوح,عالية
REQ-000330,2026-02-16,تطبيق الجوال,شكوى عن صعوبة التنقل بين صفحات الموقع الرسمي.,مفتوح,متوسطة
REQ-000331,2026-01-07,البوابة الإلكترونية,شكوى بخصوص فاتورة خاطئة تجاوزت راتبي الشهري، رقم الحساب SA4935611081998148497652.,مغلق,عالية
REQ-000332,2025-04-11,البريد الإلكتروني,طلب نموذج تفويض موقع لإنجاز المعاملات نيابةً.,قيد المعالجة,عالية
REQ-000333,2025-07-07,الزيارة الميدانية,أرغب في الاستفسار عن ملفي الصحي، رقم السجل الطبي الخاص بي 1451706632.,مغلق,منخفضة
REQ-000334,2024-12-31,البريد الإلكتروني,استفسار عن أوقات العمل الرسمية للفرع.,معلق,منخفضة
REQ-000335,2025-07-01,تطبيق الجوال,طلب تعديل بيانات الراتب في السجل بسبب خطأ محاسبي، هويتي 1736934629.,مغلق,عالية
REQ-000336,2026-03-11,تطبيق الجوال,تقديم طلب لاستثناء خاص نظراً لوجود مرض مزمن مثبت طبياً، جوالي +966539591302.,قيد المعالجة,منخفضة
REQ-000337,2025-08-07,مركز الاتصال,طلب دليل المستخدم الخاص بمنظومة الخدمات الإلكترونية.,مغلق,منخفضة
REQ-000338,2025-05-12,البريد الإلكتروني,شكوى عن بطء الخدمة الإلكترونية في الموقع الرسمي.,مغلق,عالية
REQ-000339,2026-02-28,الزيارة الميدانية,أريد الاستعلام عن دعم الضمان الاجتماعي بناءً على وضعي المالي، جوالي +966507271287.,Open,متوسطة
REQ-000340,2025-12-21,البريد الإلكتروني,أحتاج مساعدة في استرداد مبلغ مالي تم خصمه خطأً من حسابي SA5409950564898550815506.,منجز,عالية
REQ-000341,2025-04-14,تطبيق الجوال,طلب نسخة من نظام الاستئناف المتاح للمستفيدين.,مفتوح,منخفضة
REQ-000342,2026-04-17,تطبيق الجوال,استفسار عن الوثائق المطلوبة لاستخراج وثيقة رسمية.,مغلق,عالية
REQ-000343,2025-11-09,الزيارة الميدانية,الاستعلام عن طلب دعم السكن المقدم منذ فترة، هويتي 1878954286.,مفتوح,متوسطة
REQ-000344,2026-04-04,تطبيق الجوال,تقديم شكوى بسبب تسريب بياناتي الشخصية من قِبل أحد الموظفين، هويتي 1016162586.,معلق,متوسطة
REQ-000345,2025-02-20,البوابة الإلكترونية,استفسار عن قنوات التواصل مع فريق الدعم الفني.,مغلق,متوسطة
REQ-000346,2026-01-03,مركز الاتصال,الاستعلام عن طلب دعم السكن المقدم منذ فترة، هويتي 1126224839.,مفتوح,عالية
REQ-000347,2025-01-05,الزيارة الميدانية,طلب معرفة الإجراءات اللازمة لتجديد الترخيص التجاري.,مغلق,متوسطة
REQ-000348,2025-09-04,مركز الاتصال,طلب تحديث رقم الجوال المسجل في الأنظمة.,قيد المعالجة,متوسطة
REQ-000349,2025-04-12,تطبيق الجوال,طلب تصحيح بيانات الاستقطاعات من الراتب الأساسي SA1591792984648955350944.,مغلق,متوسطة
REQ-000350,2026-01-10,البريد الإلكتروني,استفسار عن موعد تجديد رخصة القيادة.,مغلق,منخفضة
REQ-000351,2026-01-13,مركز الاتصال,أعاني من حالة صحية مزمنة وأطلب إعفاءً من الرسوم، رقم هويتي 1329248700.,قيد المعالجة,منخفضة
REQ-000352,2025-01-31,مركز الاتصال,سؤال عن كيفية متابعة حالة الطلب المقدم عبر البوابة.,مغلق,متوسطة
REQ-000353,2025-05-17,تطبيق الجوال,شكوى ضد موظف مع إرفاق اسمي الكامل ورقم هويتي 1706578356.,قيد المعالجة,منخفضة
REQ-000354,2025-10-24,البوابة الإلكترونية,سؤال عن كيفية متابعة حالة الطلب المقدم عبر البوابة.,معلق,منخفضة
REQ-000355,2026-06-11,تطبيق الجوال,شكوى عن بطء الخدمة الإلكترونية في الموقع الرسمي.,مفتوح,منخفضة
REQ-000356,2026-03-08,الزيارة الميدانية,شكوى عن بطء الخدمة الإلكترونية في الموقع الرسمي.,مغلق,متوسطة
REQ-000357,2025-06-28,تطبيق الجوال,أستفسر عن كيفية اسـترداد دعم الإيجار، رقم هويتي الوطنية 1604565836.,CLOSED,متوسطة
REQ-000358,2025-08-13,تطبيق الجوال,أعاني من حالة صحية مزمنة وأطلب إعفاءً من الرسوم، رقم هويتي 1202011589.,معلق,عالية
REQ-000359,2025-09-24,مركز الاتصال,طلب دليل المستخدم الخاص بمنظومة الخدمات الإلكترونية.,مغلق,عالية
REQ-000360,2025-04-18,تطبيق الجوال,طلب تقرير طبي يخص ابني القاصر لاستكمال المعاملة، هويتي 1440407102.,مغلق,منخفضة
REQ-000361,2025-11-10,مركز الاتصال,سؤال عن خطوات حجز موعد في الفرع.,منجز,عالية
REQ-000362,2026-06-14,البوابة الإلكترونية,اقتراح تفعيل خاصية الإشعارات الفورية للمعاملات.,مغلق,عالية
REQ-000363,2025-02-04,مركز الاتصال,أواجه ضائقة مالية ولا أستطيع سداد المخالفة، حسابي البنكي SA5928793432623657213439.,معلق,متوسطة
REQ-000364,2026-06-08,مركز الاتصال,طلب تعديل بيانات الراتب في السجل بسبب خطأ محاسبي، هويتي 1291108866.,مغلق,متوسطة
REQ-000365,2025-03-22,الزيارة الميدانية,استفسار عن إمكانية تحديث بيانات التواصل بشكل إلكتروني.,قيد المعالجة,عالية
REQ-000366,2025-08-15,مركز الاتصال,أرجو تحديث بياناتي الشخصية، هويتي 1486250085 وجوالي +966561470539.,مفتوح,متوسطة
REQ-000367,2026-03-06,البريد الإلكتروني,طلب معلومات عن الخدمات المتاحة للمقيمين.,قيد المعالجة,متوسطة
REQ-000368,2025-11-09,البريد الإلكتروني,أحتاج مساعدة في استرداد مبلغ مالي تم خصمه خطأً من حسابي SA8219702794165267313902.,معلق,متوسطة
REQ-000369,2025-01-31,مركز الاتصال,طلب معلومات عن الخدمات المتاحة للمقيمين.,مفتوح,عالية
REQ-000370,2026-04-25,البوابة الإلكترونية,طلب نموذج تفويض موقع لإنجاز المعاملات نيابةً.,قيد المعالجة,منخفضة
REQ-000371,2025-06-08,البريد الإلكتروني,استفسار عن إمكانية تحديث بيانات التواصل بشكل إلكتروني.,منجز,متوسطة
REQ-000372,2025-09-07,الزيارة الميدانية,طلب منح بطاقة ذوي الإعاقة لطفلي، رقم ولايتي 1880318025.,قيد المعالجة,متوسطة
REQ-000373,2025-08-16,الزيارة الميدانية,طلب تقرير طبي يخص ابني القاصر لاستكمال المعاملة، هويتي 1075875912.,مفتوح,عالية
REQ-000374,2025-03-20,البوابة الإلكترونية,طلب تحديث رقم الجوال المسجل في الأنظمة.,مفتوح,متوسطة
REQ-000375,2025-08-18,البوابة الإلكترونية,أرغب في الاستفسار عن ملفي الصحي، رقم السجل الطبي الخاص بي 1490440896.,معلق,متوسطة
REQ-000376,2025-03-29,الزيارة الميدانية,اقتراح بتحسين تجربة الموقع الإلكتروني.,قيد المعالجة,متوسطة
REQ-000377,2025-07-30,البوابة الإلكترونية,طلب نسخة إلكترونية من شهادة إتمام معاملة.,معلق,عالية
REQ-000378,2025-12-07,تطبيق الجوال,استفسار عن إمكانية تحديث بيانات التواصل بشكل إلكتروني.,قيد المعالجة,متوسطة
REQ-000379,2025-06-04,تطبيق الجوال,طلب إرشادات للتسجيل في بوابة الخدمات الحكومية.,مغلق,عالية
REQ-000380,2026-05-21,البوابة الإلكترونية,سؤال عن كيفية متابعة حالة الطلب المقدم عبر البوابة.,معلق,متوسطة
REQ-000381,2025-09-14,تطبيق الجوال,شكوى بخصوص فاتورة خاطئة تجاوزت راتبي الشهري، رقم الحساب SA7259990346845907874948.,مغلق,متوسطة
REQ-000382,2025-10-17,مركز الاتصال,الرجاء مراجعة ملف طعني لأنني معاق ويصعب عليّ الحضور الشخصي، هويتي 1450664899.,مغلق,منخفضة
REQ-000383,2025-06-15,الزيارة الميدانية,أرجو تحديث بياناتي الشخصية، هويتي 1672317714 وجوالي +966531750378.,منجز,عالية
REQ-000384,2025-10-20,الزيارة الميدانية,الاستعلام عن طلب دعم السكن المقدم منذ فترة، هويتي 1028215281.,مفتوح,منخفضة
REQ-000385,2026-06-15,مركز الاتصال,طلب تصحيح بيانات الاستقطاعات من الراتب الأساسي SA2890044863435153034024.,قيد المعالجة,عالية
REQ-000386,2025-04-29,البوابة الإلكترونية,طلب منح بطاقة ذوي الإعاقة لطفلي، رقم ولايتي 1010707865.,مغلق,منخفضة
REQ-000387,2026-02-22,البوابة الإلكترونية,طلب نموذج تفويض موقع لإنجاز المعاملات نيابةً.,مفتوح,عالية
REQ-000388,2025-12-08,مركز الاتصال,أريد الاستعلام عن دعم الضمان الاجتماعي بناءً على وضعي المالي، جوالي +966524860963.,مغلق,متوسطة
REQ-000389,2025-07-20,الزيارة الميدانية,طلب معلومات عن الخدمات المتاحة للمقيمين.,معلق,عالية
REQ-000390,2025-09-25,البوابة الإلكترونية,تقديم شكوى بسبب تسريب بياناتي الشخصية من قِبل أحد الموظفين، هويتي 1033823939.,مفتوح,متوسطة
REQ-000391,2025-02-11,مركز الاتصال,طلب دليل المستخدم الخاص بمنظومة الخدمات الإلكترونية.,مفتوح,عالية
REQ-000392,2025-12-27,البريد الإلكتروني,استفسار عن قنوات التواصل مع فريق الدعم الفني.,معلق,متوسطة
REQ-000393,2025-08-27,مركز الاتصال,اقتراح إضافة خدمة الدفع الإلكتروني لتسهيل المعاملات.,معلق,متوسطة
REQ-000394,2026-02-05,البريد الإلكتروني,شكوى ضد موظف مع إرفاق اسمي الكامل ورقم هويتي 1049511148.,منجز,منخفضة
REQ-000395,2026-04-11,مركز الاتصال,استفسار عن أوقات العمل الرسمية للفرع.,مغلق,متوسطة
REQ-000396,2025-10-16,الزيارة الميدانية,أستفسر عن كيفية اسـترداد دعم الإيجار، رقم هويتي الوطنية 1024738740.,قيد المعالجة,متوسطة
REQ-000397,2025-01-19,مركز الاتصال,استفسار عن أوقات العمل الرسمية للفرع.,معلق,عالية
REQ-000398,2025-01-24,الزيارة الميدانية,شكوى بخصوص فاتورة خاطئة تجاوزت راتبي الشهري، رقم الحساب SA5794770891265859365355.,قيد المعالجة,منخفضة
REQ-000399,2025-01-03,البوابة الإلكترونية,طلب تصحيح بيانات الاستقطاعات من الراتب الأساسي SA8224261801389278745437.,مغلق,عالية
REQ-000400,2026-03-30,مركز الاتصال,طلب الحصول على شهادة من الجهة تثبت تسجيل المنشأة.,مغلق,منخفضة
REQ-000401,2025-07-02,البوابة الإلكترونية,طلب دليل المستخدم الخاص بمنظومة الخدمات الإلكترونية.,مفتوح,منخفضة
REQ-000402,2025-08-08,الزيارة الميدانية,طلب تعديل بيانات الراتب في السجل بسبب خطأ محاسبي، هويتي 1023047390.,مفتوح,متوسطة
REQ-000403,2026-02-21,البوابة الإلكترونية,شكوى عن بطء الخدمة الإلكترونية في الموقع الرسمي.,منجز,منخفضة
REQ-000404,2026-03-27,تطبيق الجوال,طلب الحصول على شهادة من الجهة تثبت تسجيل المنشأة.,قيد المعالجة,منخفضة
REQ-000405,2025-06-25,مركز الاتصال,شكوى عن صعوبة التنقل بين صفحات الموقع الرسمي.,مفتوح,منخفضة
REQ-000406,2025-04-06,تطبيق الجوال,طلب معلومات عن الخدمات المتاحة للمقيمين.,قيد المعالجة,عالية
REQ-000407,2025-09-30,البريد الإلكتروني,طلب إنهاء إجراءات الحصول على معاش التقاعد المبكر، هويتي 1222056804.,منجز,متوسطة
REQ-000408,2025-09-12,مركز الاتصال,طلب الحصول على شهادة من الجهة تثبت تسجيل المنشأة.,مغلق,متوسطة
REQ-000409,2025-12-05,تطبيق الجوال,أحتاج مساعدة في استرداد مبلغ مالي تم خصمه خطأً من حسابي SA3469906442979428907028.,مغلق,منخفضة
REQ-000410,2025-12-26,البريد الإلكتروني,طلب نموذج تفويض موقع لإنجاز المعاملات نيابةً.,معلق,عالية
REQ-000411,2025-08-09,البريد الإلكتروني,تقديم شكوى بسبب تسريب بياناتي الشخصية من قِبل أحد الموظفين، هويتي 1381923521.,قيد المعالجة,متوسطة
REQ-000412,2024-12-27,البوابة الإلكترونية,أستفسر عن كيفية اسـترداد دعم الإيجار، رقم هويتي الوطنية 1083861318.,قيد المعالجة,منخفضة
REQ-000413,2026-03-11,مركز الاتصال,طلب نسخة إلكترونية من شهادة إتمام معاملة.,مغلق,متوسطة
REQ-000414,2025-10-08,البوابة الإلكترونية,شكوى عن صعوبة التنقل بين صفحات الموقع الرسمي.,منجز,منخفضة
REQ-000415,2026-01-27,البريد الإلكتروني,أعاني من حالة صحية مزمنة وأطلب إعفاءً من الرسوم، رقم هويتي 1697575833.,قيد المعالجة,عالية
REQ-000416,2026-05-14,الزيارة الميدانية,طلب تصحيح بيانات الاستقطاعات من الراتب الأساسي SA7405042590551999106382.,معلق,عالية
REQ-000417,2025-07-12,البريد الإلكتروني,طلب إرشادات للتسجيل في بوابة الخدمات الحكومية.,مغلق,منخفضة
REQ-000418,2026-04-25,مركز الاتصال,طلب معرفة الإجراءات اللازمة لتجديد الترخيص التجاري.,مفتوح,عالية
REQ-000419,2025-06-29,الزيارة الميدانية,الاستعلام عن طلب دعم السكن المقدم منذ فترة، هويتي 1601814286.,مغلق,منخفضة
REQ-000420,2025-08-13,البريد الإلكتروني,استفسار عن موعد تجديد رخصة القيادة.,منجز,منخفضة
REQ-000421,2025-09-01,البريد الإلكتروني,طلب تصحيح بيانات الاستقطاعات من الراتب الأساسي SA6899183557130551565651.,منجز,منخفضة
REQ-000422,2026-05-20,تطبيق الجوال,طلب إرشادات للتسجيل في بوابة الخدمات الحكومية.,منجز,متوسطة
REQ-000423,2025-04-29,البوابة الإلكترونية,طلب إنهاء إجراءات الحصول على معاش التقاعد المبكر، هويتي 1906485998.,مفتوح,متوسطة
REQ-000424,2025-07-25,البريد الإلكتروني,الرجاء مراجعة ملف طعني لأنني معاق ويصعب عليّ الحضور الشخصي، هويتي 1325611679.,منجز,عالية
REQ-000425,2026-01-22,البوابة الإلكترونية,استفسار عن قنوات التواصل مع فريق الدعم الفني.,قيد المعالجة,عالية
REQ-000426,2024-12-23,البوابة الإلكترونية,استفسار عن خطوات الاعتراض على قرار إداري.,مغلق,عالية
REQ-000427,2025-06-15,البوابة الإلكترونية,طلب تعديل بيانات الراتب في السجل بسبب خطأ محاسبي، هويتي 1218827580.,معلق,عالية
REQ-000428,2025-10-04,مركز الاتصال,شكوى عن بطء الخدمة الإلكترونية في الموقع الرسمي.,قيد المعالجة,عالية
REQ-000429,2025-10-09,البريد الإلكتروني,استفسار عن إمكانية تحديث بيانات التواصل بشكل إلكتروني.,منجز,متوسطة
REQ-000430,2025-08-09,البريد الإلكتروني,طلب إعفاء بسبب ظرف خاص ووضع مالي صعب، يمكن التواصل على +966518701250.,مغلق,عالية
REQ-000431,2026-06-15,مركز الاتصال,أعاني من حالة صحية مزمنة وأطلب إعفاءً من الرسوم، رقم هويتي 1493830259.,مغلق,متوسطة
REQ-000432,2025-05-19,مركز الاتصال,استفسار عن الخدمات الرقمية المتاحة على التطبيق الرسمي.,منجز,متوسطة
REQ-000433,2025-07-08,البوابة الإلكترونية,تقديم طلب لاستثناء خاص نظراً لوجود مرض مزمن مثبت طبياً، جوالي +966517678828.,قيد المعالجة,عالية
REQ-000434,2025-12-17,الزيارة الميدانية,استفسار عن موعد تجديد رخصة القيادة.,مفتوح,متوسطة
REQ-000435,2025-05-03,مركز الاتصال,اقتراح إضافة خدمة الدفع الإلكتروني لتسهيل المعاملات.,مفتوح,منخفضة
REQ-000436,2025-09-16,مركز الاتصال,طلب معلومات عن الخدمات المتاحة للمقيمين.,مغلق,منخفضة
REQ-000437,2026-02-14,الزيارة الميدانية,سؤال عن كيفية متابعة حالة الطلب المقدم عبر البوابة.,منجز,منخفضة
REQ-000438,2025-09-01,البريد الإلكتروني,طلب نسخة إلكترونية من شهادة إتمام معاملة.,مغلق,عالية
REQ-000439,2025-03-22,البريد الإلكتروني,طلب تعديل بيانات الراتب في السجل بسبب خطأ محاسبي، هويتي 1927782688.,معلق,متوسطة
REQ-000440,2025-07-18,تطبيق الجوال,استفسار عن خطوات الاعتراض على قرار إداري.,مغلق,متوسطة
REQ-000441,2025-10-10,تطبيق الجوال,طلب إرشادات للتسجيل في بوابة الخدمات الحكومية.,منجز,متوسطة
REQ-000442,2025-09-30,مركز الاتصال,استفسار عن خطوات الاعتراض على قرار إداري.,مغلق,منخفضة
REQ-000443,2026-02-11,البريد الإلكتروني,أحتاج مساعدة في استرداد مبلغ مالي تم خصمه خطأً من حسابي SA8128400698890822767077.,قيد المعالجة,عالية
REQ-000444,2025-10-23,مركز الاتصال,أريد الاستعلام عن دعم الضمان الاجتماعي بناءً على وضعي المالي، جوالي +966592781194.,معلق,عالية
REQ-000445,2025-02-24,الزيارة الميدانية,اقتراح بتحسين تجربة الموقع الإلكتروني.,مغلق,متوسطة
REQ-000446,2024-12-20,الزيارة الميدانية,اقتراح إضافة خدمة الدفع الإلكتروني لتسهيل المعاملات.,مغلق,متوسطة
REQ-000447,2026-04-22,البوابة الإلكترونية,شكوى ضد موظف مع إرفاق اسمي الكامل ورقم هويتي 1212603110.,مغلق,متوسطة
REQ-000448,2025-02-01,مركز الاتصال,طلب إرشادات للتسجيل في بوابة الخدمات الحكومية.,مفتوح,منخفضة
REQ-000449,2025-12-19,تطبيق الجوال,شكوى عن بطء الخدمة الإلكترونية في الموقع الرسمي.,قيد المعالجة,عالية
REQ-000450,2025-08-03,البوابة الإلكترونية,طلب صرف تعويض بسبب حادثة عمل ولديّ تقرير طبي، يمكن مراسلتي على +966559420782.,منجز,متوسطة
REQ-000451,2025-09-14,البوابة الإلكترونية,استفسار عن خطوات الاعتراض على قرار إداري.,قيد المعالجة,عالية
REQ-000452,2026-06-14,البريد الإلكتروني,استفسار عن الوثائق المطلوبة لاستخراج وثيقة رسمية.,معلق,عالية
REQ-000453,2025-03-10,الزيارة الميدانية,أرغب في الاستفسار عن ملفي الصحي، رقم السجل الطبي الخاص بي 1204093890.,قيد المعالجة,متوسطة
REQ-000454,2025-10-25,البريد الإلكتروني,طلب نموذج تفويض موقع لإنجاز المعاملات نيابةً.,مغلق,متوسطة
REQ-000455,2026-02-10,مركز الاتصال,طلب دليل المستخدم الخاص بمنظومة الخدمات الإلكترونية.,Pending,متوسطة
REQ-000456,2025-07-08,البريد الإلكتروني,طلب إرشادات للتسجيل في بوابة الخدمات الحكومية.,معلق,متوسطة
REQ-000457,2026-06-15,تطبيق الجوال,طلب تعديل بيانات الراتب في السجل بسبب خطأ محاسبي، هويتي 1843401611.,قيد المعالجة,منخفضة
REQ-000458,2025-08-30,تطبيق الجوال,طلب إعفاء بسبب ظرف خاص ووضع مالي صعب، يمكن التواصل على +966540442520.,مغلق,عالية
REQ-000459,2025-09-18,البوابة الإلكترونية,اقتراح تفعيل خاصية الإشعارات الفورية للمعاملات.,مغلق,متوسطة
REQ-000460,2025-06-23,الزيارة الميدانية,أعاني من حالة صحية مزمنة وأطلب إعفاءً من الرسوم، رقم هويتي 1305156000.,منجز,متوسطة
REQ-000461,2025-02-25,البريد الإلكتروني,طلب توضيح حول رسوم الخدمة المعلنة.,مغلق,منخفضة
REQ-000462,2025-09-21,الزيارة الميدانية,الاستعلام عن طلب دعم السكن المقدم منذ فترة، هويتي 1510629502.,قيد المعالجة,عالية
REQ-000463,2026-04-26,الزيارة الميدانية,استفسار عن أوقات العمل الرسمية للفرع.,منجز,منخفضة
REQ-000464,2026-03-12,مركز الاتصال,طلب توضيح حول رسوم الخدمة المعلنة.,منجز,عالية
REQ-000465,2025-11-26,الزيارة الميدانية,استفسار عن الوثائق المطلوبة لاستخراج وثيقة رسمية.,مفتوح,منخفضة
REQ-000466,2025-11-24,البريد الإلكتروني,طلب صرف تعويض بسبب حادثة عمل ولديّ تقرير طبي، يمكن مراسلتي على +966596401582.,مغلق,منخفضة
REQ-000467,2026-01-27,مركز الاتصال,طلب نسخة إلكترونية من شهادة إتمام معاملة.,منجز,متوسطة
REQ-000468,2025-05-17,الزيارة الميدانية,طلب تعديل بيانات الراتب في السجل بسبب خطأ محاسبي، هويتي 1081502039.,مفتوح,منخفضة
REQ-000469,2026-06-08,مركز الاتصال,شكوى عن صعوبة التنقل بين صفحات الموقع الرسمي.,معلق,منخفضة
REQ-000470,2026-01-28,البريد الإلكتروني,استفسار عن أوقات العمل الرسمية للفرع.,مفتوح,عالية
REQ-000471,2025-04-27,البريد الإلكتروني,طلب نسخة إلكترونية من شهادة إتمام معاملة.,منجز,عالية
REQ-000472,2026-03-30,البوابة الإلكترونية,شكوى عن صعوبة التنقل بين صفحات الموقع الرسمي.,قيد المعالجة,متوسطة
REQ-000473,2025-09-16,البريد الإلكتروني,أرجو تحديث بياناتي الشخصية، هويتي 1484735095 وجوالي +966569320552.,قيد المعالجة,منخفضة
REQ-000474,2025-04-12,تطبيق الجوال,أعاني من حالة صحية مزمنة وأطلب إعفاءً من الرسوم، رقم هويتي 1045095385.,منجز,منخفضة
REQ-000475,2025-08-05,البريد الإلكتروني,أواجه ضائقة مالية ولا أستطيع سداد المخالفة، حسابي البنكي SA2278610271186440181861.,قيد المعالجة,عالية
REQ-000476,2026-01-07,مركز الاتصال,استفسار عن خطوات الاعتراض على قرار إداري.,مغلق,متوسطة
REQ-000477,2025-09-10,البوابة الإلكترونية,طلب دليل المستخدم الخاص بمنظومة الخدمات الإلكترونية.,مغلق,متوسطة
REQ-000478,2025-07-18,الزيارة الميدانية,طلب دليل المستخدم الخاص بمنظومة الخدمات الإلكترونية.,قيد المعالجة,منخفضة
REQ-000479,2024-12-28,تطبيق الجوال,أواجه ضائقة مالية ولا أستطيع سداد المخالفة، حسابي البنكي SA0338263206449386691068.,معلق,متوسطة
REQ-000480,2025-03-14,البريد الإلكتروني,أرغب في الاستفسار عن ملفي الصحي، رقم السجل الطبي الخاص بي 1112693450.,مفتوح,عالية
REQ-000481,2025-03-06,البريد الإلكتروني,طلب إنهاء إجراءات الحصول على معاش التقاعد المبكر، هويتي 1043782034.,منجز,منخفضة
REQ-000482,2025-04-26,مركز الاتصال,طلب نموذج تفويض موقع لإنجاز المعاملات نيابةً.,منجز,منخفضة
REQ-000483,2025-08-20,البوابة الإلكترونية,الاستعلام عن طلب دعم السكن المقدم منذ فترة، هويتي 1060875042.,مغلق,منخفضة
REQ-000484,2026-04-14,البوابة الإلكترونية,طلب تعديل بيانات الراتب في السجل بسبب خطأ محاسبي، هويتي 1426434286.,معلق,عالية
REQ-000485,2025-06-17,تطبيق الجوال,شكوى ضد موظف مع إرفاق اسمي الكامل ورقم هويتي 1763524277.,مغلق,متوسطة
REQ-000486,2025-07-14,البوابة الإلكترونية,الرجاء مراجعة ملف طعني لأنني معاق ويصعب عليّ الحضور الشخصي، هويتي 1096184856.,مغلق,منخفضة
REQ-000487,2026-06-05,البوابة الإلكترونية,تقديم طلب لاستثناء خاص نظراً لوجود مرض مزمن مثبت طبياً، جوالي +966538204406.,قيد المعالجة,منخفضة
REQ-000488,2025-11-15,البريد الإلكتروني,استفسار عن أوقات العمل الرسمية للفرع.,منجز,متوسطة
REQ-000489,2025-09-26,البريد الإلكتروني,طلب إرشادات للتسجيل في بوابة الخدمات الحكومية.,قيد المعالجة,متوسطة
REQ-000490,2025-06-22,مركز الاتصال,تقديم شكوى بسبب تسريب بياناتي الشخصية من قِبل أحد الموظفين، هويتي 1998062689.,مغلق,عالية
REQ-000491,2025-02-08,تطبيق الجوال,طلب نسخة من نظام الاستئناف المتاح للمستفيدين.,مغلق,منخفضة
REQ-000492,2025-01-24,تطبيق الجوال,طلب نموذج تفويض موقع لإنجاز المعاملات نيابةً.,مفتوح,عالية
REQ-000493,2026-02-12,البوابة الإلكترونية,تقديم شكوى بسبب تسريب بياناتي الشخصية من قِبل أحد الموظفين، هويتي 1856434616.,منجز,منخفضة
REQ-000494,2026-03-02,البريد الإلكتروني,استفسار عن الخدمات الرقمية المتاحة على التطبيق الرسمي.,معلق,منخفضة
REQ-000495,2025-12-23,مركز الاتصال,استفسار عن الوثائق المطلوبة لاستخراج وثيقة رسمية.,قيد المعالجة,متوسطة
REQ-000496,2025-07-04,تطبيق الجوال,طلب إعفاء بسبب ظرف خاص ووضع مالي صعب، يمكن التواصل على +966537382900.,منجز,متوسطة
REQ-000497,2025-11-26,البوابة الإلكترونية,أواجه ضائقة مالية ولا أستطيع سداد المخالفة، حسابي البنكي SA9888773318937905894734.,مفتوح,منخفضة
REQ-000498,2025-07-24,تطبيق الجوال,طلب دليل المستخدم الخاص بمنظومة الخدمات الإلكترونية.,معلق,متوسطة
REQ-000499,2026-01-08,مركز الاتصال,سؤال عن خطوات حجز موعد في الفرع.,مغلق,منخفضة
REQ-000500,2025-08-25,تطبيق الجوال,طلب نسخة إلكترونية من شهادة إتمام معاملة.,منجز,متوسطة
REQ-000501,2025-05-14,البريد الإلكتروني,طلب إرشادات للتسجيل في بوابة الخدمات الحكومية.,معلق,متوسطة
REQ-000502,2026-01-02,البوابة الإلكترونية,أرجو تحديث بياناتي الشخصية، هويتي 1700158080 وجوالي +966513039627.,مفتوح,عالية
REQ-000503,2025-02-07,تطبيق الجوال,طلب صرف تعويض بسبب حادثة عمل ولديّ تقرير طبي، يمكن مراسلتي على +966511704674.,مغلق,متوسطة
REQ-000504,2025-06-09,مركز الاتصال,استفسار عن خطوات الاعتراض على قرار إداري.,منجز,عالية
REQ-000505,2026-01-18,مركز الاتصال,أعاني من حالة صحية مزمنة وأطلب إعفاءً من الرسوم، رقم هويتي 1423527355.,معلق,عالية
REQ-000506,2026-04-26,الزيارة الميدانية,استفسار عن موعد تجديد رخصة القيادة.,قيد المعالجة,منخفضة
REQ-000507,2025-07-13,مركز الاتصال,أحتاج مساعدة في استرداد مبلغ مالي تم خصمه خطأً من حسابي SA5727704385437881214860.,مغلق,عالية
REQ-000508,2026-03-31,البريد الإلكتروني,طلب دليل المستخدم الخاص بمنظومة الخدمات الإلكترونية.,معلق,منخفضة
REQ-000509,2025-04-12,البوابة الإلكترونية,شكوى بخصوص فاتورة خاطئة تجاوزت راتبي الشهري، رقم الحساب SA2312837150596277347352.,قيد المعالجة,متوسطة
REQ-000510,2025-07-23,البريد الإلكتروني,طلب إعفاء بسبب ظرف خاص ووضع مالي صعب، يمكن التواصل على +966586563800.,مفتوح,متوسطة
REQ-000511,2026-01-30,البوابة الإلكترونية,أعاني من حالة صحية مزمنة وأطلب إعفاءً من الرسوم، رقم هويتي 1156226043.,مغلق,منخفضة
REQ-000512,2025-03-22,تطبيق الجوال,استفسار عن إمكانية تحديث بيانات التواصل بشكل إلكتروني.,قيد المعالجة,عالية
REQ-000513,2025-08-17,البوابة الإلكترونية,شكوى عن بطء الخدمة الإلكترونية في الموقع الرسمي.,مفتوح,منخفضة
REQ-000514,2025-12-04,البوابة الإلكترونية,استفسار عن الوثائق المطلوبة لاستخراج وثيقة رسمية.,مفتوح,عالية
REQ-000515,2026-06-05,البوابة الإلكترونية,شكوى عن صعوبة التنقل بين صفحات الموقع الرسمي.,مغلق,متوسطة
REQ-000516,2025-07-10,مركز الاتصال,استفسار عن الوثائق المطلوبة لاستخراج وثيقة رسمية.,منجز,منخفضة
REQ-000517,2025-05-30,البوابة الإلكترونية,استفسار عن قنوات التواصل مع فريق الدعم الفني.,مفتوح,متوسطة
REQ-000518,2025-01-09,تطبيق الجوال,استفسار عن موعد تجديد رخصة القيادة.,قيد المعالجة,عالية
REQ-000519,2025-05-21,تطبيق الجوال,طلب معرفة الإجراءات اللازمة لتجديد الترخيص التجاري.,منجز,منخفضة
REQ-000520,2025-03-09,البوابة الإلكترونية,طلب صرف تعويض بسبب حادثة عمل ولديّ تقرير طبي، يمكن مراسلتي على +966574245582.,منجز,متوسطة
REQ-000521,2025-06-15,البوابة الإلكترونية,طلب إعفاء بسبب ظرف خاص ووضع مالي صعب، يمكن التواصل على +966567772108.,قيد المعالجة,منخفضة
REQ-000522,2026-01-25,الزيارة الميدانية,طلب تعديل بيانات الراتب في السجل بسبب خطأ محاسبي، هويتي 1297772780.,منجز,عالية
REQ-000523,2025-03-25,تطبيق الجوال,أعاني من حالة صحية مزمنة وأطلب إعفاءً من الرسوم، رقم هويتي 1517454177.,منجز,متوسطة
REQ-000524,2026-04-11,تطبيق الجوال,أرجو تحديث بياناتي الشخصية، هويتي 1166388650 وجوالي +966592814367.,معلق,متوسطة
REQ-000525,2025-12-06,مركز الاتصال,اقتراح تفعيل خاصية الإشعارات الفورية للمعاملات.,قيد المعالجة,منخفضة
REQ-000526,2025-10-13,البريد الإلكتروني,طلب تعديل بيانات الراتب في السجل بسبب خطأ محاسبي، هويتي 1438616599.,منجز,عالية
REQ-000527,2024-12-18,البريد الإلكتروني,تقديم طلب لاستثناء خاص نظراً لوجود مرض مزمن مثبت طبياً، جوالي +966596605296.,مغلق,عالية
REQ-000528,2025-08-05,البريد الإلكتروني,استفسار عن موعد تجديد رخصة القيادة.,مفتوح,عالية
REQ-000529,2026-01-08,مركز الاتصال,سؤال عن كيفية متابعة حالة الطلب المقدم عبر البوابة.,منجز,منخفضة
REQ-000530,2025-01-06,الزيارة الميدانية,شكوى ضد موظف مع إرفاق اسمي الكامل ورقم هويتي 1179315609.,قيد المعالجة,متوسطة
REQ-000531,2025-03-20,الزيارة الميدانية,أستفسر عن كيفية اسـترداد دعم الإيجار، رقم هويتي الوطنية 1910802402.,مفتوح,متوسطة
REQ-000532,2026-04-15,البوابة الإلكترونية,طلب معرفة الإجراءات اللازمة لتجديد الترخيص التجاري.,مغلق,منخفضة
REQ-000533,2026-04-17,مركز الاتصال,أريد الاستعلام عن دعم الضمان الاجتماعي بناءً على وضعي المالي، جوالي +966588418458.,منجز,متوسطة
REQ-000534,2025-11-07,تطبيق الجوال,استفسار عن الخدمات الرقمية المتاحة على التطبيق الرسمي.,منجز,عالية
REQ-000535,2026-02-06,البوابة الإلكترونية,سؤال عن مدة معالجة طلبات إصدار الشهادات.,منجز,متوسطة
REQ-000536,2025-10-07,الزيارة الميدانية,شكوى بخصوص فاتورة خاطئة تجاوزت راتبي الشهري، رقم الحساب SA9416362018628866963728.,قيد المعالجة,منخفضة
REQ-000537,2026-03-22,البوابة الإلكترونية,طلب معلومات عن الخدمات المتاحة للمقيمين.,منجز,متوسطة
REQ-000538,2026-02-04,تطبيق الجوال,طلب تحديث رقم الجوال المسجل في الأنظمة.,معلق,منخفضة
REQ-000539,2025-10-04,الزيارة الميدانية,تقديم طلب لاستثناء خاص نظراً لوجود مرض مزمن مثبت طبياً، جوالي +966537992293.,مفتوح,منخفضة
REQ-000540,2025-10-07,البريد الإلكتروني,طلب توضيح حول رسوم الخدمة المعلنة.,مغلق,متوسطة
REQ-000541,2025-03-02,البوابة الإلكترونية,طلب معلومات عن الخدمات المتاحة للمقيمين.,معلق,متوسطة
REQ-000542,2025-05-22,تطبيق الجوال,الاستعلام عن طلب دعم السكن المقدم منذ فترة، هويتي 1773894587.,قيد المعالجة,منخفضة
REQ-000543,2025-07-11,البوابة الإلكترونية,شكوى عن صعوبة التنقل بين صفحات الموقع الرسمي.,قيد المعالجة,متوسطة
REQ-000544,2025-08-24,مركز الاتصال,تقديم طلب لاستثناء خاص نظراً لوجود مرض مزمن مثبت طبياً، جوالي +966502301287.,قيد المعالجة,منخفضة
REQ-000545,2025-10-02,البوابة الإلكترونية,شكوى عن صعوبة التنقل بين صفحات الموقع الرسمي.,منجز,منخفضة
REQ-000546,2026-04-16,البوابة الإلكترونية,أواجه ضائقة مالية ولا أستطيع سداد المخالفة، حسابي البنكي SA1308248546589682041159.,مغلق,منخفضة
REQ-000547,2025-10-12,تطبيق الجوال,شكوى ضد موظف مع إرفاق اسمي الكامل ورقم هويتي 1228586994.,منجز,منخفضة
REQ-000548,2026-03-12,البوابة الإلكترونية,طلب نسخة إلكترونية من شهادة إتمام معاملة.,منجز,منخفضة
REQ-000549,2025-10-19,مركز الاتصال,استفسار عن قنوات التواصل مع فريق الدعم الفني.,مفتوح,متوسطة
REQ-000550,2026-05-21,الزيارة الميدانية,طلب تعديل بيانات الراتب في السجل بسبب خطأ محاسبي، هويتي 1167644564.,منجز,متوسطة
REQ-000551,2025-02-21,مركز الاتصال,طلب معلومات عن الخدمات المتاحة للمقيمين.,معلق,منخفضة
REQ-000552,2026-01-23,البريد الإلكتروني,استفسار عن قنوات التواصل مع فريق الدعم الفني.,مفتوح,منخفضة
REQ-000553,2025-07-10,مركز الاتصال,طلب تعديل بيانات الراتب في السجل بسبب خطأ محاسبي، هويتي 1776491845.,مفتوح,منخفضة
REQ-000554,2024-12-24,تطبيق الجوال,استفسار عن قنوات التواصل مع فريق الدعم الفني.,مفتوح,منخفضة
REQ-000555,2026-06-15,البريد الإلكتروني,استفسار عن إمكانية تحديث بيانات التواصل بشكل إلكتروني.,مغلق,منخفضة
REQ-000556,2026-03-24,البوابة الإلكترونية,استفسار عن قنوات التواصل مع فريق الدعم الفني.,مفتوح,عالية
REQ-000557,2026-05-14,الزيارة الميدانية,استفسار عن الوثائق المطلوبة لاستخراج وثيقة رسمية.,منجز,متوسطة
REQ-000558,2025-08-08,البوابة الإلكترونية,شكوى بخصوص فاتورة خاطئة تجاوزت راتبي الشهري، رقم الحساب SA5002791583937602176178.,مغلق,متوسطة
REQ-000559,2025-12-07,البوابة الإلكترونية,أستفسر عن كيفية اسـترداد دعم الإيجار، رقم هويتي الوطنية 1139219099.,مغلق,منخفضة
REQ-000560,2026-04-17,مركز الاتصال,طلب الحصول على شهادة من الجهة تثبت تسجيل المنشأة.,معلق,متوسطة
REQ-000561,2025-06-05,الزيارة الميدانية,أحتاج مساعدة في استرداد مبلغ مالي تم خصمه خطأً من حسابي SA8778436551214633643949.,مغلق,منخفضة
REQ-000562,2025-08-21,البوابة الإلكترونية,أعاني من حالة صحية مزمنة وأطلب إعفاءً من الرسوم، رقم هويتي 1755893839.,قيد المعالجة,متوسطة
REQ-000563,2025-04-28,البوابة الإلكترونية,أعاني من حالة صحية مزمنة وأطلب إعفاءً من الرسوم، رقم هويتي 1478009168.,منجز,منخفضة
REQ-000564,2025-01-25,البوابة الإلكترونية,شكوى بخصوص فاتورة خاطئة تجاوزت راتبي الشهري، رقم الحساب SA6410902333824160978181.,منجز,عالية
REQ-000565,2025-08-03,مركز الاتصال,طلب إعفاء بسبب ظرف خاص ووضع مالي صعب، يمكن التواصل على +966553842949.,قيد المعالجة,متوسطة
REQ-000566,2025-03-26,الزيارة الميدانية,أرغب في الاستفسار عن ملفي الصحي، رقم السجل الطبي الخاص بي 1358687349.,مغلق,عالية
REQ-000567,2025-11-05,تطبيق الجوال,أعاني من حالة صحية مزمنة وأطلب إعفاءً من الرسوم، رقم هويتي 1245548100.,مفتوح,عالية
REQ-000568,2025-04-12,البوابة الإلكترونية,طلب نسخة إلكترونية من شهادة إتمام معاملة.,قيد المعالجة,عالية
REQ-000569,2025-12-07,البوابة الإلكترونية,طلب تحديث رقم الجوال المسجل في الأنظمة.,مفتوح,متوسطة
REQ-000570,2025-09-14,البوابة الإلكترونية,استفسار عن خطوات الاعتراض على قرار إداري.,مفتوح,منخفضة
REQ-000571,2025-08-14,الزيارة الميدانية,طلب نسخة إلكترونية من شهادة إتمام معاملة.,مفتوح,عالية
REQ-000572,2025-04-30,تطبيق الجوال,سؤال عن مدة معالجة طلبات إصدار الشهادات.,معلق,منخفضة
REQ-000573,2025-09-25,مركز الاتصال,الرجاء مراجعة ملف طعني لأنني معاق ويصعب عليّ الحضور الشخصي، هويتي 1141458297.,معلق,متوسطة
REQ-000574,2025-06-21,مركز الاتصال,اقتراح إضافة خدمة الدفع الإلكتروني لتسهيل المعاملات.,منجز,متوسطة
REQ-000575,2025-08-23,البريد الإلكتروني,طلب تقرير طبي يخص ابني القاصر لاستكمال المعاملة، هويتي 1451878878.,منجز,عالية
REQ-000576,2025-07-27,البريد الإلكتروني,طلب الحصول على شهادة من الجهة تثبت تسجيل المنشأة.,منجز,عالية
REQ-000577,2026-01-18,البوابة الإلكترونية,شكوى عن صعوبة التنقل بين صفحات الموقع الرسمي.,قيد المعالجة,عالية
REQ-000578,2025-07-30,البوابة الإلكترونية,استفسار عن خطوات الاعتراض على قرار إداري.,معلق,عالية
REQ-000579,2025-08-28,البوابة الإلكترونية,سؤال عن كيفية متابعة حالة الطلب المقدم عبر البوابة.,منجز,متوسطة
REQ-000580,2025-03-16,البوابة الإلكترونية,استفسار عن إمكانية تحديث بيانات التواصل بشكل إلكتروني.,مفتوح,متوسطة
REQ-000581,2025-03-26,الزيارة الميدانية,طلب نسخة من نظام الاستئناف المتاح للمستفيدين.,معلق,منخفضة
REQ-000582,2025-03-13,البوابة الإلكترونية,طلب تحديث رقم الجوال المسجل في الأنظمة.,قيد المعالجة,منخفضة
REQ-000583,2025-08-23,تطبيق الجوال,الاستعلام عن طلب دعم السكن المقدم منذ فترة، هويتي 1128346358.,قيد المعالجة,متوسطة
REQ-000584,2025-10-15,البريد الإلكتروني,سؤال عن خطوات حجز موعد في الفرع.,مغلق,عالية
REQ-000585,2025-06-07,الزيارة الميدانية,طلب نسخة من نظام الاستئناف المتاح للمستفيدين.,مفتوح,منخفضة
REQ-000586,2026-01-22,مركز الاتصال,طلب صرف تعويض بسبب حادثة عمل ولديّ تقرير طبي، يمكن مراسلتي على +966556013597.,معلق,منخفضة
REQ-000587,2024-12-30,تطبيق الجوال,استفسار عن موعد تجديد رخصة القيادة.,قيد المعالجة,متوسطة
REQ-000588,2026-04-02,البريد الإلكتروني,سؤال عن خطوات حجز موعد في الفرع.,منجز,عالية
REQ-000589,2025-07-04,تطبيق الجوال,سؤال عن مدة معالجة طلبات إصدار الشهادات.,منجز,متوسطة
REQ-000590,2026-06-01,مركز الاتصال,أريد الاستعلام عن دعم الضمان الاجتماعي بناءً على وضعي المالي، جوالي +966527620704.,مغلق,منخفضة
REQ-000591,2025-07-30,مركز الاتصال,أستفسر عن كيفية اسـترداد دعم الإيجار، رقم هويتي الوطنية 1764555544.,مغلق,منخفضة
REQ-000592,2025-03-30,البريد الإلكتروني,شكوى عن صعوبة التنقل بين صفحات الموقع الرسمي.,معلق,منخفضة
REQ-000593,2026-02-17,الزيارة الميدانية,سؤال عن كيفية متابعة حالة الطلب المقدم عبر البوابة.,منجز,عالية
REQ-000594,2025-03-12,البريد الإلكتروني,طلب الحصول على شهادة من الجهة تثبت تسجيل المنشأة.,قيد المعالجة,منخفضة
REQ-000595,2026-05-15,الزيارة الميدانية,طلب معلومات عن الخدمات المتاحة للمقيمين.,منجز,عالية
REQ-000596,2025-05-31,البريد الإلكتروني,شكوى عن بطء الخدمة الإلكترونية في الموقع الرسمي.,منجز,عالية
REQ-000597,2025-06-20,البوابة الإلكترونية,أريد الاستعلام عن دعم الضمان الاجتماعي بناءً على وضعي المالي، جوالي +966510835760.,مغلق,عالية
REQ-000598,2025-12-26,البوابة الإلكترونية,اقتراح بتحسين تجربة الموقع الإلكتروني.,معلق,عالية
REQ-000599,2025-01-21,مركز الاتصال,اقتراح تفعيل خاصية الإشعارات الفورية للمعاملات.,قيد المعالجة,منخفضة
REQ-000600,2025-05-06,البوابة الإلكترونية,طلب إنهاء إجراءات الحصول على معاش التقاعد المبكر، هويتي 1058260637.,قيد المعالجة,متوسطة
REQ-000601,2026-03-26,البريد الإلكتروني,طلب نسخة إلكترونية من شهادة إتمام معاملة.,منجز,عالية
REQ-000602,2025-10-12,البوابة الإلكترونية,طلب نموذج تفويض موقع لإنجاز المعاملات نيابةً.,مغلق,متوسطة
REQ-000603,2026-03-29,تطبيق الجوال,اقتراح إضافة خدمة الدفع الإلكتروني لتسهيل المعاملات.,مغلق,منخفضة
REQ-000604,2026-04-21,البوابة الإلكترونية,أواجه ضائقة مالية ولا أستطيع سداد المخالفة، حسابي البنكي SA8165494606386735237141.,معلق,متوسطة
REQ-000605,2025-08-15,البريد الإلكتروني,طلب تحديث رقم الجوال المسجل في الأنظمة.,منجز,عالية
REQ-000606,2026-04-28,البوابة الإلكترونية,أستفسر عن كيفية اسـترداد دعم الإيجار، رقم هويتي الوطنية 1177543376.,مفتوح,متوسطة
REQ-000607,2025-09-13,تطبيق الجوال,سؤال عن مدة معالجة طلبات إصدار الشهادات.,منجز,متوسطة
REQ-000608,2026-05-29,تطبيق الجوال,أواجه ضائقة مالية ولا أستطيع سداد المخالفة، حسابي البنكي SA0570287644577471385114.,مفتوح,عالية
REQ-000609,2026-01-07,البوابة الإلكترونية,استفسار عن خطوات الاعتراض على قرار إداري.,معلق,عالية
REQ-000610,2025-06-28,تطبيق الجوال,تقديم طلب لاستثناء خاص نظراً لوجود مرض مزمن مثبت طبياً، جوالي +966559427178.,معلق,متوسطة
REQ-000611,2024-12-28,مركز الاتصال,شكوى ضد موظف مع إرفاق اسمي الكامل ورقم هويتي 1870244454.,معلق,عالية
REQ-000612,2025-05-21,تطبيق الجوال,أستفسر عن كيفية اسـترداد دعم الإيجار، رقم هويتي الوطنية 1741783789.,مغلق,منخفضة
REQ-000613,2025-06-26,تطبيق الجوال,طلب معرفة الإجراءات اللازمة لتجديد الترخيص التجاري.,منجز,متوسطة
REQ-000614,2026-05-09,مركز الاتصال,سؤال عن خطوات حجز موعد في الفرع.,منجز,متوسطة
REQ-000615,2025-08-14,البوابة الإلكترونية,استفسار عن موعد تجديد رخصة القيادة.,قيد المعالجة,متوسطة
REQ-000616,2026-06-03,تطبيق الجوال,طلب منح بطاقة ذوي الإعاقة لطفلي، رقم ولايتي 1651571737.,معلق,منخفضة
REQ-000617,2025-01-23,مركز الاتصال,طلب تصحيح بيانات الاستقطاعات من الراتب الأساسي SA2847154124975756369957.,مفتوح,منخفضة
REQ-000618,2025-04-28,البوابة الإلكترونية,اقتراح تفعيل خاصية الإشعارات الفورية للمعاملات.,معلق,عالية
REQ-000619,2025-07-06,تطبيق الجوال,سؤال عن مدة معالجة طلبات إصدار الشهادات.,منجز,متوسطة
REQ-000620,2025-11-08,مركز الاتصال,طلب تحديث رقم الجوال المسجل في الأنظمة.,منجز,منخفضة
REQ-000621,2026-04-07,تطبيق الجوال,طلب الحصول على شهادة من الجهة تثبت تسجيل المنشأة.,مغلق,متوسطة
REQ-000622,2026-05-18,البوابة الإلكترونية,استفسار عن خطوات الاعتراض على قرار إداري.,معلق,منخفضة
REQ-000623,2025-06-20,البوابة الإلكترونية,سؤال عن مدة معالجة طلبات إصدار الشهادات.,مغلق,عالية
REQ-000624,2026-01-13,تطبيق الجوال,تقديم طلب لاستثناء خاص نظراً لوجود مرض مزمن مثبت طبياً، جوالي +966516621288.,قيد المعالجة,متوسطة
REQ-000625,2025-01-28,تطبيق الجوال,طلب تقرير طبي يخص ابني القاصر لاستكمال المعاملة، هويتي 1477640369.,منجز,متوسطة
REQ-000626,2026-01-16,البريد الإلكتروني,الرجاء مراجعة ملف طعني لأنني معاق ويصعب عليّ الحضور الشخصي، هويتي 1871552483.,مغلق,منخفضة
REQ-000627,2025-12-02,الزيارة الميدانية,الرجاء مراجعة ملف طعني لأنني معاق ويصعب عليّ الحضور الشخصي، هويتي 1223721273.,مفتوح,متوسطة
REQ-000628,2025-08-24,البوابة الإلكترونية,استفسار عن موعد تجديد رخصة القيادة.,مفتوح,منخفضة
REQ-000629,2025-08-28,البوابة الإلكترونية,طلب تعديل بيانات الراتب في السجل بسبب خطأ محاسبي، هويتي 1135415378.,قيد المعالجة,عالية
REQ-000630,2026-04-16,البوابة الإلكترونية,سؤال عن كيفية متابعة حالة الطلب المقدم عبر البوابة.,منجز,عالية
REQ-000631,2025-09-17,البريد الإلكتروني,أحتاج مساعدة في استرداد مبلغ مالي تم خصمه خطأً من حسابي SA4462916010358091414664.,قيد المعالجة,متوسطة
REQ-000632,2026-05-27,البوابة الإلكترونية,طلب إنهاء إجراءات الحصول على معاش التقاعد المبكر، هويتي 1758101792.,منجز,عالية
REQ-000633,2025-04-14,البوابة الإلكترونية,استفسار عن إمكانية تحديث بيانات التواصل بشكل إلكتروني.,معلق,منخفضة
REQ-000634,2025-06-27,مركز الاتصال,أحتاج مساعدة في استرداد مبلغ مالي تم خصمه خطأً من حسابي SA8138996484586751147146.,مفتوح,منخفضة
REQ-000635,2025-03-28,تطبيق الجوال,شكوى ضد موظف مع إرفاق اسمي الكامل ورقم هويتي 1180338137.,منجز,عالية
REQ-000636,2025-10-31,البريد الإلكتروني,تقديم شكوى بسبب تسريب بياناتي الشخصية من قِبل أحد الموظفين، هويتي 1894704731.,معلق,منخفضة
REQ-000637,2026-05-04,تطبيق الجوال,الرجاء مراجعة ملف طعني لأنني معاق ويصعب عليّ الحضور الشخصي، هويتي 1424902458.,قيد المعالجة,متوسطة
REQ-000638,2026-04-21,تطبيق الجوال,طلب نسخة من نظام الاستئناف المتاح للمستفيدين.,معلق,متوسطة
REQ-000639,2025-10-25,الزيارة الميدانية,شكوى ضد موظف مع إرفاق اسمي الكامل ورقم هويتي 1080031782.,معلق,متوسطة
REQ-000640,2026-03-10,تطبيق الجوال,طلب تصحيح بيانات الاستقطاعات من الراتب الأساسي SA8382800465674409484059.,معلق,منخفضة
REQ-000641,2026-01-14,البوابة الإلكترونية,طلب تصحيح بيانات الاستقطاعات من الراتب الأساسي SA3463134352381612611802.,منجز,عالية
REQ-000642,2026-04-22,البريد الإلكتروني,استفسار عن قنوات التواصل مع فريق الدعم الفني.,قيد المعالجة,عالية
REQ-000643,2025-11-03,الزيارة الميدانية,شكوى عن بطء الخدمة الإلكترونية في الموقع الرسمي.,مغلق,متوسطة
REQ-000644,2026-05-20,البريد الإلكتروني,استفسار عن موعد تجديد رخصة القيادة.,معلق,عالية
REQ-000645,2025-02-12,البوابة الإلكترونية,أعاني من حالة صحية مزمنة وأطلب إعفاءً من الرسوم، رقم هويتي 1791810557.,منجز,عالية
REQ-000646,2026-05-11,الزيارة الميدانية,أعاني من حالة صحية مزمنة وأطلب إعفاءً من الرسوم، رقم هويتي 1258972270.,مفتوح,عالية
REQ-000647,2025-01-24,البريد الإلكتروني,أريد الاستعلام عن دعم الضمان الاجتماعي بناءً على وضعي المالي، جوالي +966557901307.,قيد المعالجة,عالية
REQ-000648,2025-04-02,تطبيق الجوال,شكوى بخصوص فاتورة خاطئة تجاوزت راتبي الشهري، رقم الحساب SA0496852133100565375186.,معلق,متوسطة
REQ-000649,2026-03-02,مركز الاتصال,استفسار عن موعد تجديد رخصة القيادة.,مفتوح,منخفضة
REQ-000650,2025-02-20,البوابة الإلكترونية,طلب منح بطاقة ذوي الإعاقة لطفلي، رقم ولايتي 1248769562.,معلق,متوسطة
REQ-000651,2025-01-23,تطبيق الجوال,اقتراح تفعيل خاصية الإشعارات الفورية للمعاملات.,مغلق,منخفضة
REQ-000652,2025-05-12,البوابة الإلكترونية,تقديم طلب لاستثناء خاص نظراً لوجود مرض مزمن مثبت طبياً، جوالي +966518369308.,قيد المعالجة,عالية
REQ-000653,2025-05-01,الزيارة الميدانية,استفسار عن الخدمات الرقمية المتاحة على التطبيق الرسمي.,منجز,منخفضة
REQ-000654,2025-08-11,البوابة الإلكترونية,أعاني من حالة صحية مزمنة وأطلب إعفاءً من الرسوم، رقم هويتي 1189375197.,مفتوح,متوسطة
REQ-000655,2025-07-17,تطبيق الجوال,تقديم طلب لاستثناء خاص نظراً لوجود مرض مزمن مثبت طبياً، جوالي +966547289298.,مغلق,متوسطة
REQ-000656,2025-03-01,الزيارة الميدانية,أستفسر عن كيفية اسـترداد دعم الإيجار، رقم هويتي الوطنية 1749416861.,قيد المعالجة,منخفضة
REQ-000657,2025-06-08,البوابة الإلكترونية,سؤال عن كيفية متابعة حالة الطلب المقدم عبر البوابة.,مفتوح,متوسطة
REQ-000658,2025-11-16,البريد الإلكتروني,أرجو تحديث بياناتي الشخصية، هويتي 1943164937 وجوالي +966582490222.,مفتوح,عالية
REQ-000659,2025-06-01,مركز الاتصال,الاستعلام عن طلب دعم السكن المقدم منذ فترة، هويتي 1287252074.,مفتوح,عالية
REQ-000660,2025-12-28,البوابة الإلكترونية,طلب تقرير طبي يخص ابني القاصر لاستكمال المعاملة، هويتي 1690456445.,قيد المعالجة,منخفضة
REQ-000661,2025-10-12,البوابة الإلكترونية,استفسار عن موعد تجديد رخصة القيادة.,مغلق,منخفضة
REQ-000662,2025-04-28,البوابة الإلكترونية,طلب دليل المستخدم الخاص بمنظومة الخدمات الإلكترونية.,منجز,منخفضة
REQ-000663,2025-05-31,البريد الإلكتروني,طلب معرفة الإجراءات اللازمة لتجديد الترخيص التجاري.,مغلق,منخفضة
REQ-000664,2025-08-17,تطبيق الجوال,اقتراح بتحسين تجربة الموقع الإلكتروني.,مفتوح,متوسطة
REQ-000665,2025-07-23,الزيارة الميدانية,أحتاج مساعدة في استرداد مبلغ مالي تم خصمه خطأً من حسابي SA3384536991589736755519.,منجز,منخفضة
REQ-000666,2025-03-24,البريد الإلكتروني,أريد الاستعلام عن دعم الضمان الاجتماعي بناءً على وضعي المالي، جوالي +966515423353.,مغلق,متوسطة
REQ-000667,2025-04-07,الزيارة الميدانية,استفسار عن أوقات العمل الرسمية للفرع.,مغلق,متوسطة
REQ-000668,2025-03-29,البريد الإلكتروني,أحتاج مساعدة في استرداد مبلغ مالي تم خصمه خطأً من حسابي SA4195043954886953764220.,مغلق,منخفضة
REQ-000669,2026-03-21,مركز الاتصال,أرغب في الاستفسار عن ملفي الصحي، رقم السجل الطبي الخاص بي 1862378823.,مفتوح,عالية
REQ-000670,2026-01-29,تطبيق الجوال,تقديم طلب لاستثناء خاص نظراً لوجود مرض مزمن مثبت طبياً، جوالي +966517085806.,معلق,منخفضة
REQ-000671,2025-05-30,الزيارة الميدانية,شكوى ضد موظف مع إرفاق اسمي الكامل ورقم هويتي 1640128151.,معلق,عالية
REQ-000672,2026-04-27,تطبيق الجوال,الاستعلام عن طلب دعم السكن المقدم منذ فترة، هويتي 1470343631.,قيد المعالجة,متوسطة
REQ-000673,2025-04-01,مركز الاتصال,الاستعلام عن طلب دعم السكن المقدم منذ فترة، هويتي 1124588003.,مغلق,عالية
REQ-000674,2025-04-16,البريد الإلكتروني,أرغب في الاستفسار عن ملفي الصحي، رقم السجل الطبي الخاص بي 1610201715.,مغلق,منخفضة
REQ-000675,2025-02-24,البريد الإلكتروني,طلب توضيح حول رسوم الخدمة المعلنة.,قيد المعالجة,عالية
REQ-000676,2025-08-25,البريد الإلكتروني,سؤال عن خطوات حجز موعد في الفرع.,مغلق,منخفضة
REQ-000677,2025-03-01,تطبيق الجوال,استفسار عن قنوات التواصل مع فريق الدعم الفني.,منجز,متوسطة
REQ-000678,2025-08-23,تطبيق الجوال,طلب دليل المستخدم الخاص بمنظومة الخدمات الإلكترونية.,مغلق,منخفضة
REQ-000679,2025-05-10,مركز الاتصال,أريد الاستعلام عن دعم الضمان الاجتماعي بناءً على وضعي المالي، جوالي +966567325214.,مغلق,منخفضة
REQ-000680,2025-05-03,تطبيق الجوال,استفسار عن موعد تجديد رخصة القيادة.,قيد المعالجة,منخفضة
REQ-000681,2026-01-08,مركز الاتصال,شكوى ضد موظف مع إرفاق اسمي الكامل ورقم هويتي 1676954892.,معلق,متوسطة
REQ-000682,2025-06-20,البوابة الإلكترونية,طلب نموذج تفويض موقع لإنجاز المعاملات نيابةً.,معلق,متوسطة
REQ-000683,2025-05-02,مركز الاتصال,طلب منح بطاقة ذوي الإعاقة لطفلي، رقم ولايتي 1512154285.,مفتوح,متوسطة
REQ-000684,2025-11-18,البوابة الإلكترونية,أعاني من حالة صحية مزمنة وأطلب إعفاءً من الرسوم، رقم هويتي 1494205436.,مفتوح,منخفضة
REQ-000685,2025-10-30,البوابة الإلكترونية,طلب معلومات عن الخدمات المتاحة للمقيمين.,مفتوح,عالية
REQ-000686,2025-09-24,البوابة الإلكترونية,طلب تصحيح بيانات الاستقطاعات من الراتب الأساسي SA8381492492940928783225.,منجز,عالية
REQ-000687,2026-01-06,البوابة الإلكترونية,اقتراح تفعيل خاصية الإشعارات الفورية للمعاملات.,مغلق,عالية
REQ-000688,2026-03-23,البريد الإلكتروني,شكوى ضد موظف مع إرفاق اسمي الكامل ورقم هويتي 1882814328.,معلق,عالية
REQ-000689,2025-08-29,مركز الاتصال,استفسار عن الخدمات الرقمية المتاحة على التطبيق الرسمي.,مغلق,عالية
REQ-000690,2025-09-10,البوابة الإلكترونية,تقديم شكوى بسبب تسريب بياناتي الشخصية من قِبل أحد الموظفين، هويتي 1917415539.,منجز,متوسطة
REQ-000691,2025-08-01,البريد الإلكتروني,شكوى ضد موظف مع إرفاق اسمي الكامل ورقم هويتي 1161229396.,منجز,عالية
REQ-000692,2025-12-27,الزيارة الميدانية,تقديم طلب لاستثناء خاص نظراً لوجود مرض مزمن مثبت طبياً، جوالي +966585647741.,قيد المعالجة,عالية
REQ-000693,2025-04-25,الزيارة الميدانية,طلب نموذج تفويض موقع لإنجاز المعاملات نيابةً.,منجز,متوسطة
REQ-000694,2025-11-30,الزيارة الميدانية,أرغب في الاستفسار عن ملفي الصحي، رقم السجل الطبي الخاص بي 1687328219.,معلق,متوسطة
REQ-000695,2025-02-16,البوابة الإلكترونية,اقتراح إضافة خدمة الدفع الإلكتروني لتسهيل المعاملات.,مفتوح,منخفضة
REQ-000696,2025-12-18,الزيارة الميدانية,شكوى ضد موظف مع إرفاق اسمي الكامل ورقم هويتي 1026034734.,مغلق,منخفضة
REQ-000697,2025-05-07,مركز الاتصال,استفسار عن إمكانية تحديث بيانات التواصل بشكل إلكتروني.,قيد المعالجة,متوسطة
REQ-000698,2025-09-11,البريد الإلكتروني,طلب منح بطاقة ذوي الإعاقة لطفلي، رقم ولايتي 1773823859.,مغلق,عالية
REQ-000699,2026-04-05,البوابة الإلكترونية,تقديم شكوى بسبب تسريب بياناتي الشخصية من قِبل أحد الموظفين، هويتي 1916647827.,منجز,متوسطة
REQ-000700,2025-03-27,مركز الاتصال,طلب صرف تعويض بسبب حادثة عمل ولديّ تقرير طبي، يمكن مراسلتي على +966542256859.,منجز,متوسطة
REQ-000701,2025-08-31,البريد الإلكتروني,أستفسر عن كيفية اسـترداد دعم الإيجار، رقم هويتي الوطنية 1765556970.,مفتوح,متوسطة
REQ-000702,2026-03-01,الزيارة الميدانية,اقتراح بتحسين تجربة الموقع الإلكتروني.,منجز,عالية
REQ-000703,2025-11-09,الزيارة الميدانية,أحتاج مساعدة في استرداد مبلغ مالي تم خصمه خطأً من حسابي SA9693284179436568825932.,مغلق,منخفضة
REQ-000704,2026-04-02,تطبيق الجوال,,قيد المعالجة,منخفضة
REQ-000705,2025-12-12,الزيارة الميدانية,تقديم شكوى بسبب تسريب بياناتي الشخصية من قِبل أحد الموظفين، هويتي 1399401635.,معلق,منخفضة
REQ-000706,2025-08-24,البريد الإلكتروني,طلب دليل المستخدم الخاص بمنظومة الخدمات الإلكترونية.,معلق,عالية
REQ-000707,2025-08-18,مركز الاتصال,طلب معلومات عن الخدمات المتاحة للمقيمين.,مغلق,عالية
REQ-000708,2025-10-19,مركز الاتصال,طلب معلومات عن الخدمات المتاحة للمقيمين.,قيد المعالجة,عالية
REQ-000709,2025-08-03,البوابة الإلكترونية,اقتراح تفعيل خاصية الإشعارات الفورية للمعاملات.,منجز,منخفضة
REQ-000710,2025-08-30,الزيارة الميدانية,شكوى عن بطء الخدمة الإلكترونية في الموقع الرسمي.,قيد المعالجة,عالية
REQ-000711,2025-10-23,الزيارة الميدانية,طلب إرشادات للتسجيل في بوابة الخدمات الحكومية.,قيد المعالجة,عالية
REQ-000712,2025-03-13,الزيارة الميدانية,استفسار عن إمكانية تحديث بيانات التواصل بشكل إلكتروني.,قيد المعالجة,عالية
REQ-000713,2025-01-24,مركز الاتصال,طلب صرف تعويض بسبب حادثة عمل ولديّ تقرير طبي، يمكن مراسلتي على +966579109778.,قيد المعالجة,متوسطة
REQ-000714,2025-03-26,مركز الاتصال,طلب توضيح حول رسوم الخدمة المعلنة.,قيد المعالجة,عالية
REQ-000715,2025-05-29,البريد الإلكتروني,الاستعلام عن طلب دعم السكن المقدم منذ فترة، هويتي 1006897027.,قيد المعالجة,عالية
REQ-000716,2025-08-10,البوابة الإلكترونية,اقتراح تفعيل خاصية الإشعارات الفورية للمعاملات.,مفتوح,عالية
REQ-000717,2025-04-25,البوابة الإلكترونية,طلب دليل المستخدم الخاص بمنظومة الخدمات الإلكترونية.,منجز,عالية
REQ-000718,2025-05-02,الزيارة الميدانية,طلب معرفة الإجراءات اللازمة لتجديد الترخيص التجاري.,مفتوح,عالية
REQ-000719,2025-10-01,مركز الاتصال,أعاني من حالة صحية مزمنة وأطلب إعفاءً من الرسوم، رقم هويتي 1989797053.,قيد المعالجة,عالية
REQ-000720,2025-12-16,مركز الاتصال,طلب تحديث رقم الجوال المسجل في الأنظمة.,مفتوح,منخفضة
REQ-000721,2026-03-05,مركز الاتصال,طلب إعفاء بسبب ظرف خاص ووضع مالي صعب، يمكن التواصل على +966551508790.,مفتوح,عالية
REQ-000722,2025-05-28,مركز الاتصال,طلب تعديل بيانات الراتب في السجل بسبب خطأ محاسبي، هويتي 1101910246.,منجز,متوسطة
REQ-000723,2025-07-14,البريد الإلكتروني,طلب نموذج تفويض موقع لإنجاز المعاملات نيابةً.,مفتوح,منخفضة
REQ-000724,2025-02-01,مركز الاتصال,طلب الحصول على شهادة من الجهة تثبت تسجيل المنشأة.,منجز,متوسطة
REQ-000725,2025-01-23,البوابة الإلكترونية,شكوى عن بطء الخدمة الإلكترونية في الموقع الرسمي.,معلق,متوسطة
REQ-000726,2026-05-22,البوابة الإلكترونية,اقتراح تفعيل خاصية الإشعارات الفورية للمعاملات.,مفتوح,متوسطة
REQ-000727,2025-02-12,البوابة الإلكترونية,طلب معرفة الإجراءات اللازمة لتجديد الترخيص التجاري.,مغلق,متوسطة
REQ-000728,2024-12-25,البوابة الإلكترونية,طلب نسخة إلكترونية من شهادة إتمام معاملة.,مغلق,متوسطة
REQ-000729,2026-03-28,البريد الإلكتروني,طلب نموذج تفويض موقع لإنجاز المعاملات نيابةً.,مفتوح,عالية
REQ-000730,2026-01-03,البريد الإلكتروني,أريد الاستعلام عن دعم الضمان الاجتماعي بناءً على وضعي المالي، جوالي +966532936859.,مفتوح,عالية
REQ-000731,2025-12-28,الزيارة الميدانية,طلب منح بطاقة ذوي الإعاقة لطفلي، رقم ولايتي 1386834863.,منجز,منخفضة
REQ-000732,2025-05-04,البوابة الإلكترونية,أستفسر عن كيفية اسـترداد دعم الإيجار، رقم هويتي الوطنية 1242623864.,منجز,عالية
REQ-000733,2025-02-17,الزيارة الميدانية,استفسار عن موعد تجديد رخصة القيادة.,معلق,متوسطة
REQ-000734,2026-03-04,مركز الاتصال,اقتراح إضافة خدمة الدفع الإلكتروني لتسهيل المعاملات.,قيد المعالجة,متوسطة
REQ-000735,2026-04-26,مركز الاتصال,استفسار عن الخدمات الرقمية المتاحة على التطبيق الرسمي.,مفتوح,منخفضة
REQ-000736,2026-05-25,البريد الإلكتروني,أرجو تحديث بياناتي الشخصية، هويتي 1374957494 وجوالي +966585931038.,مفتوح,عالية
REQ-000737,2025-06-07,البريد الإلكتروني,طلب دليل المستخدم الخاص بمنظومة الخدمات الإلكترونية.,منجز,منخفضة
REQ-000738,2026-03-05,البريد الإلكتروني,طلب معرفة الإجراءات اللازمة لتجديد الترخيص التجاري.,معلق,عالية
REQ-000739,2026-02-10,البريد الإلكتروني,طلب نسخة إلكترونية من شهادة إتمام معاملة.,قيد المعالجة,منخفضة
REQ-000740,2025-07-05,الزيارة الميدانية,طلب دليل المستخدم الخاص بمنظومة الخدمات الإلكترونية.,منجز,متوسطة
REQ-000741,2025-01-02,تطبيق الجوال,استفسار عن خطوات الاعتراض على قرار إداري.,مغلق,منخفضة
REQ-000742,2026-04-12,مركز الاتصال,طلب إنهاء إجراءات الحصول على معاش التقاعد المبكر، هويتي 1459767842.,مفتوح,متوسطة
REQ-000743,2025-12-21,تطبيق الجوال,شكوى عن صعوبة التنقل بين صفحات الموقع الرسمي.,منجز,متوسطة
REQ-000744,2025-02-01,تطبيق الجوال,استفسار عن الخدمات الرقمية المتاحة على التطبيق الرسمي.,قيد المعالجة,منخفضة
REQ-000745,2025-10-13,الزيارة الميدانية,أعاني من حالة صحية مزمنة وأطلب إعفاءً من الرسوم، رقم هويتي 1001570702.,قيد المعالجة,متوسطة
REQ-000746,2026-06-19,مركز الاتصال,سؤال عن خطوات حجز موعد في الفرع.,قيد المعالجة,عالية
REQ-000747,2026-04-30,البريد الإلكتروني,طلب دليل المستخدم الخاص بمنظومة الخدمات الإلكترونية.,مغلق,عالية
REQ-000748,2025-02-25,البريد الإلكتروني,سؤال عن مدة معالجة طلبات إصدار الشهادات.,منجز,عالية
REQ-000749,2026-05-25,الزيارة الميدانية,طلب صرف تعويض بسبب حادثة عمل ولديّ تقرير طبي، يمكن مراسلتي على +966580972568.,مغلق,منخفضة
REQ-000750,2026-06-06,تطبيق الجوال,طلب منح بطاقة ذوي الإعاقة لطفلي، رقم ولايتي 1143157418.,مفتوح,عالية
REQ-000751,2024-12-22,مركز الاتصال,طلب تحديث رقم الجوال المسجل في الأنظمة.,مغلق,عالية
REQ-000752,2025-12-07,البريد الإلكتروني,تقديم طلب لاستثناء خاص نظراً لوجود مرض مزمن مثبت طبياً، جوالي +966533579562.,قيد المعالجة,متوسطة
REQ-000753,2025-04-29,الزيارة الميدانية,طلب توضيح حول رسوم الخدمة المعلنة.,مفتوح,منخفضة
REQ-000754,2025-02-24,الزيارة الميدانية,شكوى عن بطء الخدمة الإلكترونية في الموقع الرسمي.,منجز,منخفضة
REQ-000755,2025-09-15,تطبيق الجوال,طلب تقرير طبي يخص ابني القاصر لاستكمال المعاملة، هويتي 1040662635.,معلق,متوسطة
REQ-000756,2025-08-20,البوابة الإلكترونية,اقتراح تفعيل خاصية الإشعارات الفورية للمعاملات.,مغلق,عالية
REQ-000757,2025-01-08,البوابة الإلكترونية,سؤال عن خطوات حجز موعد في الفرع.,قيد المعالجة,منخفضة
REQ-000758,2025-02-24,البريد الإلكتروني,استفسار عن الخدمات الرقمية المتاحة على التطبيق الرسمي.,منجز,عالية
REQ-000759,2025-05-30,الزيارة الميدانية,استفسار عن موعد تجديد رخصة القيادة.,مغلق,منخفضة
REQ-000760,2025-03-23,الزيارة الميدانية,أستفسر عن كيفية اسـترداد دعم الإيجار، رقم هويتي الوطنية 1119504213.,منجز,متوسطة
REQ-000761,2026-01-18,مركز الاتصال,طلب صرف تعويض بسبب حادثة عمل ولديّ تقرير طبي، يمكن مراسلتي على +966561711183.,معلق,متوسطة
REQ-000762,2025-05-19,البريد الإلكتروني,تقديم طلب لاستثناء خاص نظراً لوجود مرض مزمن مثبت طبياً، جوالي +966504337671.,معلق,عالية
REQ-000763,2025-11-05,الزيارة الميدانية,طلب إرشادات للتسجيل في بوابة الخدمات الحكومية.,منجز,متوسطة
REQ-000764,2026-04-28,البوابة الإلكترونية,استفسار عن موعد تجديد رخصة القيادة.,قيد المعالجة,منخفضة
REQ-000765,2025-02-27,الزيارة الميدانية,استفسار عن إمكانية تحديث بيانات التواصل بشكل إلكتروني.,قيد المعالجة,عالية
REQ-000766,2025-02-22,البريد الإلكتروني,استفسار عن قنوات التواصل مع فريق الدعم الفني.,مغلق,منخفضة
REQ-000767,2026-04-21,مركز الاتصال,شكوى عن صعوبة التنقل بين صفحات الموقع الرسمي.,قيد المعالجة,منخفضة
REQ-000768,2025-03-21,الزيارة الميدانية,طلب إعفاء بسبب ظرف خاص ووضع مالي صعب، يمكن التواصل على +966528792315.,معلق,منخفضة
REQ-000769,2026-06-15,البوابة الإلكترونية,استفسار عن موعد تجديد رخصة القيادة.,قيد المعالجة,عالية
REQ-000770,2025-12-04,تطبيق الجوال,طلب معرفة الإجراءات اللازمة لتجديد الترخيص التجاري.,مغلق,منخفضة
REQ-000771,2025-08-29,البوابة الإلكترونية,استفسار عن إمكانية تحديث بيانات التواصل بشكل إلكتروني.,منجز,متوسطة
REQ-000772,2025-11-15,مركز الاتصال,طلب إرشادات للتسجيل في بوابة الخدمات الحكومية.,مفتوح,متوسطة
REQ-000773,2025-10-16,البوابة الإلكترونية,طلب منح بطاقة ذوي الإعاقة لطفلي، رقم ولايتي 1740952302.,قيد المعالجة,منخفضة
REQ-000774,2025-08-01,الزيارة الميدانية,سؤال عن مدة معالجة طلبات إصدار الشهادات.,معلق,منخفضة
REQ-000775,2026-03-18,مركز الاتصال,طلب صرف تعويض بسبب حادثة عمل ولديّ تقرير طبي، يمكن مراسلتي على +966576737141.,قيد المعالجة,متوسطة
REQ-000776,2026-01-22,البوابة الإلكترونية,طلب نسخة من نظام الاستئناف المتاح للمستفيدين.,مغلق,منخفضة
REQ-000777,2025-07-08,البوابة الإلكترونية,استفسار عن الوثائق المطلوبة لاستخراج وثيقة رسمية.,منجز,عالية
REQ-000778,2025-04-10,تطبيق الجوال,الرجاء مراجعة ملف طعني لأنني معاق ويصعب عليّ الحضور الشخصي، هويتي 1401485105.,قيد المعالجة,منخفضة
REQ-000779,2025-08-14,البريد الإلكتروني,استفسار عن قنوات التواصل مع فريق الدعم الفني.,منجز,متوسطة
REQ-000780,2025-05-30,البريد الإلكتروني,طلب معلومات عن الخدمات المتاحة للمقيمين.,منجز,منخفضة
REQ-000781,2025-01-01,البريد الإلكتروني,سؤال عن مدة معالجة طلبات إصدار الشهادات.,منجز,متوسطة
REQ-000782,2025-11-23,الزيارة الميدانية,طلب الحصول على شهادة من الجهة تثبت تسجيل المنشأة.,معلق,متوسطة
REQ-000783,2025-02-27,تطبيق الجوال,تقديم شكوى بسبب تسريب بياناتي الشخصية من قِبل أحد الموظفين، هويتي 1698832340.,مغلق,متوسطة
REQ-000784,2025-06-27,تطبيق الجوال,طلب إعفاء بسبب ظرف خاص ووضع مالي صعب، يمكن التواصل على +966563264098.,قيد المعالجة,منخفضة
REQ-000785,2025-07-06,تطبيق الجوال,اقتراح بتحسين تجربة الموقع الإلكتروني.,مفتوح,منخفضة
REQ-000786,2026-01-07,تطبيق الجوال,طلب إرشادات للتسجيل في بوابة الخدمات الحكومية.,قيد المعالجة,متوسطة
REQ-000787,2024-12-22,تطبيق الجوال,شكوى ضد موظف مع إرفاق اسمي الكامل ورقم هويتي 1410130833.,مغلق,عالية
REQ-000788,2025-07-29,الزيارة الميدانية,شكوى عن صعوبة التنقل بين صفحات الموقع الرسمي.,منجز,متوسطة
REQ-000789,2025-06-20,الزيارة الميدانية,تقديم شكوى بسبب تسريب بياناتي الشخصية من قِبل أحد الموظفين، هويتي 1288594789.,مغلق,عالية
REQ-000790,2025-10-14,تطبيق الجوال,طلب تقرير طبي يخص ابني القاصر لاستكمال المعاملة، هويتي 1452204835.,منجز,عالية
REQ-000791,2025-05-18,البريد الإلكتروني,أرغب في الاستفسار عن ملفي الصحي، رقم السجل الطبي الخاص بي 1072705369.,مفتوح,عالية
REQ-000792,2025-04-01,مركز الاتصال,الرجاء مراجعة ملف طعني لأنني معاق ويصعب عليّ الحضور الشخصي، هويتي 1106448838.,قيد المعالجة,عالية
REQ-000793,2025-03-22,البريد الإلكتروني,طلب معلومات عن الخدمات المتاحة للمقيمين.,قيد المعالجة,عالية
REQ-000794,2025-11-08,الزيارة الميدانية,طلب تحديث رقم الجوال المسجل في الأنظمة.,مفتوح,منخفضة
REQ-000795,2025-08-31,البوابة الإلكترونية,طلب الحصول على شهادة من الجهة تثبت تسجيل المنشأة.,مفتوح,عالية
REQ-000796,2025-10-09,البريد الإلكتروني,طلب تصحيح بيانات الاستقطاعات من الراتب الأساسي SA2470944048776775831753.,معلق,عالية
REQ-000797,2025-01-12,البريد الإلكتروني,شكوى عن بطء الخدمة الإلكترونية في الموقع الرسمي.,قيد المعالجة,متوسطة
REQ-000798,2025-05-07,مركز الاتصال,شكوى عن بطء الخدمة الإلكترونية في الموقع الرسمي.,منجز,متوسطة
REQ-000799,2025-04-19,مركز الاتصال,الاستعلام عن طلب دعم السكن المقدم منذ فترة، هويتي 1675762460.,CLOSED,متوسطة
REQ-000800,2025-02-24,البريد الإلكتروني,اقتراح تفعيل خاصية الإشعارات الفورية للمعاملات.,منجز,عالية
REQ-000801,2025-10-08,الزيارة الميدانية,استفسار عن الوثائق المطلوبة لاستخراج وثيقة رسمية.,قيد المعالجة,منخفضة
REQ-000802,2026-05-16,تطبيق الجوال,طلب نموذج تفويض موقع لإنجاز المعاملات نيابةً.,معلق,عالية
REQ-000803,2026-03-06,تطبيق الجوال,سؤال عن مدة معالجة طلبات إصدار الشهادات.,قيد المعالجة,منخفضة
REQ-000804,2026-06-13,مركز الاتصال,طلب تحديث رقم الجوال المسجل في الأنظمة.,مفتوح,عالية
REQ-000805,2025-09-01,الزيارة الميدانية,استفسار عن موعد تجديد رخصة القيادة.,معلق,عالية
REQ-000806,2026-03-27,مركز الاتصال,شكوى ضد موظف مع إرفاق اسمي الكامل ورقم هويتي 1004116792.,مفتوح,منخفضة
REQ-000807,2025-04-12,تطبيق الجوال,شكوى عن بطء الخدمة الإلكترونية في الموقع الرسمي.,قيد المعالجة,منخفضة
REQ-000808,2025-07-21,الزيارة الميدانية,شكوى بخصوص فاتورة خاطئة تجاوزت راتبي الشهري، رقم الحساب SA1187682411491194627555.,منجز,متوسطة
REQ-000809,2025-11-24,البريد الإلكتروني,طلب الحصول على شهادة من الجهة تثبت تسجيل المنشأة.,معلق,عالية
REQ-000810,2025-12-21,تطبيق الجوال,أواجه ضائقة مالية ولا أستطيع سداد المخالفة، حسابي البنكي SA2267722513819736887645.,قيد المعالجة,منخفضة
REQ-000811,2025-04-15,تطبيق الجوال,استفسار عن الوثائق المطلوبة لاستخراج وثيقة رسمية.,مفتوح,متوسطة
REQ-000812,2025-11-06,البوابة الإلكترونية,طلب نموذج تفويض موقع لإنجاز المعاملات نيابةً.,مغلق,منخفضة
REQ-000813,2025-08-23,البريد الإلكتروني,طلب تقرير طبي يخص ابني القاصر لاستكمال المعاملة، هويتي 1758981953.,قيد المعالجة,متوسطة
REQ-000814,2026-04-10,البريد الإلكتروني,طلب معرفة الإجراءات اللازمة لتجديد الترخيص التجاري.,مفتوح,منخفضة
REQ-000815,2026-02-24,تطبيق الجوال,استفسار عن خطوات الاعتراض على قرار إداري.,معلق,منخفضة
REQ-000816,2025-11-04,البوابة الإلكترونية,طلب تصحيح بيانات الاستقطاعات من الراتب الأساسي SA7583459906196500364910.,قيد المعالجة,منخفضة
REQ-000817,2025-09-14,تطبيق الجوال,أرجو تحديث بياناتي الشخصية، هويتي 1332897865 وجوالي +966538355799.,منجز,منخفضة
REQ-000818,2025-09-24,مركز الاتصال,طلب تقرير طبي يخص ابني القاصر لاستكمال المعاملة، هويتي 1863890107.,مفتوح,منخفضة
REQ-000819,2025-07-22,مركز الاتصال,سؤال عن مدة معالجة طلبات إصدار الشهادات.,منجز,منخفضة
REQ-000820,2025-10-06,الزيارة الميدانية,طلب إعفاء بسبب ظرف خاص ووضع مالي صعب، يمكن التواصل على +966565028589.,مغلق,عالية
REQ-000821,2024-12-26,مركز الاتصال,شكوى بخصوص فاتورة خاطئة تجاوزت راتبي الشهري، رقم الحساب SA5072679900378478688220.,مغلق,متوسطة
REQ-000822,2025-09-26,البوابة الإلكترونية,طلب نموذج تفويض موقع لإنجاز المعاملات نيابةً.,منجز,متوسطة
REQ-000823,2025-03-12,مركز الاتصال,استفسار عن الوثائق المطلوبة لاستخراج وثيقة رسمية.,منجز,منخفضة
REQ-000824,2025-05-14,مركز الاتصال,أحتاج مساعدة في استرداد مبلغ مالي تم خصمه خطأً من حسابي SA9059788672006260855597.,مغلق,متوسطة
REQ-000825,2025-03-20,تطبيق الجوال,اقتراح تفعيل خاصية الإشعارات الفورية للمعاملات.,مغلق,منخفضة
REQ-000826,2025-06-26,مركز الاتصال,طلب تقرير طبي يخص ابني القاصر لاستكمال المعاملة، هويتي 1383349055.,مغلق,متوسطة
REQ-000827,2026-01-14,الزيارة الميدانية,طلب تقرير طبي يخص ابني القاصر لاستكمال المعاملة، هويتي 1891452003.,مفتوح,عالية
REQ-000828,2025-10-03,تطبيق الجوال,طلب نسخة إلكترونية من شهادة إتمام معاملة.,معلق,عالية
REQ-000829,2025-02-08,الزيارة الميدانية,استفسار عن إمكانية تحديث بيانات التواصل بشكل إلكتروني.,منجز,منخفضة
REQ-000830,2025-06-13,الزيارة الميدانية,أرغب في الاستفسار عن ملفي الصحي، رقم السجل الطبي الخاص بي 1907273484.,قيد المعالجة,عالية
REQ-000831,2025-05-25,البوابة الإلكترونية,طلب معرفة الإجراءات اللازمة لتجديد الترخيص التجاري.,قيد المعالجة,عالية
REQ-000832,2025-06-25,الزيارة الميدانية,استفسار عن قنوات التواصل مع فريق الدعم الفني.,قيد المعالجة,منخفضة
REQ-000833,2025-09-28,البوابة الإلكترونية,طلب الحصول على شهادة من الجهة تثبت تسجيل المنشأة.,قيد المعالجة,منخفضة
REQ-000834,2025-04-18,البريد الإلكتروني,طلب دليل المستخدم الخاص بمنظومة الخدمات الإلكترونية.,قيد المعالجة,منخفضة
REQ-000835,2025-04-18,تطبيق الجوال,أحتاج مساعدة في استرداد مبلغ مالي تم خصمه خطأً من حسابي SA5989170309409722019766.,معلق,متوسطة
REQ-000836,2025-10-03,البريد الإلكتروني,سؤال عن خطوات حجز موعد في الفرع.,معلق,منخفضة
REQ-000837,2025-07-07,الزيارة الميدانية,استفسار عن خطوات الاعتراض على قرار إداري.,منجز,متوسطة
REQ-000838,2026-02-15,الزيارة الميدانية,طلب معلومات عن الخدمات المتاحة للمقيمين.,مغلق,متوسطة
REQ-000839,2024-12-26,البريد الإلكتروني,أريد الاستعلام عن دعم الضمان الاجتماعي بناءً على وضعي المالي، جوالي +966584170816.,مفتوح,منخفضة
REQ-000840,2025-08-11,تطبيق الجوال,طلب تحديث رقم الجوال المسجل في الأنظمة.,منجز,منخفضة
REQ-000841,2025-03-17,تطبيق الجوال,استفسار عن أوقات العمل الرسمية للفرع.,منجز,عالية
REQ-000842,2025-11-19,البوابة الإلكترونية,طلب منح بطاقة ذوي الإعاقة لطفلي، رقم ولايتي 1613550175.,قيد المعالجة,منخفضة
REQ-000843,2025-05-13,تطبيق الجوال,شكوى ضد موظف مع إرفاق اسمي الكامل ورقم هويتي 1495872861.,مفتوح,متوسطة
REQ-000844,2026-02-15,البريد الإلكتروني,طلب معرفة الإجراءات اللازمة لتجديد الترخيص التجاري.,قيد المعالجة,عالية
REQ-000845,2025-04-06,البوابة الإلكترونية,طلب إنهاء إجراءات الحصول على معاش التقاعد المبكر، هويتي 1663472114.,قيد المعالجة,منخفضة
REQ-000846,2025-03-19,البريد الإلكتروني,أحتاج مساعدة في استرداد مبلغ مالي تم خصمه خطأً من حسابي SA2192176950074977705221.,مفتوح,منخفضة
REQ-000847,2025-07-22,البوابة الإلكترونية,استفسار عن خطوات الاعتراض على قرار إداري.,قيد المعالجة,عالية
REQ-000848,2026-02-01,البريد الإلكتروني,أستفسر عن كيفية اسـترداد دعم الإيجار، رقم هويتي الوطنية 1873493140.,مفتوح,منخفضة
REQ-000849,2025-07-24,البوابة الإلكترونية,سؤال عن كيفية متابعة حالة الطلب المقدم عبر البوابة.,مغلق,متوسطة
REQ-000850,2025-01-21,البريد الإلكتروني,أستفسر عن كيفية اسـترداد دعم الإيجار، رقم هويتي الوطنية 1477672487.,قيد المعالجة,منخفضة
REQ-000851,2026-06-19,البريد الإلكتروني,اقتراح تفعيل خاصية الإشعارات الفورية للمعاملات.,منجز,منخفضة
REQ-000852,2025-06-23,الزيارة الميدانية,أرجو تحديث بياناتي الشخصية، هويتي 1222829366 وجوالي +966587615295.,مغلق,منخفضة
REQ-000853,2025-09-22,البريد الإلكتروني,سؤال عن كيفية متابعة حالة الطلب المقدم عبر البوابة.,معلق,عالية
REQ-000854,2025-04-15,تطبيق الجوال,أستفسر عن كيفية اسـترداد دعم الإيجار، رقم هويتي الوطنية 1262652710.,معلق,متوسطة
REQ-000855,2025-12-05,مركز الاتصال,استفسار عن خطوات الاعتراض على قرار إداري.,قيد المعالجة,منخفضة
REQ-000856,2025-03-05,البوابة الإلكترونية,اقتراح بتحسين تجربة الموقع الإلكتروني.,معلق,عالية
REQ-000857,2025-01-12,مركز الاتصال,طلب إنهاء إجراءات الحصول على معاش التقاعد المبكر، هويتي 1252342819.,مفتوح,متوسطة
REQ-000858,2025-11-04,مركز الاتصال,طلب نسخة من نظام الاستئناف المتاح للمستفيدين.,معلق,منخفضة
REQ-000859,2025-01-06,مركز الاتصال,شكوى عن صعوبة التنقل بين صفحات الموقع الرسمي.,مغلق,متوسطة
REQ-000860,2026-06-09,البريد الإلكتروني,سؤال عن مدة معالجة طلبات إصدار الشهادات.,منجز,منخفضة
REQ-000861,2026-03-09,البوابة الإلكترونية,طلب إنهاء إجراءات الحصول على معاش التقاعد المبكر، هويتي 1351191919.,معلق,عالية
REQ-000862,2025-08-10,الزيارة الميدانية,اقتراح تفعيل خاصية الإشعارات الفورية للمعاملات.,مفتوح,منخفضة
REQ-000863,2025-05-07,تطبيق الجوال,شكوى بخصوص فاتورة خاطئة تجاوزت راتبي الشهري، رقم الحساب SA6255562775427884083124.,مغلق,منخفضة
REQ-000864,2025-08-03,البوابة الإلكترونية,أحتاج مساعدة في استرداد مبلغ مالي تم خصمه خطأً من حسابي SA8089159666854563938013.,منجز,منخفضة
REQ-000865,2026-05-13,البوابة الإلكترونية,اقتراح إضافة خدمة الدفع الإلكتروني لتسهيل المعاملات.,معلق,متوسطة
REQ-000866,2026-01-11,البوابة الإلكترونية,طلب معرفة الإجراءات اللازمة لتجديد الترخيص التجاري.,مغلق,متوسطة
REQ-000867,2026-02-12,البوابة الإلكترونية,استفسار عن الوثائق المطلوبة لاستخراج وثيقة رسمية.,مغلق,متوسطة
REQ-000868,2025-07-03,البوابة الإلكترونية,طلب معلومات عن الخدمات المتاحة للمقيمين.,منجز,منخفضة
REQ-000869,2025-07-12,البوابة الإلكترونية,استفسار عن الخدمات الرقمية المتاحة على التطبيق الرسمي.,قيد المعالجة,عالية
REQ-000870,2025-05-03,البريد الإلكتروني,طلب منح بطاقة ذوي الإعاقة لطفلي، رقم ولايتي 1710052844.,قيد المعالجة,عالية
REQ-000871,2026-06-11,البريد الإلكتروني,طلب تقرير طبي يخص ابني القاصر لاستكمال المعاملة، هويتي 1096865249.,قيد المعالجة,متوسطة
REQ-000872,2025-07-06,تطبيق الجوال,شكوى عن صعوبة التنقل بين صفحات الموقع الرسمي.,مغلق,متوسطة
REQ-000873,2025-09-23,البريد الإلكتروني,استفسار عن أوقات العمل الرسمية للفرع.,مفتوح,منخفضة
REQ-000874,2025-02-01,الزيارة الميدانية,سؤال عن مدة معالجة طلبات إصدار الشهادات.,معلق,عالية
REQ-000875,2025-11-07,البريد الإلكتروني,طلب إنهاء إجراءات الحصول على معاش التقاعد المبكر، هويتي 1718592452.,معلق,عالية
REQ-000876,2026-03-01,تطبيق الجوال,طلب إرشادات للتسجيل في بوابة الخدمات الحكومية.,قيد المعالجة,متوسطة
REQ-000877,2025-07-06,الزيارة الميدانية,طلب تحديث رقم الجوال المسجل في الأنظمة.,مغلق,منخفضة
REQ-000878,2025-11-05,البريد الإلكتروني,سؤال عن كيفية متابعة حالة الطلب المقدم عبر البوابة.,قيد المعالجة,منخفضة
REQ-000879,2026-04-24,البريد الإلكتروني,شكوى ضد موظف مع إرفاق اسمي الكامل ورقم هويتي 1192537452.,قيد المعالجة,منخفضة
REQ-000880,2026-03-12,مركز الاتصال,تقديم شكوى بسبب تسريب بياناتي الشخصية من قِبل أحد الموظفين، هويتي 1956269524.,معلق,عالية
REQ-000881,2026-05-12,تطبيق الجوال,الرجاء مراجعة ملف طعني لأنني معاق ويصعب عليّ الحضور الشخصي، هويتي 1206145318.,قيد المعالجة,منخفضة
REQ-000882,2025-10-10,البريد الإلكتروني,طلب معلومات عن الخدمات المتاحة للمقيمين.,مفتوح,متوسطة
REQ-000883,2026-05-06,البوابة الإلكترونية,تقديم شكوى بسبب تسريب بياناتي الشخصية من قِبل أحد الموظفين، هويتي 1620106607.,معلق,عالية
REQ-000884,2025-03-28,تطبيق الجوال,استفسار عن الوثائق المطلوبة لاستخراج وثيقة رسمية.,منجز,عالية
REQ-000885,2025-02-21,الزيارة الميدانية,طلب إرشادات للتسجيل في بوابة الخدمات الحكومية.,معلق,منخفضة
REQ-000886,2025-03-07,الزيارة الميدانية,استفسار عن إمكانية تحديث بيانات التواصل بشكل إلكتروني.,منجز,منخفضة
REQ-000887,2024-12-26,الزيارة الميدانية,اقتراح بتحسين تجربة الموقع الإلكتروني.,معلق,منخفضة
REQ-000888,2025-03-22,البريد الإلكتروني,شكوى ضد موظف مع إرفاق اسمي الكامل ورقم هويتي 1326097282.,معلق,عالية
REQ-000889,2025-06-18,الزيارة الميدانية,طلب تعديل بيانات الراتب في السجل بسبب خطأ محاسبي، هويتي 1448359248.,مفتوح,متوسطة
REQ-000890,2026-02-12,مركز الاتصال,طلب إرشادات للتسجيل في بوابة الخدمات الحكومية.,مغلق,عالية
REQ-000891,2025-12-08,مركز الاتصال,أرغب في الاستفسار عن ملفي الصحي، رقم السجل الطبي الخاص بي 1354828160.,معلق,متوسطة
REQ-000892,2025-06-13,الزيارة الميدانية,طلب تصحيح بيانات الاستقطاعات من الراتب الأساسي SA5301380327169213970362.,قيد المعالجة,عالية
REQ-000893,2025-06-04,البريد الإلكتروني,طلب إرشادات للتسجيل في بوابة الخدمات الحكومية.,قيد المعالجة,منخفضة
REQ-000894,2025-05-23,الزيارة الميدانية,طلب صرف تعويض بسبب حادثة عمل ولديّ تقرير طبي، يمكن مراسلتي على +966518010480.,منجز,متوسطة
REQ-000895,2025-01-27,الزيارة الميدانية,طلب صرف تعويض بسبب حادثة عمل ولديّ تقرير طبي، يمكن مراسلتي على +966528151883.,معلق,عالية
REQ-000896,2025-05-16,الزيارة الميدانية,طلب نموذج تفويض موقع لإنجاز المعاملات نيابةً.,مغلق,متوسطة
REQ-000897,2025-01-07,الزيارة الميدانية,شكوى عن صعوبة التنقل بين صفحات الموقع الرسمي.,قيد المعالجة,متوسطة
REQ-000898,2025-07-08,مركز الاتصال,طلب دليل المستخدم الخاص بمنظومة الخدمات الإلكترونية.,مغلق,عالية
REQ-000899,2025-12-13,مركز الاتصال,استفسار عن الخدمات الرقمية المتاحة على التطبيق الرسمي.,مغلق,متوسطة
REQ-000900,2025-12-29,تطبيق الجوال,طلب منح بطاقة ذوي الإعاقة لطفلي، رقم ولايتي 1856193485.,مغلق,منخفضة
REQ-000901,2025-12-13,تطبيق الجوال,سؤال عن خطوات حجز موعد في الفرع.,مفتوح,منخفضة
REQ-000902,2024-12-20,مركز الاتصال,تقديم شكوى بسبب تسريب بياناتي الشخصية من قِبل أحد الموظفين، هويتي 1391578612.,قيد المعالجة,منخفضة
REQ-000903,2025-06-15,البوابة الإلكترونية,استفسار عن خطوات الاعتراض على قرار إداري.,مغلق,عالية
REQ-000904,2025-08-06,مركز الاتصال,طلب إرشادات للتسجيل في بوابة الخدمات الحكومية.,مفتوح,متوسطة
REQ-000905,2025-06-23,مركز الاتصال,استفسار عن خطوات الاعتراض على قرار إداري.,قيد المعالجة,منخفضة
REQ-000906,2025-09-07,الزيارة الميدانية,اقتراح بتحسين تجربة الموقع الإلكتروني.,مغلق,عالية
REQ-000907,2026-05-15,الزيارة الميدانية,طلب منح بطاقة ذوي الإعاقة لطفلي، رقم ولايتي 1278904881.,مفتوح,متوسطة
REQ-000908,2026-04-08,مركز الاتصال,اقتراح تفعيل خاصية الإشعارات الفورية للمعاملات.,قيد المعالجة,منخفضة
REQ-000909,2026-06-07,الزيارة الميدانية,الاستعلام عن طلب دعم السكن المقدم منذ فترة، هويتي 1906664055.,معلق,متوسطة
REQ-000910,2025-03-19,البوابة الإلكترونية,أواجه ضائقة مالية ولا أستطيع سداد المخالفة، حسابي البنكي SA1203266844203039967712.,مغلق,منخفضة
REQ-000911,2025-12-19,تطبيق الجوال,طلب معرفة الإجراءات اللازمة لتجديد الترخيص التجاري.,قيد المعالجة,منخفضة
REQ-000912,2025-06-28,الزيارة الميدانية,طلب إعفاء بسبب ظرف خاص ووضع مالي صعب، يمكن التواصل على +966580215144.,مغلق,منخفضة
REQ-000913,2025-07-05,البوابة الإلكترونية,طلب إعفاء بسبب ظرف خاص ووضع مالي صعب، يمكن التواصل على +966575980617.,منجز,متوسطة
REQ-000914,2026-03-20,البريد الإلكتروني,استفسار عن أوقات العمل الرسمية للفرع.,مغلق,منخفضة
REQ-000915,2025-04-05,البريد الإلكتروني,طلب معرفة الإجراءات اللازمة لتجديد الترخيص التجاري.,منجز,متوسطة
REQ-000916,2025-02-23,تطبيق الجوال,شكوى عن صعوبة التنقل بين صفحات الموقع الرسمي.,قيد المعالجة,متوسطة
REQ-000917,2026-04-19,مركز الاتصال,شكوى عن صعوبة التنقل بين صفحات الموقع الرسمي.,معلق,عالية
REQ-000918,2025-05-14,البريد الإلكتروني,اقتراح بتحسين تجربة الموقع الإلكتروني.,مغلق,متوسطة
REQ-000919,2026-03-21,مركز الاتصال,طلب نسخة من نظام الاستئناف المتاح للمستفيدين.,معلق,متوسطة
REQ-000920,2025-02-06,مركز الاتصال,طلب نموذج تفويض موقع لإنجاز المعاملات نيابةً.,منجز,عالية
REQ-000921,2025-01-19,مركز الاتصال,استفسار عن إمكانية تحديث بيانات التواصل بشكل إلكتروني.,معلق,منخفضة
REQ-000922,2025-02-12,البوابة الإلكترونية,طلب إعفاء بسبب ظرف خاص ووضع مالي صعب، يمكن التواصل على +966588262868.,منجز,عالية
REQ-000923,2025-02-01,البوابة الإلكترونية,أرجو تحديث بياناتي الشخصية، هويتي 1230189357 وجوالي +966509438944.,معلق,متوسطة
REQ-000924,2025-01-31,مركز الاتصال,طلب توضيح حول رسوم الخدمة المعلنة.,مفتوح,عالية
REQ-000925,2026-01-19,الزيارة الميدانية,طلب تصحيح بيانات الاستقطاعات من الراتب الأساسي SA2893122690148560797273.,منجز,متوسطة
REQ-000926,2025-07-19,البريد الإلكتروني,الاستعلام عن طلب دعم السكن المقدم منذ فترة، هويتي 1358632469.,منجز,عالية
REQ-000927,2025-09-03,تطبيق الجوال,استفسار عن قنوات التواصل مع فريق الدعم الفني.,منجز,منخفضة
REQ-000928,2025-09-24,تطبيق الجوال,طلب تصحيح بيانات الاستقطاعات من الراتب الأساسي SA7334164329353279584721.,مفتوح,منخفضة
REQ-000929,2026-02-05,البريد الإلكتروني,سؤال عن مدة معالجة طلبات إصدار الشهادات.,مفتوح,عالية
REQ-000930,2025-08-27,البوابة الإلكترونية,اقتراح بتحسين تجربة الموقع الإلكتروني.,مغلق,منخفضة
REQ-000931,2026-01-03,تطبيق الجوال,استفسار عن الخدمات الرقمية المتاحة على التطبيق الرسمي.,مفتوح,عالية
REQ-000932,2026-03-08,تطبيق الجوال,الرجاء مراجعة ملف طعني لأنني معاق ويصعب عليّ الحضور الشخصي، هويتي 1413702554.,مغلق,متوسطة
REQ-000933,2025-11-10,البريد الإلكتروني,أحتاج مساعدة في استرداد مبلغ مالي تم خصمه خطأً من حسابي SA2280219817975680779551.,معلق,عالية
REQ-000934,2025-11-10,البوابة الإلكترونية,شكوى ضد موظف مع إرفاق اسمي الكامل ورقم هويتي 1721586699.,مفتوح,منخفضة
REQ-000935,2026-02-13,تطبيق الجوال,طلب توضيح حول رسوم الخدمة المعلنة.,مغلق,متوسطة
REQ-000936,2025-04-29,البريد الإلكتروني,طلب الحصول على شهادة من الجهة تثبت تسجيل المنشأة.,منجز,عالية
REQ-000937,2025-02-20,البوابة الإلكترونية,اقتراح بتحسين تجربة الموقع الإلكتروني.,منجز,منخفضة
REQ-000938,2025-09-27,البريد الإلكتروني,أرجو تحديث بياناتي الشخصية، هويتي 1704402450 وجوالي +966543331761.,مغلق,منخفضة
REQ-000939,2026-02-27,تطبيق الجوال,استفسار عن أوقات العمل الرسمية للفرع.,قيد المعالجة,متوسطة
REQ-000940,2025-12-25,تطبيق الجوال,طلب الحصول على شهادة من الجهة تثبت تسجيل المنشأة.,معلق,متوسطة
REQ-000941,2025-01-18,الزيارة الميدانية,طلب إنهاء إجراءات الحصول على معاش التقاعد المبكر، هويتي 1362789388.,مغلق,متوسطة
REQ-000942,2025-04-07,البريد الإلكتروني,شكوى ضد موظف مع إرفاق اسمي الكامل ورقم هويتي 1827801554.,معلق,متوسطة
REQ-000943,2025-05-30,البوابة الإلكترونية,طلب دليل المستخدم الخاص بمنظومة الخدمات الإلكترونية.,قيد المعالجة,متوسطة
REQ-000944,2025-08-01,البوابة الإلكترونية,أرجو تحديث بياناتي الشخصية، هويتي 1711406304 وجوالي +966517634089.,منجز,منخفضة
REQ-000945,2025-05-10,البوابة الإلكترونية,أواجه ضائقة مالية ولا أستطيع سداد المخالفة، حسابي البنكي SA6333123099683710816814.,مغلق,منخفضة
REQ-000946,2026-04-20,البوابة الإلكترونية,الرجاء مراجعة ملف طعني لأنني معاق ويصعب عليّ الحضور الشخصي، هويتي 1148380221.,قيد المعالجة,متوسطة
REQ-000947,2025-03-06,البريد الإلكتروني,شكوى عن بطء الخدمة الإلكترونية في الموقع الرسمي.,قيد المعالجة,منخفضة
REQ-000948,2026-02-24,الزيارة الميدانية,استفسار عن خطوات الاعتراض على قرار إداري.,قيد المعالجة,متوسطة
REQ-000949,2024-12-18,الزيارة الميدانية,أحتاج مساعدة في استرداد مبلغ مالي تم خصمه خطأً من حسابي SA5750529104138255709849.,معلق,عالية
REQ-000950,2026-01-08,مركز الاتصال,شكوى عن صعوبة التنقل بين صفحات الموقع الرسمي.,منجز,متوسطة
REQ-000951,2025-11-05,مركز الاتصال,أرجو تحديث بياناتي الشخصية، هويتي 1014745747 وجوالي +966501895300.,مغلق,عالية
REQ-000952,2026-04-03,تطبيق الجوال,سؤال عن كيفية متابعة حالة الطلب المقدم عبر البوابة.,منجز,عالية
REQ-000953,2025-05-27,مركز الاتصال,طلب نموذج تفويض موقع لإنجاز المعاملات نيابةً.,منجز,عالية
REQ-000954,2025-02-10,البوابة الإلكترونية,سؤال عن خطوات حجز موعد في الفرع.,مغلق,عالية
REQ-000955,2025-04-05,تطبيق الجوال,أرجو تحديث بياناتي الشخصية، هويتي 1403824228 وجوالي +966519436889.,معلق,منخفضة
REQ-000956,2025-01-16,البوابة الإلكترونية,شكوى بخصوص فاتورة خاطئة تجاوزت راتبي الشهري، رقم الحساب SA0978078760846750902719.,معلق,متوسطة
REQ-000957,2025-08-10,مركز الاتصال,طلب منح بطاقة ذوي الإعاقة لطفلي، رقم ولايتي 1894362407.,قيد المعالجة,متوسطة
REQ-000958,2025-01-22,الزيارة الميدانية,طلب صرف تعويض بسبب حادثة عمل ولديّ تقرير طبي، يمكن مراسلتي على +966593631313.,قيد المعالجة,منخفضة
REQ-000959,2025-03-28,البريد الإلكتروني,أرجو تحديث بياناتي الشخصية، هويتي 1754862553 وجوالي +966598505581.,معلق,عالية
REQ-000960,2025-10-16,البوابة الإلكترونية,طلب معلومات عن الخدمات المتاحة للمقيمين.,معلق,متوسطة
REQ-000961,2024-12-27,مركز الاتصال,طلب تحديث رقم الجوال المسجل في الأنظمة.,معلق,منخفضة
REQ-000962,2026-01-28,الزيارة الميدانية,شكوى ضد موظف مع إرفاق اسمي الكامل ورقم هويتي 1263750570.,قيد المعالجة,منخفضة
REQ-000963,2024-12-19,تطبيق الجوال,طلب صرف تعويض بسبب حادثة عمل ولديّ تقرير طبي، يمكن مراسلتي على +966545207483.,معلق,متوسطة
REQ-000964,2026-06-11,تطبيق الجوال,سؤال عن مدة معالجة طلبات إصدار الشهادات.,مغلق,منخفضة
REQ-000965,2025-11-05,مركز الاتصال,استفسار عن موعد تجديد رخصة القيادة.,منجز,منخفضة
REQ-000966,2026-04-30,البوابة الإلكترونية,استفسار عن قنوات التواصل مع فريق الدعم الفني.,مغلق,عالية
REQ-000967,2026-03-13,مركز الاتصال,استفسار عن موعد تجديد رخصة القيادة.,مغلق,عالية
REQ-000968,2025-12-29,البريد الإلكتروني,طلب نسخة إلكترونية من شهادة إتمام معاملة.,منجز,عالية
REQ-000969,2025-06-19,تطبيق الجوال,طلب إرشادات للتسجيل في بوابة الخدمات الحكومية.,مغلق,منخفضة
REQ-000970,2025-08-26,مركز الاتصال,طلب توضيح حول رسوم الخدمة المعلنة.,مفتوح,عالية
REQ-000971,2025-11-20,مركز الاتصال,اقتراح بتحسين تجربة الموقع الإلكتروني.,قيد المعالجة,منخفضة
REQ-000972,2025-07-19,البريد الإلكتروني,سؤال عن خطوات حجز موعد في الفرع.,مفتوح,عالية
REQ-000973,2026-01-04,البريد الإلكتروني,سؤال عن خطوات حجز موعد في الفرع.,منجز,منخفضة
REQ-000974,2025-11-17,الزيارة الميدانية,اقتراح بتحسين تجربة الموقع الإلكتروني.,مفتوح,عالية
REQ-000975,2026-02-04,الزيارة الميدانية,طلب الحصول على شهادة من الجهة تثبت تسجيل المنشأة.,قيد المعالجة,عالية
REQ-000976,2024-12-19,تطبيق الجوال,طلب نموذج تفويض موقع لإنجاز المعاملات نيابةً.,منجز,عالية
REQ-000977,2025-05-03,البريد الإلكتروني,طلب معرفة الإجراءات اللازمة لتجديد الترخيص التجاري.,مفتوح,متوسطة
REQ-000978,2025-11-24,الزيارة الميدانية,طلب صرف تعويض بسبب حادثة عمل ولديّ تقرير طبي، يمكن مراسلتي على +966586835869.,قيد المعالجة,عالية
REQ-000979,2025-10-12,البوابة الإلكترونية,طلب نسخة إلكترونية من شهادة إتمام معاملة.,منجز,متوسطة
REQ-000980,2025-02-18,البريد الإلكتروني,طلب معلومات عن الخدمات المتاحة للمقيمين.,معلق,منخفضة
REQ-000981,2025-11-05,تطبيق الجوال,اقتراح إضافة خدمة الدفع الإلكتروني لتسهيل المعاملات.,قيد المعالجة,منخفضة
REQ-000982,2025-03-11,البريد الإلكتروني,طلب إعفاء بسبب ظرف خاص ووضع مالي صعب، يمكن التواصل على +966541589173.,قيد المعالجة,متوسطة
REQ-000983,2025-10-15,البوابة الإلكترونية,طلب معلومات عن الخدمات المتاحة للمقيمين.,منجز,عالية
REQ-000984,2025-06-22,الزيارة الميدانية,طلب نسخة إلكترونية من شهادة إتمام معاملة.,مفتوح,عالية
REQ-000985,2025-09-12,البوابة الإلكترونية,شكوى بخصوص فاتورة خاطئة تجاوزت راتبي الشهري، رقم الحساب SA7637830063923309825639.,معلق,عالية
REQ-000986,2025-11-03,الزيارة الميدانية,سؤال عن مدة معالجة طلبات إصدار الشهادات.,معلق,عالية
REQ-000987,2026-03-01,مركز الاتصال,أرغب في الاستفسار عن ملفي الصحي، رقم السجل الطبي الخاص بي 1730665062.,معلق,منخفضة
REQ-000988,2025-02-19,البريد الإلكتروني,استفسار عن خطوات الاعتراض على قرار إداري.,معلق,منخفضة
REQ-000989,2025-11-25,الزيارة الميدانية,الاستعلام عن طلب دعم السكن المقدم منذ فترة، هويتي 1383448543.,مفتوح,عالية
REQ-000990,2024-12-26,الزيارة الميدانية,طلب تصحيح بيانات الاستقطاعات من الراتب الأساسي SA3435542610495723638629.,منجز,متوسطة
REQ-000991,2026-02-26,الزيارة الميدانية,طلب نموذج تفويض موقع لإنجاز المعاملات نيابةً.,منجز,متوسطة
REQ-000992,2025-09-10,مركز الاتصال,طلب دليل المستخدم الخاص بمنظومة الخدمات الإلكترونية.,قيد المعالجة,منخفضة
REQ-000993,2025-01-26,مركز الاتصال,اقتراح تفعيل خاصية الإشعارات الفورية للمعاملات.,مفتوح,متوسطة
REQ-000994,2026-03-31,الزيارة الميدانية,شكوى عن بطء الخدمة الإلكترونية في الموقع الرسمي.,منجز,منخفضة
REQ-000995,2025-08-06,البريد الإلكتروني,طلب توضيح حول رسوم الخدمة المعلنة.,مفتوح,منخفضة
REQ-000996,2025-07-14,الزيارة الميدانية,طلب معرفة الإجراءات اللازمة لتجديد الترخيص التجاري.,معلق,عالية
REQ-000997,2025-12-10,مركز الاتصال,أستفسر عن كيفية اسـترداد دعم الإيجار، رقم هويتي الوطنية 1359227293.,منجز,منخفضة
REQ-000998,2026-04-28,مركز الاتصال,استفسار عن قنوات التواصل مع فريق الدعم الفني.,منجز,منخفضة
REQ-000999,2026-05-24,الزيارة الميدانية,استفسار عن الخدمات الرقمية المتاحة على التطبيق الرسمي.,مغلق,عالية
REQ-001000,2025-11-26,تطبيق الجوال,الاستعلام عن طلب دعم السكن المقدم منذ فترة، هويتي 1157312313.,قيد المعالجة,منخفضة
REQ-001001,2025-08-27,تطبيق الجوال,طلب تحديث رقم الجوال المسجل في الأنظمة.,معلق,منخفضة
REQ-001002,2025-10-11,الزيارة الميدانية,أحتاج مساعدة في استرداد مبلغ مالي تم خصمه خطأً من حسابي SA2467303327162294606559.,قيد المعالجة,منخفضة
REQ-001003,2026-01-04,البوابة الإلكترونية,طلب معرفة الإجراءات اللازمة لتجديد الترخيص التجاري.,معلق,عالية
REQ-001004,2025-02-21,البريد الإلكتروني,طلب الحصول على شهادة من الجهة تثبت تسجيل المنشأة.,قيد المعالجة,متوسطة
REQ-001005,2025-05-12,مركز الاتصال,شكوى بخصوص فاتورة خاطئة تجاوزت راتبي الشهري، رقم الحساب SA3730981598380846924937.,معلق,منخفضة
REQ-001006,2025-07-29,البوابة الإلكترونية,طلب دليل المستخدم الخاص بمنظومة الخدمات الإلكترونية.,معلق,متوسطة
REQ-001007,2026-04-19,تطبيق الجوال,استفسار عن قنوات التواصل مع فريق الدعم الفني.,مفتوح,عالية
REQ-001008,2025-08-26,تطبيق الجوال,شكوى بخصوص فاتورة خاطئة تجاوزت راتبي الشهري، رقم الحساب SA0954423335462585937403.,معلق,عالية
REQ-001009,2026-03-07,مركز الاتصال,استفسار عن موعد تجديد رخصة القيادة.,مفتوح,متوسطة
REQ-001010,2026-06-09,الزيارة الميدانية,تقديم شكوى بسبب تسريب بياناتي الشخصية من قِبل أحد الموظفين، هويتي 1021006265.,معلق,منخفضة
REQ-001011,2025-03-16,البوابة الإلكترونية,أعاني من حالة صحية مزمنة وأطلب إعفاءً من الرسوم، رقم هويتي 1356876415.,معلق,متوسطة
REQ-001012,2025-06-15,البوابة الإلكترونية,استفسار عن الوثائق المطلوبة لاستخراج وثيقة رسمية.,مفتوح,عالية
REQ-001013,2025-06-24,الزيارة الميدانية,استفسار عن خطوات الاعتراض على قرار إداري.,قيد المعالجة,منخفضة
REQ-001014,2025-06-18,الزيارة الميدانية,اقتراح تفعيل خاصية الإشعارات الفورية للمعاملات.,قيد المعالجة,متوسطة
REQ-001015,2025-04-26,تطبيق الجوال,استفسار عن خطوات الاعتراض على قرار إداري.,مفتوح,متوسطة
REQ-001016,2026-04-21,مركز الاتصال,استفسار عن الخدمات الرقمية المتاحة على التطبيق الرسمي.,قيد المعالجة,متوسطة
REQ-001017,2026-03-12,مركز الاتصال,طلب تحديث رقم الجوال المسجل في الأنظمة.,مفتوح,متوسطة
REQ-001018,2025-09-22,تطبيق الجوال,تقديم شكوى بسبب تسريب بياناتي الشخصية من قِبل أحد الموظفين، هويتي 1094942875.,مغلق,منخفضة
REQ-001019,2025-08-02,البوابة الإلكترونية,طلب منح بطاقة ذوي الإعاقة لطفلي، رقم ولايتي 1371289784.,منجز,متوسطة
REQ-001020,2025-06-26,الزيارة الميدانية,طلب تصحيح بيانات الاستقطاعات من الراتب الأساسي SA2779978146373776495345.,مغلق,عالية
REQ-001021,2026-04-23,مركز الاتصال,طلب الحصول على شهادة من الجهة تثبت تسجيل المنشأة.,مفتوح,عالية
REQ-001022,2025-10-23,الزيارة الميدانية,طلب إنهاء إجراءات الحصول على معاش التقاعد المبكر، هويتي 1383672977.,منجز,منخفضة
REQ-001023,2024-12-21,مركز الاتصال,استفسار عن الوثائق المطلوبة لاستخراج وثيقة رسمية.,مغلق,متوسطة
REQ-001024,2025-12-15,مركز الاتصال,شكوى عن صعوبة التنقل بين صفحات الموقع الرسمي.,منجز,عالية
REQ-001025,2025-06-18,مركز الاتصال,طلب معلومات عن الخدمات المتاحة للمقيمين.,قيد المعالجة,عالية
REQ-001026,2025-03-11,مركز الاتصال,تقديم طلب لاستثناء خاص نظراً لوجود مرض مزمن مثبت طبياً، جوالي +966580683862.,معلق,عالية
REQ-001027,2025-11-14,تطبيق الجوال,استفسار عن قنوات التواصل مع فريق الدعم الفني.,منجز,عالية
REQ-001028,2025-04-09,مركز الاتصال,تقديم طلب لاستثناء خاص نظراً لوجود مرض مزمن مثبت طبياً، جوالي +966577200614.,مفتوح,متوسطة
REQ-001029,2025-05-07,البريد الإلكتروني,سؤال عن كيفية متابعة حالة الطلب المقدم عبر البوابة.,معلق,عالية
REQ-001030,2025-11-16,البريد الإلكتروني,طلب نسخة إلكترونية من شهادة إتمام معاملة.,معلق,منخفضة
REQ-001031,2025-10-07,تطبيق الجوال,أواجه ضائقة مالية ولا أستطيع سداد المخالفة، حسابي البنكي SA1573554710576774577612.,مفتوح,عالية
REQ-001032,2025-09-10,البريد الإلكتروني,استفسار عن خطوات الاعتراض على قرار إداري.,معلق,متوسطة
REQ-001033,2025-08-26,تطبيق الجوال,شكوى بخصوص فاتورة خاطئة تجاوزت راتبي الشهري، رقم الحساب SA7812522237524134006118.,مغلق,عالية
REQ-001034,2025-10-02,الزيارة الميدانية,استفسار عن خطوات الاعتراض على قرار إداري.,منجز,متوسطة
REQ-001035,2025-01-14,البريد الإلكتروني,طلب تعديل بيانات الراتب في السجل بسبب خطأ محاسبي، هويتي 1541105183.,منجز,منخفضة
REQ-001036,2026-05-09,الزيارة الميدانية,استفسار عن إمكانية تحديث بيانات التواصل بشكل إلكتروني.,مفتوح,منخفضة
REQ-001037,2026-06-20,تطبيق الجوال,استفسار عن قنوات التواصل مع فريق الدعم الفني.,مغلق,منخفضة
REQ-001038,2025-11-30,البريد الإلكتروني,طلب معلومات عن الخدمات المتاحة للمقيمين.,مفتوح,منخفضة
REQ-001039,2026-01-12,البريد الإلكتروني,طلب إعفاء بسبب ظرف خاص ووضع مالي صعب، يمكن التواصل على +966598252612.,مفتوح,منخفضة
REQ-001040,2025-01-14,مركز الاتصال,طلب إعفاء بسبب ظرف خاص ووضع مالي صعب، يمكن التواصل على +966559150727.,قيد المعالجة,متوسطة
REQ-001041,2025-04-29,البوابة الإلكترونية,الرجاء مراجعة ملف طعني لأنني معاق ويصعب عليّ الحضور الشخصي، هويتي 1845419058.,قيد المعالجة,منخفضة
REQ-001042,2026-01-16,البريد الإلكتروني,الرجاء مراجعة ملف طعني لأنني معاق ويصعب عليّ الحضور الشخصي، هويتي 1102684709.,معلق,منخفضة
REQ-001043,2025-06-16,تطبيق الجوال,أرغب في الاستفسار عن ملفي الصحي، رقم السجل الطبي الخاص بي 1403091554.,منجز,عالية
REQ-001044,2025-12-30,تطبيق الجوال,شكوى بخصوص فاتورة خاطئة تجاوزت راتبي الشهري، رقم الحساب SA7963348527075004906552.,معلق,عالية
REQ-001045,2025-02-01,تطبيق الجوال,طلب نسخة إلكترونية من شهادة إتمام معاملة.,قيد المعالجة,منخفضة
REQ-001046,2025-08-01,الزيارة الميدانية,طلب معلومات عن الخدمات المتاحة للمقيمين.,قيد المعالجة,عالية
REQ-001047,2026-02-21,تطبيق الجوال,أستفسر عن كيفية اسـترداد دعم الإيجار، رقم هويتي الوطنية 1402876021.,معلق,عالية
REQ-001048,2025-01-26,البريد الإلكتروني,استفسار عن أوقات العمل الرسمية للفرع.,مغلق,منخفضة
REQ-001049,2025-01-20,الزيارة الميدانية,الرجاء مراجعة ملف طعني لأنني معاق ويصعب عليّ الحضور الشخصي، هويتي 1165698943.,مفتوح,متوسطة
REQ-001050,2026-05-15,الزيارة الميدانية,استفسار عن الوثائق المطلوبة لاستخراج وثيقة رسمية.,معلق,عالية
REQ-001051,2026-03-07,تطبيق الجوال,طلب تقرير طبي يخص ابني القاصر لاستكمال المعاملة، هويتي 1805639943.,معلق,منخفضة
REQ-001052,2025-02-17,البريد الإلكتروني,اقتراح إضافة خدمة الدفع الإلكتروني لتسهيل المعاملات.,قيد المعالجة,متوسطة
REQ-001053,2025-12-11,تطبيق الجوال,طلب معلومات عن الخدمات المتاحة للمقيمين.,مفتوح,متوسطة
REQ-001054,2025-02-15,البريد الإلكتروني,اقتراح بتحسين تجربة الموقع الإلكتروني.,منجز,عالية
REQ-001055,2026-02-05,تطبيق الجوال,طلب نسخة إلكترونية من شهادة إتمام معاملة.,قيد المعالجة,متوسطة
REQ-001056,2025-05-03,البريد الإلكتروني,تقديم طلب لاستثناء خاص نظراً لوجود مرض مزمن مثبت طبياً، جوالي +966584474708.,مفتوح,منخفضة
REQ-001057,2026-03-05,البريد الإلكتروني,الرجاء مراجعة ملف طعني لأنني معاق ويصعب عليّ الحضور الشخصي، هويتي 1375946538.,منجز,متوسطة
REQ-001058,2025-02-03,البريد الإلكتروني,طلب معرفة الإجراءات اللازمة لتجديد الترخيص التجاري.,منجز,منخفضة
REQ-001059,2025-07-16,تطبيق الجوال,الرجاء مراجعة ملف طعني لأنني معاق ويصعب عليّ الحضور الشخصي، هويتي 1730363817.,مفتوح,عالية
REQ-001060,2026-01-06,البريد الإلكتروني,استفسار عن الوثائق المطلوبة لاستخراج وثيقة رسمية.,معلق,منخفضة
REQ-001061,2026-05-05,مركز الاتصال,اقتراح تفعيل خاصية الإشعارات الفورية للمعاملات.,مفتوح,منخفضة
REQ-001062,2025-11-21,البريد الإلكتروني,تقديم طلب لاستثناء خاص نظراً لوجود مرض مزمن مثبت طبياً، جوالي +966530105403.,مغلق,عالية
REQ-001063,2025-03-24,مركز الاتصال,طلب الحصول على شهادة من الجهة تثبت تسجيل المنشأة.,مفتوح,متوسطة
REQ-001064,2026-02-27,البوابة الإلكترونية,طلب إنهاء إجراءات الحصول على معاش التقاعد المبكر، هويتي 1396911735.,معلق,متوسطة
REQ-001065,2026-02-14,البوابة الإلكترونية,شكوى عن بطء الخدمة الإلكترونية في الموقع الرسمي.,معلق,عالية
REQ-001066,2026-04-10,تطبيق الجوال,طلب معلومات عن الخدمات المتاحة للمقيمين.,مفتوح,عالية
REQ-001067,2026-04-07,البريد الإلكتروني,طلب تعديل بيانات الراتب في السجل بسبب خطأ محاسبي، هويتي 1843876713.,منجز,منخفضة
REQ-001068,2025-10-23,البوابة الإلكترونية,,مفتوح,متوسطة
REQ-001069,2024-12-25,مركز الاتصال,طلب إعفاء بسبب ظرف خاص ووضع مالي صعب، يمكن التواصل على +966549487503.,قيد المعالجة,متوسطة
REQ-001070,2025-01-30,البريد الإلكتروني,استفسار عن الوثائق المطلوبة لاستخراج وثيقة رسمية.,معلق,متوسطة
REQ-001071,2026-04-22,مركز الاتصال,طلب إنهاء إجراءات الحصول على معاش التقاعد المبكر، هويتي 1538867597.,قيد المعالجة,منخفضة
REQ-001072,2025-01-31,تطبيق الجوال,سؤال عن كيفية متابعة حالة الطلب المقدم عبر البوابة.,مفتوح,منخفضة
REQ-001073,2026-04-18,البوابة الإلكترونية,طلب إرشادات للتسجيل في بوابة الخدمات الحكومية.,معلق,عالية
REQ-001074,2025-09-06,مركز الاتصال,أواجه ضائقة مالية ولا أستطيع سداد المخالفة، حسابي البنكي SA4357423925075218448098.,معلق,متوسطة
REQ-001075,2025-08-26,تطبيق الجوال,طلب تحديث رقم الجوال المسجل في الأنظمة.,قيد المعالجة,متوسطة
REQ-001076,2025-06-28,البوابة الإلكترونية,أحتاج مساعدة في استرداد مبلغ مالي تم خصمه خطأً من حسابي SA3337455653352292809217.,منجز,منخفضة
REQ-001077,2026-05-27,البوابة الإلكترونية,استفسار عن قنوات التواصل مع فريق الدعم الفني.,مفتوح,عالية
REQ-001078,2025-03-06,تطبيق الجوال,اقتراح إضافة خدمة الدفع الإلكتروني لتسهيل المعاملات.,منجز,عالية
REQ-001079,2026-01-14,البوابة الإلكترونية,أرجو تحديث بياناتي الشخصية، هويتي 1440548038 وجوالي +966551792037.,منجز,متوسطة
REQ-001080,2025-03-01,تطبيق الجوال,طلب تعديل بيانات الراتب في السجل بسبب خطأ محاسبي، هويتي 1164716597.,منجز,متوسطة
REQ-001081,2026-02-20,تطبيق الجوال,استفسار عن الخدمات الرقمية المتاحة على التطبيق الرسمي.,منجز,متوسطة
REQ-001082,2025-07-15,البوابة الإلكترونية,سؤال عن كيفية متابعة حالة الطلب المقدم عبر البوابة.,معلق,عالية
REQ-001083,2025-01-05,البريد الإلكتروني,طلب نسخة من نظام الاستئناف المتاح للمستفيدين.,قيد المعالجة,عالية
REQ-001084,2026-05-02,البوابة الإلكترونية,أرغب في الاستفسار عن ملفي الصحي، رقم السجل الطبي الخاص بي 1904178033.,مغلق,متوسطة
REQ-001085,2025-12-23,الزيارة الميدانية,شكوى بخصوص فاتورة خاطئة تجاوزت راتبي الشهري، رقم الحساب SA9760529048106764158967.,قيد المعالجة,منخفضة
REQ-001086,2026-02-04,تطبيق الجوال,طلب دليل المستخدم الخاص بمنظومة الخدمات الإلكترونية.,مغلق,متوسطة
REQ-001087,2025-02-07,البريد الإلكتروني,سؤال عن مدة معالجة طلبات إصدار الشهادات.,قيد المعالجة,متوسطة
REQ-001088,2024-12-30,البوابة الإلكترونية,أرجو تحديث بياناتي الشخصية، هويتي 1298267186 وجوالي +966506542237.,قيد المعالجة,منخفضة
REQ-001089,2025-11-24,الزيارة الميدانية,أحتاج مساعدة في استرداد مبلغ مالي تم خصمه خطأً من حسابي SA6527216502310366784974.,قيد المعالجة,متوسطة
REQ-001090,2025-05-04,البريد الإلكتروني,اقتراح تفعيل خاصية الإشعارات الفورية للمعاملات.,معلق,عالية
REQ-001091,2025-09-19,البريد الإلكتروني,أريد الاستعلام عن دعم الضمان الاجتماعي بناءً على وضعي المالي، جوالي +966587372612.,قيد المعالجة,عالية
REQ-001092,2025-11-22,الزيارة الميدانية,طلب تحديث رقم الجوال المسجل في الأنظمة.,مفتوح,متوسطة
REQ-001093,2026-03-06,مركز الاتصال,أرغب في الاستفسار عن ملفي الصحي، رقم السجل الطبي الخاص بي 1198346049.,منجز,عالية
REQ-001094,2025-05-27,تطبيق الجوال,استفسار عن إمكانية تحديث بيانات التواصل بشكل إلكتروني.,معلق,متوسطة
REQ-001095,2025-10-09,البريد الإلكتروني,طلب تصحيح بيانات الاستقطاعات من الراتب الأساسي SA5203328752620314074684.,معلق,منخفضة
REQ-001096,2025-04-01,مركز الاتصال,تقديم طلب لاستثناء خاص نظراً لوجود مرض مزمن مثبت طبياً، جوالي +966566123455.,مغلق,متوسطة
REQ-001097,2025-05-14,الزيارة الميدانية,تقديم شكوى بسبب تسريب بياناتي الشخصية من قِبل أحد الموظفين، هويتي 1894985991.,قيد المعالجة,متوسطة
REQ-001098,2025-03-24,البوابة الإلكترونية,استفسار عن أوقات العمل الرسمية للفرع.,قيد المعالجة,متوسطة
REQ-001099,2025-01-27,الزيارة الميدانية,طلب تحديث رقم الجوال المسجل في الأنظمة.,مغلق,متوسطة
REQ-001100,2025-10-02,البوابة الإلكترونية,أريد الاستعلام عن دعم الضمان الاجتماعي بناءً على وضعي المالي، جوالي +966575829027.,مغلق,عالية
REQ-001101,2026-04-03,تطبيق الجوال,سؤال عن مدة معالجة طلبات إصدار الشهادات.,مغلق,منخفضة
REQ-001102,2026-04-26,البريد الإلكتروني,طلب نموذج تفويض موقع لإنجاز المعاملات نيابةً.,معلق,منخفضة
REQ-001103,2025-09-27,البريد الإلكتروني,اقتراح إضافة خدمة الدفع الإلكتروني لتسهيل المعاملات.,مغلق,عالية
REQ-001104,2025-10-12,البوابة الإلكترونية,تقديم طلب لاستثناء خاص نظراً لوجود مرض مزمن مثبت طبياً، جوالي +966595342261.,مفتوح,منخفضة
REQ-001105,2025-11-24,الزيارة الميدانية,طلب إنهاء إجراءات الحصول على معاش التقاعد المبكر، هويتي 1754724423.,منجز,متوسطة
REQ-001106,2025-07-29,الزيارة الميدانية,سؤال عن خطوات حجز موعد في الفرع.,قيد المعالجة,متوسطة
REQ-001107,2025-03-14,البوابة الإلكترونية,تقديم طلب لاستثناء خاص نظراً لوجود مرض مزمن مثبت طبياً، جوالي +966513212575.,مغلق,عالية
REQ-001108,2026-04-26,تطبيق الجوال,طلب صرف تعويض بسبب حادثة عمل ولديّ تقرير طبي، يمكن مراسلتي على +966538916484.,منجز,عالية
REQ-001109,2026-04-09,الزيارة الميدانية,طلب نسخة من نظام الاستئناف المتاح للمستفيدين.,مفتوح,متوسطة
REQ-001110,2025-08-20,مركز الاتصال,سؤال عن كيفية متابعة حالة الطلب المقدم عبر البوابة.,مفتوح,متوسطة
REQ-001111,2025-05-05,البريد الإلكتروني,أرجو تحديث بياناتي الشخصية، هويتي 1781915325 وجوالي +966599494241.,معلق,متوسطة
REQ-001112,2025-02-07,الزيارة الميدانية,طلب تصحيح بيانات الاستقطاعات من الراتب الأساسي SA1637164137540613304709.,معلق,عالية
REQ-001113,2025-08-31,البوابة الإلكترونية,أرجو تحديث بياناتي الشخصية، هويتي 1415446978 وجوالي +966536216629.,مفتوح,متوسطة
REQ-001114,2025-11-05,تطبيق الجوال,استفسار عن الخدمات الرقمية المتاحة على التطبيق الرسمي.,معلق,متوسطة
REQ-001115,2025-12-20,البريد الإلكتروني,أستفسر عن كيفية اسـترداد دعم الإيجار، رقم هويتي الوطنية 1350223432.,معلق,عالية
REQ-001116,2025-10-10,الزيارة الميدانية,استفسار عن الوثائق المطلوبة لاستخراج وثيقة رسمية.,معلق,عالية
REQ-001117,2025-05-25,البوابة الإلكترونية,سؤال عن مدة معالجة طلبات إصدار الشهادات.,مفتوح,عالية
REQ-001118,2025-08-11,مركز الاتصال,أحتاج مساعدة في استرداد مبلغ مالي تم خصمه خطأً من حسابي SA8312727121987491679405.,معلق,منخفضة
REQ-001119,2025-06-30,البوابة الإلكترونية,تقديم طلب لاستثناء خاص نظراً لوجود مرض مزمن مثبت طبياً، جوالي +966568666414.,مغلق,عالية
REQ-001120,2025-01-09,البريد الإلكتروني,طلب تصحيح بيانات الاستقطاعات من الراتب الأساسي SA6928875615825916969348.,مفتوح,عالية
REQ-001121,2025-06-05,البوابة الإلكترونية,طلب تعديل بيانات الراتب في السجل بسبب خطأ محاسبي، هويتي 1016577262.,مفتوح,منخفضة
REQ-001122,2026-01-31,تطبيق الجوال,شكوى عن صعوبة التنقل بين صفحات الموقع الرسمي.,قيد المعالجة,عالية
REQ-001123,2026-01-06,البوابة الإلكترونية,استفسار عن الخدمات الرقمية المتاحة على التطبيق الرسمي.,معلق,متوسطة
REQ-001124,2026-03-20,مركز الاتصال,اقتراح بتحسين تجربة الموقع الإلكتروني.,مغلق,متوسطة
REQ-001125,2026-06-20,الزيارة الميدانية,طلب توضيح حول رسوم الخدمة المعلنة.,قيد المعالجة,عالية
REQ-001126,2025-08-01,الزيارة الميدانية,طلب نسخة إلكترونية من شهادة إتمام معاملة.,مفتوح,متوسطة
REQ-001127,2025-10-17,الزيارة الميدانية,طلب تقرير طبي يخص ابني القاصر لاستكمال المعاملة، هويتي 1956701625.,منجز,منخفضة
REQ-001128,2025-09-10,الزيارة الميدانية,شكوى عن بطء الخدمة الإلكترونية في الموقع الرسمي.,معلق,متوسطة
REQ-001129,2024-12-20,الزيارة الميدانية,أريد الاستعلام عن دعم الضمان الاجتماعي بناءً على وضعي المالي، جوالي +966577930949.,منجز,منخفضة
REQ-001130,2026-05-31,مركز الاتصال,طلب منح بطاقة ذوي الإعاقة لطفلي، رقم ولايتي 1691263089.,منجز,منخفضة
REQ-001131,2026-02-09,البريد الإلكتروني,طلب نسخة إلكترونية من شهادة إتمام معاملة.,منجز,عالية
REQ-001132,2025-10-23,البريد الإلكتروني,استفسار عن الخدمات الرقمية المتاحة على التطبيق الرسمي.,مفتوح,عالية
REQ-001133,2025-10-22,البريد الإلكتروني,طلب صرف تعويض بسبب حادثة عمل ولديّ تقرير طبي، يمكن مراسلتي على +966583279249.,معلق,عالية
REQ-001134,2025-09-07,الزيارة الميدانية,أستفسر عن كيفية اسـترداد دعم الإيجار، رقم هويتي الوطنية 1957976721.,مفتوح,عالية
REQ-001135,2026-01-11,البوابة الإلكترونية,طلب معلومات عن الخدمات المتاحة للمقيمين.,منجز,عالية
REQ-001136,2025-04-03,البريد الإلكتروني,استفسار عن موعد تجديد رخصة القيادة.,قيد المعالجة,منخفضة
REQ-001137,2025-12-11,البوابة الإلكترونية,تقديم شكوى بسبب تسريب بياناتي الشخصية من قِبل أحد الموظفين، هويتي 1342245550.,قيد المعالجة,متوسطة
REQ-001138,2025-10-08,البوابة الإلكترونية,شكوى عن صعوبة التنقل بين صفحات الموقع الرسمي.,مغلق,متوسطة
REQ-001139,2025-06-23,مركز الاتصال,تقديم طلب لاستثناء خاص نظراً لوجود مرض مزمن مثبت طبياً، جوالي +966565526590.,قيد المعالجة,منخفضة
REQ-001140,2025-12-08,الزيارة الميدانية,طلب تعديل بيانات الراتب في السجل بسبب خطأ محاسبي، هويتي 1656490701.,قيد المعالجة,منخفضة
REQ-001141,2026-01-30,مركز الاتصال,طلب دليل المستخدم الخاص بمنظومة الخدمات الإلكترونية.,قيد المعالجة,منخفضة
REQ-001142,2025-10-23,البوابة الإلكترونية,استفسار عن الخدمات الرقمية المتاحة على التطبيق الرسمي.,معلق,منخفضة
REQ-001143,2025-07-05,مركز الاتصال,طلب إنهاء إجراءات الحصول على معاش التقاعد المبكر، هويتي 1293417117.,مغلق,عالية
REQ-001144,2026-01-07,تطبيق الجوال,طلب صرف تعويض بسبب حادثة عمل ولديّ تقرير طبي، يمكن مراسلتي على +966512314144.,مغلق,منخفضة
REQ-001145,2026-06-01,الزيارة الميدانية,أستفسر عن كيفية اسـترداد دعم الإيجار، رقم هويتي الوطنية 1668240714.,قيد المعالجة,متوسطة
REQ-001146,2025-09-15,الزيارة الميدانية,استفسار عن أوقات العمل الرسمية للفرع.,معلق,متوسطة
REQ-001147,2025-07-06,البوابة الإلكترونية,سؤال عن خطوات حجز موعد في الفرع.,منجز,متوسطة
REQ-001148,2025-10-13,البوابة الإلكترونية,شكوى ضد موظف مع إرفاق اسمي الكامل ورقم هويتي 1336120207.,مفتوح,منخفضة
REQ-001149,2025-07-04,مركز الاتصال,طلب دليل المستخدم الخاص بمنظومة الخدمات الإلكترونية.,مفتوح,عالية
REQ-001150,2025-07-12,الزيارة الميدانية,أواجه ضائقة مالية ولا أستطيع سداد المخالفة، حسابي البنكي SA9569047004599002816113.,معلق,عالية
REQ-001151,2026-01-12,تطبيق الجوال,طلب إنهاء إجراءات الحصول على معاش التقاعد المبكر، هويتي 1134683323.,مغلق,منخفضة
REQ-001152,2025-07-23,الزيارة الميدانية,استفسار عن الخدمات الرقمية المتاحة على التطبيق الرسمي.,قيد المعالجة,متوسطة
REQ-001153,2025-07-29,تطبيق الجوال,طلب نسخة من نظام الاستئناف المتاح للمستفيدين.,مغلق,عالية
REQ-001154,2026-04-25,مركز الاتصال,طلب إرشادات للتسجيل في بوابة الخدمات الحكومية.,معلق,متوسطة
REQ-001155,2026-05-18,الزيارة الميدانية,شكوى عن بطء الخدمة الإلكترونية في الموقع الرسمي.,منجز,عالية
REQ-001156,2025-09-08,الزيارة الميدانية,استفسار عن خطوات الاعتراض على قرار إداري.,مفتوح,متوسطة
REQ-001157,2024-12-20,البريد الإلكتروني,أستفسر عن كيفية اسـترداد دعم الإيجار، رقم هويتي الوطنية 1090546506.,قيد المعالجة,منخفضة
REQ-001158,2025-09-25,مركز الاتصال,سؤال عن خطوات حجز موعد في الفرع.,مغلق,عالية
REQ-001159,2025-06-06,البوابة الإلكترونية,طلب إرشادات للتسجيل في بوابة الخدمات الحكومية.,منجز,منخفضة
REQ-001160,2026-01-29,مركز الاتصال,طلب توضيح حول رسوم الخدمة المعلنة.,منجز,منخفضة
REQ-001161,2025-12-28,مركز الاتصال,طلب دليل المستخدم الخاص بمنظومة الخدمات الإلكترونية.,معلق,عالية
REQ-001162,2025-11-27,البوابة الإلكترونية,أرغب في الاستفسار عن ملفي الصحي، رقم السجل الطبي الخاص بي 1923374993.,مغلق,منخفضة
REQ-001163,2025-10-10,تطبيق الجوال,طلب معرفة الإجراءات اللازمة لتجديد الترخيص التجاري.,قيد المعالجة,متوسطة
REQ-001164,2025-12-16,البريد الإلكتروني,استفسار عن إمكانية تحديث بيانات التواصل بشكل إلكتروني.,معلق,متوسطة
REQ-001165,2026-06-12,مركز الاتصال,طلب صرف تعويض بسبب حادثة عمل ولديّ تقرير طبي، يمكن مراسلتي على +966529618150.,مفتوح,متوسطة
REQ-001166,2025-02-15,البريد الإلكتروني,اقتراح بتحسين تجربة الموقع الإلكتروني.,معلق,عالية
REQ-001167,2025-12-20,الزيارة الميدانية,سؤال عن مدة معالجة طلبات إصدار الشهادات.,منجز,عالية
REQ-001168,2025-10-13,البوابة الإلكترونية,طلب تصحيح بيانات الاستقطاعات من الراتب الأساسي SA4787006722327420474120.,منجز,عالية
REQ-001169,2025-07-20,البريد الإلكتروني,استفسار عن قنوات التواصل مع فريق الدعم الفني.,مغلق,متوسطة
REQ-001170,2026-02-16,الزيارة الميدانية,طلب تحديث رقم الجوال المسجل في الأنظمة.,منجز,منخفضة
REQ-001171,2026-04-20,الزيارة الميدانية,أرجو تحديث بياناتي الشخصية، هويتي 1166075596 وجوالي +966552866787.,معلق,عالية
REQ-001172,2025-08-28,تطبيق الجوال,أحتاج مساعدة في استرداد مبلغ مالي تم خصمه خطأً من حسابي SA0356945418183083441525.,مفتوح,عالية
REQ-001173,2025-08-05,تطبيق الجوال,سؤال عن خطوات حجز موعد في الفرع.,مغلق,منخفضة
REQ-001174,2026-04-15,البريد الإلكتروني,طلب إرشادات للتسجيل في بوابة الخدمات الحكومية.,معلق,منخفضة
REQ-001175,2025-07-29,البوابة الإلكترونية,طلب دليل المستخدم الخاص بمنظومة الخدمات الإلكترونية.,قيد المعالجة,منخفضة
REQ-001176,2025-07-13,البريد الإلكتروني,طلب تحديث رقم الجوال المسجل في الأنظمة.,قيد المعالجة,منخفضة
REQ-001177,2026-04-27,تطبيق الجوال,استفسار عن قنوات التواصل مع فريق الدعم الفني.,قيد المعالجة,عالية
REQ-001178,2025-10-27,البريد الإلكتروني,طلب تحديث رقم الجوال المسجل في الأنظمة.,مغلق,عالية
REQ-001179,2025-08-17,الزيارة الميدانية,اقتراح إضافة خدمة الدفع الإلكتروني لتسهيل المعاملات.,مفتوح,متوسطة
REQ-001180,2025-06-21,مركز الاتصال,استفسار عن خطوات الاعتراض على قرار إداري.,مغلق,متوسطة
REQ-001181,2025-05-13,مركز الاتصال,استفسار عن الوثائق المطلوبة لاستخراج وثيقة رسمية.,مفتوح,متوسطة
REQ-001182,2025-09-27,البريد الإلكتروني,أستفسر عن كيفية اسـترداد دعم الإيجار، رقم هويتي الوطنية 1140649367.,معلق,متوسطة
REQ-001183,2025-01-23,تطبيق الجوال,طلب تعديل بيانات الراتب في السجل بسبب خطأ محاسبي، هويتي 1254561762.,منجز,عالية
REQ-001184,2025-08-06,البوابة الإلكترونية,أرجو تحديث بياناتي الشخصية، هويتي 1623645296 وجوالي +966586219783.,مفتوح,عالية
REQ-001185,2026-01-22,البريد الإلكتروني,استفسار عن الخدمات الرقمية المتاحة على التطبيق الرسمي.,منجز,عالية
REQ-001186,2026-04-14,البريد الإلكتروني,طلب تصحيح بيانات الاستقطاعات من الراتب الأساسي SA2101339026921438957354.,معلق,عالية
REQ-001187,2025-07-29,البوابة الإلكترونية,طلب توضيح حول رسوم الخدمة المعلنة.,معلق,منخفضة
REQ-001188,2025-04-19,البريد الإلكتروني,طلب معلومات عن الخدمات المتاحة للمقيمين.,معلق,منخفضة
REQ-001189,2026-02-02,البريد الإلكتروني,أستفسر عن كيفية اسـترداد دعم الإيجار، رقم هويتي الوطنية 1778730588.,منجز,منخفضة
REQ-001190,2025-06-13,مركز الاتصال,سؤال عن مدة معالجة طلبات إصدار الشهادات.,مغلق,متوسطة
REQ-001191,2025-03-19,البوابة الإلكترونية,اقتراح تفعيل خاصية الإشعارات الفورية للمعاملات.,معلق,عالية
REQ-001192,2025-08-16,تطبيق الجوال,الرجاء مراجعة ملف طعني لأنني معاق ويصعب عليّ الحضور الشخصي، هويتي 1057993501.,منجز,متوسطة
REQ-001193,2025-07-07,البوابة الإلكترونية,طلب نموذج تفويض موقع لإنجاز المعاملات نيابةً.,معلق,منخفضة
REQ-001194,2026-06-11,البوابة الإلكترونية,استفسار عن أوقات العمل الرسمية للفرع.,منجز,منخفضة
REQ-001195,2025-02-21,مركز الاتصال,طلب صرف تعويض بسبب حادثة عمل ولديّ تقرير طبي، يمكن مراسلتي على +966528359915.,معلق,عالية
REQ-001196,2025-12-14,البوابة الإلكترونية,استفسار عن أوقات العمل الرسمية للفرع.,قيد المعالجة,عالية
REQ-001197,2025-11-03,البوابة الإلكترونية,طلب صرف تعويض بسبب حادثة عمل ولديّ تقرير طبي، يمكن مراسلتي على +966545308309.,مغلق,عالية
REQ-001198,2025-06-28,الزيارة الميدانية,استفسار عن الوثائق المطلوبة لاستخراج وثيقة رسمية.,معلق,عالية
REQ-001199,2025-05-02,تطبيق الجوال,طلب تصحيح بيانات الاستقطاعات من الراتب الأساسي SA4412381542272426499514.,معلق,عالية
REQ-001200,2026-03-09,تطبيق الجوال,طلب معلومات عن الخدمات المتاحة للمقيمين.,معلق,منخفضة
REQ-001201,2025-09-06,البوابة الإلكترونية,تقديم شكوى بسبب تسريب بياناتي الشخصية من قِبل أحد الموظفين، هويتي 1400186068.,منجز,عالية
REQ-001202,2025-12-16,الزيارة الميدانية,استفسار عن إمكانية تحديث بيانات التواصل بشكل إلكتروني.,منجز,منخفضة
REQ-001203,2025-10-06,مركز الاتصال,استفسار عن أوقات العمل الرسمية للفرع.,مفتوح,عالية
REQ-001204,2025-11-29,البوابة الإلكترونية,طلب تعديل بيانات الراتب في السجل بسبب خطأ محاسبي، هويتي 1627811050.,معلق,متوسطة
REQ-001205,2026-06-14,البوابة الإلكترونية,أستفسر عن كيفية اسـترداد دعم الإيجار، رقم هويتي الوطنية 1880705478.,معلق,متوسطة
REQ-001206,2025-05-08,تطبيق الجوال,شكوى ضد موظف مع إرفاق اسمي الكامل ورقم هويتي 1844533354.,معلق,عالية
REQ-001207,2026-06-11,البريد الإلكتروني,الرجاء مراجعة ملف طعني لأنني معاق ويصعب عليّ الحضور الشخصي، هويتي 1640782718.,مفتوح,متوسطة
REQ-001208,2026-04-02,مركز الاتصال,شكوى عن صعوبة التنقل بين صفحات الموقع الرسمي.,قيد المعالجة,عالية
REQ-001209,2025-12-31,البريد الإلكتروني,طلب نسخة إلكترونية من شهادة إتمام معاملة.,مغلق,عالية
REQ-001210,2026-03-25,مركز الاتصال,طلب الحصول على شهادة من الجهة تثبت تسجيل المنشأة.,مغلق,متوسطة
REQ-001211,2026-04-05,البريد الإلكتروني,طلب تحديث رقم الجوال المسجل في الأنظمة.,منجز,عالية
REQ-001212,2025-08-15,البوابة الإلكترونية,شكوى عن صعوبة التنقل بين صفحات الموقع الرسمي.,معلق,متوسطة
REQ-001213,2026-02-13,الزيارة الميدانية,أواجه ضائقة مالية ولا أستطيع سداد المخالفة، حسابي البنكي SA3974427460320291902037.,مغلق,عالية
REQ-001214,2025-09-12,البوابة الإلكترونية,طلب معلومات عن الخدمات المتاحة للمقيمين.,مفتوح,متوسطة
REQ-001215,2025-03-10,الزيارة الميدانية,اقتراح بتحسين تجربة الموقع الإلكتروني.,مفتوح,عالية
REQ-001216,2025-05-17,تطبيق الجوال,شكوى عن بطء الخدمة الإلكترونية في الموقع الرسمي.,معلق,متوسطة
REQ-001217,2025-01-03,تطبيق الجوال,طلب تصحيح بيانات الاستقطاعات من الراتب الأساسي SA4920997078007152168966.,قيد المعالجة,متوسطة
REQ-001218,2025-03-21,الزيارة الميدانية,شكوى ضد موظف مع إرفاق اسمي الكامل ورقم هويتي 1612456630.,مفتوح,متوسطة
REQ-001219,2025-10-15,الزيارة الميدانية,طلب توضيح حول رسوم الخدمة المعلنة.,منجز,متوسطة
REQ-001220,2026-05-05,البريد الإلكتروني,طلب نموذج تفويض موقع لإنجاز المعاملات نيابةً.,قيد المعالجة,عالية
REQ-001221,2024-12-19,البوابة الإلكترونية,طلب تصحيح بيانات الاستقطاعات من الراتب الأساسي SA8305806968602787070219.,معلق,منخفضة
REQ-001222,2025-06-24,البريد الإلكتروني,سؤال عن خطوات حجز موعد في الفرع.,مغلق,متوسطة
REQ-001223,2025-08-08,البريد الإلكتروني,طلب تحديث رقم الجوال المسجل في الأنظمة.,مغلق,متوسطة
REQ-001224,2025-10-05,تطبيق الجوال,طلب إنهاء إجراءات الحصول على معاش التقاعد المبكر، هويتي 1588543957.,معلق,عالية
REQ-001225,2024-12-22,مركز الاتصال,اقتراح إضافة خدمة الدفع الإلكتروني لتسهيل المعاملات.,منجز,عالية
REQ-001226,2025-11-07,الزيارة الميدانية,طلب نسخة من نظام الاستئناف المتاح للمستفيدين.,مغلق,منخفضة
REQ-001227,2025-05-16,الزيارة الميدانية,طلب تعديل بيانات الراتب في السجل بسبب خطأ محاسبي، هويتي 1828701761.,قيد المعالجة,عالية
REQ-001228,2025-09-07,تطبيق الجوال,طلب تقرير طبي يخص ابني القاصر لاستكمال المعاملة، هويتي 1807524978.,قيد المعالجة,منخفضة
REQ-001229,2026-05-27,تطبيق الجوال,الرجاء مراجعة ملف طعني لأنني معاق ويصعب عليّ الحضور الشخصي، هويتي 1388690347.,مغلق,منخفضة
REQ-001230,2025-11-12,الزيارة الميدانية,تقديم شكوى بسبب تسريب بياناتي الشخصية من قِبل أحد الموظفين، هويتي 1686685346.,قيد المعالجة,عالية
REQ-001231,2025-02-28,الزيارة الميدانية,استفسار عن الخدمات الرقمية المتاحة على التطبيق الرسمي.,قيد المعالجة,منخفضة
REQ-001232,2026-04-18,تطبيق الجوال,طلب إرشادات للتسجيل في بوابة الخدمات الحكومية.,قيد المعالجة,منخفضة
REQ-001233,2025-08-27,مركز الاتصال,استفسار عن أوقات العمل الرسمية للفرع.,منجز,منخفضة
REQ-001234,2025-12-30,الزيارة الميدانية,الاستعلام عن طلب دعم السكن المقدم منذ فترة، هويتي 1627363730.,معلق,عالية
REQ-001235,2025-06-29,مركز الاتصال,طلب إنهاء إجراءات الحصول على معاش التقاعد المبكر، هويتي 1024103770.,معلق,منخفضة
REQ-001236,2025-02-22,مركز الاتصال,شكوى ضد موظف مع إرفاق اسمي الكامل ورقم هويتي 1982198994.,مغلق,متوسطة
REQ-001237,2025-11-29,الزيارة الميدانية,أريد الاستعلام عن دعم الضمان الاجتماعي بناءً على وضعي المالي، جوالي +966580330187.,قيد المعالجة,منخفضة
REQ-001238,2025-12-17,مركز الاتصال,طلب الحصول على شهادة من الجهة تثبت تسجيل المنشأة.,قيد المعالجة,منخفضة
REQ-001239,2025-04-10,الزيارة الميدانية,طلب صرف تعويض بسبب حادثة عمل ولديّ تقرير طبي، يمكن مراسلتي على +966563378837.,منجز,متوسطة
REQ-001240,2025-06-01,البوابة الإلكترونية,طلب الحصول على شهادة من الجهة تثبت تسجيل المنشأة.,مفتوح,متوسطة
REQ-001241,2025-02-21,البريد الإلكتروني,تقديم شكوى بسبب تسريب بياناتي الشخصية من قِبل أحد الموظفين، هويتي 1602011353.,قيد المعالجة,منخفضة
REQ-001242,2025-06-08,البوابة الإلكترونية,استفسار عن إمكانية تحديث بيانات التواصل بشكل إلكتروني.,منجز,عالية
REQ-001243,2026-06-04,مركز الاتصال,استفسار عن إمكانية تحديث بيانات التواصل بشكل إلكتروني.,منجز,عالية
REQ-001244,2025-12-03,مركز الاتصال,طلب نسخة من نظام الاستئناف المتاح للمستفيدين.,معلق,متوسطة
REQ-001245,2026-02-09,مركز الاتصال,طلب تحديث رقم الجوال المسجل في الأنظمة.,مغلق,متوسطة
REQ-001246,2025-11-01,مركز الاتصال,استفسار عن الخدمات الرقمية المتاحة على التطبيق الرسمي.,مفتوح,منخفضة
REQ-001247,2025-10-31,الزيارة الميدانية,طلب معلومات عن الخدمات المتاحة للمقيمين.,مغلق,متوسطة
REQ-001248,2025-06-16,البوابة الإلكترونية,استفسار عن موعد تجديد رخصة القيادة.,مغلق,منخفضة
REQ-001249,2025-04-08,البريد الإلكتروني,الاستعلام عن طلب دعم السكن المقدم منذ فترة، هويتي 1047204837.,قيد المعالجة,متوسطة
REQ-001250,2025-11-06,البريد الإلكتروني,الرجاء مراجعة ملف طعني لأنني معاق ويصعب عليّ الحضور الشخصي، هويتي 1807106669.,معلق,عالية
REQ-001251,2025-07-31,الزيارة الميدانية,اقتراح بتحسين تجربة الموقع الإلكتروني.,منجز,عالية
REQ-001252,2025-09-05,تطبيق الجوال,الرجاء مراجعة ملف طعني لأنني معاق ويصعب عليّ الحضور الشخصي، هويتي 1767688540.,قيد المعالجة,متوسطة
REQ-001253,2026-04-13,مركز الاتصال,اقتراح تفعيل خاصية الإشعارات الفورية للمعاملات.,منجز,عالية
REQ-001254,2026-04-09,البريد الإلكتروني,اقتراح تفعيل خاصية الإشعارات الفورية للمعاملات.,منجز,منخفضة
REQ-001255,2025-12-16,البوابة الإلكترونية,طلب نسخة إلكترونية من شهادة إتمام معاملة.,مفتوح,متوسطة
REQ-001256,2025-05-20,البوابة الإلكترونية,أعاني من حالة صحية مزمنة وأطلب إعفاءً من الرسوم، رقم هويتي 1806253165.,منجز,منخفضة
REQ-001257,2026-06-04,الزيارة الميدانية,شكوى بخصوص فاتورة خاطئة تجاوزت راتبي الشهري، رقم الحساب SA0739889820979757377796.,مفتوح,منخفضة
REQ-001258,2025-06-12,البوابة الإلكترونية,تقديم شكوى بسبب تسريب بياناتي الشخصية من قِبل أحد الموظفين، هويتي 1389358076.,معلق,منخفضة
REQ-001259,2025-09-28,البوابة الإلكترونية,طلب الحصول على شهادة من الجهة تثبت تسجيل المنشأة.,معلق,عالية
REQ-001260,2026-05-05,البريد الإلكتروني,طلب معرفة الإجراءات اللازمة لتجديد الترخيص التجاري.,قيد المعالجة,متوسطة
REQ-001261,2025-09-03,البوابة الإلكترونية,استفسار عن الوثائق المطلوبة لاستخراج وثيقة رسمية.,قيد المعالجة,عالية
REQ-001262,2025-05-14,تطبيق الجوال,طلب إرشادات للتسجيل في بوابة الخدمات الحكومية.,قيد المعالجة,منخفضة
REQ-001263,2024-12-19,الزيارة الميدانية,طلب نسخة من نظام الاستئناف المتاح للمستفيدين.,منجز,عالية
REQ-001264,2026-05-02,البوابة الإلكترونية,استفسار عن قنوات التواصل مع فريق الدعم الفني.,منجز,متوسطة
REQ-001265,2026-01-25,مركز الاتصال,تقديم شكوى بسبب تسريب بياناتي الشخصية من قِبل أحد الموظفين، هويتي 1248572776.,قيد المعالجة,منخفضة
REQ-001266,2025-01-31,البريد الإلكتروني,سؤال عن خطوات حجز موعد في الفرع.,منجز,متوسطة
REQ-001267,2025-02-11,البوابة الإلكترونية,طلب دليل المستخدم الخاص بمنظومة الخدمات الإلكترونية.,مفتوح,عالية
REQ-001268,2025-06-22,البريد الإلكتروني,طلب معلومات عن الخدمات المتاحة للمقيمين.,معلق,متوسطة
REQ-001269,2025-09-22,تطبيق الجوال,,معلق,متوسطة
REQ-001270,2025-05-22,الزيارة الميدانية,تقديم طلب لاستثناء خاص نظراً لوجود مرض مزمن مثبت طبياً، جوالي +966572375149.,مغلق,منخفضة
REQ-001271,2025-04-03,تطبيق الجوال,شكوى عن صعوبة التنقل بين صفحات الموقع الرسمي.,مغلق,منخفضة
REQ-001272,2025-05-21,مركز الاتصال,أواجه ضائقة مالية ولا أستطيع سداد المخالفة، حسابي البنكي SA1511658651624329153731.,مفتوح,عالية
REQ-001273,2025-06-13,الزيارة الميدانية,استفسار عن الخدمات الرقمية المتاحة على التطبيق الرسمي.,مغلق,متوسطة
REQ-001274,2025-12-01,تطبيق الجوال,طلب نسخة إلكترونية من شهادة إتمام معاملة.,مغلق,عالية
REQ-001275,2026-01-01,البريد الإلكتروني,تقديم طلب لاستثناء خاص نظراً لوجود مرض مزمن مثبت طبياً، جوالي +966529543385.,مغلق,متوسطة
REQ-001276,2025-06-02,الزيارة الميدانية,شكوى بخصوص فاتورة خاطئة تجاوزت راتبي الشهري، رقم الحساب SA9255502853831006033639.,معلق,عالية
REQ-001277,2026-03-09,البريد الإلكتروني,أحتاج مساعدة في استرداد مبلغ مالي تم خصمه خطأً من حسابي SA6850062844196963774137.,مغلق,متوسطة
REQ-001278,2025-12-20,مركز الاتصال,سؤال عن خطوات حجز موعد في الفرع.,منجز,منخفضة
REQ-001279,2025-06-19,البوابة الإلكترونية,طلب معرفة الإجراءات اللازمة لتجديد الترخيص التجاري.,منجز,عالية
REQ-001280,2026-01-17,البوابة الإلكترونية,اقتراح إضافة خدمة الدفع الإلكتروني لتسهيل المعاملات.,منجز,عالية
REQ-001281,2026-04-28,البريد الإلكتروني,شكوى ضد موظف مع إرفاق اسمي الكامل ورقم هويتي 1353850454.,معلق,متوسطة
REQ-001282,2026-05-15,تطبيق الجوال,طلب الحصول على شهادة من الجهة تثبت تسجيل المنشأة.,معلق,متوسطة
REQ-001283,2025-04-22,مركز الاتصال,استفسار عن إمكانية تحديث بيانات التواصل بشكل إلكتروني.,قيد المعالجة,عالية
REQ-001284,2025-02-20,البوابة الإلكترونية,طلب نسخة من نظام الاستئناف المتاح للمستفيدين.,منجز,منخفضة
REQ-001285,2026-04-24,مركز الاتصال,اقتراح تفعيل خاصية الإشعارات الفورية للمعاملات.,معلق,منخفضة
REQ-001286,2025-11-25,مركز الاتصال,طلب معلومات عن الخدمات المتاحة للمقيمين.,مغلق,عالية
REQ-001287,2026-06-07,البريد الإلكتروني,أرغب في الاستفسار عن ملفي الصحي، رقم السجل الطبي الخاص بي 1201286448.,closed,عالية
REQ-001288,2025-06-25,مركز الاتصال,طلب نسخة إلكترونية من شهادة إتمام معاملة.,منجز,منخفضة
REQ-001289,2025-05-17,تطبيق الجوال,الرجاء مراجعة ملف طعني لأنني معاق ويصعب عليّ الحضور الشخصي، هويتي 1544210063.,مفتوح,عالية
REQ-001290,2026-01-24,الزيارة الميدانية,أواجه ضائقة مالية ولا أستطيع سداد المخالفة، حسابي البنكي SA3046124317634480549439.,منجز,متوسطة
REQ-001291,2025-02-28,البريد الإلكتروني,طلب إرشادات للتسجيل في بوابة الخدمات الحكومية.,منجز,متوسطة
REQ-001292,2025-04-15,مركز الاتصال,استفسار عن أوقات العمل الرسمية للفرع.,معلق,منخفضة
REQ-001293,2025-10-30,الزيارة الميدانية,أرجو تحديث بياناتي الشخصية، هويتي 1725897092 وجوالي +966533597796.,مفتوح,منخفضة
REQ-001294,2025-05-31,البوابة الإلكترونية,سؤال عن خطوات حجز موعد في الفرع.,معلق,منخفضة
REQ-001295,2026-04-30,تطبيق الجوال,اقتراح تفعيل خاصية الإشعارات الفورية للمعاملات.,معلق,متوسطة
REQ-001296,2025-10-22,البوابة الإلكترونية,أعاني من حالة صحية مزمنة وأطلب إعفاءً من الرسوم، رقم هويتي 1994756482.,قيد المعالجة,متوسطة
REQ-001297,2026-04-09,البريد الإلكتروني,استفسار عن خطوات الاعتراض على قرار إداري.,معلق,عالية
REQ-001298,2025-01-07,الزيارة الميدانية,أرجو تحديث بياناتي الشخصية، هويتي 1814756100 وجوالي +966520294372.,مفتوح,منخفضة
REQ-001299,2025-06-20,الزيارة الميدانية,شكوى بخصوص فاتورة خاطئة تجاوزت راتبي الشهري، رقم الحساب SA1018407234200400041672.,مفتوح,متوسطة
REQ-001300,2025-03-31,تطبيق الجوال,طلب إعفاء بسبب ظرف خاص ووضع مالي صعب، يمكن التواصل على +966507550446.,منجز,عالية
REQ-001301,2025-01-26,تطبيق الجوال,أرجو تحديث بياناتي الشخصية، هويتي 1704603966 وجوالي +966501678621.,منجز,منخفضة
REQ-001302,2025-11-08,مركز الاتصال,استفسار عن خطوات الاعتراض على قرار إداري.,قيد المعالجة,منخفضة
REQ-001303,2025-06-09,البوابة الإلكترونية,استفسار عن قنوات التواصل مع فريق الدعم الفني.,مفتوح,منخفضة
REQ-001304,2024-12-22,الزيارة الميدانية,اقتراح تفعيل خاصية الإشعارات الفورية للمعاملات.,مفتوح,متوسطة
REQ-001305,2026-04-04,البريد الإلكتروني,استفسار عن قنوات التواصل مع فريق الدعم الفني.,معلق,منخفضة
REQ-001306,2026-01-02,الزيارة الميدانية,اقتراح تفعيل خاصية الإشعارات الفورية للمعاملات.,قيد المعالجة,عالية
REQ-001307,2025-04-29,الزيارة الميدانية,طلب معرفة الإجراءات اللازمة لتجديد الترخيص التجاري.,منجز,عالية
REQ-001308,2025-05-07,الزيارة الميدانية,استفسار عن الخدمات الرقمية المتاحة على التطبيق الرسمي.,منجز,منخفضة
REQ-001309,2025-09-12,مركز الاتصال,طلب نسخة إلكترونية من شهادة إتمام معاملة.,مفتوح,منخفضة
REQ-001310,2025-01-24,البريد الإلكتروني,شكوى عن صعوبة التنقل بين صفحات الموقع الرسمي.,مفتوح,عالية
REQ-001311,2025-08-07,تطبيق الجوال,أستفسر عن كيفية اسـترداد دعم الإيجار، رقم هويتي الوطنية 1955083934.,مغلق,منخفضة
REQ-001312,2025-09-28,البريد الإلكتروني,الاستعلام عن طلب دعم السكن المقدم منذ فترة، هويتي 1226467403.,مغلق,متوسطة
REQ-001313,2025-05-23,البوابة الإلكترونية,استفسار عن إمكانية تحديث بيانات التواصل بشكل إلكتروني.,معلق,عالية
REQ-001314,2025-08-25,البوابة الإلكترونية,أرجو تحديث بياناتي الشخصية، هويتي 1716516909 وجوالي +966592974422.,قيد المعالجة,عالية
REQ-001315,2025-12-16,البوابة الإلكترونية,طلب معرفة الإجراءات اللازمة لتجديد الترخيص التجاري.,معلق,عالية
REQ-001316,2025-08-04,البريد الإلكتروني,تقديم شكوى بسبب تسريب بياناتي الشخصية من قِبل أحد الموظفين، هويتي 1266864683.,مفتوح,عالية
REQ-001317,2025-03-30,البوابة الإلكترونية,شكوى ضد موظف مع إرفاق اسمي الكامل ورقم هويتي 1496823285.,معلق,متوسطة
REQ-001318,2026-04-21,الزيارة الميدانية,استفسار عن خطوات الاعتراض على قرار إداري.,منجز,منخفضة
REQ-001319,2025-02-12,مركز الاتصال,تقديم طلب لاستثناء خاص نظراً لوجود مرض مزمن مثبت طبياً، جوالي +966519687323.,مفتوح,متوسطة
REQ-001320,2025-03-02,مركز الاتصال,الاستعلام عن طلب دعم السكن المقدم منذ فترة، هويتي 1572475281.,قيد المعالجة,متوسطة
REQ-001321,2025-06-19,الزيارة الميدانية,الاستعلام عن طلب دعم السكن المقدم منذ فترة، هويتي 1676793159.,مفتوح,عالية
REQ-001322,2026-02-05,تطبيق الجوال,سؤال عن كيفية متابعة حالة الطلب المقدم عبر البوابة.,مفتوح,متوسطة
REQ-001323,2025-03-05,تطبيق الجوال,سؤال عن كيفية متابعة حالة الطلب المقدم عبر البوابة.,مغلق,منخفضة
REQ-001324,2025-08-17,البريد الإلكتروني,استفسار عن إمكانية تحديث بيانات التواصل بشكل إلكتروني.,قيد المعالجة,عالية
REQ-001325,2025-05-01,البوابة الإلكترونية,اقتراح إضافة خدمة الدفع الإلكتروني لتسهيل المعاملات.,قيد المعالجة,عالية
REQ-001326,2026-03-10,الزيارة الميدانية,طلب نموذج تفويض موقع لإنجاز المعاملات نيابةً.,مفتوح,متوسطة
REQ-001327,2026-05-02,الزيارة الميدانية,طلب تقرير طبي يخص ابني القاصر لاستكمال المعاملة، هويتي 1797799341.,مغلق,عالية
REQ-001328,2025-07-08,تطبيق الجوال,شكوى عن صعوبة التنقل بين صفحات الموقع الرسمي.,مفتوح,عالية
REQ-001329,2025-04-12,الزيارة الميدانية,اقتراح بتحسين تجربة الموقع الإلكتروني.,معلق,متوسطة
REQ-001330,2025-11-20,الزيارة الميدانية,استفسار عن أوقات العمل الرسمية للفرع.,مغلق,متوسطة
REQ-001331,2025-10-13,مركز الاتصال,اقتراح بتحسين تجربة الموقع الإلكتروني.,مغلق,متوسطة
REQ-001332,2025-08-10,مركز الاتصال,طلب توضيح حول رسوم الخدمة المعلنة.,قيد المعالجة,متوسطة
REQ-001333,2026-05-05,مركز الاتصال,طلب نسخة من نظام الاستئناف المتاح للمستفيدين.,معلق,منخفضة
REQ-001334,2025-03-24,مركز الاتصال,سؤال عن خطوات حجز موعد في الفرع.,منجز,عالية
REQ-001335,2025-09-11,تطبيق الجوال,استفسار عن الوثائق المطلوبة لاستخراج وثيقة رسمية.,مفتوح,متوسطة
REQ-001336,2026-05-26,تطبيق الجوال,تقديم طلب لاستثناء خاص نظراً لوجود مرض مزمن مثبت طبياً، جوالي +966586994048.,منجز,منخفضة
REQ-001337,2025-06-30,مركز الاتصال,طلب تعديل بيانات الراتب في السجل بسبب خطأ محاسبي، هويتي 1093163697.,مفتوح,عالية
REQ-001338,2026-03-02,البوابة الإلكترونية,طلب معلومات عن الخدمات المتاحة للمقيمين.,قيد المعالجة,عالية
REQ-001339,2025-08-04,البوابة الإلكترونية,طلب تعديل بيانات الراتب في السجل بسبب خطأ محاسبي، هويتي 1403362716.,قيد المعالجة,عالية
REQ-001340,2025-07-22,تطبيق الجوال,استفسار عن خطوات الاعتراض على قرار إداري.,مغلق,منخفضة
REQ-001341,2025-01-14,تطبيق الجوال,أريد الاستعلام عن دعم الضمان الاجتماعي بناءً على وضعي المالي، جوالي +966593820853.,منجز,متوسطة
REQ-001342,2025-04-09,البوابة الإلكترونية,الاستعلام عن طلب دعم السكن المقدم منذ فترة، هويتي 1708418387.,منجز,عالية
REQ-001343,2025-01-28,الزيارة الميدانية,أحتاج مساعدة في استرداد مبلغ مالي تم خصمه خطأً من حسابي SA2707151033405607974311.,مفتوح,متوسطة
REQ-001344,2026-04-30,تطبيق الجوال,طلب نسخة إلكترونية من شهادة إتمام معاملة.,مغلق,منخفضة
REQ-001345,2024-12-30,الزيارة الميدانية,أريد الاستعلام عن دعم الضمان الاجتماعي بناءً على وضعي المالي، جوالي +966542884577.,مغلق,متوسطة
REQ-001346,2026-05-18,البوابة الإلكترونية,طلب نموذج تفويض موقع لإنجاز المعاملات نيابةً.,منجز,منخفضة
REQ-001347,2025-05-09,البريد الإلكتروني,طلب إعفاء بسبب ظرف خاص ووضع مالي صعب، يمكن التواصل على +966527757512.,معلق,منخفضة
REQ-001348,2026-02-06,تطبيق الجوال,طلب توضيح حول رسوم الخدمة المعلنة.,منجز,عالية
REQ-001349,2026-01-21,البريد الإلكتروني,شكوى ضد موظف مع إرفاق اسمي الكامل ورقم هويتي 1434658157.,مفتوح,منخفضة
REQ-001350,2025-10-15,مركز الاتصال,طلب دليل المستخدم الخاص بمنظومة الخدمات الإلكترونية.,معلق,منخفضة
REQ-001351,2026-01-29,مركز الاتصال,استفسار عن أوقات العمل الرسمية للفرع.,منجز,عالية
REQ-001352,2025-02-15,مركز الاتصال,أرجو تحديث بياناتي الشخصية، هويتي 1850335371 وجوالي +966571636132.,معلق,عالية
REQ-001353,2025-08-16,البريد الإلكتروني,استفسار عن الوثائق المطلوبة لاستخراج وثيقة رسمية.,مغلق,منخفضة
REQ-001354,2026-02-20,تطبيق الجوال,أحتاج مساعدة في استرداد مبلغ مالي تم خصمه خطأً من حسابي SA0503378094935422314393.,مفتوح,منخفضة
REQ-001355,2025-01-31,البوابة الإلكترونية,طلب الحصول على شهادة من الجهة تثبت تسجيل المنشأة.,مغلق,عالية
REQ-001356,2025-02-10,البريد الإلكتروني,طلب توضيح حول رسوم الخدمة المعلنة.,منجز,عالية
REQ-001357,2025-02-08,الزيارة الميدانية,شكوى بخصوص فاتورة خاطئة تجاوزت راتبي الشهري، رقم الحساب SA6464431624338265525878.,مفتوح,متوسطة
REQ-001358,2025-01-20,تطبيق الجوال,طلب نسخة إلكترونية من شهادة إتمام معاملة.,معلق,متوسطة
REQ-001359,2025-06-03,الزيارة الميدانية,طلب نسخة من نظام الاستئناف المتاح للمستفيدين.,معلق,متوسطة
REQ-001360,2026-01-28,البريد الإلكتروني,أعاني من حالة صحية مزمنة وأطلب إعفاءً من الرسوم، رقم هويتي 1738587243.,مغلق,عالية
REQ-001361,2025-11-15,الزيارة الميدانية,طلب نسخة من نظام الاستئناف المتاح للمستفيدين.,معلق,عالية
REQ-001362,2025-02-21,مركز الاتصال,طلب نسخة إلكترونية من شهادة إتمام معاملة.,معلق,متوسطة
REQ-001363,2025-12-24,الزيارة الميدانية,أحتاج مساعدة في استرداد مبلغ مالي تم خصمه خطأً من حسابي SA6379644180862898832457.,مفتوح,متوسطة
REQ-001364,2026-04-11,البريد الإلكتروني,شكوى بخصوص فاتورة خاطئة تجاوزت راتبي الشهري، رقم الحساب SA6651971029533336191095.,منجز,عالية
REQ-001365,2025-08-04,الزيارة الميدانية,سؤال عن خطوات حجز موعد في الفرع.,قيد المعالجة,متوسطة
REQ-001366,2026-06-12,البوابة الإلكترونية,أريد الاستعلام عن دعم الضمان الاجتماعي بناءً على وضعي المالي، جوالي +966576213944.,قيد المعالجة,متوسطة
REQ-001367,2025-01-19,مركز الاتصال,تقديم شكوى بسبب تسريب بياناتي الشخصية من قِبل أحد الموظفين، هويتي 1880619620.,معلق,متوسطة
REQ-001368,2025-08-10,مركز الاتصال,طلب تقرير طبي يخص ابني القاصر لاستكمال المعاملة، هويتي 1272485895.,مغلق,عالية
REQ-001369,2025-02-02,مركز الاتصال,طلب إعفاء بسبب ظرف خاص ووضع مالي صعب، يمكن التواصل على +966518905878.,قيد المعالجة,منخفضة
REQ-001370,2025-01-27,البوابة الإلكترونية,طلب نسخة من نظام الاستئناف المتاح للمستفيدين.,مفتوح,عالية
REQ-001371,2025-12-19,البوابة الإلكترونية,شكوى ضد موظف مع إرفاق اسمي الكامل ورقم هويتي 1539791457.,قيد المعالجة,متوسطة
REQ-001372,2025-07-02,البوابة الإلكترونية,استفسار عن الخدمات الرقمية المتاحة على التطبيق الرسمي.,قيد المعالجة,متوسطة
REQ-001373,2025-01-12,البوابة الإلكترونية,شكوى ضد موظف مع إرفاق اسمي الكامل ورقم هويتي 1675929341.,مغلق,متوسطة
REQ-001374,2025-05-04,الزيارة الميدانية,أستفسر عن كيفية اسـترداد دعم الإيجار، رقم هويتي الوطنية 1599670260.,منجز,منخفضة
REQ-001375,2025-04-05,البريد الإلكتروني,طلب نموذج تفويض موقع لإنجاز المعاملات نيابةً.,منجز,عالية
REQ-001376,2025-07-30,البريد الإلكتروني,طلب تقرير طبي يخص ابني القاصر لاستكمال المعاملة، هويتي 1510509811.,منجز,عالية
REQ-001377,2026-04-15,الزيارة الميدانية,طلب معلومات عن الخدمات المتاحة للمقيمين.,مفتوح,عالية
REQ-001378,2025-06-25,البوابة الإلكترونية,تقديم طلب لاستثناء خاص نظراً لوجود مرض مزمن مثبت طبياً، جوالي +966509865849.,معلق,عالية
REQ-001379,2026-04-28,البريد الإلكتروني,أحتاج مساعدة في استرداد مبلغ مالي تم خصمه خطأً من حسابي SA6992668725998360908406.,منجز,متوسطة
REQ-001380,2025-05-24,البوابة الإلكترونية,سؤال عن خطوات حجز موعد في الفرع.,قيد المعالجة,منخفضة
REQ-001381,2025-05-12,مركز الاتصال,تقديم طلب لاستثناء خاص نظراً لوجود مرض مزمن مثبت طبياً، جوالي +966595283372.,مغلق,متوسطة
REQ-001382,2025-07-01,مركز الاتصال,سؤال عن مدة معالجة طلبات إصدار الشهادات.,منجز,متوسطة
REQ-001383,2025-07-19,مركز الاتصال,استفسار عن إمكانية تحديث بيانات التواصل بشكل إلكتروني.,معلق,عالية
REQ-001384,2026-05-14,مركز الاتصال,استفسار عن الوثائق المطلوبة لاستخراج وثيقة رسمية.,مغلق,عالية
REQ-001385,2026-04-07,البريد الإلكتروني,طلب تصحيح بيانات الاستقطاعات من الراتب الأساسي SA1110291125352006917150.,قيد المعالجة,عالية
REQ-001386,2026-06-07,الزيارة الميدانية,طلب إرشادات للتسجيل في بوابة الخدمات الحكومية.,منجز,متوسطة
REQ-001387,2025-02-24,البريد الإلكتروني,طلب إعفاء بسبب ظرف خاص ووضع مالي صعب، يمكن التواصل على +966511989917.,منجز,متوسطة
REQ-001388,2025-06-12,البوابة الإلكترونية,استفسار عن خطوات الاعتراض على قرار إداري.,منجز,منخفضة
REQ-001389,2026-04-01,البريد الإلكتروني,استفسار عن الخدمات الرقمية المتاحة على التطبيق الرسمي.,مغلق,منخفضة
REQ-001390,2025-03-20,البريد الإلكتروني,شكوى بخصوص فاتورة خاطئة تجاوزت راتبي الشهري، رقم الحساب SA7361545389927166483046.,قيد المعالجة,منخفضة
REQ-001391,2024-12-24,البريد الإلكتروني,أرغب في الاستفسار عن ملفي الصحي، رقم السجل الطبي الخاص بي 1154484883.,مفتوح,متوسطة
REQ-001392,2025-08-19,الزيارة الميدانية,سؤال عن كيفية متابعة حالة الطلب المقدم عبر البوابة.,منجز,منخفضة
REQ-001393,2026-05-22,تطبيق الجوال,شكوى بخصوص فاتورة خاطئة تجاوزت راتبي الشهري، رقم الحساب SA1123138476269597920711.,مفتوح,عالية
REQ-001394,2025-12-10,الزيارة الميدانية,طلب نسخة إلكترونية من شهادة إتمام معاملة.,مفتوح,متوسطة
REQ-001395,2026-01-01,البريد الإلكتروني,طلب توضيح حول رسوم الخدمة المعلنة.,منجز,عالية
REQ-001396,2026-03-20,تطبيق الجوال,طلب تصحيح بيانات الاستقطاعات من الراتب الأساسي SA9100536114182345248584.,مفتوح,منخفضة
REQ-001397,2025-01-06,الزيارة الميدانية,استفسار عن إمكانية تحديث بيانات التواصل بشكل إلكتروني.,منجز,منخفضة
REQ-001398,2025-08-19,مركز الاتصال,أعاني من حالة صحية مزمنة وأطلب إعفاءً من الرسوم، رقم هويتي 1092898004.,مفتوح,عالية
REQ-001399,2026-02-18,تطبيق الجوال,اقتراح بتحسين تجربة الموقع الإلكتروني.,منجز,منخفضة
REQ-001400,2026-06-05,تطبيق الجوال,طلب نسخة إلكترونية من شهادة إتمام معاملة.,مفتوح,منخفضة
REQ-001401,2025-05-06,الزيارة الميدانية,استفسار عن إمكانية تحديث بيانات التواصل بشكل إلكتروني.,قيد المعالجة,منخفضة
REQ-001402,2025-03-30,مركز الاتصال,أواجه ضائقة مالية ولا أستطيع سداد المخالفة، حسابي البنكي SA4545052125117447027958.,قيد المعالجة,عالية
REQ-001403,2026-05-20,تطبيق الجوال,طلب صرف تعويض بسبب حادثة عمل ولديّ تقرير طبي، يمكن مراسلتي على +966594873274.,منجز,منخفضة
REQ-001404,2025-10-01,تطبيق الجوال,طلب إنهاء إجراءات الحصول على معاش التقاعد المبكر، هويتي 1706520432.,قيد المعالجة,متوسطة
REQ-001405,2025-08-12,تطبيق الجوال,اقتراح تفعيل خاصية الإشعارات الفورية للمعاملات.,منجز,عالية
REQ-001406,2025-03-01,الزيارة الميدانية,استفسار عن الوثائق المطلوبة لاستخراج وثيقة رسمية.,قيد المعالجة,متوسطة
REQ-001407,2026-06-16,مركز الاتصال,استفسار عن أوقات العمل الرسمية للفرع.,قيد المعالجة,متوسطة
REQ-001408,2026-02-25,تطبيق الجوال,شكوى عن صعوبة التنقل بين صفحات الموقع الرسمي.,معلق,منخفضة
REQ-001409,2025-11-12,تطبيق الجوال,أستفسر عن كيفية اسـترداد دعم الإيجار، رقم هويتي الوطنية 1133304319.,مغلق,متوسطة
REQ-001410,2025-06-23,تطبيق الجوال,أواجه ضائقة مالية ولا أستطيع سداد المخالفة، حسابي البنكي SA8758510699213456240463.,منجز,منخفضة
REQ-001411,2025-05-04,الزيارة الميدانية,طلب تعديل بيانات الراتب في السجل بسبب خطأ محاسبي، هويتي 1402088593.,قيد المعالجة,متوسطة
REQ-001412,2025-11-10,البريد الإلكتروني,طلب نسخة من نظام الاستئناف المتاح للمستفيدين.,قيد المعالجة,عالية
REQ-001413,2025-11-03,مركز الاتصال,سؤال عن كيفية متابعة حالة الطلب المقدم عبر البوابة.,منجز,عالية
REQ-001414,2026-06-12,تطبيق الجوال,الاستعلام عن طلب دعم السكن المقدم منذ فترة، هويتي 1013724198.,معلق,متوسطة
REQ-001415,2025-08-06,مركز الاتصال,استفسار عن الوثائق المطلوبة لاستخراج وثيقة رسمية.,مفتوح,عالية
REQ-001416,2026-03-20,تطبيق الجوال,طلب الحصول على شهادة من الجهة تثبت تسجيل المنشأة.,قيد المعالجة,منخفضة
REQ-001417,2026-01-21,البريد الإلكتروني,طلب توضيح حول رسوم الخدمة المعلنة.,مفتوح,عالية
REQ-001418,2025-01-03,الزيارة الميدانية,طلب معرفة الإجراءات اللازمة لتجديد الترخيص التجاري.,قيد المعالجة,عالية
REQ-001419,2025-08-11,البوابة الإلكترونية,طلب نموذج تفويض موقع لإنجاز المعاملات نيابةً.,مفتوح,منخفضة
REQ-001420,2025-12-27,تطبيق الجوال,تقديم طلب لاستثناء خاص نظراً لوجود مرض مزمن مثبت طبياً، جوالي +966509241128.,معلق,متوسطة
REQ-001421,2025-04-10,مركز الاتصال,طلب توضيح حول رسوم الخدمة المعلنة.,مغلق,متوسطة
REQ-001422,2025-01-31,البريد الإلكتروني,طلب توضيح حول رسوم الخدمة المعلنة.,معلق,متوسطة
REQ-001423,2025-12-19,تطبيق الجوال,طلب صرف تعويض بسبب حادثة عمل ولديّ تقرير طبي، يمكن مراسلتي على +966567906174.,منجز,منخفضة
REQ-001424,2026-03-26,تطبيق الجوال,طلب نسخة إلكترونية من شهادة إتمام معاملة.,مفتوح,متوسطة
REQ-001425,2025-07-02,مركز الاتصال,أرغب في الاستفسار عن ملفي الصحي، رقم السجل الطبي الخاص بي 1295881831.,مغلق,متوسطة
REQ-001426,2025-08-24,تطبيق الجوال,أستفسر عن كيفية اسـترداد دعم الإيجار، رقم هويتي الوطنية 1280582691.,معلق,منخفضة
REQ-001427,2025-04-11,البوابة الإلكترونية,اقتراح تفعيل خاصية الإشعارات الفورية للمعاملات.,معلق,عالية
REQ-001428,2025-06-27,تطبيق الجوال,الاستعلام عن طلب دعم السكن المقدم منذ فترة، هويتي 1806996052.,منجز,متوسطة
REQ-001429,2024-12-26,البوابة الإلكترونية,سؤال عن كيفية متابعة حالة الطلب المقدم عبر البوابة.,منجز,متوسطة
REQ-001430,2025-04-04,البوابة الإلكترونية,سؤال عن كيفية متابعة حالة الطلب المقدم عبر البوابة.,مغلق,متوسطة
REQ-001431,2025-04-23,مركز الاتصال,اقتراح بتحسين تجربة الموقع الإلكتروني.,مفتوح,متوسطة
REQ-001432,2025-12-04,الزيارة الميدانية,أرغب في الاستفسار عن ملفي الصحي، رقم السجل الطبي الخاص بي 1081821876.,معلق,منخفضة
REQ-001433,2025-01-30,تطبيق الجوال,شكوى ضد موظف مع إرفاق اسمي الكامل ورقم هويتي 1060241161.,مغلق,متوسطة
REQ-001434,2025-09-04,البريد الإلكتروني,تقديم شكوى بسبب تسريب بياناتي الشخصية من قِبل أحد الموظفين، هويتي 1153572449.,مفتوح,عالية
REQ-001435,2025-12-29,مركز الاتصال,شكوى ضد موظف مع إرفاق اسمي الكامل ورقم هويتي 1114667544.,مغلق,متوسطة
REQ-001436,2025-07-09,تطبيق الجوال,استفسار عن إمكانية تحديث بيانات التواصل بشكل إلكتروني.,مفتوح,عالية
REQ-001437,2025-02-14,تطبيق الجوال,سؤال عن مدة معالجة طلبات إصدار الشهادات.,مغلق,عالية
REQ-001438,2026-05-29,الزيارة الميدانية,طلب تقرير طبي يخص ابني القاصر لاستكمال المعاملة، هويتي 1024371237.,منجز,عالية
REQ-001439,2025-08-03,البوابة الإلكترونية,استفسار عن الوثائق المطلوبة لاستخراج وثيقة رسمية.,مغلق,منخفضة
REQ-001440,2025-05-12,الزيارة الميدانية,طلب نسخة إلكترونية من شهادة إتمام معاملة.,معلق,متوسطة
REQ-001441,2025-12-20,البريد الإلكتروني,شكوى عن بطء الخدمة الإلكترونية في الموقع الرسمي.,قيد المعالجة,عالية
REQ-001442,2025-08-06,مركز الاتصال,أحتاج مساعدة في استرداد مبلغ مالي تم خصمه خطأً من حسابي SA4040154797847752929382.,مغلق,متوسطة
REQ-001443,2025-03-21,البريد الإلكتروني,سؤال عن مدة معالجة طلبات إصدار الشهادات.,منجز,متوسطة
REQ-001444,2026-03-17,مركز الاتصال,اقتراح إضافة خدمة الدفع الإلكتروني لتسهيل المعاملات.,مفتوح,عالية
REQ-001445,2026-03-12,تطبيق الجوال,أرغب في الاستفسار عن ملفي الصحي، رقم السجل الطبي الخاص بي 1491393136.,مغلق,منخفضة
REQ-001446,2025-08-16,البوابة الإلكترونية,تقديم شكوى بسبب تسريب بياناتي الشخصية من قِبل أحد الموظفين، هويتي 1026679116.,مغلق,عالية
REQ-001447,2025-07-09,البوابة الإلكترونية,طلب صرف تعويض بسبب حادثة عمل ولديّ تقرير طبي، يمكن مراسلتي على +966549169864.,قيد المعالجة,منخفضة
REQ-001448,2025-07-23,مركز الاتصال,اقتراح إضافة خدمة الدفع الإلكتروني لتسهيل المعاملات.,منجز,منخفضة
REQ-001449,2025-09-10,مركز الاتصال,أرجو تحديث بياناتي الشخصية، هويتي 1197423138 وجوالي +966515224834.,مغلق,متوسطة
REQ-001450,2025-04-13,البوابة الإلكترونية,طلب منح بطاقة ذوي الإعاقة لطفلي، رقم ولايتي 1343655690.,مغلق,متوسطة
REQ-001451,2026-03-12,البريد الإلكتروني,طلب معلومات عن الخدمات المتاحة للمقيمين.,معلق,عالية
REQ-001452,2026-02-22,البوابة الإلكترونية,تقديم طلب لاستثناء خاص نظراً لوجود مرض مزمن مثبت طبياً، جوالي +966524090491.,قيد المعالجة,متوسطة
REQ-001453,2026-01-21,مركز الاتصال,طلب إرشادات للتسجيل في بوابة الخدمات الحكومية.,منجز,منخفضة
REQ-001454,2025-06-23,الزيارة الميدانية,طلب تقرير طبي يخص ابني القاصر لاستكمال المعاملة، هويتي 1043274586.,منجز,عالية
REQ-001455,2025-07-19,تطبيق الجوال,أحتاج مساعدة في استرداد مبلغ مالي تم خصمه خطأً من حسابي SA5031710582551069468938.,مفتوح,منخفضة
REQ-001456,2025-05-02,البريد الإلكتروني,أستفسر عن كيفية اسـترداد دعم الإيجار، رقم هويتي الوطنية 1500131253.,مفتوح,عالية
REQ-001457,2026-04-12,البوابة الإلكترونية,طلب دليل المستخدم الخاص بمنظومة الخدمات الإلكترونية.,مفتوح,منخفضة
REQ-001458,2025-07-15,الزيارة الميدانية,طلب توضيح حول رسوم الخدمة المعلنة.,مغلق,عالية
REQ-001459,2025-12-07,البريد الإلكتروني,اقتراح تفعيل خاصية الإشعارات الفورية للمعاملات.,قيد المعالجة,منخفضة
REQ-001460,2025-06-23,البريد الإلكتروني,اقتراح إضافة خدمة الدفع الإلكتروني لتسهيل المعاملات.,منجز,متوسطة
REQ-001461,2026-03-29,مركز الاتصال,استفسار عن خطوات الاعتراض على قرار إداري.,مغلق,عالية
REQ-001462,2025-01-02,الزيارة الميدانية,استفسار عن إمكانية تحديث بيانات التواصل بشكل إلكتروني.,منجز,منخفضة
REQ-001463,2026-02-24,البوابة الإلكترونية,طلب نسخة إلكترونية من شهادة إتمام معاملة.,مفتوح,منخفضة
REQ-001464,2025-06-28,البريد الإلكتروني,طلب نموذج تفويض موقع لإنجاز المعاملات نيابةً.,قيد المعالجة,متوسطة
REQ-001465,2025-08-19,تطبيق الجوال,اقتراح إضافة خدمة الدفع الإلكتروني لتسهيل المعاملات.,قيد المعالجة,متوسطة
REQ-001466,2025-01-11,الزيارة الميدانية,شكوى بخصوص فاتورة خاطئة تجاوزت راتبي الشهري، رقم الحساب SA0278825881074748668613.,معلق,عالية
REQ-001467,2025-03-10,الزيارة الميدانية,استفسار عن الوثائق المطلوبة لاستخراج وثيقة رسمية.,مغلق,منخفضة
REQ-001468,2025-09-28,تطبيق الجوال,طلب توضيح حول رسوم الخدمة المعلنة.,معلق,متوسطة
REQ-001469,2026-06-06,البوابة الإلكترونية,أستفسر عن كيفية اسـترداد دعم الإيجار، رقم هويتي الوطنية 1154836165.,قيد المعالجة,منخفضة
REQ-001470,2025-06-11,تطبيق الجوال,طلب معلومات عن الخدمات المتاحة للمقيمين.,مغلق,منخفضة
REQ-001471,2025-03-02,تطبيق الجوال,شكوى بخصوص فاتورة خاطئة تجاوزت راتبي الشهري، رقم الحساب SA5794836351663349500203.,مغلق,عالية
REQ-001472,2025-06-17,مركز الاتصال,طلب نسخة إلكترونية من شهادة إتمام معاملة.,مفتوح,منخفضة
REQ-001473,2025-03-23,الزيارة الميدانية,أرغب في الاستفسار عن ملفي الصحي، رقم السجل الطبي الخاص بي 1504941111.,قيد المعالجة,متوسطة
REQ-001474,2026-01-17,البريد الإلكتروني,أرجو تحديث بياناتي الشخصية، هويتي 1969493723 وجوالي +966550967800.,قيد المعالجة,متوسطة
REQ-001475,2025-12-17,مركز الاتصال,استفسار عن الخدمات الرقمية المتاحة على التطبيق الرسمي.,معلق,متوسطة
REQ-001476,2025-10-20,الزيارة الميدانية,طلب نموذج تفويض موقع لإنجاز المعاملات نيابةً.,منجز,متوسطة
REQ-001477,2026-01-28,البريد الإلكتروني,طلب الحصول على شهادة من الجهة تثبت تسجيل المنشأة.,قيد المعالجة,منخفضة
REQ-001478,2025-01-29,مركز الاتصال,طلب منح بطاقة ذوي الإعاقة لطفلي، رقم ولايتي 1346130832.,مفتوح,عالية
REQ-001479,2024-12-24,تطبيق الجوال,طلب دليل المستخدم الخاص بمنظومة الخدمات الإلكترونية.,معلق,منخفضة
REQ-001480,2026-05-02,البوابة الإلكترونية,طلب إرشادات للتسجيل في بوابة الخدمات الحكومية.,مغلق,منخفضة
REQ-001481,2025-10-18,تطبيق الجوال,طلب تعديل بيانات الراتب في السجل بسبب خطأ محاسبي، هويتي 1397317627.,قيد المعالجة,متوسطة
REQ-001482,2024-12-29,مركز الاتصال,طلب إعفاء بسبب ظرف خاص ووضع مالي صعب، يمكن التواصل على +966521439635.,منجز,متوسطة
REQ-001483,2025-12-07,تطبيق الجوال,أواجه ضائقة مالية ولا أستطيع سداد المخالفة، حسابي البنكي SA5937097434588181252177.,مغلق,متوسطة
REQ-001484,2025-04-09,البريد الإلكتروني,استفسار عن خطوات الاعتراض على قرار إداري.,مفتوح,عالية
REQ-001485,2025-11-30,البريد الإلكتروني,تقديم طلب لاستثناء خاص نظراً لوجود مرض مزمن مثبت طبياً، جوالي +966567855853.,مغلق,متوسطة
REQ-001486,2026-02-01,مركز الاتصال,استفسار عن موعد تجديد رخصة القيادة.,معلق,متوسطة
REQ-001487,2025-10-13,تطبيق الجوال,طلب إنهاء إجراءات الحصول على معاش التقاعد المبكر، هويتي 1823723281.,مغلق,متوسطة
REQ-001488,2024-12-27,البريد الإلكتروني,طلب نسخة من نظام الاستئناف المتاح للمستفيدين.,مفتوح,منخفضة
REQ-001489,2026-01-25,تطبيق الجوال,أحتاج مساعدة في استرداد مبلغ مالي تم خصمه خطأً من حسابي SA4110938468937019619632.,قيد المعالجة,عالية
REQ-001490,2026-06-14,الزيارة الميدانية,طلب نسخة إلكترونية من شهادة إتمام معاملة.,مغلق,متوسطة
REQ-001491,2026-04-19,مركز الاتصال,أرغب في الاستفسار عن ملفي الصحي، رقم السجل الطبي الخاص بي 1096142284.,قيد المعالجة,منخفضة
REQ-001492,2025-10-03,تطبيق الجوال,طلب تحديث رقم الجوال المسجل في الأنظمة.,معلق,منخفضة
REQ-001493,2026-01-22,البريد الإلكتروني,شكوى عن بطء الخدمة الإلكترونية في الموقع الرسمي.,معلق,عالية
REQ-001494,2025-10-22,البوابة الإلكترونية,استفسار عن إمكانية تحديث بيانات التواصل بشكل إلكتروني.,مفتوح,متوسطة
REQ-001495,2025-11-15,مركز الاتصال,استفسار عن الوثائق المطلوبة لاستخراج وثيقة رسمية.,معلق,متوسطة
REQ-001496,2025-05-22,تطبيق الجوال,طلب إرشادات للتسجيل في بوابة الخدمات الحكومية.,معلق,متوسطة
REQ-001497,2025-03-25,البريد الإلكتروني,طلب تصحيح بيانات الاستقطاعات من الراتب الأساسي SA2091548483822770994735.,معلق,متوسطة
REQ-001498,2026-05-04,مركز الاتصال,طلب نموذج تفويض موقع لإنجاز المعاملات نيابةً.,معلق,عالية
REQ-001499,2025-06-21,البريد الإلكتروني,الاستعلام عن طلب دعم السكن المقدم منذ فترة، هويتي 1474079660.,مغلق,متوسطة
REQ-001500,2025-06-25,الزيارة الميدانية,طلب منح بطاقة ذوي الإعاقة لطفلي، رقم ولايتي 1457068102.,منجز,منخفضة
REQ-001501,2026-06-15,الزيارة الميدانية,استفسار عن الوثائق المطلوبة لاستخراج وثيقة رسمية.,معلق,منخفضة
REQ-001502,2025-12-14,البريد الإلكتروني,الاستعلام عن طلب دعم السكن المقدم منذ فترة، هويتي 1475539894.,مغلق,متوسطة
REQ-001503,2025-12-30,البريد الإلكتروني,سؤال عن خطوات حجز موعد في الفرع.,قيد المعالجة,منخفضة
REQ-001504,2026-06-08,تطبيق الجوال,شكوى بخصوص فاتورة خاطئة تجاوزت راتبي الشهري، رقم الحساب SA8842505663018452947092.,مفتوح,عالية
REQ-001505,2025-05-19,الزيارة الميدانية,أواجه ضائقة مالية ولا أستطيع سداد المخالفة، حسابي البنكي SA0529927106179888707684.,مغلق,عالية
REQ-001506,2025-04-20,الزيارة الميدانية,استفسار عن أوقات العمل الرسمية للفرع.,مفتوح,عالية
REQ-001507,2025-02-24,الزيارة الميدانية,طلب تحديث رقم الجوال المسجل في الأنظمة.,مفتوح,متوسطة
REQ-001508,2025-07-20,تطبيق الجوال,طلب معلومات عن الخدمات المتاحة للمقيمين.,قيد المعالجة,متوسطة
REQ-001509,2025-08-07,البريد الإلكتروني,طلب تعديل بيانات الراتب في السجل بسبب خطأ محاسبي، هويتي 1122142514.,معلق,منخفضة
REQ-001510,2025-08-21,مركز الاتصال,أواجه ضائقة مالية ولا أستطيع سداد المخالفة، حسابي البنكي SA1764232505130364028242.,منجز,عالية
REQ-001511,2025-01-20,البريد الإلكتروني,الاستعلام عن طلب دعم السكن المقدم منذ فترة، هويتي 1457204731.,قيد المعالجة,منخفضة
REQ-001512,2025-06-21,البوابة الإلكترونية,طلب تحديث رقم الجوال المسجل في الأنظمة.,مفتوح,متوسطة
REQ-001513,2025-11-03,مركز الاتصال,تقديم طلب لاستثناء خاص نظراً لوجود مرض مزمن مثبت طبياً، جوالي +966597274387.,قيد المعالجة,عالية
REQ-001514,2025-05-06,تطبيق الجوال,تقديم طلب لاستثناء خاص نظراً لوجود مرض مزمن مثبت طبياً، جوالي +966573061495.,مفتوح,منخفضة
REQ-001515,2026-04-05,الزيارة الميدانية,طلب نسخة إلكترونية من شهادة إتمام معاملة.,معلق,عالية
REQ-001516,2025-04-09,البريد الإلكتروني,شكوى عن بطء الخدمة الإلكترونية في الموقع الرسمي.,منجز,متوسطة
REQ-001517,2026-02-24,مركز الاتصال,اقتراح إضافة خدمة الدفع الإلكتروني لتسهيل المعاملات.,معلق,متوسطة
REQ-001518,2026-02-10,البوابة الإلكترونية,اقتراح بتحسين تجربة الموقع الإلكتروني.,منجز,عالية
REQ-001519,2026-01-11,البريد الإلكتروني,سؤال عن كيفية متابعة حالة الطلب المقدم عبر البوابة.,قيد المعالجة,منخفضة
REQ-001520,2025-11-08,البوابة الإلكترونية,طلب دليل المستخدم الخاص بمنظومة الخدمات الإلكترونية.,منجز,منخفضة
REQ-001521,2024-12-31,البريد الإلكتروني,الاستعلام عن طلب دعم السكن المقدم منذ فترة، هويتي 1720018447.,قيد المعالجة,متوسطة
REQ-001522,2025-02-15,مركز الاتصال,أستفسر عن كيفية اسـترداد دعم الإيجار، رقم هويتي الوطنية 1386384653.,مغلق,منخفضة
REQ-001523,2025-08-28,الزيارة الميدانية,اقتراح إضافة خدمة الدفع الإلكتروني لتسهيل المعاملات.,منجز,متوسطة
REQ-001524,2025-12-19,البريد الإلكتروني,الرجاء مراجعة ملف طعني لأنني معاق ويصعب عليّ الحضور الشخصي، هويتي 1937543666.,مغلق,منخفضة
REQ-001525,2025-07-04,مركز الاتصال,سؤال عن كيفية متابعة حالة الطلب المقدم عبر البوابة.,مغلق,متوسطة
REQ-001526,2025-06-24,تطبيق الجوال,طلب معلومات عن الخدمات المتاحة للمقيمين.,معلق,متوسطة
REQ-001527,2025-02-28,الزيارة الميدانية,استفسار عن قنوات التواصل مع فريق الدعم الفني.,معلق,عالية
REQ-001528,2025-07-18,البوابة الإلكترونية,اقتراح إضافة خدمة الدفع الإلكتروني لتسهيل المعاملات.,مغلق,منخفضة
REQ-001529,2025-06-24,مركز الاتصال,استفسار عن أوقات العمل الرسمية للفرع.,مفتوح,عالية
REQ-001530,2026-06-16,تطبيق الجوال,أحتاج مساعدة في استرداد مبلغ مالي تم خصمه خطأً من حسابي SA0865845213225204091498.,قيد المعالجة,منخفضة
REQ-001531,2025-04-23,الزيارة الميدانية,اقتراح بتحسين تجربة الموقع الإلكتروني.,معلق,متوسطة
REQ-001532,2025-06-15,البوابة الإلكترونية,طلب دليل المستخدم الخاص بمنظومة الخدمات الإلكترونية.,مغلق,عالية
REQ-001533,2025-03-30,تطبيق الجوال,شكوى عن بطء الخدمة الإلكترونية في الموقع الرسمي.,معلق,عالية
REQ-001534,2025-11-08,مركز الاتصال,طلب دليل المستخدم الخاص بمنظومة الخدمات الإلكترونية.,قيد المعالجة,عالية
REQ-001535,2026-02-21,الزيارة الميدانية,استفسار عن الوثائق المطلوبة لاستخراج وثيقة رسمية.,معلق,عالية
REQ-001536,2026-02-15,الزيارة الميدانية,أرغب في الاستفسار عن ملفي الصحي، رقم السجل الطبي الخاص بي 1547147619.,منجز,عالية
REQ-001537,2026-04-09,البوابة الإلكترونية,استفسار عن الخدمات الرقمية المتاحة على التطبيق الرسمي.,مفتوح,عالية
REQ-001538,2024-12-31,البوابة الإلكترونية,طلب منح بطاقة ذوي الإعاقة لطفلي، رقم ولايتي 1694569300.,معلق,متوسطة
REQ-001539,2025-07-01,الزيارة الميدانية,طلب إعفاء بسبب ظرف خاص ووضع مالي صعب، يمكن التواصل على +966529650946.,مغلق,متوسطة
REQ-001540,2026-05-07,البريد الإلكتروني,سؤال عن مدة معالجة طلبات إصدار الشهادات.,مغلق,عالية
REQ-001541,2025-09-02,تطبيق الجوال,طلب نسخة إلكترونية من شهادة إتمام معاملة.,مغلق,متوسطة
REQ-001542,2025-12-02,البريد الإلكتروني,طلب دليل المستخدم الخاص بمنظومة الخدمات الإلكترونية.,معلق,منخفضة
REQ-001543,2025-01-13,الزيارة الميدانية,طلب توضيح حول رسوم الخدمة المعلنة.,معلق,متوسطة
REQ-001544,2025-09-14,الزيارة الميدانية,استفسار عن إمكانية تحديث بيانات التواصل بشكل إلكتروني.,قيد المعالجة,متوسطة
REQ-001545,2026-03-11,البوابة الإلكترونية,اقتراح تفعيل خاصية الإشعارات الفورية للمعاملات.,قيد المعالجة,متوسطة
REQ-001546,2026-05-06,الزيارة الميدانية,شكوى عن صعوبة التنقل بين صفحات الموقع الرسمي.,قيد المعالجة,عالية
REQ-001547,2025-05-18,مركز الاتصال,تقديم شكوى بسبب تسريب بياناتي الشخصية من قِبل أحد الموظفين، هويتي 1484131931.,معلق,منخفضة
REQ-001548,2025-04-16,مركز الاتصال,طلب تصحيح بيانات الاستقطاعات من الراتب الأساسي SA2459511708251180068887.,مفتوح,متوسطة
REQ-001549,2025-05-31,تطبيق الجوال,أعاني من حالة صحية مزمنة وأطلب إعفاءً من الرسوم، رقم هويتي 1813043518.,مفتوح,عالية
REQ-001550,2025-07-06,البريد الإلكتروني,استفسار عن خطوات الاعتراض على قرار إداري.,قيد المعالجة,عالية
REQ-001551,2026-02-22,مركز الاتصال,طلب معرفة الإجراءات اللازمة لتجديد الترخيص التجاري.,مفتوح,عالية
REQ-001552,2024-12-27,الزيارة الميدانية,طلب تعديل بيانات الراتب في السجل بسبب خطأ محاسبي، هويتي 1589236379.,معلق,متوسطة
REQ-001553,2026-06-11,البوابة الإلكترونية,استفسار عن الوثائق المطلوبة لاستخراج وثيقة رسمية.,معلق,متوسطة
REQ-001554,2026-04-09,الزيارة الميدانية,سؤال عن كيفية متابعة حالة الطلب المقدم عبر البوابة.,مفتوح,عالية
REQ-001555,2025-05-19,مركز الاتصال,طلب صرف تعويض بسبب حادثة عمل ولديّ تقرير طبي، يمكن مراسلتي على +966560377134.,منجز,عالية
REQ-001556,2025-06-08,تطبيق الجوال,طلب تحديث رقم الجوال المسجل في الأنظمة.,معلق,متوسطة
REQ-001557,2026-02-21,مركز الاتصال,استفسار عن قنوات التواصل مع فريق الدعم الفني.,قيد المعالجة,متوسطة
REQ-001558,2025-09-03,الزيارة الميدانية,استفسار عن قنوات التواصل مع فريق الدعم الفني.,منجز,عالية
REQ-001559,2025-05-06,الزيارة الميدانية,اقتراح تفعيل خاصية الإشعارات الفورية للمعاملات.,قيد المعالجة,عالية
REQ-001560,2026-05-01,تطبيق الجوال,سؤال عن خطوات حجز موعد في الفرع.,منجز,منخفضة
REQ-001561,2025-09-25,البوابة الإلكترونية,سؤال عن كيفية متابعة حالة الطلب المقدم عبر البوابة.,معلق,متوسطة
REQ-001562,2025-07-11,البريد الإلكتروني,استفسار عن موعد تجديد رخصة القيادة.,مفتوح,منخفضة
REQ-001563,2025-11-28,مركز الاتصال,استفسار عن أوقات العمل الرسمية للفرع.,منجز,متوسطة
REQ-001564,2026-03-04,تطبيق الجوال,سؤال عن مدة معالجة طلبات إصدار الشهادات.,قيد المعالجة,متوسطة
REQ-001565,2025-10-07,مركز الاتصال,أستفسر عن كيفية اسـترداد دعم الإيجار، رقم هويتي الوطنية 1263283127.,قيد المعالجة,عالية
REQ-001566,2026-06-19,البريد الإلكتروني,طلب دليل المستخدم الخاص بمنظومة الخدمات الإلكترونية.,قيد المعالجة,متوسطة
REQ-001567,2024-12-19,البريد الإلكتروني,استفسار عن خطوات الاعتراض على قرار إداري.,منجز,منخفضة
REQ-001568,2025-10-09,البريد الإلكتروني,استفسار عن الوثائق المطلوبة لاستخراج وثيقة رسمية.,منجز,متوسطة
REQ-001569,2026-02-15,تطبيق الجوال,اقتراح بتحسين تجربة الموقع الإلكتروني.,مفتوح,متوسطة
REQ-001570,2025-02-15,مركز الاتصال,اقتراح تفعيل خاصية الإشعارات الفورية للمعاملات.,منجز,منخفضة
REQ-001571,2026-03-02,البريد الإلكتروني,طلب تصحيح بيانات الاستقطاعات من الراتب الأساسي SA5497729783702967456172.,قيد المعالجة,منخفضة
REQ-001572,2026-03-12,البريد الإلكتروني,تقديم طلب لاستثناء خاص نظراً لوجود مرض مزمن مثبت طبياً، جوالي +966520663396.,مغلق,منخفضة
REQ-001573,2025-01-03,تطبيق الجوال,استفسار عن خطوات الاعتراض على قرار إداري.,منجز,متوسطة
REQ-001574,2026-01-18,الزيارة الميدانية,طلب تعديل بيانات الراتب في السجل بسبب خطأ محاسبي، هويتي 1182746154.,معلق,منخفضة
REQ-001575,2026-02-14,تطبيق الجوال,طلب الحصول على شهادة من الجهة تثبت تسجيل المنشأة.,قيد المعالجة,متوسطة
REQ-001576,2026-04-01,مركز الاتصال,استفسار عن قنوات التواصل مع فريق الدعم الفني.,مفتوح,متوسطة
REQ-001577,2025-04-05,تطبيق الجوال,شكوى عن بطء الخدمة الإلكترونية في الموقع الرسمي.,قيد المعالجة,منخفضة
REQ-001578,2024-12-26,البريد الإلكتروني,طلب الحصول على شهادة من الجهة تثبت تسجيل المنشأة.,معلق,عالية
REQ-001579,2025-11-16,الزيارة الميدانية,طلب معلومات عن الخدمات المتاحة للمقيمين.,قيد المعالجة,متوسطة
REQ-001580,2025-09-12,مركز الاتصال,طلب إعفاء بسبب ظرف خاص ووضع مالي صعب، يمكن التواصل على +966551576364.,قيد المعالجة,عالية
REQ-001581,2025-11-07,مركز الاتصال,تقديم طلب لاستثناء خاص نظراً لوجود مرض مزمن مثبت طبياً، جوالي +966598413242.,معلق,متوسطة
REQ-001582,2025-06-28,الزيارة الميدانية,أواجه ضائقة مالية ولا أستطيع سداد المخالفة، حسابي البنكي SA4625801836515293632322.,معلق,منخفضة
REQ-001583,2026-01-27,تطبيق الجوال,طلب توضيح حول رسوم الخدمة المعلنة.,قيد المعالجة,عالية
REQ-001584,2025-10-08,البوابة الإلكترونية,استفسار عن أوقات العمل الرسمية للفرع.,معلق,عالية
REQ-001585,2026-06-16,تطبيق الجوال,استفسار عن إمكانية تحديث بيانات التواصل بشكل إلكتروني.,معلق,منخفضة
REQ-001586,2025-05-30,البريد الإلكتروني,طلب نموذج تفويض موقع لإنجاز المعاملات نيابةً.,مفتوح,متوسطة
REQ-001587,2025-06-24,البريد الإلكتروني,شكوى ضد موظف مع إرفاق اسمي الكامل ورقم هويتي 1534519432.,منجز,منخفضة
REQ-001588,2025-04-11,تطبيق الجوال,أستفسر عن كيفية اسـترداد دعم الإيجار، رقم هويتي الوطنية 1654642337.,قيد المعالجة,عالية
REQ-001589,2025-01-16,البوابة الإلكترونية,طلب دليل المستخدم الخاص بمنظومة الخدمات الإلكترونية.,معلق,متوسطة
REQ-001590,2025-06-05,الزيارة الميدانية,طلب نسخة من نظام الاستئناف المتاح للمستفيدين.,مغلق,متوسطة
REQ-001591,2025-11-16,تطبيق الجوال,طلب منح بطاقة ذوي الإعاقة لطفلي، رقم ولايتي 1859399246.,قيد المعالجة,منخفضة
REQ-001592,2025-05-31,مركز الاتصال,أرغب في الاستفسار عن ملفي الصحي، رقم السجل الطبي الخاص بي 1768572958.,مغلق,منخفضة
REQ-001593,2026-06-11,تطبيق الجوال,أرجو تحديث بياناتي الشخصية، هويتي 1456086923 وجوالي +966562093742.,قيد المعالجة,منخفضة
REQ-001594,2025-12-29,مركز الاتصال,أريد الاستعلام عن دعم الضمان الاجتماعي بناءً على وضعي المالي، جوالي +966546747361.,معلق,منخفضة
REQ-001595,2025-03-24,مركز الاتصال,أرجو تحديث بياناتي الشخصية، هويتي 1949747818 وجوالي +966527534106.,معلق,متوسطة
REQ-001596,2025-02-01,الزيارة الميدانية,طلب إنهاء إجراءات الحصول على معاش التقاعد المبكر، هويتي 1414575108.,منجز,عالية
REQ-001597,2025-06-13,الزيارة الميدانية,طلب إعفاء بسبب ظرف خاص ووضع مالي صعب، يمكن التواصل على +966571772692.,منجز,عالية
REQ-001598,2025-11-29,البوابة الإلكترونية,أستفسر عن كيفية اسـترداد دعم الإيجار، رقم هويتي الوطنية 1246737355.,معلق,منخفضة
REQ-001599,2025-01-01,الزيارة الميدانية,استفسار عن قنوات التواصل مع فريق الدعم الفني.,معلق,عالية
REQ-001600,2025-03-12,الزيارة الميدانية,شكوى ضد موظف مع إرفاق اسمي الكامل ورقم هويتي 1737646586.,معلق,متوسطة
REQ-001601,2025-03-05,الزيارة الميدانية,أستفسر عن كيفية اسـترداد دعم الإيجار، رقم هويتي الوطنية 1195713126.,معلق,متوسطة
REQ-001602,2026-04-14,تطبيق الجوال,تقديم طلب لاستثناء خاص نظراً لوجود مرض مزمن مثبت طبياً، جوالي +966564487373.,منجز,متوسطة
REQ-001603,2026-02-01,تطبيق الجوال,طلب تحديث رقم الجوال المسجل في الأنظمة.,مفتوح,منخفضة
REQ-001604,2025-02-25,مركز الاتصال,الاستعلام عن طلب دعم السكن المقدم منذ فترة، هويتي 1026843720.,منجز,منخفضة
REQ-001605,2026-04-18,تطبيق الجوال,أعاني من حالة صحية مزمنة وأطلب إعفاءً من الرسوم، رقم هويتي 1829587722.,مفتوح,متوسطة
REQ-001606,2026-01-20,البريد الإلكتروني,اقتراح تفعيل خاصية الإشعارات الفورية للمعاملات.,منجز,عالية
REQ-001607,2025-12-02,البريد الإلكتروني,أحتاج مساعدة في استرداد مبلغ مالي تم خصمه خطأً من حسابي SA6759506561028199176847.,معلق,منخفضة
REQ-001608,2025-09-01,البوابة الإلكترونية,استفسار عن موعد تجديد رخصة القيادة.,مفتوح,متوسطة
REQ-001609,2026-05-22,البريد الإلكتروني,طلب تقرير طبي يخص ابني القاصر لاستكمال المعاملة، هويتي 1774300758.,مغلق,منخفضة
REQ-001610,2026-04-03,الزيارة الميدانية,اقتراح إضافة خدمة الدفع الإلكتروني لتسهيل المعاملات.,مغلق,متوسطة
REQ-001611,2025-05-14,البريد الإلكتروني,استفسار عن خطوات الاعتراض على قرار إداري.,معلق,متوسطة
REQ-001612,2025-02-26,البوابة الإلكترونية,استفسار عن إمكانية تحديث بيانات التواصل بشكل إلكتروني.,مفتوح,منخفضة
REQ-001613,2025-09-23,تطبيق الجوال,استفسار عن خطوات الاعتراض على قرار إداري.,منجز,متوسطة
REQ-001614,2025-09-11,مركز الاتصال,أرغب في الاستفسار عن ملفي الصحي، رقم السجل الطبي الخاص بي 1612584951.,مغلق,منخفضة
REQ-001615,2025-06-03,مركز الاتصال,تقديم طلب لاستثناء خاص نظراً لوجود مرض مزمن مثبت طبياً، جوالي +966554148290.,مفتوح,منخفضة
REQ-001616,2025-06-08,البريد الإلكتروني,استفسار عن أوقات العمل الرسمية للفرع.,مغلق,عالية
REQ-001617,2025-10-18,مركز الاتصال,شكوى عن صعوبة التنقل بين صفحات الموقع الرسمي.,معلق,عالية
REQ-001618,2026-05-11,الزيارة الميدانية,استفسار عن قنوات التواصل مع فريق الدعم الفني.,منجز,منخفضة
REQ-001619,2025-12-06,البوابة الإلكترونية,استفسار عن الخدمات الرقمية المتاحة على التطبيق الرسمي.,مغلق,متوسطة
REQ-001620,2025-03-20,البوابة الإلكترونية,طلب توضيح حول رسوم الخدمة المعلنة.,معلق,منخفضة
REQ-001621,2026-04-10,تطبيق الجوال,أرجو تحديث بياناتي الشخصية، هويتي 1925656462 وجوالي +966564371083.,مفتوح,متوسطة
REQ-001622,2026-04-20,مركز الاتصال,اقتراح تفعيل خاصية الإشعارات الفورية للمعاملات.,قيد المعالجة,متوسطة
REQ-001623,2025-07-28,البريد الإلكتروني,اقتراح بتحسين تجربة الموقع الإلكتروني.,مغلق,متوسطة
REQ-001624,2025-08-26,مركز الاتصال,استفسار عن خطوات الاعتراض على قرار إداري.,مفتوح,عالية
REQ-001625,2025-11-09,البريد الإلكتروني,طلب تصحيح بيانات الاستقطاعات من الراتب الأساسي SA1314729330965039144937.,مفتوح,متوسطة
REQ-001626,2026-03-27,البريد الإلكتروني,أواجه ضائقة مالية ولا أستطيع سداد المخالفة، حسابي البنكي SA6064709068833875129834.,مغلق,متوسطة
REQ-001627,2025-05-17,مركز الاتصال,أريد الاستعلام عن دعم الضمان الاجتماعي بناءً على وضعي المالي، جوالي +966523036708.,معلق,منخفضة
REQ-001628,2025-10-12,تطبيق الجوال,طلب نسخة من نظام الاستئناف المتاح للمستفيدين.,مفتوح,منخفضة
REQ-001629,2026-04-06,البريد الإلكتروني,استفسار عن الخدمات الرقمية المتاحة على التطبيق الرسمي.,قيد المعالجة,متوسطة
REQ-001630,2025-10-12,الزيارة الميدانية,اقتراح إضافة خدمة الدفع الإلكتروني لتسهيل المعاملات.,معلق,عالية
REQ-001631,2025-09-05,مركز الاتصال,طلب توضيح حول رسوم الخدمة المعلنة.,منجز,منخفضة
REQ-001632,2025-08-20,الزيارة الميدانية,طلب منح بطاقة ذوي الإعاقة لطفلي، رقم ولايتي 1617591571.,مغلق,متوسطة
REQ-001633,2026-06-10,البوابة الإلكترونية,سؤال عن كيفية متابعة حالة الطلب المقدم عبر البوابة.,مفتوح,منخفضة
REQ-001634,2025-07-15,البريد الإلكتروني,أرغب في الاستفسار عن ملفي الصحي، رقم السجل الطبي الخاص بي 1194449672.,مغلق,منخفضة
REQ-001635,2025-01-22,مركز الاتصال,استفسار عن الخدمات الرقمية المتاحة على التطبيق الرسمي.,منجز,متوسطة
REQ-001636,2025-04-19,البوابة الإلكترونية,طلب تقرير طبي يخص ابني القاصر لاستكمال المعاملة، هويتي 1610313346.,معلق,منخفضة
REQ-001637,2026-03-05,البوابة الإلكترونية,تقديم شكوى بسبب تسريب بياناتي الشخصية من قِبل أحد الموظفين، هويتي 1212008989.,قيد المعالجة,منخفضة
REQ-001638,2025-02-22,تطبيق الجوال,اقتراح تفعيل خاصية الإشعارات الفورية للمعاملات.,Pending,منخفضة
REQ-001639,2025-09-19,مركز الاتصال,طلب دليل المستخدم الخاص بمنظومة الخدمات الإلكترونية.,مفتوح,متوسطة
REQ-001640,2024-12-23,الزيارة الميدانية,أعاني من حالة صحية مزمنة وأطلب إعفاءً من الرسوم، رقم هويتي 1104350374.,قيد المعالجة,منخفضة
REQ-001641,2026-02-09,مركز الاتصال,استفسار عن أوقات العمل الرسمية للفرع.,منجز,عالية
REQ-001642,2026-01-17,الزيارة الميدانية,أرجو تحديث بياناتي الشخصية، هويتي 1673762298 وجوالي +966530682996.,مفتوح,متوسطة
REQ-001643,2025-11-27,الزيارة الميدانية,أرجو تحديث بياناتي الشخصية، هويتي 1053494207 وجوالي +966513282695.,مغلق,متوسطة
REQ-001644,2026-06-08,البوابة الإلكترونية,اقتراح تفعيل خاصية الإشعارات الفورية للمعاملات.,قيد المعالجة,عالية
REQ-001645,2026-03-13,تطبيق الجوال,أستفسر عن كيفية اسـترداد دعم الإيجار، رقم هويتي الوطنية 1675618209.,معلق,عالية
REQ-001646,2025-04-10,الزيارة الميدانية,أرغب في الاستفسار عن ملفي الصحي، رقم السجل الطبي الخاص بي 1773412919.,مفتوح,متوسطة
REQ-001647,2025-11-21,الزيارة الميدانية,طلب إنهاء إجراءات الحصول على معاش التقاعد المبكر، هويتي 1196516973.,معلق,عالية
REQ-001648,2026-05-26,تطبيق الجوال,استفسار عن خطوات الاعتراض على قرار إداري.,معلق,متوسطة
REQ-001649,2025-06-04,البريد الإلكتروني,طلب نموذج تفويض موقع لإنجاز المعاملات نيابةً.,معلق,متوسطة
REQ-001650,2025-07-29,البوابة الإلكترونية,الاستعلام عن طلب دعم السكن المقدم منذ فترة، هويتي 1242482063.,مغلق,منخفضة
REQ-001651,2025-08-22,مركز الاتصال,شكوى بخصوص فاتورة خاطئة تجاوزت راتبي الشهري، رقم الحساب SA7893873043837256130974.,منجز,متوسطة
REQ-001652,2025-04-16,مركز الاتصال,اقتراح إضافة خدمة الدفع الإلكتروني لتسهيل المعاملات.,مغلق,منخفضة
REQ-001653,2026-03-21,البريد الإلكتروني,شكوى عن صعوبة التنقل بين صفحات الموقع الرسمي.,قيد المعالجة,متوسطة
REQ-001654,2025-02-13,مركز الاتصال,شكوى عن صعوبة التنقل بين صفحات الموقع الرسمي.,منجز,متوسطة
REQ-001655,2025-03-02,البريد الإلكتروني,طلب صرف تعويض بسبب حادثة عمل ولديّ تقرير طبي، يمكن مراسلتي على +966511975581.,مغلق,عالية
REQ-001656,2025-12-15,مركز الاتصال,استفسار عن أوقات العمل الرسمية للفرع.,قيد المعالجة,منخفضة
REQ-001657,2026-06-20,الزيارة الميدانية,طلب الحصول على شهادة من الجهة تثبت تسجيل المنشأة.,قيد المعالجة,عالية
REQ-001658,2025-05-24,مركز الاتصال,أرجو تحديث بياناتي الشخصية، هويتي 1118474384 وجوالي +966513194881.,مغلق,متوسطة
REQ-001659,2025-07-15,البريد الإلكتروني,طلب الحصول على شهادة من الجهة تثبت تسجيل المنشأة.,قيد المعالجة,عالية
REQ-001660,2025-05-12,مركز الاتصال,أستفسر عن كيفية اسـترداد دعم الإيجار، رقم هويتي الوطنية 1367388368.,مفتوح,عالية
REQ-001661,2025-07-13,الزيارة الميدانية,طلب توضيح حول رسوم الخدمة المعلنة.,مغلق,عالية
REQ-001662,2026-01-19,البريد الإلكتروني,استفسار عن الخدمات الرقمية المتاحة على التطبيق الرسمي.,منجز,عالية
REQ-001663,2026-05-01,مركز الاتصال,طلب إعفاء بسبب ظرف خاص ووضع مالي صعب، يمكن التواصل على +966555233637.,منجز,عالية
REQ-001664,2025-09-30,البريد الإلكتروني,أستفسر عن كيفية اسـترداد دعم الإيجار، رقم هويتي الوطنية 1403876897.,قيد المعالجة,متوسطة
REQ-001665,2025-09-29,الزيارة الميدانية,استفسار عن الخدمات الرقمية المتاحة على التطبيق الرسمي.,منجز,منخفضة
REQ-001666,2025-06-15,مركز الاتصال,طلب إعفاء بسبب ظرف خاص ووضع مالي صعب، يمكن التواصل على +966560319152.,معلق,متوسطة
REQ-001667,2025-10-03,مركز الاتصال,استفسار عن الوثائق المطلوبة لاستخراج وثيقة رسمية.,منجز,متوسطة
REQ-001668,2026-02-03,الزيارة الميدانية,طلب الحصول على شهادة من الجهة تثبت تسجيل المنشأة.,منجز,متوسطة
REQ-001669,2025-11-13,تطبيق الجوال,طلب معلومات عن الخدمات المتاحة للمقيمين.,معلق,منخفضة
REQ-001670,2026-03-26,البريد الإلكتروني,طلب إرشادات للتسجيل في بوابة الخدمات الحكومية.,مفتوح,منخفضة
REQ-001671,2026-03-29,تطبيق الجوال,سؤال عن خطوات حجز موعد في الفرع.,منجز,عالية
REQ-001672,2025-08-11,مركز الاتصال,شكوى عن بطء الخدمة الإلكترونية في الموقع الرسمي.,قيد المعالجة,عالية
REQ-001673,2026-01-15,الزيارة الميدانية,طلب تعديل بيانات الراتب في السجل بسبب خطأ محاسبي، هويتي 1222578419.,مغلق,عالية
REQ-001674,2026-02-04,تطبيق الجوال,طلب إنهاء إجراءات الحصول على معاش التقاعد المبكر، هويتي 1608163448.,معلق,منخفضة
REQ-001675,2026-02-10,مركز الاتصال,,مغلق,عالية
REQ-001676,2025-11-25,تطبيق الجوال,طلب تعديل بيانات الراتب في السجل بسبب خطأ محاسبي، هويتي 1425514559.,معلق,متوسطة
REQ-001677,2025-03-07,الزيارة الميدانية,سؤال عن مدة معالجة طلبات إصدار الشهادات.,مفتوح,متوسطة
REQ-001678,2025-01-14,تطبيق الجوال,سؤال عن خطوات حجز موعد في الفرع.,مفتوح,منخفضة
REQ-001679,2025-05-12,البريد الإلكتروني,أعاني من حالة صحية مزمنة وأطلب إعفاءً من الرسوم، رقم هويتي 1515884821.,مغلق,متوسطة
REQ-001680,2025-10-08,البريد الإلكتروني,شكوى بخصوص فاتورة خاطئة تجاوزت راتبي الشهري، رقم الحساب SA5668315559574429464648.,مغلق,منخفضة
REQ-001681,2025-04-04,البريد الإلكتروني,طلب صرف تعويض بسبب حادثة عمل ولديّ تقرير طبي، يمكن مراسلتي على +966506085843.,قيد المعالجة,عالية
REQ-001682,2026-06-01,الزيارة الميدانية,استفسار عن الوثائق المطلوبة لاستخراج وثيقة رسمية.,منجز,متوسطة
REQ-001683,2026-02-06,الزيارة الميدانية,استفسار عن الخدمات الرقمية المتاحة على التطبيق الرسمي.,مفتوح,عالية
REQ-001684,2025-06-30,البريد الإلكتروني,أريد الاستعلام عن دعم الضمان الاجتماعي بناءً على وضعي المالي، جوالي +966523308029.,قيد المعالجة,متوسطة
REQ-001685,2025-07-09,البريد الإلكتروني,طلب تحديث رقم الجوال المسجل في الأنظمة.,منجز,متوسطة
REQ-001686,2025-09-27,تطبيق الجوال,طلب توضيح حول رسوم الخدمة المعلنة.,قيد المعالجة,عالية
REQ-001687,2024-12-20,مركز الاتصال,تقديم شكوى بسبب تسريب بياناتي الشخصية من قِبل أحد الموظفين، هويتي 1264680883.,مغلق,متوسطة
REQ-001688,2026-06-20,مركز الاتصال,أرجو تحديث بياناتي الشخصية، هويتي 1473217220 وجوالي +966507085247.,قيد المعالجة,متوسطة
REQ-001689,2026-04-27,الزيارة الميدانية,الاستعلام عن طلب دعم السكن المقدم منذ فترة، هويتي 1098230384.,منجز,عالية
REQ-001690,2025-12-09,مركز الاتصال,تقديم شكوى بسبب تسريب بياناتي الشخصية من قِبل أحد الموظفين، هويتي 1419431935.,منجز,منخفضة
REQ-001691,2025-08-22,الزيارة الميدانية,الاستعلام عن طلب دعم السكن المقدم منذ فترة، هويتي 1888515093.,قيد المعالجة,متوسطة
REQ-001692,2025-06-02,البوابة الإلكترونية,طلب تقرير طبي يخص ابني القاصر لاستكمال المعاملة، هويتي 1673759526.,معلق,عالية
REQ-001693,2025-12-30,البوابة الإلكترونية,اقتراح بتحسين تجربة الموقع الإلكتروني.,مفتوح,متوسطة
REQ-001694,2026-06-06,مركز الاتصال,تقديم طلب لاستثناء خاص نظراً لوجود مرض مزمن مثبت طبياً، جوالي +966565278901.,مفتوح,متوسطة
REQ-001695,2026-03-01,الزيارة الميدانية,الرجاء مراجعة ملف طعني لأنني معاق ويصعب عليّ الحضور الشخصي، هويتي 1731191068.,قيد المعالجة,منخفضة
REQ-001696,2025-05-10,الزيارة الميدانية,استفسار عن خطوات الاعتراض على قرار إداري.,قيد المعالجة,عالية
REQ-001697,2026-02-27,مركز الاتصال,أريد الاستعلام عن دعم الضمان الاجتماعي بناءً على وضعي المالي، جوالي +966585514487.,مفتوح,منخفضة
REQ-001698,2025-07-14,الزيارة الميدانية,طلب دليل المستخدم الخاص بمنظومة الخدمات الإلكترونية.,منجز,متوسطة
REQ-001699,2025-09-28,الزيارة الميدانية,استفسار عن قنوات التواصل مع فريق الدعم الفني.,مغلق,متوسطة
REQ-001700,2025-05-16,البريد الإلكتروني,طلب منح بطاقة ذوي الإعاقة لطفلي، رقم ولايتي 1001740131.,قيد المعالجة,عالية
REQ-001701,2025-03-11,البريد الإلكتروني,طلب معرفة الإجراءات اللازمة لتجديد الترخيص التجاري.,معلق,عالية
REQ-001702,2025-09-18,البوابة الإلكترونية,أواجه ضائقة مالية ولا أستطيع سداد المخالفة، حسابي البنكي SA8372693757298083325060.,مفتوح,عالية
REQ-001703,2026-06-04,مركز الاتصال,أواجه ضائقة مالية ولا أستطيع سداد المخالفة، حسابي البنكي SA1644036605200358662433.,معلق,عالية
REQ-001704,2025-05-24,البريد الإلكتروني,أواجه ضائقة مالية ولا أستطيع سداد المخالفة، حسابي البنكي SA5184780005304545745312.,مفتوح,متوسطة
REQ-001705,2026-01-21,تطبيق الجوال,طلب نسخة من نظام الاستئناف المتاح للمستفيدين.,منجز,منخفضة
REQ-001706,2025-10-17,الزيارة الميدانية,طلب إعفاء بسبب ظرف خاص ووضع مالي صعب، يمكن التواصل على +966573545727.,مغلق,متوسطة
REQ-001707,2025-10-07,مركز الاتصال,طلب نسخة إلكترونية من شهادة إتمام معاملة.,قيد المعالجة,منخفضة
REQ-001708,2025-01-31,تطبيق الجوال,استفسار عن إمكانية تحديث بيانات التواصل بشكل إلكتروني.,مغلق,متوسطة
REQ-001709,2025-03-29,تطبيق الجوال,شكوى عن صعوبة التنقل بين صفحات الموقع الرسمي.,منجز,عالية
REQ-001710,2025-03-17,البوابة الإلكترونية,أعاني من حالة صحية مزمنة وأطلب إعفاءً من الرسوم، رقم هويتي 1914325681.,مغلق,عالية
REQ-001711,2026-04-26,الزيارة الميدانية,طلب توضيح حول رسوم الخدمة المعلنة.,قيد المعالجة,منخفضة
REQ-001712,2025-04-04,تطبيق الجوال,سؤال عن كيفية متابعة حالة الطلب المقدم عبر البوابة.,معلق,متوسطة
REQ-001713,2025-03-06,مركز الاتصال,استفسار عن الخدمات الرقمية المتاحة على التطبيق الرسمي.,مغلق,منخفضة
REQ-001714,2025-02-24,البريد الإلكتروني,طلب تقرير طبي يخص ابني القاصر لاستكمال المعاملة، هويتي 1680130364.,منجز,متوسطة
REQ-001715,2025-07-19,الزيارة الميدانية,طلب تقرير طبي يخص ابني القاصر لاستكمال المعاملة، هويتي 1948318041.,قيد المعالجة,متوسطة
REQ-001716,2026-01-16,البوابة الإلكترونية,اقتراح بتحسين تجربة الموقع الإلكتروني.,معلق,متوسطة
REQ-001717,2025-12-07,تطبيق الجوال,طلب معرفة الإجراءات اللازمة لتجديد الترخيص التجاري.,منجز,متوسطة
REQ-001718,2025-05-09,الزيارة الميدانية,طلب تعديل بيانات الراتب في السجل بسبب خطأ محاسبي، هويتي 1860743754.,قيد المعالجة,متوسطة
REQ-001719,2025-04-29,الزيارة الميدانية,أستفسر عن كيفية اسـترداد دعم الإيجار، رقم هويتي الوطنية 1837911112.,معلق,عالية
REQ-001720,2025-02-04,البريد الإلكتروني,تقديم شكوى بسبب تسريب بياناتي الشخصية من قِبل أحد الموظفين، هويتي 1242762456.,منجز,منخفضة
REQ-001721,2026-02-27,البوابة الإلكترونية,الاستعلام عن طلب دعم السكن المقدم منذ فترة، هويتي 1780405658.,قيد المعالجة,متوسطة
REQ-001722,2025-10-30,تطبيق الجوال,أحتاج مساعدة في استرداد مبلغ مالي تم خصمه خطأً من حسابي SA8582096306405999918158.,منجز,متوسطة
REQ-001723,2025-04-22,مركز الاتصال,طلب نسخة من نظام الاستئناف المتاح للمستفيدين.,منجز,متوسطة
REQ-001724,2025-10-13,تطبيق الجوال,طلب الحصول على شهادة من الجهة تثبت تسجيل المنشأة.,قيد المعالجة,عالية
REQ-001725,2026-06-14,الزيارة الميدانية,طلب نسخة إلكترونية من شهادة إتمام معاملة.,قيد المعالجة,متوسطة
REQ-001726,2025-03-18,البريد الإلكتروني,طلب نسخة إلكترونية من شهادة إتمام معاملة.,مغلق,عالية
REQ-001727,2025-11-17,الزيارة الميدانية,طلب إرشادات للتسجيل في بوابة الخدمات الحكومية.,مغلق,منخفضة
REQ-001728,2025-01-19,البوابة الإلكترونية,تقديم طلب لاستثناء خاص نظراً لوجود مرض مزمن مثبت طبياً، جوالي +966547640294.,قيد المعالجة,منخفضة
REQ-001729,2025-02-02,تطبيق الجوال,أواجه ضائقة مالية ولا أستطيع سداد المخالفة، حسابي البنكي SA5024459228494024289279.,منجز,متوسطة
REQ-001730,2025-04-18,تطبيق الجوال,طلب إنهاء إجراءات الحصول على معاش التقاعد المبكر، هويتي 1407092020.,معلق,منخفضة
REQ-001731,2025-04-03,تطبيق الجوال,الاستعلام عن طلب دعم السكن المقدم منذ فترة، هويتي 1424276713.,مفتوح,متوسطة
REQ-001732,2025-11-17,الزيارة الميدانية,استفسار عن خطوات الاعتراض على قرار إداري.,قيد المعالجة,متوسطة
REQ-001733,2026-05-25,البوابة الإلكترونية,طلب إعفاء بسبب ظرف خاص ووضع مالي صعب، يمكن التواصل على +966583370900.,مغلق,منخفضة
REQ-001734,2025-03-16,الزيارة الميدانية,طلب منح بطاقة ذوي الإعاقة لطفلي، رقم ولايتي 1817806498.,منجز,منخفضة
REQ-001735,2025-08-19,البوابة الإلكترونية,أواجه ضائقة مالية ولا أستطيع سداد المخالفة، حسابي البنكي SA2986630719111308072463.,قيد المعالجة,منخفضة
REQ-001736,2025-11-14,البوابة الإلكترونية,أرجو تحديث بياناتي الشخصية، هويتي 1883624627 وجوالي +966523011112.,مغلق,متوسطة
REQ-001737,2024-12-25,الزيارة الميدانية,سؤال عن كيفية متابعة حالة الطلب المقدم عبر البوابة.,قيد المعالجة,عالية
REQ-001738,2026-04-20,الزيارة الميدانية,شكوى عن بطء الخدمة الإلكترونية في الموقع الرسمي.,مفتوح,عالية
REQ-001739,2025-09-02,مركز الاتصال,اقتراح بتحسين تجربة الموقع الإلكتروني.,معلق,منخفضة
REQ-001740,2025-12-17,البريد الإلكتروني,اقتراح بتحسين تجربة الموقع الإلكتروني.,مغلق,منخفضة
REQ-001741,2026-04-30,الزيارة الميدانية,استفسار عن الوثائق المطلوبة لاستخراج وثيقة رسمية.,معلق,منخفضة
REQ-001742,2025-04-19,مركز الاتصال,استفسار عن أوقات العمل الرسمية للفرع.,منجز,متوسطة
REQ-001743,2025-09-26,البوابة الإلكترونية,أريد الاستعلام عن دعم الضمان الاجتماعي بناءً على وضعي المالي، جوالي +966544623203.,قيد المعالجة,عالية
REQ-001744,2026-06-19,الزيارة الميدانية,أعاني من حالة صحية مزمنة وأطلب إعفاءً من الرسوم، رقم هويتي 1853436705.,مفتوح,متوسطة
REQ-001745,2025-02-15,البريد الإلكتروني,سؤال عن خطوات حجز موعد في الفرع.,منجز,عالية
REQ-001746,2025-11-03,تطبيق الجوال,أعاني من حالة صحية مزمنة وأطلب إعفاءً من الرسوم، رقم هويتي 1854555925.,مفتوح,عالية
REQ-001747,2025-07-24,البريد الإلكتروني,استفسار عن الخدمات الرقمية المتاحة على التطبيق الرسمي.,معلق,متوسطة
REQ-001748,2026-02-17,تطبيق الجوال,أحتاج مساعدة في استرداد مبلغ مالي تم خصمه خطأً من حسابي SA7269102734386708995816.,مغلق,متوسطة
REQ-001749,2026-01-13,البريد الإلكتروني,طلب نسخة إلكترونية من شهادة إتمام معاملة.,مغلق,متوسطة
REQ-001750,2026-06-14,الزيارة الميدانية,أحتاج مساعدة في استرداد مبلغ مالي تم خصمه خطأً من حسابي SA3518889038060906501259.,مغلق,عالية
REQ-001751,2025-07-07,تطبيق الجوال,شكوى عن بطء الخدمة الإلكترونية في الموقع الرسمي.,مفتوح,متوسطة
REQ-001752,2025-09-30,مركز الاتصال,طلب نموذج تفويض موقع لإنجاز المعاملات نيابةً.,مفتوح,عالية
REQ-001753,2024-12-20,مركز الاتصال,أرغب في الاستفسار عن ملفي الصحي، رقم السجل الطبي الخاص بي 1650203373.,مفتوح,متوسطة
REQ-001754,2025-02-11,البوابة الإلكترونية,طلب تعديل بيانات الراتب في السجل بسبب خطأ محاسبي، هويتي 1021818099.,منجز,متوسطة
REQ-001755,2025-09-02,تطبيق الجوال,أواجه ضائقة مالية ولا أستطيع سداد المخالفة، حسابي البنكي SA8190930638527017550910.,مفتوح,عالية
REQ-001756,2026-03-05,البوابة الإلكترونية,تقديم طلب لاستثناء خاص نظراً لوجود مرض مزمن مثبت طبياً، جوالي +966530671144.,قيد المعالجة,منخفضة
REQ-001757,2025-04-19,البوابة الإلكترونية,شكوى بخصوص فاتورة خاطئة تجاوزت راتبي الشهري، رقم الحساب SA2524345242619427913796.,منجز,متوسطة
REQ-001758,2025-07-13,الزيارة الميدانية,تقديم شكوى بسبب تسريب بياناتي الشخصية من قِبل أحد الموظفين، هويتي 1370858886.,قيد المعالجة,عالية
REQ-001759,2026-03-11,البريد الإلكتروني,أحتاج مساعدة في استرداد مبلغ مالي تم خصمه خطأً من حسابي SA7309411040904569365352.,منجز,منخفضة
REQ-001760,2025-03-18,مركز الاتصال,طلب إرشادات للتسجيل في بوابة الخدمات الحكومية.,مغلق,منخفضة
REQ-001761,2026-05-28,مركز الاتصال,استفسار عن موعد تجديد رخصة القيادة.,قيد المعالجة,منخفضة
REQ-001762,2026-02-28,مركز الاتصال,أواجه ضائقة مالية ولا أستطيع سداد المخالفة، حسابي البنكي SA2257741299029747487764.,قيد المعالجة,منخفضة
REQ-001763,2025-10-15,تطبيق الجوال,طلب منح بطاقة ذوي الإعاقة لطفلي، رقم ولايتي 1945725966.,قيد المعالجة,متوسطة
REQ-001764,2026-06-16,تطبيق الجوال,طلب إرشادات للتسجيل في بوابة الخدمات الحكومية.,مغلق,منخفضة
REQ-001765,2025-09-09,تطبيق الجوال,طلب معرفة الإجراءات اللازمة لتجديد الترخيص التجاري.,معلق,منخفضة
REQ-001766,2025-07-20,مركز الاتصال,اقتراح إضافة خدمة الدفع الإلكتروني لتسهيل المعاملات.,معلق,منخفضة
REQ-001767,2025-04-14,البريد الإلكتروني,الاستعلام عن طلب دعم السكن المقدم منذ فترة، هويتي 1912170071.,مغلق,متوسطة
REQ-001768,2025-08-13,تطبيق الجوال,أريد الاستعلام عن دعم الضمان الاجتماعي بناءً على وضعي المالي، جوالي +966576816932.,منجز,عالية
REQ-001769,2024-12-30,مركز الاتصال,استفسار عن الوثائق المطلوبة لاستخراج وثيقة رسمية.,مفتوح,عالية
REQ-001770,2025-06-08,البريد الإلكتروني,استفسار عن خطوات الاعتراض على قرار إداري.,معلق,منخفضة
REQ-001771,2025-12-24,البوابة الإلكترونية,تقديم طلب لاستثناء خاص نظراً لوجود مرض مزمن مثبت طبياً، جوالي +966511024800.,مغلق,متوسطة
REQ-001772,2025-10-30,البريد الإلكتروني,طلب تعديل بيانات الراتب في السجل بسبب خطأ محاسبي، هويتي 1677410944.,معلق,منخفضة
REQ-001773,2026-03-24,تطبيق الجوال,سؤال عن كيفية متابعة حالة الطلب المقدم عبر البوابة.,منجز,منخفضة
REQ-001774,2026-05-07,البريد الإلكتروني,طلب توضيح حول رسوم الخدمة المعلنة.,منجز,منخفضة
REQ-001775,2024-12-21,تطبيق الجوال,طلب صرف تعويض بسبب حادثة عمل ولديّ تقرير طبي، يمكن مراسلتي على +966530385461.,معلق,منخفضة
REQ-001776,2025-04-18,تطبيق الجوال,شكوى عن بطء الخدمة الإلكترونية في الموقع الرسمي.,قيد المعالجة,منخفضة
REQ-001777,2024-12-31,مركز الاتصال,طلب تحديث رقم الجوال المسجل في الأنظمة.,معلق,متوسطة
REQ-001778,2025-06-23,البريد الإلكتروني,شكوى عن صعوبة التنقل بين صفحات الموقع الرسمي.,معلق,عالية
REQ-001779,2025-05-03,تطبيق الجوال,استفسار عن موعد تجديد رخصة القيادة.,منجز,متوسطة
REQ-001780,2026-01-14,البريد الإلكتروني,طلب نسخة إلكترونية من شهادة إتمام معاملة.,مغلق,منخفضة
REQ-001781,2026-03-10,البوابة الإلكترونية,استفسار عن موعد تجديد رخصة القيادة.,قيد المعالجة,منخفضة
REQ-001782,2026-01-05,مركز الاتصال,طلب منح بطاقة ذوي الإعاقة لطفلي، رقم ولايتي 1614338711.,مفتوح,منخفضة
REQ-001783,2026-06-09,مركز الاتصال,سؤال عن خطوات حجز موعد في الفرع.,مغلق,متوسطة
REQ-001784,2026-01-04,البوابة الإلكترونية,أرغب في الاستفسار عن ملفي الصحي، رقم السجل الطبي الخاص بي 1335439970.,مفتوح,متوسطة
REQ-001785,2024-12-26,البوابة الإلكترونية,شكوى ضد موظف مع إرفاق اسمي الكامل ورقم هويتي 1364558823.,منجز,متوسطة
REQ-001786,2025-03-14,مركز الاتصال,أستفسر عن كيفية اسـترداد دعم الإيجار، رقم هويتي الوطنية 1802361152.,مفتوح,متوسطة
REQ-001787,2025-09-16,مركز الاتصال,طلب دليل المستخدم الخاص بمنظومة الخدمات الإلكترونية.,مغلق,منخفضة
REQ-001788,2025-04-28,البريد الإلكتروني,استفسار عن إمكانية تحديث بيانات التواصل بشكل إلكتروني.,معلق,عالية
REQ-001789,2025-03-17,البريد الإلكتروني,استفسار عن خطوات الاعتراض على قرار إداري.,مغلق,عالية
REQ-001790,2025-04-11,الزيارة الميدانية,شكوى بخصوص فاتورة خاطئة تجاوزت راتبي الشهري، رقم الحساب SA6586736053556949877664.,مفتوح,منخفضة
REQ-001791,2025-09-29,تطبيق الجوال,سؤال عن كيفية متابعة حالة الطلب المقدم عبر البوابة.,مفتوح,عالية
REQ-001792,2026-05-11,البريد الإلكتروني,طلب تقرير طبي يخص ابني القاصر لاستكمال المعاملة، هويتي 1976187938.,منجز,منخفضة
REQ-001793,2026-05-05,البوابة الإلكترونية,طلب نموذج تفويض موقع لإنجاز المعاملات نيابةً.,قيد المعالجة,عالية
REQ-001794,2025-12-30,البريد الإلكتروني,شكوى عن بطء الخدمة الإلكترونية في الموقع الرسمي.,مغلق,متوسطة
REQ-001795,2026-02-11,البوابة الإلكترونية,أرجو تحديث بياناتي الشخصية، هويتي 1536050758 وجوالي +966509754851.,مغلق,عالية
REQ-001796,2025-05-10,البوابة الإلكترونية,اقتراح بتحسين تجربة الموقع الإلكتروني.,معلق,منخفضة
REQ-001797,2025-02-27,تطبيق الجوال,استفسار عن الخدمات الرقمية المتاحة على التطبيق الرسمي.,منجز,عالية
REQ-001798,2026-03-02,البريد الإلكتروني,أحتاج مساعدة في استرداد مبلغ مالي تم خصمه خطأً من حسابي SA3474448068174439045937.,معلق,متوسطة
REQ-001799,2026-03-30,مركز الاتصال,طلب إنهاء إجراءات الحصول على معاش التقاعد المبكر، هويتي 1240625192.,منجز,متوسطة
REQ-001800,2025-02-18,مركز الاتصال,طلب تصحيح بيانات الاستقطاعات من الراتب الأساسي SA0669613420027159208146.,مفتوح,متوسطة
REQ-001801,2026-06-06,تطبيق الجوال,استفسار عن الوثائق المطلوبة لاستخراج وثيقة رسمية.,معلق,منخفضة
REQ-001802,2025-10-16,مركز الاتصال,طلب نموذج تفويض موقع لإنجاز المعاملات نيابةً.,منجز,منخفضة
REQ-001803,2025-06-24,البوابة الإلكترونية,طلب معلومات عن الخدمات المتاحة للمقيمين.,معلق,متوسطة
REQ-001804,2025-12-31,البريد الإلكتروني,طلب إنهاء إجراءات الحصول على معاش التقاعد المبكر، هويتي 1647225901.,مفتوح,منخفضة
REQ-001805,2026-03-14,مركز الاتصال,استفسار عن الخدمات الرقمية المتاحة على التطبيق الرسمي.,مغلق,متوسطة
REQ-001806,2025-04-20,تطبيق الجوال,اقتراح تفعيل خاصية الإشعارات الفورية للمعاملات.,مغلق,منخفضة
REQ-001807,2025-07-22,الزيارة الميدانية,طلب تقرير طبي يخص ابني القاصر لاستكمال المعاملة، هويتي 1809570490.,مفتوح,متوسطة
REQ-001808,2025-03-13,البريد الإلكتروني,استفسار عن أوقات العمل الرسمية للفرع.,منجز,عالية
REQ-001809,2026-03-24,تطبيق الجوال,اقتراح إضافة خدمة الدفع الإلكتروني لتسهيل المعاملات.,معلق,عالية
REQ-001810,2026-01-19,الزيارة الميدانية,طلب إنهاء إجراءات الحصول على معاش التقاعد المبكر، هويتي 1933289769.,قيد المعالجة,متوسطة
REQ-001811,2025-01-01,البوابة الإلكترونية,طلب دليل المستخدم الخاص بمنظومة الخدمات الإلكترونية.,مغلق,متوسطة
REQ-001812,2025-04-28,تطبيق الجوال,استفسار عن الخدمات الرقمية المتاحة على التطبيق الرسمي.,قيد المعالجة,متوسطة
REQ-001813,2025-09-24,تطبيق الجوال,استفسار عن أوقات العمل الرسمية للفرع.,قيد المعالجة,عالية
REQ-001814,2025-07-04,البوابة الإلكترونية,شكوى بخصوص فاتورة خاطئة تجاوزت راتبي الشهري، رقم الحساب SA4156009866891161928792.,مفتوح,متوسطة
REQ-001815,2025-06-11,تطبيق الجوال,شكوى عن بطء الخدمة الإلكترونية في الموقع الرسمي.,منجز,عالية
REQ-001816,2025-09-15,مركز الاتصال,شكوى ضد موظف مع إرفاق اسمي الكامل ورقم هويتي 1458298435.,قيد المعالجة,متوسطة
REQ-001817,2026-01-19,البوابة الإلكترونية,طلب الحصول على شهادة من الجهة تثبت تسجيل المنشأة.,معلق,متوسطة
REQ-001818,2025-07-16,مركز الاتصال,شكوى بخصوص فاتورة خاطئة تجاوزت راتبي الشهري، رقم الحساب SA8001195935468300095848.,مفتوح,منخفضة
REQ-001819,2025-03-12,الزيارة الميدانية,استفسار عن خطوات الاعتراض على قرار إداري.,منجز,عالية
REQ-001820,2025-08-26,البوابة الإلكترونية,الرجاء مراجعة ملف طعني لأنني معاق ويصعب عليّ الحضور الشخصي، هويتي 1088314727.,مغلق,منخفضة
REQ-001821,2025-02-26,البريد الإلكتروني,استفسار عن قنوات التواصل مع فريق الدعم الفني.,مغلق,متوسطة
REQ-001822,2026-04-10,البوابة الإلكترونية,طلب معرفة الإجراءات اللازمة لتجديد الترخيص التجاري.,قيد المعالجة,عالية
REQ-001823,2025-05-14,مركز الاتصال,سؤال عن كيفية متابعة حالة الطلب المقدم عبر البوابة.,مفتوح,متوسطة
REQ-001824,2026-06-15,تطبيق الجوال,أرجو تحديث بياناتي الشخصية، هويتي 1664377023 وجوالي +966549578885.,مفتوح,منخفضة
REQ-001825,2025-01-29,الزيارة الميدانية,اقتراح بتحسين تجربة الموقع الإلكتروني.,قيد المعالجة,متوسطة
REQ-001826,2026-01-12,البوابة الإلكترونية,شكوى عن صعوبة التنقل بين صفحات الموقع الرسمي.,معلق,عالية
REQ-001827,2025-07-30,البريد الإلكتروني,طلب معلومات عن الخدمات المتاحة للمقيمين.,منجز,منخفضة
REQ-001828,2026-04-16,تطبيق الجوال,طلب تقرير طبي يخص ابني القاصر لاستكمال المعاملة، هويتي 1776942854.,مغلق,متوسطة
REQ-001829,2026-01-04,البريد الإلكتروني,طلب منح بطاقة ذوي الإعاقة لطفلي، رقم ولايتي 1599327184.,قيد المعالجة,متوسطة
REQ-001830,2025-03-11,البريد الإلكتروني,سؤال عن مدة معالجة طلبات إصدار الشهادات.,قيد المعالجة,متوسطة
REQ-001831,2025-01-18,الزيارة الميدانية,طلب صرف تعويض بسبب حادثة عمل ولديّ تقرير طبي، يمكن مراسلتي على +966583084096.,مفتوح,متوسطة
REQ-001832,2025-02-18,البوابة الإلكترونية,طلب صرف تعويض بسبب حادثة عمل ولديّ تقرير طبي، يمكن مراسلتي على +966508088422.,قيد المعالجة,متوسطة
REQ-001833,2026-02-06,البوابة الإلكترونية,الرجاء مراجعة ملف طعني لأنني معاق ويصعب عليّ الحضور الشخصي، هويتي 1807649569.,مفتوح,عالية
REQ-001834,2026-04-24,تطبيق الجوال,أستفسر عن كيفية اسـترداد دعم الإيجار، رقم هويتي الوطنية 1550645335.,مفتوح,منخفضة
REQ-001835,2025-10-22,البريد الإلكتروني,طلب نسخة من نظام الاستئناف المتاح للمستفيدين.,مغلق,منخفضة
REQ-001836,2025-09-28,تطبيق الجوال,طلب معلومات عن الخدمات المتاحة للمقيمين.,معلق,منخفضة
REQ-001837,2026-03-07,البوابة الإلكترونية,سؤال عن مدة معالجة طلبات إصدار الشهادات.,قيد المعالجة,عالية
REQ-001838,2026-04-15,البوابة الإلكترونية,استفسار عن أوقات العمل الرسمية للفرع.,منجز,متوسطة
REQ-001839,2025-04-09,تطبيق الجوال,طلب إنهاء إجراءات الحصول على معاش التقاعد المبكر، هويتي 1683587735.,قيد المعالجة,منخفضة
REQ-001840,2026-05-15,البوابة الإلكترونية,استفسار عن الوثائق المطلوبة لاستخراج وثيقة رسمية.,معلق,منخفضة
REQ-001841,2025-05-23,البوابة الإلكترونية,استفسار عن موعد تجديد رخصة القيادة.,منجز,عالية
REQ-001842,2025-12-29,الزيارة الميدانية,الرجاء مراجعة ملف طعني لأنني معاق ويصعب عليّ الحضور الشخصي، هويتي 1220886921.,منجز,منخفضة
REQ-001843,2026-01-29,البوابة الإلكترونية,طلب الحصول على شهادة من الجهة تثبت تسجيل المنشأة.,قيد المعالجة,منخفضة
REQ-001844,2025-07-24,الزيارة الميدانية,تقديم طلب لاستثناء خاص نظراً لوجود مرض مزمن مثبت طبياً، جوالي +966514207608.,مغلق,منخفضة
REQ-001845,2025-01-13,الزيارة الميدانية,الرجاء مراجعة ملف طعني لأنني معاق ويصعب عليّ الحضور الشخصي، هويتي 1556357109.,مغلق,متوسطة
REQ-001846,2025-01-17,تطبيق الجوال,سؤال عن كيفية متابعة حالة الطلب المقدم عبر البوابة.,معلق,منخفضة
REQ-001847,2025-09-17,الزيارة الميدانية,طلب الحصول على شهادة من الجهة تثبت تسجيل المنشأة.,معلق,عالية
REQ-001848,2026-06-05,الزيارة الميدانية,استفسار عن خطوات الاعتراض على قرار إداري.,قيد المعالجة,عالية
REQ-001849,2026-03-27,الزيارة الميدانية,استفسار عن موعد تجديد رخصة القيادة.,منجز,متوسطة
REQ-001850,2026-03-05,تطبيق الجوال,أستفسر عن كيفية اسـترداد دعم الإيجار، رقم هويتي الوطنية 1342461520.,قيد المعالجة,منخفضة
REQ-001851,2026-03-07,البريد الإلكتروني,سؤال عن مدة معالجة طلبات إصدار الشهادات.,معلق,متوسطة
REQ-001852,2025-04-19,البريد الإلكتروني,استفسار عن إمكانية تحديث بيانات التواصل بشكل إلكتروني.,مفتوح,عالية
REQ-001853,2025-12-28,مركز الاتصال,استفسار عن الخدمات الرقمية المتاحة على التطبيق الرسمي.,مغلق,عالية
REQ-001854,2026-01-14,الزيارة الميدانية,استفسار عن خطوات الاعتراض على قرار إداري.,منجز,عالية
REQ-001855,2025-11-08,البريد الإلكتروني,طلب تحديث رقم الجوال المسجل في الأنظمة.,مفتوح,منخفضة
REQ-001856,2024-12-22,البوابة الإلكترونية,أواجه ضائقة مالية ولا أستطيع سداد المخالفة، حسابي البنكي SA8290766775115576445286.,مغلق,متوسطة
REQ-001857,2025-11-13,تطبيق الجوال,أحتاج مساعدة في استرداد مبلغ مالي تم خصمه خطأً من حسابي SA2288297538255725709142.,مفتوح,منخفضة
REQ-001858,2025-09-18,الزيارة الميدانية,طلب إرشادات للتسجيل في بوابة الخدمات الحكومية.,معلق,عالية
REQ-001859,2025-08-11,مركز الاتصال,طلب دليل المستخدم الخاص بمنظومة الخدمات الإلكترونية.,منجز,منخفضة
REQ-001860,2025-02-03,الزيارة الميدانية,طلب دليل المستخدم الخاص بمنظومة الخدمات الإلكترونية.,مغلق,متوسطة
REQ-001861,2026-04-12,البوابة الإلكترونية,استفسار عن خطوات الاعتراض على قرار إداري.,قيد المعالجة,منخفضة
REQ-001862,2026-05-04,الزيارة الميدانية,طلب صرف تعويض بسبب حادثة عمل ولديّ تقرير طبي، يمكن مراسلتي على +966516491532.,معلق,منخفضة
REQ-001863,2025-12-03,مركز الاتصال,سؤال عن خطوات حجز موعد في الفرع.,مغلق,منخفضة
REQ-001864,2025-01-27,الزيارة الميدانية,طلب منح بطاقة ذوي الإعاقة لطفلي، رقم ولايتي 1413040963.,مغلق,منخفضة
REQ-001865,2026-02-18,البوابة الإلكترونية,استفسار عن إمكانية تحديث بيانات التواصل بشكل إلكتروني.,مفتوح,منخفضة
REQ-001866,2025-03-06,الزيارة الميدانية,طلب نسخة إلكترونية من شهادة إتمام معاملة.,معلق,منخفضة
REQ-001867,2026-03-08,مركز الاتصال,طلب توضيح حول رسوم الخدمة المعلنة.,مغلق,منخفضة
REQ-001868,2025-01-16,الزيارة الميدانية,طلب إرشادات للتسجيل في بوابة الخدمات الحكومية.,مفتوح,عالية
REQ-001869,2026-03-11,تطبيق الجوال,سؤال عن خطوات حجز موعد في الفرع.,معلق,عالية
REQ-001870,2025-09-09,تطبيق الجوال,استفسار عن موعد تجديد رخصة القيادة.,منجز,منخفضة
REQ-001871,2025-12-27,الزيارة الميدانية,سؤال عن مدة معالجة طلبات إصدار الشهادات.,مغلق,عالية
REQ-001872,2026-02-27,تطبيق الجوال,الاستعلام عن طلب دعم السكن المقدم منذ فترة، هويتي 1405399047.,قيد المعالجة,منخفضة
REQ-001873,2025-11-16,الزيارة الميدانية,طلب صرف تعويض بسبب حادثة عمل ولديّ تقرير طبي، يمكن مراسلتي على +966569945831.,معلق,متوسطة
REQ-001874,2026-02-25,مركز الاتصال,تقديم طلب لاستثناء خاص نظراً لوجود مرض مزمن مثبت طبياً، جوالي +966543574019.,مغلق,متوسطة
REQ-001875,2025-01-18,الزيارة الميدانية,شكوى ضد موظف مع إرفاق اسمي الكامل ورقم هويتي 1683707804.,منجز,متوسطة
REQ-001876,2026-01-03,مركز الاتصال,الاستعلام عن طلب دعم السكن المقدم منذ فترة، هويتي 1046104541.,مفتوح,منخفضة
REQ-001877,2026-01-04,مركز الاتصال,استفسار عن خطوات الاعتراض على قرار إداري.,مغلق,متوسطة
REQ-001878,2025-06-19,الزيارة الميدانية,طلب تقرير طبي يخص ابني القاصر لاستكمال المعاملة، هويتي 1875779512.,قيد المعالجة,متوسطة
REQ-001879,2025-02-24,الزيارة الميدانية,استفسار عن موعد تجديد رخصة القيادة.,مفتوح,عالية
REQ-001880,2026-03-08,تطبيق الجوال,سؤال عن مدة معالجة طلبات إصدار الشهادات.,مغلق,عالية
REQ-001881,2026-06-08,البوابة الإلكترونية,سؤال عن مدة معالجة طلبات إصدار الشهادات.,معلق,عالية
REQ-001882,2026-04-16,الزيارة الميدانية,طلب دليل المستخدم الخاص بمنظومة الخدمات الإلكترونية.,مغلق,متوسطة
REQ-001883,2025-01-09,الزيارة الميدانية,سؤال عن خطوات حجز موعد في الفرع.,معلق,منخفضة
REQ-001884,2026-05-06,الزيارة الميدانية,اقتراح إضافة خدمة الدفع الإلكتروني لتسهيل المعاملات.,منجز,متوسطة
REQ-001885,2026-05-13,الزيارة الميدانية,طلب إعفاء بسبب ظرف خاص ووضع مالي صعب، يمكن التواصل على +966565354170.,قيد المعالجة,عالية
REQ-001886,2025-09-07,البريد الإلكتروني,طلب تحديث رقم الجوال المسجل في الأنظمة.,قيد المعالجة,متوسطة
REQ-001887,2025-03-12,البريد الإلكتروني,طلب معرفة الإجراءات اللازمة لتجديد الترخيص التجاري.,قيد المعالجة,منخفضة
REQ-001888,2025-01-10,مركز الاتصال,طلب نموذج تفويض موقع لإنجاز المعاملات نيابةً.,قيد المعالجة,عالية
REQ-001889,2024-12-21,البوابة الإلكترونية,استفسار عن أوقات العمل الرسمية للفرع.,معلق,عالية
REQ-001890,2025-10-18,تطبيق الجوال,طلب معلومات عن الخدمات المتاحة للمقيمين.,مفتوح,متوسطة
REQ-001891,2025-02-26,البريد الإلكتروني,أريد الاستعلام عن دعم الضمان الاجتماعي بناءً على وضعي المالي، جوالي +966522053087.,مغلق,عالية
REQ-001892,2026-06-02,تطبيق الجوال,طلب نسخة من نظام الاستئناف المتاح للمستفيدين.,قيد المعالجة,منخفضة
REQ-001893,2026-03-15,مركز الاتصال,استفسار عن قنوات التواصل مع فريق الدعم الفني.,مفتوح,متوسطة
REQ-001894,2026-03-29,البوابة الإلكترونية,طلب الحصول على شهادة من الجهة تثبت تسجيل المنشأة.,قيد المعالجة,متوسطة
REQ-001895,2026-04-02,الزيارة الميدانية,استفسار عن أوقات العمل الرسمية للفرع.,معلق,منخفضة
REQ-001896,2025-05-16,تطبيق الجوال,طلب تقرير طبي يخص ابني القاصر لاستكمال المعاملة، هويتي 1214680512.,Pending,منخفضة
REQ-001897,2026-01-29,البوابة الإلكترونية,طلب تقرير طبي يخص ابني القاصر لاستكمال المعاملة، هويتي 1393813504.,معلق,عالية
REQ-001898,2025-06-23,تطبيق الجوال,طلب معرفة الإجراءات اللازمة لتجديد الترخيص التجاري.,مفتوح,منخفضة
REQ-001899,2025-05-24,الزيارة الميدانية,طلب معرفة الإجراءات اللازمة لتجديد الترخيص التجاري.,مفتوح,عالية
REQ-001900,2026-01-05,مركز الاتصال,اقتراح إضافة خدمة الدفع الإلكتروني لتسهيل المعاملات.,معلق,عالية
REQ-001901,2025-07-07,البريد الإلكتروني,طلب إرشادات للتسجيل في بوابة الخدمات الحكومية.,مفتوح,متوسطة
REQ-001902,2026-04-26,البوابة الإلكترونية,استفسار عن الوثائق المطلوبة لاستخراج وثيقة رسمية.,معلق,منخفضة
REQ-001903,2025-11-16,مركز الاتصال,سؤال عن كيفية متابعة حالة الطلب المقدم عبر البوابة.,مغلق,متوسطة
REQ-001904,2026-04-23,مركز الاتصال,أرجو تحديث بياناتي الشخصية، هويتي 1464835758 وجوالي +966550936479.,قيد المعالجة,منخفضة
REQ-001905,2025-02-06,الزيارة الميدانية,طلب معلومات عن الخدمات المتاحة للمقيمين.,معلق,عالية
REQ-001906,2025-01-02,البوابة الإلكترونية,أعاني من حالة صحية مزمنة وأطلب إعفاءً من الرسوم، رقم هويتي 1586146407.,معلق,منخفضة
REQ-001907,2025-08-18,تطبيق الجوال,سؤال عن خطوات حجز موعد في الفرع.,معلق,منخفضة
REQ-001908,2025-08-23,تطبيق الجوال,طلب تصحيح بيانات الاستقطاعات من الراتب الأساسي SA7238762731689449595079.,معلق,متوسطة
REQ-001909,2026-05-18,البوابة الإلكترونية,شكوى عن بطء الخدمة الإلكترونية في الموقع الرسمي.,مفتوح,منخفضة
REQ-001910,2025-03-26,مركز الاتصال,أرغب في الاستفسار عن ملفي الصحي، رقم السجل الطبي الخاص بي 1623505276.,مفتوح,منخفضة
REQ-001911,2026-05-31,البريد الإلكتروني,أرجو تحديث بياناتي الشخصية، هويتي 1130685314 وجوالي +966579091901.,قيد المعالجة,عالية
REQ-001912,2026-06-13,الزيارة الميدانية,طلب تحديث رقم الجوال المسجل في الأنظمة.,مغلق,منخفضة
REQ-001913,2025-02-01,مركز الاتصال,طلب إرشادات للتسجيل في بوابة الخدمات الحكومية.,مفتوح,متوسطة
REQ-001914,2025-01-15,تطبيق الجوال,طلب إنهاء إجراءات الحصول على معاش التقاعد المبكر، هويتي 1412220863.,معلق,متوسطة
REQ-001915,2026-03-06,البوابة الإلكترونية,طلب توضيح حول رسوم الخدمة المعلنة.,قيد المعالجة,عالية
REQ-001916,2026-03-31,البوابة الإلكترونية,استفسار عن خطوات الاعتراض على قرار إداري.,قيد المعالجة,منخفضة
REQ-001917,2025-10-27,البوابة الإلكترونية,طلب تعديل بيانات الراتب في السجل بسبب خطأ محاسبي، هويتي 1336250780.,قيد المعالجة,عالية
REQ-001918,2025-02-08,تطبيق الجوال,أريد الاستعلام عن دعم الضمان الاجتماعي بناءً على وضعي المالي، جوالي +966542269106.,منجز,متوسطة
REQ-001919,2025-07-01,مركز الاتصال,طلب معرفة الإجراءات اللازمة لتجديد الترخيص التجاري.,معلق,متوسطة
REQ-001920,2025-11-28,تطبيق الجوال,استفسار عن إمكانية تحديث بيانات التواصل بشكل إلكتروني.,منجز,منخفضة
REQ-001921,2025-03-28,مركز الاتصال,طلب إنهاء إجراءات الحصول على معاش التقاعد المبكر، هويتي 1690041726.,قيد المعالجة,متوسطة
REQ-001922,2025-04-16,الزيارة الميدانية,أحتاج مساعدة في استرداد مبلغ مالي تم خصمه خطأً من حسابي SA4485393263584451588846.,مفتوح,متوسطة
REQ-001923,2026-01-15,الزيارة الميدانية,طلب توضيح حول رسوم الخدمة المعلنة.,معلق,عالية
REQ-001924,2025-03-01,البوابة الإلكترونية,طلب إرشادات للتسجيل في بوابة الخدمات الحكومية.,مغلق,متوسطة
REQ-001925,2024-12-19,الزيارة الميدانية,أواجه ضائقة مالية ولا أستطيع سداد المخالفة، حسابي البنكي SA7012980081824228872823.,معلق,عالية
REQ-001926,2026-04-21,مركز الاتصال,طلب تقرير طبي يخص ابني القاصر لاستكمال المعاملة، هويتي 1898747017.,مغلق,عالية
REQ-001927,2025-08-05,البريد الإلكتروني,استفسار عن إمكانية تحديث بيانات التواصل بشكل إلكتروني.,قيد المعالجة,متوسطة
REQ-001928,2026-01-10,البريد الإلكتروني,استفسار عن موعد تجديد رخصة القيادة.,مفتوح,عالية
REQ-001929,2025-09-13,البوابة الإلكترونية,طلب معلومات عن الخدمات المتاحة للمقيمين.,قيد المعالجة,متوسطة
REQ-001930,2026-03-08,الزيارة الميدانية,طلب معلومات عن الخدمات المتاحة للمقيمين.,قيد المعالجة,عالية
REQ-001931,2025-11-06,مركز الاتصال,استفسار عن موعد تجديد رخصة القيادة.,منجز,متوسطة
REQ-001932,2026-02-26,البوابة الإلكترونية,طلب نسخة من نظام الاستئناف المتاح للمستفيدين.,مغلق,متوسطة
REQ-001933,2025-11-04,البوابة الإلكترونية,أعاني من حالة صحية مزمنة وأطلب إعفاءً من الرسوم، رقم هويتي 1824884413.,معلق,متوسطة
REQ-001934,2025-02-08,تطبيق الجوال,أحتاج مساعدة في استرداد مبلغ مالي تم خصمه خطأً من حسابي SA9781664657249589639483.,مغلق,منخفضة
REQ-001935,2025-11-14,الزيارة الميدانية,طلب توضيح حول رسوم الخدمة المعلنة.,مفتوح,متوسطة
REQ-001936,2025-07-08,مركز الاتصال,طلب نموذج تفويض موقع لإنجاز المعاملات نيابةً.,منجز,عالية
REQ-001937,2025-09-17,البريد الإلكتروني,شكوى عن بطء الخدمة الإلكترونية في الموقع الرسمي.,منجز,منخفضة
REQ-001938,2025-05-08,البريد الإلكتروني,طلب تحديث رقم الجوال المسجل في الأنظمة.,معلق,منخفضة
REQ-001939,2026-06-19,مركز الاتصال,سؤال عن كيفية متابعة حالة الطلب المقدم عبر البوابة.,مفتوح,عالية
REQ-001940,2025-11-28,الزيارة الميدانية,استفسار عن إمكانية تحديث بيانات التواصل بشكل إلكتروني.,مغلق,متوسطة
REQ-001941,2026-06-08,الزيارة الميدانية,استفسار عن الوثائق المطلوبة لاستخراج وثيقة رسمية.,منجز,متوسطة
REQ-001942,2025-10-21,الزيارة الميدانية,اقتراح تفعيل خاصية الإشعارات الفورية للمعاملات.,مفتوح,متوسطة
REQ-001943,2025-06-21,البوابة الإلكترونية,أرجو تحديث بياناتي الشخصية، هويتي 1671019519 وجوالي +966549686729.,قيد المعالجة,منخفضة
REQ-001944,2025-08-19,تطبيق الجوال,شكوى ضد موظف مع إرفاق اسمي الكامل ورقم هويتي 1202985576.,قيد المعالجة,عالية
REQ-001945,2026-01-10,البريد الإلكتروني,الاستعلام عن طلب دعم السكن المقدم منذ فترة، هويتي 1390117198.,مفتوح,متوسطة
REQ-001946,2026-05-08,البوابة الإلكترونية,استفسار عن قنوات التواصل مع فريق الدعم الفني.,قيد المعالجة,متوسطة
REQ-001947,2025-12-15,تطبيق الجوال,سؤال عن كيفية متابعة حالة الطلب المقدم عبر البوابة.,مفتوح,متوسطة
REQ-001948,2025-12-04,البريد الإلكتروني,طلب تقرير طبي يخص ابني القاصر لاستكمال المعاملة، هويتي 1650369984.,معلق,عالية
REQ-001949,2026-06-12,تطبيق الجوال,اقتراح تفعيل خاصية الإشعارات الفورية للمعاملات.,مغلق,متوسطة
REQ-001950,2025-08-11,تطبيق الجوال,أستفسر عن كيفية اسـترداد دعم الإيجار، رقم هويتي الوطنية 1453043810.,قيد المعالجة,متوسطة
REQ-001951,2026-01-27,تطبيق الجوال,استفسار عن قنوات التواصل مع فريق الدعم الفني.,مغلق,عالية
REQ-001952,2026-05-01,الزيارة الميدانية,سؤال عن مدة معالجة طلبات إصدار الشهادات.,منجز,منخفضة
REQ-001953,2025-12-29,مركز الاتصال,اقتراح بتحسين تجربة الموقع الإلكتروني.,معلق,منخفضة
REQ-001954,2025-05-03,الزيارة الميدانية,أواجه ضائقة مالية ولا أستطيع سداد المخالفة، حسابي البنكي SA1085280372336980403889.,مفتوح,عالية
REQ-001955,2025-01-19,الزيارة الميدانية,شكوى عن بطء الخدمة الإلكترونية في الموقع الرسمي.,قيد المعالجة,عالية
REQ-001956,2025-08-22,الزيارة الميدانية,استفسار عن الخدمات الرقمية المتاحة على التطبيق الرسمي.,مغلق,متوسطة
REQ-001957,2026-03-16,الزيارة الميدانية,استفسار عن أوقات العمل الرسمية للفرع.,معلق,منخفضة
REQ-001958,2026-05-26,الزيارة الميدانية,أرغب في الاستفسار عن ملفي الصحي، رقم السجل الطبي الخاص بي 1218848297.,منجز,متوسطة
REQ-001959,2025-01-17,تطبيق الجوال,شكوى عن بطء الخدمة الإلكترونية في الموقع الرسمي.,منجز,عالية
REQ-001960,2025-07-15,تطبيق الجوال,طلب منح بطاقة ذوي الإعاقة لطفلي، رقم ولايتي 1799086937.,مفتوح,عالية
REQ-001961,2025-04-02,البريد الإلكتروني,سؤال عن مدة معالجة طلبات إصدار الشهادات.,قيد المعالجة,منخفضة
REQ-001962,2025-03-10,مركز الاتصال,أريد الاستعلام عن دعم الضمان الاجتماعي بناءً على وضعي المالي، جوالي +966521124245.,قيد المعالجة,عالية
REQ-001963,2025-01-04,الزيارة الميدانية,سؤال عن مدة معالجة طلبات إصدار الشهادات.,معلق,عالية
REQ-001964,2025-10-04,مركز الاتصال,سؤال عن مدة معالجة طلبات إصدار الشهادات.,مغلق,عالية
REQ-001965,2025-12-11,تطبيق الجوال,طلب نموذج تفويض موقع لإنجاز المعاملات نيابةً.,منجز,منخفضة
REQ-001966,2026-06-10,مركز الاتصال,شكوى عن صعوبة التنقل بين صفحات الموقع الرسمي.,مغلق,عالية
REQ-001967,2026-01-04,البوابة الإلكترونية,استفسار عن الوثائق المطلوبة لاستخراج وثيقة رسمية.,مغلق,منخفضة
REQ-001968,2025-11-02,البريد الإلكتروني,سؤال عن مدة معالجة طلبات إصدار الشهادات.,مغلق,متوسطة
REQ-001969,2026-02-28,تطبيق الجوال,أرجو تحديث بياناتي الشخصية، هويتي 1865525115 وجوالي +966547475836.,معلق,منخفضة
REQ-001970,2026-03-28,البوابة الإلكترونية,شكوى عن بطء الخدمة الإلكترونية في الموقع الرسمي.,مفتوح,متوسطة
REQ-001971,2026-05-18,البريد الإلكتروني,الاستعلام عن طلب دعم السكن المقدم منذ فترة، هويتي 1085825329.,معلق,منخفضة
REQ-001972,2025-02-20,البوابة الإلكترونية,شكوى بخصوص فاتورة خاطئة تجاوزت راتبي الشهري، رقم الحساب SA1385006875004164904582.,مفتوح,منخفضة
REQ-001973,2025-09-05,البوابة الإلكترونية,طلب دليل المستخدم الخاص بمنظومة الخدمات الإلكترونية.,معلق,منخفضة
REQ-001974,2025-04-02,البوابة الإلكترونية,طلب إنهاء إجراءات الحصول على معاش التقاعد المبكر، هويتي 1464546223.,مفتوح,متوسطة
REQ-001975,2025-07-03,البريد الإلكتروني,استفسار عن قنوات التواصل مع فريق الدعم الفني.,معلق,منخفضة
REQ-001976,2025-02-28,البوابة الإلكترونية,شكوى ضد موظف مع إرفاق اسمي الكامل ورقم هويتي 1311223786.,منجز,منخفضة
REQ-001977,2025-06-01,مركز الاتصال,أعاني من حالة صحية مزمنة وأطلب إعفاءً من الرسوم، رقم هويتي 1451376659.,منجز,عالية
REQ-001978,2026-03-21,مركز الاتصال,أعاني من حالة صحية مزمنة وأطلب إعفاءً من الرسوم، رقم هويتي 1518481443.,مفتوح,متوسطة
REQ-001979,2026-01-10,مركز الاتصال,طلب تحديث رقم الجوال المسجل في الأنظمة.,منجز,متوسطة
REQ-001980,2026-05-05,البوابة الإلكترونية,طلب توضيح حول رسوم الخدمة المعلنة.,منجز,متوسطة
REQ-001981,2025-10-05,البريد الإلكتروني,أرجو تحديث بياناتي الشخصية، هويتي 1517684674 وجوالي +966511446743.,مغلق,منخفضة
REQ-001982,2026-04-02,البوابة الإلكترونية,طلب إنهاء إجراءات الحصول على معاش التقاعد المبكر، هويتي 1979895446.,معلق,عالية
REQ-001983,2025-04-27,مركز الاتصال,اقتراح تفعيل خاصية الإشعارات الفورية للمعاملات.,منجز,عالية
REQ-001984,2025-07-17,الزيارة الميدانية,استفسار عن الوثائق المطلوبة لاستخراج وثيقة رسمية.,قيد المعالجة,متوسطة
REQ-001985,2025-11-09,البوابة الإلكترونية,استفسار عن موعد تجديد رخصة القيادة.,معلق,منخفضة
REQ-001986,2026-06-08,البوابة الإلكترونية,طلب دليل المستخدم الخاص بمنظومة الخدمات الإلكترونية.,قيد المعالجة,متوسطة
REQ-001987,2026-06-19,الزيارة الميدانية,أعاني من حالة صحية مزمنة وأطلب إعفاءً من الرسوم، رقم هويتي 1944908753.,Open,متوسطة
REQ-001988,2026-04-19,مركز الاتصال,سؤال عن كيفية متابعة حالة الطلب المقدم عبر البوابة.,قيد المعالجة,منخفضة
REQ-001989,2026-05-15,مركز الاتصال,طلب منح بطاقة ذوي الإعاقة لطفلي، رقم ولايتي 1869602035.,مغلق,متوسطة
REQ-001990,2025-08-28,مركز الاتصال,طلب تصحيح بيانات الاستقطاعات من الراتب الأساسي SA6770139182493765074414.,مفتوح,متوسطة
REQ-001991,2026-01-25,الزيارة الميدانية,طلب تحديث رقم الجوال المسجل في الأنظمة.,منجز,متوسطة
REQ-001992,2025-11-27,الزيارة الميدانية,طلب صرف تعويض بسبب حادثة عمل ولديّ تقرير طبي، يمكن مراسلتي على +966518820851.,قيد المعالجة,متوسطة
REQ-001993,2025-04-18,البريد الإلكتروني,طلب الحصول على شهادة من الجهة تثبت تسجيل المنشأة.,معلق,عالية
REQ-001994,2025-06-05,مركز الاتصال,طلب الحصول على شهادة من الجهة تثبت تسجيل المنشأة.,مغلق,متوسطة
REQ-001995,2026-06-04,الزيارة الميدانية,شكوى عن صعوبة التنقل بين صفحات الموقع الرسمي.,قيد المعالجة,عالية
REQ-001996,2025-10-09,مركز الاتصال,طلب تحديث رقم الجوال المسجل في الأنظمة.,منجز,متوسطة
REQ-001997,2025-03-20,البريد الإلكتروني,استفسار عن الخدمات الرقمية المتاحة على التطبيق الرسمي.,منجز,منخفضة
REQ-001998,2025-11-23,الزيارة الميدانية,سؤال عن مدة معالجة طلبات إصدار الشهادات.,قيد المعالجة,متوسطة
REQ-001999,2025-01-21,البريد الإلكتروني,طلب إرشادات للتسجيل في بوابة الخدمات الحكومية.,مغلق,متوسطة
REQ-002000,2025-01-18,الزيارة الميدانية,طلب تعديل بيانات الراتب في السجل بسبب خطأ محاسبي، هويتي 1471744001.,مغلق,منخفضة
REQ-002001,2026-03-02,البوابة الإلكترونية,أريد الاستعلام عن دعم الضمان الاجتماعي بناءً على وضعي المالي، جوالي +966503909893.,معلق,عالية
REQ-002002,2026-05-10,مركز الاتصال,أعاني من حالة صحية مزمنة وأطلب إعفاءً من الرسوم، رقم هويتي 1747907150.,منجز,عالية
REQ-002003,2024-12-26,البوابة الإلكترونية,أرجو تحديث بياناتي الشخصية، هويتي 1413697903 وجوالي +966510004294.,قيد المعالجة,عالية
REQ-002004,2026-01-31,البوابة الإلكترونية,الاستعلام عن طلب دعم السكن المقدم منذ فترة، هويتي 1603145705.,منجز,منخفضة
REQ-002005,2025-11-08,الزيارة الميدانية,طلب إنهاء إجراءات الحصول على معاش التقاعد المبكر، هويتي 1668486457.,منجز,عالية
REQ-002006,2025-10-18,مركز الاتصال,شكوى بخصوص فاتورة خاطئة تجاوزت راتبي الشهري، رقم الحساب SA8789168232477393964659.,قيد المعالجة,عالية
REQ-002007,2026-04-09,مركز الاتصال,استفسار عن أوقات العمل الرسمية للفرع.,قيد المعالجة,متوسطة
REQ-002008,2025-07-21,تطبيق الجوال,طلب منح بطاقة ذوي الإعاقة لطفلي، رقم ولايتي 1501868176.,قيد المعالجة,متوسطة
REQ-002009,2025-03-22,البوابة الإلكترونية,سؤال عن خطوات حجز موعد في الفرع.,مفتوح,منخفضة
REQ-002010,2026-04-19,مركز الاتصال,طلب نسخة من نظام الاستئناف المتاح للمستفيدين.,مغلق,منخفضة
REQ-002011,2025-12-11,مركز الاتصال,اقتراح تفعيل خاصية الإشعارات الفورية للمعاملات.,مغلق,منخفضة
REQ-002012,2025-05-18,تطبيق الجوال,طلب معرفة الإجراءات اللازمة لتجديد الترخيص التجاري.,معلق,متوسطة
REQ-002013,2025-12-12,البريد الإلكتروني,شكوى عن صعوبة التنقل بين صفحات الموقع الرسمي.,منجز,عالية
REQ-002014,2025-12-28,مركز الاتصال,شكوى عن صعوبة التنقل بين صفحات الموقع الرسمي.,مغلق,متوسطة
REQ-002015,2025-09-15,البوابة الإلكترونية,طلب معرفة الإجراءات اللازمة لتجديد الترخيص التجاري.,منجز,منخفضة
REQ-002016,2025-06-12,الزيارة الميدانية,استفسار عن خطوات الاعتراض على قرار إداري.,مغلق,متوسطة
REQ-002017,2025-11-08,تطبيق الجوال,أواجه ضائقة مالية ولا أستطيع سداد المخالفة، حسابي البنكي SA1188844703194244299171.,معلق,متوسطة
REQ-002018,2026-04-03,تطبيق الجوال,طلب دليل المستخدم الخاص بمنظومة الخدمات الإلكترونية.,قيد المعالجة,عالية
REQ-002019,2025-07-27,البوابة الإلكترونية,سؤال عن خطوات حجز موعد في الفرع.,مفتوح,عالية
REQ-002020,2025-02-09,البريد الإلكتروني,سؤال عن مدة معالجة طلبات إصدار الشهادات.,معلق,عالية
REQ-002021,2025-07-02,تطبيق الجوال,سؤال عن خطوات حجز موعد في الفرع.,مغلق,منخفضة
REQ-002022,2026-04-13,تطبيق الجوال,شكوى عن بطء الخدمة الإلكترونية في الموقع الرسمي.,قيد المعالجة,منخفضة
REQ-002023,2026-02-04,البوابة الإلكترونية,طلب توضيح حول رسوم الخدمة المعلنة.,مفتوح,عالية
REQ-002024,2025-10-16,البوابة الإلكترونية,طلب نسخة إلكترونية من شهادة إتمام معاملة.,منجز,عالية
REQ-002025,2026-02-27,مركز الاتصال,أواجه ضائقة مالية ولا أستطيع سداد المخالفة، حسابي البنكي SA7109049416504721511957.,مغلق,منخفضة
REQ-002026,2025-06-23,الزيارة الميدانية,تقديم طلب لاستثناء خاص نظراً لوجود مرض مزمن مثبت طبياً، جوالي +966592118137.,معلق,منخفضة
REQ-002027,2026-01-06,الزيارة الميدانية,استفسار عن موعد تجديد رخصة القيادة.,مغلق,منخفضة
REQ-002028,2025-12-22,مركز الاتصال,تقديم شكوى بسبب تسريب بياناتي الشخصية من قِبل أحد الموظفين، هويتي 1943641074.,قيد المعالجة,متوسطة
REQ-002029,2025-10-03,البوابة الإلكترونية,أريد الاستعلام عن دعم الضمان الاجتماعي بناءً على وضعي المالي، جوالي +966557522940.,مفتوح,عالية
REQ-002030,2025-05-28,البوابة الإلكترونية,طلب الحصول على شهادة من الجهة تثبت تسجيل المنشأة.,قيد المعالجة,منخفضة
REQ-002031,2026-05-15,تطبيق الجوال,طلب منح بطاقة ذوي الإعاقة لطفلي، رقم ولايتي 1158950871.,قيد المعالجة,عالية
REQ-002032,2025-12-28,تطبيق الجوال,طلب تصحيح بيانات الاستقطاعات من الراتب الأساسي SA7797119790841934387649.,قيد المعالجة,متوسطة
REQ-002033,2025-06-28,الزيارة الميدانية,طلب تقرير طبي يخص ابني القاصر لاستكمال المعاملة، هويتي 1836471423.,قيد المعالجة,متوسطة
REQ-002034,2025-01-11,الزيارة الميدانية,الرجاء مراجعة ملف طعني لأنني معاق ويصعب عليّ الحضور الشخصي، هويتي 1575748379.,مفتوح,عالية
REQ-002035,2025-01-06,تطبيق الجوال,طلب دليل المستخدم الخاص بمنظومة الخدمات الإلكترونية.,قيد المعالجة,عالية
REQ-002036,2026-06-07,مركز الاتصال,طلب تقرير طبي يخص ابني القاصر لاستكمال المعاملة، هويتي 1256479567.,قيد المعالجة,منخفضة
REQ-002037,2025-09-24,البريد الإلكتروني,استفسار عن الخدمات الرقمية المتاحة على التطبيق الرسمي.,مفتوح,متوسطة
REQ-002038,2025-11-30,تطبيق الجوال,شكوى عن صعوبة التنقل بين صفحات الموقع الرسمي.,مغلق,منخفضة
REQ-002039,2025-01-11,الزيارة الميدانية,طلب إرشادات للتسجيل في بوابة الخدمات الحكومية.,قيد المعالجة,متوسطة
REQ-002040,2025-11-30,تطبيق الجوال,طلب دليل المستخدم الخاص بمنظومة الخدمات الإلكترونية.,قيد المعالجة,منخفضة
REQ-002041,2026-03-02,البريد الإلكتروني,سؤال عن كيفية متابعة حالة الطلب المقدم عبر البوابة.,مفتوح,منخفضة
REQ-002042,2025-06-02,مركز الاتصال,طلب إرشادات للتسجيل في بوابة الخدمات الحكومية.,مفتوح,عالية
REQ-002043,2025-07-02,الزيارة الميدانية,استفسار عن موعد تجديد رخصة القيادة.,مفتوح,عالية
REQ-002044,2026-05-30,مركز الاتصال,اقتراح تفعيل خاصية الإشعارات الفورية للمعاملات.,معلق,منخفضة
REQ-002045,2025-06-16,مركز الاتصال,اقتراح بتحسين تجربة الموقع الإلكتروني.,قيد المعالجة,منخفضة
REQ-002046,2025-04-04,الزيارة الميدانية,أرغب في الاستفسار عن ملفي الصحي، رقم السجل الطبي الخاص بي 1753456902.,قيد المعالجة,منخفضة
REQ-002047,2025-01-12,مركز الاتصال,تقديم طلب لاستثناء خاص نظراً لوجود مرض مزمن مثبت طبياً، جوالي +966506516425.,مغلق,منخفضة
REQ-002048,2025-01-19,البوابة الإلكترونية,أواجه ضائقة مالية ولا أستطيع سداد المخالفة، حسابي البنكي SA9790923235347884449814.,مفتوح,عالية
REQ-002049,2025-12-29,تطبيق الجوال,الرجاء مراجعة ملف طعني لأنني معاق ويصعب عليّ الحضور الشخصي، هويتي 1789960182.,مغلق,متوسطة
REQ-002050,2025-01-19,تطبيق الجوال,طلب نسخة من نظام الاستئناف المتاح للمستفيدين.,منجز,منخفضة
REQ-002051,2025-10-02,البريد الإلكتروني,طلب توضيح حول رسوم الخدمة المعلنة.,منجز,متوسطة
REQ-002052,2026-01-04,مركز الاتصال,تقديم طلب لاستثناء خاص نظراً لوجود مرض مزمن مثبت طبياً، جوالي +966589301231.,قيد المعالجة,عالية
REQ-002053,2025-01-29,تطبيق الجوال,طلب تقرير طبي يخص ابني القاصر لاستكمال المعاملة، هويتي 1957798083.,مفتوح,منخفضة
REQ-002054,2025-08-03,البوابة الإلكترونية,طلب صرف تعويض بسبب حادثة عمل ولديّ تقرير طبي، يمكن مراسلتي على +966571956681.,مفتوح,منخفضة
REQ-002055,2025-07-11,الزيارة الميدانية,اقتراح تفعيل خاصية الإشعارات الفورية للمعاملات.,قيد المعالجة,متوسطة
REQ-002056,2025-10-24,الزيارة الميدانية,أحتاج مساعدة في استرداد مبلغ مالي تم خصمه خطأً من حسابي SA4898778902792403156885.,قيد المعالجة,عالية
REQ-002057,2025-08-28,تطبيق الجوال,طلب دليل المستخدم الخاص بمنظومة الخدمات الإلكترونية.,مغلق,منخفضة
REQ-002058,2026-06-02,مركز الاتصال,اقتراح بتحسين تجربة الموقع الإلكتروني.,منجز,متوسطة
REQ-002059,2026-05-20,البوابة الإلكترونية,طلب دليل المستخدم الخاص بمنظومة الخدمات الإلكترونية.,مفتوح,عالية
REQ-002060,2026-05-18,تطبيق الجوال,استفسار عن الخدمات الرقمية المتاحة على التطبيق الرسمي.,مغلق,متوسطة
REQ-002061,2025-02-15,الزيارة الميدانية,سؤال عن خطوات حجز موعد في الفرع.,مغلق,متوسطة
REQ-002062,2025-05-24,تطبيق الجوال,طلب نسخة من نظام الاستئناف المتاح للمستفيدين.,معلق,منخفضة
REQ-002063,2025-06-07,الزيارة الميدانية,الاستعلام عن طلب دعم السكن المقدم منذ فترة، هويتي 1505739191.,منجز,منخفضة
REQ-002064,2025-08-24,الزيارة الميدانية,شكوى بخصوص فاتورة خاطئة تجاوزت راتبي الشهري، رقم الحساب SA4881910383725844169361.,منجز,متوسطة
REQ-002065,2025-11-11,البوابة الإلكترونية,طلب دليل المستخدم الخاص بمنظومة الخدمات الإلكترونية.,معلق,منخفضة
REQ-002066,2026-03-01,مركز الاتصال,شكوى بخصوص فاتورة خاطئة تجاوزت راتبي الشهري، رقم الحساب SA9714882451284330192638.,مفتوح,متوسطة
REQ-002067,2025-01-14,البوابة الإلكترونية,طلب نموذج تفويض موقع لإنجاز المعاملات نيابةً.,معلق,عالية
REQ-002068,2024-12-31,تطبيق الجوال,اقتراح بتحسين تجربة الموقع الإلكتروني.,مغلق,منخفضة
REQ-002069,2026-03-21,الزيارة الميدانية,شكوى بخصوص فاتورة خاطئة تجاوزت راتبي الشهري، رقم الحساب SA5774189208601803994571.,معلق,متوسطة
REQ-002070,2026-02-12,البوابة الإلكترونية,طلب نسخة من نظام الاستئناف المتاح للمستفيدين.,قيد المعالجة,منخفضة
REQ-002071,2026-03-04,تطبيق الجوال,طلب معلومات عن الخدمات المتاحة للمقيمين.,مغلق,منخفضة
REQ-002072,2025-06-03,البريد الإلكتروني,اقتراح بتحسين تجربة الموقع الإلكتروني.,مفتوح,عالية
REQ-002073,2024-12-29,الزيارة الميدانية,طلب منح بطاقة ذوي الإعاقة لطفلي، رقم ولايتي 1463173888.,مغلق,منخفضة
REQ-002074,2025-06-03,البوابة الإلكترونية,سؤال عن كيفية متابعة حالة الطلب المقدم عبر البوابة.,مغلق,متوسطة
REQ-002075,2026-01-28,البريد الإلكتروني,أرجو تحديث بياناتي الشخصية، هويتي 1286747926 وجوالي +966559587392.,مغلق,منخفضة
REQ-002076,2025-04-08,مركز الاتصال,طلب صرف تعويض بسبب حادثة عمل ولديّ تقرير طبي، يمكن مراسلتي على +966507369622.,مغلق,منخفضة
REQ-002077,2025-12-11,البوابة الإلكترونية,أحتاج مساعدة في استرداد مبلغ مالي تم خصمه خطأً من حسابي SA0570323217027955029654.,قيد المعالجة,منخفضة
REQ-002078,2025-10-04,تطبيق الجوال,أعاني من حالة صحية مزمنة وأطلب إعفاءً من الرسوم، رقم هويتي 1697788030.,منجز,عالية
REQ-002079,2025-04-09,الزيارة الميدانية,شكوى بخصوص فاتورة خاطئة تجاوزت راتبي الشهري، رقم الحساب SA4263162567607472832715.,منجز,عالية
REQ-002080,2025-09-13,البوابة الإلكترونية,استفسار عن الخدمات الرقمية المتاحة على التطبيق الرسمي.,مفتوح,متوسطة
REQ-002081,2025-04-04,البريد الإلكتروني,شكوى ضد موظف مع إرفاق اسمي الكامل ورقم هويتي 1393989684.,قيد المعالجة,متوسطة
REQ-002082,2025-05-28,تطبيق الجوال,طلب تحديث رقم الجوال المسجل في الأنظمة.,مغلق,متوسطة
REQ-002083,2025-05-20,البريد الإلكتروني,استفسار عن أوقات العمل الرسمية للفرع.,قيد المعالجة,عالية
REQ-002084,2025-11-17,مركز الاتصال,استفسار عن قنوات التواصل مع فريق الدعم الفني.,منجز,منخفضة
REQ-002085,2025-01-13,البريد الإلكتروني,طلب توضيح حول رسوم الخدمة المعلنة.,قيد المعالجة,عالية
REQ-002086,2025-10-15,البوابة الإلكترونية,طلب تقرير طبي يخص ابني القاصر لاستكمال المعاملة، هويتي 1543460065.,قيد المعالجة,متوسطة
REQ-002087,2025-12-29,البريد الإلكتروني,الرجاء مراجعة ملف طعني لأنني معاق ويصعب عليّ الحضور الشخصي، هويتي 1399335973.,معلق,متوسطة
REQ-002088,2025-02-15,تطبيق الجوال,طلب معلومات عن الخدمات المتاحة للمقيمين.,معلق,منخفضة
REQ-002089,2025-04-22,تطبيق الجوال,الاستعلام عن طلب دعم السكن المقدم منذ فترة، هويتي 1397121029.,مغلق,متوسطة
REQ-002090,2025-05-09,مركز الاتصال,سؤال عن مدة معالجة طلبات إصدار الشهادات.,قيد المعالجة,منخفضة
REQ-002091,2025-12-23,البوابة الإلكترونية,أحتاج مساعدة في استرداد مبلغ مالي تم خصمه خطأً من حسابي SA3847077799425812328744.,معلق,متوسطة
REQ-002092,2025-12-13,الزيارة الميدانية,سؤال عن مدة معالجة طلبات إصدار الشهادات.,مغلق,منخفضة
REQ-002093,2025-09-28,مركز الاتصال,طلب معرفة الإجراءات اللازمة لتجديد الترخيص التجاري.,قيد المعالجة,منخفضة
REQ-002094,2025-03-10,البوابة الإلكترونية,شكوى ضد موظف مع إرفاق اسمي الكامل ورقم هويتي 1486307976.,معلق,منخفضة
REQ-002095,2026-03-11,مركز الاتصال,تقديم شكوى بسبب تسريب بياناتي الشخصية من قِبل أحد الموظفين، هويتي 1769428382.,معلق,متوسطة
REQ-002096,2026-02-17,البوابة الإلكترونية,سؤال عن خطوات حجز موعد في الفرع.,معلق,متوسطة
REQ-002097,2025-10-07,البريد الإلكتروني,طلب تعديل بيانات الراتب في السجل بسبب خطأ محاسبي، هويتي 1767419029.,منجز,متوسطة
REQ-002098,2025-01-25,تطبيق الجوال,استفسار عن الوثائق المطلوبة لاستخراج وثيقة رسمية.,منجز,منخفضة
REQ-002099,2025-11-12,البريد الإلكتروني,أواجه ضائقة مالية ولا أستطيع سداد المخالفة، حسابي البنكي SA2108474934581538653962.,مفتوح,منخفضة
REQ-002100,2026-06-13,البريد الإلكتروني,استفسار عن قنوات التواصل مع فريق الدعم الفني.,مغلق,عالية
REQ-002101,2026-03-15,الزيارة الميدانية,أعاني من حالة صحية مزمنة وأطلب إعفاءً من الرسوم، رقم هويتي 1391922547.,قيد المعالجة,منخفضة
REQ-002102,2025-03-31,البريد الإلكتروني,أرجو تحديث بياناتي الشخصية، هويتي 1867050336 وجوالي +966503196138.,مغلق,منخفضة
REQ-002103,2025-07-21,مركز الاتصال,طلب معرفة الإجراءات اللازمة لتجديد الترخيص التجاري.,معلق,منخفضة
REQ-002104,2025-01-06,البريد الإلكتروني,سؤال عن مدة معالجة طلبات إصدار الشهادات.,قيد المعالجة,متوسطة
REQ-002105,2026-02-03,مركز الاتصال,استفسار عن الخدمات الرقمية المتاحة على التطبيق الرسمي.,معلق,متوسطة
REQ-002106,2026-03-13,البريد الإلكتروني,استفسار عن الوثائق المطلوبة لاستخراج وثيقة رسمية.,مغلق,عالية
REQ-002107,2025-02-04,البريد الإلكتروني,تقديم طلب لاستثناء خاص نظراً لوجود مرض مزمن مثبت طبياً، جوالي +966569464061.,مفتوح,متوسطة
REQ-002108,2026-01-22,الزيارة الميدانية,طلب إعفاء بسبب ظرف خاص ووضع مالي صعب، يمكن التواصل على +966543792630.,مفتوح,عالية
REQ-002109,2026-03-19,الزيارة الميدانية,سؤال عن كيفية متابعة حالة الطلب المقدم عبر البوابة.,مفتوح,عالية
REQ-002110,2025-02-16,البريد الإلكتروني,شكوى عن بطء الخدمة الإلكترونية في الموقع الرسمي.,معلق,عالية
REQ-002111,2026-03-18,الزيارة الميدانية,أحتاج مساعدة في استرداد مبلغ مالي تم خصمه خطأً من حسابي SA5099896363303976044822.,مغلق,منخفضة
REQ-002112,2025-05-26,البريد الإلكتروني,استفسار عن موعد تجديد رخصة القيادة.,قيد المعالجة,عالية
REQ-002113,2026-05-14,الزيارة الميدانية,سؤال عن كيفية متابعة حالة الطلب المقدم عبر البوابة.,مفتوح,متوسطة
REQ-002114,2025-04-26,البريد الإلكتروني,استفسار عن الخدمات الرقمية المتاحة على التطبيق الرسمي.,قيد المعالجة,متوسطة
REQ-002115,2026-04-19,الزيارة الميدانية,استفسار عن خطوات الاعتراض على قرار إداري.,منجز,متوسطة
REQ-002116,2025-10-18,البوابة الإلكترونية,سؤال عن مدة معالجة طلبات إصدار الشهادات.,مغلق,متوسطة
REQ-002117,2025-06-27,تطبيق الجوال,أرجو تحديث بياناتي الشخصية، هويتي 1598044772 وجوالي +966517403825.,قيد المعالجة,متوسطة
REQ-002118,2025-01-04,مركز الاتصال,استفسار عن موعد تجديد رخصة القيادة.,مفتوح,منخفضة
REQ-002119,2025-05-15,البريد الإلكتروني,أعاني من حالة صحية مزمنة وأطلب إعفاءً من الرسوم، رقم هويتي 1182229037.,قيد المعالجة,عالية
REQ-002120,2024-12-18,البريد الإلكتروني,طلب الحصول على شهادة من الجهة تثبت تسجيل المنشأة.,قيد المعالجة,عالية
REQ-002121,2025-05-09,البوابة الإلكترونية,أريد الاستعلام عن دعم الضمان الاجتماعي بناءً على وضعي المالي، جوالي +966597274186.,منجز,عالية
REQ-002122,2025-08-16,البوابة الإلكترونية,اقتراح بتحسين تجربة الموقع الإلكتروني.,قيد المعالجة,متوسطة
REQ-002123,2026-01-17,مركز الاتصال,طلب تعديل بيانات الراتب في السجل بسبب خطأ محاسبي، هويتي 1201735675.,مفتوح,منخفضة
REQ-002124,2026-06-17,الزيارة الميدانية,شكوى عن صعوبة التنقل بين صفحات الموقع الرسمي.,مفتوح,منخفضة
REQ-002125,2025-04-26,البوابة الإلكترونية,استفسار عن قنوات التواصل مع فريق الدعم الفني.,منجز,متوسطة
REQ-002126,2025-07-10,البريد الإلكتروني,اقتراح إضافة خدمة الدفع الإلكتروني لتسهيل المعاملات.,مغلق,متوسطة
REQ-002127,2026-01-30,تطبيق الجوال,شكوى عن بطء الخدمة الإلكترونية في الموقع الرسمي.,معلق,عالية
REQ-002128,2026-06-07,الزيارة الميدانية,طلب تحديث رقم الجوال المسجل في الأنظمة.,معلق,متوسطة
REQ-002129,2025-05-01,البوابة الإلكترونية,تقديم شكوى بسبب تسريب بياناتي الشخصية من قِبل أحد الموظفين، هويتي 1940820093.,مفتوح,منخفضة
REQ-002130,2026-03-31,البريد الإلكتروني,شكوى ضد موظف مع إرفاق اسمي الكامل ورقم هويتي 1993882784.,معلق,متوسطة
REQ-002131,2025-12-02,البوابة الإلكترونية,اقتراح بتحسين تجربة الموقع الإلكتروني.,منجز,منخفضة
REQ-002132,2026-06-11,تطبيق الجوال,طلب نسخة إلكترونية من شهادة إتمام معاملة.,مفتوح,متوسطة
REQ-002133,2025-11-01,البوابة الإلكترونية,اقتراح تفعيل خاصية الإشعارات الفورية للمعاملات.,مغلق,عالية
REQ-002134,2025-06-26,تطبيق الجوال,طلب الحصول على شهادة من الجهة تثبت تسجيل المنشأة.,معلق,متوسطة
REQ-002135,2026-03-31,البريد الإلكتروني,أستفسر عن كيفية اسـترداد دعم الإيجار، رقم هويتي الوطنية 1723268114.,مغلق,منخفضة
REQ-002136,2025-08-29,البريد الإلكتروني,اقتراح بتحسين تجربة الموقع الإلكتروني.,منجز,عالية
REQ-002137,2025-12-25,الزيارة الميدانية,طلب توضيح حول رسوم الخدمة المعلنة.,مفتوح,متوسطة
REQ-002138,2025-01-06,تطبيق الجوال,طلب تقرير طبي يخص ابني القاصر لاستكمال المعاملة، هويتي 1428024218.,معلق,عالية
REQ-002139,2026-01-02,البريد الإلكتروني,طلب نموذج تفويض موقع لإنجاز المعاملات نيابةً.,مفتوح,متوسطة
REQ-002140,2025-04-30,تطبيق الجوال,استفسار عن الوثائق المطلوبة لاستخراج وثيقة رسمية.,مغلق,متوسطة
REQ-002141,2025-11-12,البريد الإلكتروني,طلب معرفة الإجراءات اللازمة لتجديد الترخيص التجاري.,مفتوح,منخفضة
REQ-002142,2025-11-06,الزيارة الميدانية,شكوى عن بطء الخدمة الإلكترونية في الموقع الرسمي.,معلق,متوسطة
REQ-002143,2025-10-05,الزيارة الميدانية,استفسار عن الخدمات الرقمية المتاحة على التطبيق الرسمي.,منجز,متوسطة
REQ-002144,2025-01-19,الزيارة الميدانية,طلب دليل المستخدم الخاص بمنظومة الخدمات الإلكترونية.,قيد المعالجة,منخفضة
REQ-002145,2025-12-03,تطبيق الجوال,أعاني من حالة صحية مزمنة وأطلب إعفاءً من الرسوم، رقم هويتي 1649958228.,منجز,منخفضة
REQ-002146,2025-10-15,تطبيق الجوال,طلب إرشادات للتسجيل في بوابة الخدمات الحكومية.,قيد المعالجة,متوسطة
REQ-002147,2025-11-25,مركز الاتصال,الاستعلام عن طلب دعم السكن المقدم منذ فترة، هويتي 1962138473.,معلق,منخفضة
REQ-002148,2026-02-26,البوابة الإلكترونية,طلب إعفاء بسبب ظرف خاص ووضع مالي صعب، يمكن التواصل على +966506309988.,معلق,متوسطة
REQ-002149,2026-05-05,مركز الاتصال,أواجه ضائقة مالية ولا أستطيع سداد المخالفة، حسابي البنكي SA7416496410380610114267.,مغلق,متوسطة
REQ-002150,2026-06-05,البوابة الإلكترونية,سؤال عن كيفية متابعة حالة الطلب المقدم عبر البوابة.,منجز,عالية
REQ-002151,2025-08-27,تطبيق الجوال,أرجو تحديث بياناتي الشخصية، هويتي 1791352998 وجوالي +966515501223.,مفتوح,عالية
REQ-002152,2026-06-10,البوابة الإلكترونية,تقديم طلب لاستثناء خاص نظراً لوجود مرض مزمن مثبت طبياً، جوالي +966572039119.,معلق,منخفضة
REQ-002153,2026-02-02,الزيارة الميدانية,طلب تصحيح بيانات الاستقطاعات من الراتب الأساسي SA9000091358735218284704.,قيد المعالجة,منخفضة
REQ-002154,2025-09-26,تطبيق الجوال,شكوى عن بطء الخدمة الإلكترونية في الموقع الرسمي.,مفتوح,منخفضة
REQ-002155,2025-09-20,الزيارة الميدانية,أرجو تحديث بياناتي الشخصية، هويتي 1710211655 وجوالي +966515910910.,معلق,عالية
REQ-002156,2025-01-22,مركز الاتصال,طلب تصحيح بيانات الاستقطاعات من الراتب الأساسي SA9723942995465571254036.,معلق,عالية
REQ-002157,2025-12-01,البوابة الإلكترونية,أرغب في الاستفسار عن ملفي الصحي، رقم السجل الطبي الخاص بي 1674220437.,معلق,متوسطة
REQ-002158,2025-12-23,مركز الاتصال,طلب الحصول على شهادة من الجهة تثبت تسجيل المنشأة.,معلق,منخفضة
REQ-002159,2025-11-01,تطبيق الجوال,سؤال عن كيفية متابعة حالة الطلب المقدم عبر البوابة.,قيد المعالجة,متوسطة
REQ-002160,2025-12-30,الزيارة الميدانية,طلب نسخة من نظام الاستئناف المتاح للمستفيدين.,معلق,متوسطة
REQ-002161,2025-03-30,الزيارة الميدانية,,مفتوح,منخفضة
REQ-002162,2025-02-07,الزيارة الميدانية,أستفسر عن كيفية اسـترداد دعم الإيجار، رقم هويتي الوطنية 1435991599.,قيد المعالجة,متوسطة
REQ-002163,2025-01-01,البوابة الإلكترونية,استفسار عن خطوات الاعتراض على قرار إداري.,مغلق,متوسطة
REQ-002164,2025-09-04,تطبيق الجوال,طلب إنهاء إجراءات الحصول على معاش التقاعد المبكر، هويتي 1681388367.,معلق,منخفضة
REQ-002165,2025-11-07,تطبيق الجوال,تقديم شكوى بسبب تسريب بياناتي الشخصية من قِبل أحد الموظفين، هويتي 1890617812.,معلق,عالية
REQ-002166,2026-02-21,تطبيق الجوال,تقديم شكوى بسبب تسريب بياناتي الشخصية من قِبل أحد الموظفين، هويتي 1184032421.,مفتوح,منخفضة
REQ-002167,2025-08-10,البوابة الإلكترونية,اقتراح بتحسين تجربة الموقع الإلكتروني.,مفتوح,منخفضة
REQ-002168,2026-01-16,الزيارة الميدانية,تقديم شكوى بسبب تسريب بياناتي الشخصية من قِبل أحد الموظفين، هويتي 1777731827.,قيد المعالجة,عالية
REQ-002169,2025-01-08,البريد الإلكتروني,طلب تصحيح بيانات الاستقطاعات من الراتب الأساسي SA6790038826984905818547.,مفتوح,متوسطة
REQ-002170,2025-08-26,مركز الاتصال,تقديم شكوى بسبب تسريب بياناتي الشخصية من قِبل أحد الموظفين، هويتي 1426016091.,معلق,عالية
REQ-002171,2025-03-01,مركز الاتصال,استفسار عن قنوات التواصل مع فريق الدعم الفني.,قيد المعالجة,عالية
REQ-002172,2025-09-01,الزيارة الميدانية,طلب تحديث رقم الجوال المسجل في الأنظمة.,مفتوح,منخفضة
REQ-002173,2025-11-06,الزيارة الميدانية,شكوى عن صعوبة التنقل بين صفحات الموقع الرسمي.,معلق,عالية
REQ-002174,2025-06-11,البريد الإلكتروني,أستفسر عن كيفية اسـترداد دعم الإيجار، رقم هويتي الوطنية 1224007037.,منجز,متوسطة
REQ-002175,2025-04-14,البريد الإلكتروني,طلب تصحيح بيانات الاستقطاعات من الراتب الأساسي SA5040424053262107113028.,قيد المعالجة,عالية
REQ-002176,2026-02-07,مركز الاتصال,اقتراح بتحسين تجربة الموقع الإلكتروني.,منجز,منخفضة
REQ-002177,2026-02-05,البوابة الإلكترونية,الاستعلام عن طلب دعم السكن المقدم منذ فترة، هويتي 1320496399.,معلق,منخفضة
REQ-002178,2025-03-08,البوابة الإلكترونية,طلب معلومات عن الخدمات المتاحة للمقيمين.,مغلق,متوسطة
REQ-002179,2025-09-09,البريد الإلكتروني,أريد الاستعلام عن دعم الضمان الاجتماعي بناءً على وضعي المالي، جوالي +966595573040.,قيد المعالجة,منخفضة
REQ-002180,2026-06-01,تطبيق الجوال,أحتاج مساعدة في استرداد مبلغ مالي تم خصمه خطأً من حسابي SA6862308658511436016375.,معلق,متوسطة
REQ-002181,2026-05-01,الزيارة الميدانية,أريد الاستعلام عن دعم الضمان الاجتماعي بناءً على وضعي المالي، جوالي +966553872675.,قيد المعالجة,متوسطة
REQ-002182,2026-04-15,تطبيق الجوال,أحتاج مساعدة في استرداد مبلغ مالي تم خصمه خطأً من حسابي SA4229004447914003917812.,معلق,عالية
REQ-002183,2025-09-03,مركز الاتصال,طلب منح بطاقة ذوي الإعاقة لطفلي، رقم ولايتي 1468583040.,قيد المعالجة,منخفضة
REQ-002184,2025-06-28,تطبيق الجوال,أعاني من حالة صحية مزمنة وأطلب إعفاءً من الرسوم، رقم هويتي 1752945574.,معلق,متوسطة
REQ-002185,2025-12-25,البوابة الإلكترونية,طلب توضيح حول رسوم الخدمة المعلنة.,معلق,متوسطة
REQ-002186,2026-02-16,الزيارة الميدانية,استفسار عن الخدمات الرقمية المتاحة على التطبيق الرسمي.,قيد المعالجة,منخفضة
REQ-002187,2025-04-19,البوابة الإلكترونية,استفسار عن الوثائق المطلوبة لاستخراج وثيقة رسمية.,منجز,متوسطة
REQ-002188,2025-02-27,البريد الإلكتروني,طلب تصحيح بيانات الاستقطاعات من الراتب الأساسي SA8400415688284081767562.,مغلق,متوسطة
REQ-002189,2025-04-25,مركز الاتصال,استفسار عن الخدمات الرقمية المتاحة على التطبيق الرسمي.,مغلق,عالية
REQ-002190,2024-12-27,البريد الإلكتروني,طلب توضيح حول رسوم الخدمة المعلنة.,قيد المعالجة,عالية
REQ-002191,2026-06-11,تطبيق الجوال,طلب الحصول على شهادة من الجهة تثبت تسجيل المنشأة.,منجز,متوسطة
REQ-002192,2025-03-04,البوابة الإلكترونية,استفسار عن الوثائق المطلوبة لاستخراج وثيقة رسمية.,مفتوح,عالية
REQ-002193,2025-02-06,البريد الإلكتروني,استفسار عن أوقات العمل الرسمية للفرع.,معلق,عالية
REQ-002194,2025-11-19,مركز الاتصال,طلب تحديث رقم الجوال المسجل في الأنظمة.,منجز,عالية
REQ-002195,2026-03-28,الزيارة الميدانية,طلب إرشادات للتسجيل في بوابة الخدمات الحكومية.,مغلق,عالية
REQ-002196,2026-05-08,مركز الاتصال,طلب دليل المستخدم الخاص بمنظومة الخدمات الإلكترونية.,مفتوح,متوسطة
REQ-002197,2025-11-06,الزيارة الميدانية,استفسار عن أوقات العمل الرسمية للفرع.,مفتوح,متوسطة
REQ-002198,2025-11-26,الزيارة الميدانية,سؤال عن خطوات حجز موعد في الفرع.,مغلق,عالية
REQ-002199,2025-04-10,البوابة الإلكترونية,طلب منح بطاقة ذوي الإعاقة لطفلي، رقم ولايتي 1981573924.,منجز,منخفضة
REQ-002200,2025-10-18,الزيارة الميدانية,استفسار عن إمكانية تحديث بيانات التواصل بشكل إلكتروني.,مغلق,منخفضة
REQ-002201,2026-05-29,مركز الاتصال,استفسار عن الوثائق المطلوبة لاستخراج وثيقة رسمية.,معلق,منخفضة
REQ-002202,2025-10-15,الزيارة الميدانية,سؤال عن كيفية متابعة حالة الطلب المقدم عبر البوابة.,معلق,متوسطة
REQ-002203,2025-12-13,الزيارة الميدانية,الاستعلام عن طلب دعم السكن المقدم منذ فترة، هويتي 1805440748.,منجز,عالية
REQ-002204,2026-06-20,الزيارة الميدانية,استفسار عن موعد تجديد رخصة القيادة.,منجز,منخفضة
REQ-002205,2026-05-24,البوابة الإلكترونية,شكوى عن بطء الخدمة الإلكترونية في الموقع الرسمي.,معلق,عالية
REQ-002206,2025-06-18,مركز الاتصال,استفسار عن الخدمات الرقمية المتاحة على التطبيق الرسمي.,قيد المعالجة,منخفضة
REQ-002207,2025-10-20,مركز الاتصال,شكوى بخصوص فاتورة خاطئة تجاوزت راتبي الشهري، رقم الحساب SA0374274515771402897219.,قيد المعالجة,منخفضة
REQ-002208,2026-03-06,تطبيق الجوال,طلب نسخة إلكترونية من شهادة إتمام معاملة.,مغلق,متوسطة
REQ-002209,2025-04-01,تطبيق الجوال,طلب صرف تعويض بسبب حادثة عمل ولديّ تقرير طبي، يمكن مراسلتي على +966515426995.,معلق,عالية
REQ-002210,2025-01-20,مركز الاتصال,أعاني من حالة صحية مزمنة وأطلب إعفاءً من الرسوم، رقم هويتي 1040537605.,مفتوح,متوسطة
REQ-002211,2024-12-30,تطبيق الجوال,طلب إرشادات للتسجيل في بوابة الخدمات الحكومية.,مغلق,منخفضة
REQ-002212,2026-01-29,تطبيق الجوال,أرجو تحديث بياناتي الشخصية، هويتي 1292705934 وجوالي +966527254125.,مفتوح,منخفضة
REQ-002213,2026-05-14,مركز الاتصال,سؤال عن كيفية متابعة حالة الطلب المقدم عبر البوابة.,مفتوح,منخفضة
REQ-002214,2025-03-08,مركز الاتصال,طلب تعديل بيانات الراتب في السجل بسبب خطأ محاسبي، هويتي 1418040893.,مفتوح,متوسطة
REQ-002215,2026-05-05,الزيارة الميدانية,طلب الحصول على شهادة من الجهة تثبت تسجيل المنشأة.,منجز,عالية
REQ-002216,2025-12-06,مركز الاتصال,استفسار عن الخدمات الرقمية المتاحة على التطبيق الرسمي.,منجز,منخفضة
REQ-002217,2025-02-13,تطبيق الجوال,سؤال عن خطوات حجز موعد في الفرع.,قيد المعالجة,متوسطة
REQ-002218,2026-05-12,مركز الاتصال,شكوى ضد موظف مع إرفاق اسمي الكامل ورقم هويتي 1361944026.,معلق,عالية
REQ-002219,2026-04-28,مركز الاتصال,طلب إعفاء بسبب ظرف خاص ووضع مالي صعب، يمكن التواصل على +966533249518.,مفتوح,متوسطة
REQ-002220,2025-04-15,البريد الإلكتروني,طلب نموذج تفويض موقع لإنجاز المعاملات نيابةً.,مفتوح,متوسطة
REQ-002221,2026-01-26,الزيارة الميدانية,طلب منح بطاقة ذوي الإعاقة لطفلي، رقم ولايتي 1380576122.,مغلق,متوسطة
REQ-002222,2025-02-23,البريد الإلكتروني,طلب توضيح حول رسوم الخدمة المعلنة.,قيد المعالجة,منخفضة
REQ-002223,2026-01-12,البوابة الإلكترونية,طلب إعفاء بسبب ظرف خاص ووضع مالي صعب، يمكن التواصل على +966594605136.,منجز,متوسطة
REQ-002224,2025-07-17,تطبيق الجوال,طلب نموذج تفويض موقع لإنجاز المعاملات نيابةً.,منجز,عالية
REQ-002225,2025-07-31,الزيارة الميدانية,الاستعلام عن طلب دعم السكن المقدم منذ فترة، هويتي 1160315709.,معلق,متوسطة
REQ-002226,2025-08-25,البريد الإلكتروني,طلب نسخة من نظام الاستئناف المتاح للمستفيدين.,منجز,عالية
REQ-002227,2025-04-23,البريد الإلكتروني,استفسار عن إمكانية تحديث بيانات التواصل بشكل إلكتروني.,قيد المعالجة,متوسطة
REQ-002228,2025-09-04,البوابة الإلكترونية,طلب صرف تعويض بسبب حادثة عمل ولديّ تقرير طبي، يمكن مراسلتي على +966508256331.,مغلق,منخفضة
REQ-002229,2025-05-27,الزيارة الميدانية,استفسار عن موعد تجديد رخصة القيادة.,مغلق,عالية
REQ-002230,2025-05-13,البريد الإلكتروني,أواجه ضائقة مالية ولا أستطيع سداد المخالفة، حسابي البنكي SA4058550003735742631892.,مفتوح,منخفضة
REQ-002231,2026-03-31,مركز الاتصال,أستفسر عن كيفية اسـترداد دعم الإيجار، رقم هويتي الوطنية 1289634030.,معلق,عالية
REQ-002232,2025-11-16,الزيارة الميدانية,طلب نسخة من نظام الاستئناف المتاح للمستفيدين.,منجز,عالية
REQ-002233,2026-06-18,تطبيق الجوال,طلب نموذج تفويض موقع لإنجاز المعاملات نيابةً.,معلق,متوسطة
REQ-002234,2026-02-15,تطبيق الجوال,استفسار عن إمكانية تحديث بيانات التواصل بشكل إلكتروني.,معلق,متوسطة
REQ-002235,2026-06-18,البوابة الإلكترونية,طلب تحديث رقم الجوال المسجل في الأنظمة.,قيد المعالجة,متوسطة
REQ-002236,2026-02-28,البوابة الإلكترونية,أعاني من حالة صحية مزمنة وأطلب إعفاءً من الرسوم، رقم هويتي 1799154404.,مفتوح,متوسطة
REQ-002237,2025-01-15,البريد الإلكتروني,استفسار عن أوقات العمل الرسمية للفرع.,قيد المعالجة,متوسطة
REQ-002238,2025-07-30,الزيارة الميدانية,طلب معرفة الإجراءات اللازمة لتجديد الترخيص التجاري.,قيد المعالجة,منخفضة
REQ-002239,2026-06-12,مركز الاتصال,طلب نموذج تفويض موقع لإنجاز المعاملات نيابةً.,قيد المعالجة,عالية
REQ-002240,2026-05-16,البريد الإلكتروني,طلب الحصول على شهادة من الجهة تثبت تسجيل المنشأة.,قيد المعالجة,منخفضة
REQ-002241,2025-12-23,الزيارة الميدانية,أعاني من حالة صحية مزمنة وأطلب إعفاءً من الرسوم، رقم هويتي 1052544473.,منجز,عالية
REQ-002242,2025-09-02,البريد الإلكتروني,استفسار عن أوقات العمل الرسمية للفرع.,مغلق,عالية
REQ-002243,2025-02-09,مركز الاتصال,شكوى بخصوص فاتورة خاطئة تجاوزت راتبي الشهري، رقم الحساب SA8576613981137706107550.,مغلق,عالية
REQ-002244,2026-05-28,تطبيق الجوال,طلب إعفاء بسبب ظرف خاص ووضع مالي صعب، يمكن التواصل على +966567561126.,مغلق,عالية
REQ-002245,2025-04-29,البريد الإلكتروني,طلب نسخة إلكترونية من شهادة إتمام معاملة.,قيد المعالجة,منخفضة
REQ-002246,2026-03-20,تطبيق الجوال,أرغب في الاستفسار عن ملفي الصحي، رقم السجل الطبي الخاص بي 1714378088.,منجز,متوسطة
REQ-002247,2025-08-17,الزيارة الميدانية,أحتاج مساعدة في استرداد مبلغ مالي تم خصمه خطأً من حسابي SA4818445887651136402039.,منجز,منخفضة
REQ-002248,2025-11-11,مركز الاتصال,طلب نسخة من نظام الاستئناف المتاح للمستفيدين.,منجز,متوسطة
REQ-002249,2026-02-12,الزيارة الميدانية,طلب منح بطاقة ذوي الإعاقة لطفلي، رقم ولايتي 1547831022.,مغلق,متوسطة
REQ-002250,2025-01-17,البريد الإلكتروني,الاستعلام عن طلب دعم السكن المقدم منذ فترة، هويتي 1072790098.,قيد المعالجة,عالية
REQ-002251,2025-11-22,البريد الإلكتروني,اقتراح بتحسين تجربة الموقع الإلكتروني.,قيد المعالجة,متوسطة
REQ-002252,2025-12-10,تطبيق الجوال,طلب منح بطاقة ذوي الإعاقة لطفلي، رقم ولايتي 1307503829.,مفتوح,عالية
REQ-002253,2026-06-14,تطبيق الجوال,طلب تحديث رقم الجوال المسجل في الأنظمة.,مغلق,منخفضة
REQ-002254,2025-12-21,البريد الإلكتروني,تقديم طلب لاستثناء خاص نظراً لوجود مرض مزمن مثبت طبياً، جوالي +966529149965.,مفتوح,منخفضة
REQ-002255,2026-01-20,البوابة الإلكترونية,الرجاء مراجعة ملف طعني لأنني معاق ويصعب عليّ الحضور الشخصي، هويتي 1083333672.,منجز,عالية
REQ-002256,2025-03-07,الزيارة الميدانية,شكوى عن بطء الخدمة الإلكترونية في الموقع الرسمي.,قيد المعالجة,متوسطة
REQ-002257,2025-06-08,تطبيق الجوال,سؤال عن خطوات حجز موعد في الفرع.,معلق,منخفضة
REQ-002258,2026-06-10,مركز الاتصال,شكوى ضد موظف مع إرفاق اسمي الكامل ورقم هويتي 1310165335.,قيد المعالجة,متوسطة
REQ-002259,2025-04-24,البريد الإلكتروني,اقتراح بتحسين تجربة الموقع الإلكتروني.,مغلق,عالية
REQ-002260,2026-04-18,الزيارة الميدانية,طلب توضيح حول رسوم الخدمة المعلنة.,معلق,متوسطة
REQ-002261,2025-12-21,تطبيق الجوال,أواجه ضائقة مالية ولا أستطيع سداد المخالفة، حسابي البنكي SA4906461923556094923107.,معلق,متوسطة
REQ-002262,2026-05-24,الزيارة الميدانية,الاستعلام عن طلب دعم السكن المقدم منذ فترة، هويتي 1923058729.,قيد المعالجة,متوسطة
REQ-002263,2025-08-11,الزيارة الميدانية,طلب نسخة من نظام الاستئناف المتاح للمستفيدين.,مفتوح,عالية
REQ-002264,2025-05-26,مركز الاتصال,استفسار عن أوقات العمل الرسمية للفرع.,مفتوح,متوسطة
REQ-002265,2025-02-14,البوابة الإلكترونية,طلب نسخة من نظام الاستئناف المتاح للمستفيدين.,معلق,متوسطة
REQ-002266,2026-06-13,البوابة الإلكترونية,اقتراح تفعيل خاصية الإشعارات الفورية للمعاملات.,مفتوح,عالية
REQ-002267,2025-08-24,مركز الاتصال,طلب معرفة الإجراءات اللازمة لتجديد الترخيص التجاري.,مفتوح,متوسطة
REQ-002268,2026-04-27,تطبيق الجوال,شكوى عن صعوبة التنقل بين صفحات الموقع الرسمي.,معلق,عالية
REQ-002269,2026-05-15,البريد الإلكتروني,أستفسر عن كيفية اسـترداد دعم الإيجار، رقم هويتي الوطنية 1455321438.,منجز,متوسطة
REQ-002270,2025-02-15,البريد الإلكتروني,سؤال عن خطوات حجز موعد في الفرع.,مغلق,منخفضة
REQ-002271,2024-12-20,تطبيق الجوال,طلب نسخة من نظام الاستئناف المتاح للمستفيدين.,مفتوح,عالية
REQ-002272,2025-08-27,البوابة الإلكترونية,شكوى بخصوص فاتورة خاطئة تجاوزت راتبي الشهري، رقم الحساب SA9006647534701282746030.,قيد المعالجة,منخفضة
REQ-002273,2026-05-22,الزيارة الميدانية,اقتراح إضافة خدمة الدفع الإلكتروني لتسهيل المعاملات.,مغلق,منخفضة
REQ-002274,2025-01-18,البوابة الإلكترونية,أحتاج مساعدة في استرداد مبلغ مالي تم خصمه خطأً من حسابي SA2487395548256123596248.,معلق,منخفضة
REQ-002275,2025-01-30,البريد الإلكتروني,استفسار عن خطوات الاعتراض على قرار إداري.,معلق,متوسطة
REQ-002276,2026-01-18,مركز الاتصال,طلب معلومات عن الخدمات المتاحة للمقيمين.,مفتوح,منخفضة
REQ-002277,2025-01-25,تطبيق الجوال,أريد الاستعلام عن دعم الضمان الاجتماعي بناءً على وضعي المالي، جوالي +966579104485.,مغلق,عالية
REQ-002278,2026-02-03,البريد الإلكتروني,اقتراح إضافة خدمة الدفع الإلكتروني لتسهيل المعاملات.,معلق,متوسطة
REQ-002279,2025-01-01,البريد الإلكتروني,طلب إعفاء بسبب ظرف خاص ووضع مالي صعب، يمكن التواصل على +966503618785.,قيد المعالجة,عالية
REQ-002280,2024-12-23,تطبيق الجوال,طلب إنهاء إجراءات الحصول على معاش التقاعد المبكر، هويتي 1370566828.,مفتوح,متوسطة
REQ-002281,2025-05-13,البريد الإلكتروني,طلب تحديث رقم الجوال المسجل في الأنظمة.,قيد المعالجة,منخفضة
REQ-002282,2026-05-21,تطبيق الجوال,أرجو تحديث بياناتي الشخصية، هويتي 1931408114 وجوالي +966508768261.,معلق,عالية
REQ-002283,2026-05-21,البريد الإلكتروني,طلب منح بطاقة ذوي الإعاقة لطفلي، رقم ولايتي 1166196848.,مغلق,عالية
REQ-002284,2025-03-24,البريد الإلكتروني,طلب دليل المستخدم الخاص بمنظومة الخدمات الإلكترونية.,مفتوح,منخفضة
REQ-002285,2024-12-21,تطبيق الجوال,أواجه ضائقة مالية ولا أستطيع سداد المخالفة، حسابي البنكي SA0577053532027802319495.,مغلق,متوسطة
REQ-002286,2025-05-03,تطبيق الجوال,أواجه ضائقة مالية ولا أستطيع سداد المخالفة، حسابي البنكي SA5709128556991508323134.,مفتوح,عالية
REQ-002287,2025-04-08,تطبيق الجوال,طلب صرف تعويض بسبب حادثة عمل ولديّ تقرير طبي، يمكن مراسلتي على +966594152030.,مغلق,متوسطة
REQ-002288,2025-04-05,مركز الاتصال,طلب تقرير طبي يخص ابني القاصر لاستكمال المعاملة، هويتي 1641689326.,معلق,متوسطة
REQ-002289,2025-07-30,تطبيق الجوال,طلب صرف تعويض بسبب حادثة عمل ولديّ تقرير طبي، يمكن مراسلتي على +966556171761.,مغلق,منخفضة
REQ-002290,2025-03-08,الزيارة الميدانية,شكوى بخصوص فاتورة خاطئة تجاوزت راتبي الشهري، رقم الحساب SA0324104563867096491519.,مغلق,منخفضة
REQ-002291,2025-05-11,مركز الاتصال,شكوى ضد موظف مع إرفاق اسمي الكامل ورقم هويتي 1191787165.,منجز,عالية
REQ-002292,2026-02-24,الزيارة الميدانية,طلب نسخة إلكترونية من شهادة إتمام معاملة.,معلق,منخفضة
REQ-002293,2025-02-01,تطبيق الجوال,شكوى عن صعوبة التنقل بين صفحات الموقع الرسمي.,قيد المعالجة,منخفضة
REQ-002294,2025-08-26,مركز الاتصال,شكوى عن بطء الخدمة الإلكترونية في الموقع الرسمي.,معلق,عالية
REQ-002295,2026-03-03,مركز الاتصال,شكوى عن صعوبة التنقل بين صفحات الموقع الرسمي.,قيد المعالجة,عالية
REQ-002296,2025-08-13,تطبيق الجوال,الاستعلام عن طلب دعم السكن المقدم منذ فترة، هويتي 1739640538.,مغلق,متوسطة
REQ-002297,2026-02-11,البوابة الإلكترونية,أعاني من حالة صحية مزمنة وأطلب إعفاءً من الرسوم، رقم هويتي 1102174594.,معلق,متوسطة
REQ-002298,2026-05-17,تطبيق الجوال,أرجو تحديث بياناتي الشخصية، هويتي 1785113141 وجوالي +966597558599.,مغلق,عالية
REQ-002299,2025-05-15,تطبيق الجوال,الاستعلام عن طلب دعم السكن المقدم منذ فترة، هويتي 1314672070.,معلق,متوسطة
REQ-002300,2024-12-29,الزيارة الميدانية,طلب معلومات عن الخدمات المتاحة للمقيمين.,منجز,متوسطة
REQ-002301,2026-05-22,البريد الإلكتروني,طلب معلومات عن الخدمات المتاحة للمقيمين.,معلق,منخفضة
REQ-002302,2025-02-20,مركز الاتصال,استفسار عن خطوات الاعتراض على قرار إداري.,منجز,متوسطة
REQ-002303,2025-03-14,البوابة الإلكترونية,طلب توضيح حول رسوم الخدمة المعلنة.,منجز,عالية
REQ-002304,2025-06-21,مركز الاتصال,اقتراح إضافة خدمة الدفع الإلكتروني لتسهيل المعاملات.,مفتوح,متوسطة
REQ-002305,2024-12-29,البريد الإلكتروني,طلب توضيح حول رسوم الخدمة المعلنة.,مفتوح,عالية
REQ-002306,2026-03-15,تطبيق الجوال,اقتراح إضافة خدمة الدفع الإلكتروني لتسهيل المعاملات.,مغلق,متوسطة
REQ-002307,2026-03-02,البوابة الإلكترونية,استفسار عن أوقات العمل الرسمية للفرع.,معلق,منخفضة
REQ-002308,2025-04-16,تطبيق الجوال,طلب تصحيح بيانات الاستقطاعات من الراتب الأساسي SA1778735100092153363049.,معلق,عالية
REQ-002309,2025-06-01,البريد الإلكتروني,الرجاء مراجعة ملف طعني لأنني معاق ويصعب عليّ الحضور الشخصي، هويتي 1297622878.,منجز,متوسطة
REQ-002310,2026-05-23,الزيارة الميدانية,الرجاء مراجعة ملف طعني لأنني معاق ويصعب عليّ الحضور الشخصي، هويتي 1854997408.,معلق,منخفضة
REQ-002311,2025-10-16,البريد الإلكتروني,طلب نسخة إلكترونية من شهادة إتمام معاملة.,مغلق,منخفضة
REQ-002312,2025-07-14,تطبيق الجوال,استفسار عن قنوات التواصل مع فريق الدعم الفني.,معلق,منخفضة
REQ-002313,2026-03-02,الزيارة الميدانية,طلب معرفة الإجراءات اللازمة لتجديد الترخيص التجاري.,منجز,متوسطة
REQ-002314,2026-06-10,البريد الإلكتروني,شكوى عن بطء الخدمة الإلكترونية في الموقع الرسمي.,معلق,منخفضة
REQ-002315,2025-11-17,البريد الإلكتروني,أرغب في الاستفسار عن ملفي الصحي، رقم السجل الطبي الخاص بي 1471047066.,مفتوح,متوسطة
REQ-002316,2026-06-17,الزيارة الميدانية,استفسار عن أوقات العمل الرسمية للفرع.,معلق,متوسطة
REQ-002317,2025-04-03,البريد الإلكتروني,طلب دليل المستخدم الخاص بمنظومة الخدمات الإلكترونية.,معلق,منخفضة
REQ-002318,2026-05-04,الزيارة الميدانية,الرجاء مراجعة ملف طعني لأنني معاق ويصعب عليّ الحضور الشخصي، هويتي 1106274572.,قيد المعالجة,متوسطة
REQ-002319,2026-01-25,الزيارة الميدانية,أريد الاستعلام عن دعم الضمان الاجتماعي بناءً على وضعي المالي، جوالي +966580882585.,معلق,عالية
REQ-002320,2026-02-16,تطبيق الجوال,طلب تصحيح بيانات الاستقطاعات من الراتب الأساسي SA9581546824156148051312.,قيد المعالجة,منخفضة
REQ-002321,2025-10-09,الزيارة الميدانية,اقتراح بتحسين تجربة الموقع الإلكتروني.,مفتوح,منخفضة
REQ-002322,2025-08-21,مركز الاتصال,طلب نسخة إلكترونية من شهادة إتمام معاملة.,مفتوح,عالية
REQ-002323,2025-12-17,تطبيق الجوال,أرجو تحديث بياناتي الشخصية، هويتي 1074667831 وجوالي +966574050479.,قيد المعالجة,عالية
REQ-002324,2025-02-14,تطبيق الجوال,سؤال عن مدة معالجة طلبات إصدار الشهادات.,قيد المعالجة,عالية
REQ-002325,2025-12-20,البريد الإلكتروني,طلب صرف تعويض بسبب حادثة عمل ولديّ تقرير طبي، يمكن مراسلتي على +966510717093.,قيد المعالجة,منخفضة
REQ-002326,2025-07-28,تطبيق الجوال,أرغب في الاستفسار عن ملفي الصحي، رقم السجل الطبي الخاص بي 1666120769.,مغلق,منخفضة
REQ-002327,2025-09-27,البوابة الإلكترونية,طلب معرفة الإجراءات اللازمة لتجديد الترخيص التجاري.,قيد المعالجة,منخفضة
REQ-002328,2026-05-22,البوابة الإلكترونية,أستفسر عن كيفية اسـترداد دعم الإيجار، رقم هويتي الوطنية 1146069446.,مغلق,منخفضة
REQ-002329,2026-02-25,تطبيق الجوال,الرجاء مراجعة ملف طعني لأنني معاق ويصعب عليّ الحضور الشخصي، هويتي 1798030662.,قيد المعالجة,عالية
REQ-002330,2025-02-06,مركز الاتصال,اقتراح بتحسين تجربة الموقع الإلكتروني.,مفتوح,متوسطة
REQ-002331,2025-02-26,البريد الإلكتروني,استفسار عن قنوات التواصل مع فريق الدعم الفني.,قيد المعالجة,منخفضة
REQ-002332,2025-10-11,الزيارة الميدانية,أستفسر عن كيفية اسـترداد دعم الإيجار، رقم هويتي الوطنية 1074019074.,مغلق,عالية
REQ-002333,2025-09-17,الزيارة الميدانية,استفسار عن الوثائق المطلوبة لاستخراج وثيقة رسمية.,معلق,منخفضة
REQ-002334,2025-12-19,تطبيق الجوال,اقتراح إضافة خدمة الدفع الإلكتروني لتسهيل المعاملات.,منجز,متوسطة
REQ-002335,2025-09-27,الزيارة الميدانية,أعاني من حالة صحية مزمنة وأطلب إعفاءً من الرسوم، رقم هويتي 1883507996.,معلق,عالية
REQ-002336,2026-05-14,تطبيق الجوال,استفسار عن الخدمات الرقمية المتاحة على التطبيق الرسمي.,قيد المعالجة,منخفضة
REQ-002337,2025-06-17,الزيارة الميدانية,الرجاء مراجعة ملف طعني لأنني معاق ويصعب عليّ الحضور الشخصي، هويتي 1905888382.,معلق,متوسطة
REQ-002338,2025-04-02,مركز الاتصال,طلب نسخة من نظام الاستئناف المتاح للمستفيدين.,مفتوح,متوسطة
REQ-002339,2026-01-24,مركز الاتصال,استفسار عن إمكانية تحديث بيانات التواصل بشكل إلكتروني.,مفتوح,متوسطة
REQ-002340,2025-09-28,البريد الإلكتروني,طلب نموذج تفويض موقع لإنجاز المعاملات نيابةً.,منجز,منخفضة
REQ-002341,2024-12-27,البريد الإلكتروني,طلب تعديل بيانات الراتب في السجل بسبب خطأ محاسبي، هويتي 1373891231.,منجز,متوسطة
REQ-002342,2026-03-30,البوابة الإلكترونية,شكوى عن بطء الخدمة الإلكترونية في الموقع الرسمي.,منجز,عالية
REQ-002343,2024-12-19,الزيارة الميدانية,طلب تقرير طبي يخص ابني القاصر لاستكمال المعاملة، هويتي 1894272663.,قيد المعالجة,عالية
REQ-002344,2025-03-06,الزيارة الميدانية,طلب نسخة إلكترونية من شهادة إتمام معاملة.,مغلق,متوسطة
REQ-002345,2025-08-02,البوابة الإلكترونية,طلب منح بطاقة ذوي الإعاقة لطفلي، رقم ولايتي 1686237940.,مغلق,متوسطة
REQ-002346,2026-02-12,البوابة الإلكترونية,أعاني من حالة صحية مزمنة وأطلب إعفاءً من الرسوم، رقم هويتي 1440704748.,معلق,عالية
REQ-002347,2026-01-23,مركز الاتصال,سؤال عن خطوات حجز موعد في الفرع.,معلق,منخفضة
REQ-002348,2025-01-12,تطبيق الجوال,طلب معرفة الإجراءات اللازمة لتجديد الترخيص التجاري.,مغلق,عالية
REQ-002349,2026-03-08,مركز الاتصال,طلب منح بطاقة ذوي الإعاقة لطفلي، رقم ولايتي 1565551973.,مفتوح,منخفضة
REQ-002350,2026-06-17,البريد الإلكتروني,طلب منح بطاقة ذوي الإعاقة لطفلي، رقم ولايتي 1585163338.,مغلق,متوسطة
REQ-002351,2026-04-05,مركز الاتصال,تقديم شكوى بسبب تسريب بياناتي الشخصية من قِبل أحد الموظفين، هويتي 1194613384.,قيد المعالجة,منخفضة
REQ-002352,2025-01-21,تطبيق الجوال,طلب إرشادات للتسجيل في بوابة الخدمات الحكومية.,مغلق,منخفضة
REQ-002353,2025-06-25,البوابة الإلكترونية,طلب دليل المستخدم الخاص بمنظومة الخدمات الإلكترونية.,قيد المعالجة,متوسطة
REQ-002354,2025-11-10,تطبيق الجوال,شكوى عن بطء الخدمة الإلكترونية في الموقع الرسمي.,مفتوح,عالية
REQ-002355,2025-12-23,مركز الاتصال,طلب تحديث رقم الجوال المسجل في الأنظمة.,منجز,متوسطة
REQ-002356,2025-06-17,البريد الإلكتروني,طلب نسخة من نظام الاستئناف المتاح للمستفيدين.,مغلق,عالية
REQ-002357,2025-07-15,الزيارة الميدانية,طلب توضيح حول رسوم الخدمة المعلنة.,قيد المعالجة,منخفضة
REQ-002358,2025-07-01,البريد الإلكتروني,أريد الاستعلام عن دعم الضمان الاجتماعي بناءً على وضعي المالي، جوالي +966523499687.,منجز,متوسطة
REQ-002359,2026-04-30,مركز الاتصال,اقتراح بتحسين تجربة الموقع الإلكتروني.,قيد المعالجة,عالية
REQ-002360,2025-11-01,مركز الاتصال,شكوى ضد موظف مع إرفاق اسمي الكامل ورقم هويتي 1567238603.,منجز,متوسطة
REQ-002361,2025-09-17,البريد الإلكتروني,استفسار عن خطوات الاعتراض على قرار إداري.,مفتوح,متوسطة
REQ-002362,2025-12-18,مركز الاتصال,الرجاء مراجعة ملف طعني لأنني معاق ويصعب عليّ الحضور الشخصي، هويتي 1599788716.,معلق,عالية
REQ-002363,2025-01-08,تطبيق الجوال,طلب نموذج تفويض موقع لإنجاز المعاملات نيابةً.,مفتوح,عالية
REQ-002364,2025-10-04,الزيارة الميدانية,أعاني من حالة صحية مزمنة وأطلب إعفاءً من الرسوم، رقم هويتي 1019584646.,معلق,منخفضة
REQ-002365,2026-03-31,تطبيق الجوال,سؤال عن خطوات حجز موعد في الفرع.,منجز,متوسطة
REQ-002366,2026-02-11,الزيارة الميدانية,طلب إرشادات للتسجيل في بوابة الخدمات الحكومية.,مغلق,متوسطة
REQ-002367,2026-04-14,الزيارة الميدانية,استفسار عن الخدمات الرقمية المتاحة على التطبيق الرسمي.,منجز,منخفضة
REQ-002368,2025-08-18,تطبيق الجوال,اقتراح تفعيل خاصية الإشعارات الفورية للمعاملات.,مفتوح,منخفضة
REQ-002369,2024-12-19,الزيارة الميدانية,أواجه ضائقة مالية ولا أستطيع سداد المخالفة، حسابي البنكي SA8262803650812358335029.,معلق,متوسطة
REQ-002370,2026-01-17,مركز الاتصال,أعاني من حالة صحية مزمنة وأطلب إعفاءً من الرسوم، رقم هويتي 1995881859.,مغلق,عالية
REQ-002371,2025-07-03,البريد الإلكتروني,طلب نموذج تفويض موقع لإنجاز المعاملات نيابةً.,قيد المعالجة,متوسطة
REQ-002372,2025-09-07,البوابة الإلكترونية,طلب منح بطاقة ذوي الإعاقة لطفلي، رقم ولايتي 1043675071.,مغلق,عالية
REQ-002373,2025-10-13,تطبيق الجوال,أواجه ضائقة مالية ولا أستطيع سداد المخالفة، حسابي البنكي SA9553150525470999076201.,معلق,منخفضة
REQ-002374,2025-01-23,البريد الإلكتروني,استفسار عن الوثائق المطلوبة لاستخراج وثيقة رسمية.,قيد المعالجة,منخفضة
REQ-002375,2025-12-12,البريد الإلكتروني,طلب إعفاء بسبب ظرف خاص ووضع مالي صعب، يمكن التواصل على +966540364984.,مفتوح,منخفضة
REQ-002376,2026-06-16,البوابة الإلكترونية,سؤال عن خطوات حجز موعد في الفرع.,معلق,عالية
REQ-002377,2026-05-09,البريد الإلكتروني,أرجو تحديث بياناتي الشخصية، هويتي 1091070092 وجوالي +966550864456.,منجز,عالية
REQ-002378,2025-12-04,البريد الإلكتروني,طلب إرشادات للتسجيل في بوابة الخدمات الحكومية.,معلق,منخفضة
REQ-002379,2026-05-30,البوابة الإلكترونية,سؤال عن كيفية متابعة حالة الطلب المقدم عبر البوابة.,مغلق,عالية
REQ-002380,2025-02-28,مركز الاتصال,طلب معرفة الإجراءات اللازمة لتجديد الترخيص التجاري.,قيد المعالجة,عالية
REQ-002381,2026-02-28,تطبيق الجوال,أحتاج مساعدة في استرداد مبلغ مالي تم خصمه خطأً من حسابي SA4584900399250479558747.,منجز,عالية
REQ-002382,2024-12-23,تطبيق الجوال,طلب معرفة الإجراءات اللازمة لتجديد الترخيص التجاري.,مغلق,عالية
REQ-002383,2025-08-16,الزيارة الميدانية,طلب دليل المستخدم الخاص بمنظومة الخدمات الإلكترونية.,مغلق,عالية
REQ-002384,2025-02-04,مركز الاتصال,شكوى بخصوص فاتورة خاطئة تجاوزت راتبي الشهري، رقم الحساب SA3682172130947010045727.,مغلق,عالية
REQ-002385,2025-04-06,تطبيق الجوال,طلب تصحيح بيانات الاستقطاعات من الراتب الأساسي SA6652065462317257253747.,منجز,متوسطة
REQ-002386,2025-04-26,البوابة الإلكترونية,اقتراح تفعيل خاصية الإشعارات الفورية للمعاملات.,منجز,عالية
REQ-002387,2025-01-18,مركز الاتصال,أرغب في الاستفسار عن ملفي الصحي، رقم السجل الطبي الخاص بي 1773847411.,مغلق,عالية
REQ-002388,2024-12-27,البوابة الإلكترونية,أواجه ضائقة مالية ولا أستطيع سداد المخالفة، حسابي البنكي SA5430185746677493265627.,قيد المعالجة,متوسطة
REQ-002389,2026-06-18,مركز الاتصال,أريد الاستعلام عن دعم الضمان الاجتماعي بناءً على وضعي المالي، جوالي +966594676759.,مفتوح,متوسطة
REQ-002390,2026-02-16,تطبيق الجوال,طلب نسخة إلكترونية من شهادة إتمام معاملة.,معلق,متوسطة
REQ-002391,2025-11-01,البريد الإلكتروني,الاستعلام عن طلب دعم السكن المقدم منذ فترة، هويتي 1845354701.,معلق,منخفضة
REQ-002392,2025-11-16,البريد الإلكتروني,سؤال عن كيفية متابعة حالة الطلب المقدم عبر البوابة.,مفتوح,منخفضة
REQ-002393,2026-03-30,البريد الإلكتروني,استفسار عن موعد تجديد رخصة القيادة.,مفتوح,متوسطة
REQ-002394,2025-07-17,البوابة الإلكترونية,الرجاء مراجعة ملف طعني لأنني معاق ويصعب عليّ الحضور الشخصي، هويتي 1380882181.,منجز,منخفضة
REQ-002395,2026-04-07,البريد الإلكتروني,شكوى بخصوص فاتورة خاطئة تجاوزت راتبي الشهري، رقم الحساب SA1942038568817368794486.,معلق,منخفضة
REQ-002396,2026-04-18,البوابة الإلكترونية,أستفسر عن كيفية اسـترداد دعم الإيجار، رقم هويتي الوطنية 1173212166.,معلق,منخفضة
REQ-002397,2026-01-01,تطبيق الجوال,أستفسر عن كيفية اسـترداد دعم الإيجار، رقم هويتي الوطنية 1216822518.,قيد المعالجة,منخفضة
REQ-002398,2025-04-14,مركز الاتصال,أواجه ضائقة مالية ولا أستطيع سداد المخالفة، حسابي البنكي SA1290499343140576413642.,مفتوح,منخفضة
REQ-002399,2026-06-05,البريد الإلكتروني,طلب نسخة من نظام الاستئناف المتاح للمستفيدين.,منجز,عالية
REQ-002400,2024-12-31,الزيارة الميدانية,استفسار عن الوثائق المطلوبة لاستخراج وثيقة رسمية.,قيد المعالجة,منخفضة
REQ-002401,2026-05-27,الزيارة الميدانية,طلب نسخة من نظام الاستئناف المتاح للمستفيدين.,معلق,متوسطة
REQ-002402,2025-09-11,البوابة الإلكترونية,تقديم شكوى بسبب تسريب بياناتي الشخصية من قِبل أحد الموظفين، هويتي 1142874807.,مغلق,منخفضة
REQ-002403,2025-06-27,البريد الإلكتروني,طلب تعديل بيانات الراتب في السجل بسبب خطأ محاسبي، هويتي 1037891965.,closed,متوسطة
REQ-002404,2025-01-11,البريد الإلكتروني,طلب إرشادات للتسجيل في بوابة الخدمات الحكومية.,مغلق,عالية
REQ-002405,2025-07-15,تطبيق الجوال,أرجو تحديث بياناتي الشخصية، هويتي 1312791476 وجوالي +966596410017.,منجز,عالية
REQ-002406,2026-06-15,البريد الإلكتروني,طلب توضيح حول رسوم الخدمة المعلنة.,مفتوح,متوسطة
REQ-002407,2025-10-23,البوابة الإلكترونية,تقديم طلب لاستثناء خاص نظراً لوجود مرض مزمن مثبت طبياً، جوالي +966567175906.,مغلق,منخفضة
REQ-002408,2025-08-18,تطبيق الجوال,سؤال عن خطوات حجز موعد في الفرع.,مفتوح,عالية
REQ-002409,2025-11-30,تطبيق الجوال,استفسار عن خطوات الاعتراض على قرار إداري.,قيد المعالجة,منخفضة
REQ-002410,2025-04-22,مركز الاتصال,طلب تقرير طبي يخص ابني القاصر لاستكمال المعاملة، هويتي 1293170112.,مفتوح,عالية
REQ-002411,2025-12-28,تطبيق الجوال,طلب نسخة من نظام الاستئناف المتاح للمستفيدين.,مغلق,متوسطة
REQ-002412,2026-01-17,البوابة الإلكترونية,شكوى عن بطء الخدمة الإلكترونية في الموقع الرسمي.,مفتوح,متوسطة
REQ-002413,2025-02-02,تطبيق الجوال,تقديم شكوى بسبب تسريب بياناتي الشخصية من قِبل أحد الموظفين، هويتي 1529146605.,قيد المعالجة,متوسطة
REQ-002414,2025-03-31,مركز الاتصال,أريد الاستعلام عن دعم الضمان الاجتماعي بناءً على وضعي المالي، جوالي +966590521994.,معلق,عالية
REQ-002415,2025-04-10,تطبيق الجوال,اقتراح تفعيل خاصية الإشعارات الفورية للمعاملات.,معلق,عالية
REQ-002416,2026-04-16,البريد الإلكتروني,طلب الحصول على شهادة من الجهة تثبت تسجيل المنشأة.,مفتوح,عالية
REQ-002417,2024-12-28,البريد الإلكتروني,طلب إرشادات للتسجيل في بوابة الخدمات الحكومية.,منجز,عالية
REQ-002418,2025-09-15,الزيارة الميدانية,شكوى بخصوص فاتورة خاطئة تجاوزت راتبي الشهري، رقم الحساب SA4183055498646510692433.,قيد المعالجة,عالية
REQ-002419,2026-02-02,الزيارة الميدانية,طلب تحديث رقم الجوال المسجل في الأنظمة.,مغلق,متوسطة
REQ-002420,2026-03-17,تطبيق الجوال,أرجو تحديث بياناتي الشخصية، هويتي 1002650263 وجوالي +966561385784.,مفتوح,منخفضة
REQ-002421,2026-02-20,مركز الاتصال,طلب إعفاء بسبب ظرف خاص ووضع مالي صعب، يمكن التواصل على +966579131955.,قيد المعالجة,منخفضة
REQ-002422,2024-12-21,مركز الاتصال,سؤال عن كيفية متابعة حالة الطلب المقدم عبر البوابة.,مفتوح,متوسطة
REQ-002423,2025-06-17,مركز الاتصال,الرجاء مراجعة ملف طعني لأنني معاق ويصعب عليّ الحضور الشخصي، هويتي 1360947111.,معلق,متوسطة
REQ-002424,2026-04-12,مركز الاتصال,سؤال عن خطوات حجز موعد في الفرع.,قيد المعالجة,عالية
REQ-002425,2025-03-18,تطبيق الجوال,استفسار عن الخدمات الرقمية المتاحة على التطبيق الرسمي.,مفتوح,متوسطة
REQ-002426,2025-11-27,مركز الاتصال,استفسار عن موعد تجديد رخصة القيادة.,قيد المعالجة,منخفضة
REQ-002427,2025-04-26,مركز الاتصال,شكوى بخصوص فاتورة خاطئة تجاوزت راتبي الشهري، رقم الحساب SA1970492405687678634920.,مفتوح,منخفضة
REQ-002428,2025-08-14,الزيارة الميدانية,سؤال عن مدة معالجة طلبات إصدار الشهادات.,مفتوح,منخفضة
REQ-002429,2025-04-16,البوابة الإلكترونية,طلب نموذج تفويض موقع لإنجاز المعاملات نيابةً.,قيد المعالجة,عالية
REQ-002430,2025-01-22,البريد الإلكتروني,استفسار عن إمكانية تحديث بيانات التواصل بشكل إلكتروني.,مغلق,عالية
REQ-002431,2025-03-24,الزيارة الميدانية,أرجو تحديث بياناتي الشخصية، هويتي 1457871141 وجوالي +966543933421.,مغلق,متوسطة
REQ-002432,2025-10-24,مركز الاتصال,طلب إعفاء بسبب ظرف خاص ووضع مالي صعب، يمكن التواصل على +966528419965.,مفتوح,منخفضة
REQ-002433,2026-01-29,البريد الإلكتروني,طلب معلومات عن الخدمات المتاحة للمقيمين.,مفتوح,متوسطة
REQ-002434,2026-04-19,الزيارة الميدانية,طلب تعديل بيانات الراتب في السجل بسبب خطأ محاسبي، هويتي 1876582113.,مفتوح,متوسطة
REQ-002435,2025-02-26,البريد الإلكتروني,أرغب في الاستفسار عن ملفي الصحي، رقم السجل الطبي الخاص بي 1801258029.,منجز,متوسطة
REQ-002436,2026-01-25,البريد الإلكتروني,طلب نسخة إلكترونية من شهادة إتمام معاملة.,مفتوح,عالية
REQ-002437,2026-05-14,الزيارة الميدانية,شكوى عن صعوبة التنقل بين صفحات الموقع الرسمي.,مغلق,منخفضة
REQ-002438,2026-04-24,تطبيق الجوال,اقتراح بتحسين تجربة الموقع الإلكتروني.,معلق,متوسطة
REQ-002439,2026-06-15,مركز الاتصال,أستفسر عن كيفية اسـترداد دعم الإيجار، رقم هويتي الوطنية 1775376484.,قيد المعالجة,عالية
REQ-002440,2025-10-19,البوابة الإلكترونية,سؤال عن كيفية متابعة حالة الطلب المقدم عبر البوابة.,منجز,متوسطة
REQ-002441,2026-04-04,البوابة الإلكترونية,طلب معرفة الإجراءات اللازمة لتجديد الترخيص التجاري.,مغلق,منخفضة
REQ-002442,2025-03-13,البريد الإلكتروني,طلب تحديث رقم الجوال المسجل في الأنظمة.,مغلق,منخفضة
REQ-002443,2026-05-24,مركز الاتصال,سؤال عن كيفية متابعة حالة الطلب المقدم عبر البوابة.,قيد المعالجة,منخفضة
REQ-002444,2025-05-05,الزيارة الميدانية,طلب صرف تعويض بسبب حادثة عمل ولديّ تقرير طبي، يمكن مراسلتي على +966511603972.,معلق,متوسطة
REQ-002445,2026-05-07,تطبيق الجوال,طلب دليل المستخدم الخاص بمنظومة الخدمات الإلكترونية.,مفتوح,متوسطة
REQ-002446,2026-05-01,تطبيق الجوال,طلب تقرير طبي يخص ابني القاصر لاستكمال المعاملة، هويتي 1308621513.,معلق,منخفضة
REQ-002447,2026-01-03,تطبيق الجوال,شكوى ضد موظف مع إرفاق اسمي الكامل ورقم هويتي 1438917724.,منجز,منخفضة
REQ-002448,2025-05-20,البريد الإلكتروني,تقديم طلب لاستثناء خاص نظراً لوجود مرض مزمن مثبت طبياً، جوالي +966552849505.,قيد المعالجة,منخفضة
REQ-002449,2026-04-12,البريد الإلكتروني,أحتاج مساعدة في استرداد مبلغ مالي تم خصمه خطأً من حسابي SA9751403091402382351233.,منجز,عالية
REQ-002450,2026-03-23,تطبيق الجوال,طلب نسخة من نظام الاستئناف المتاح للمستفيدين.,قيد المعالجة,عالية
REQ-002451,2025-07-09,الزيارة الميدانية,استفسار عن الخدمات الرقمية المتاحة على التطبيق الرسمي.,معلق,متوسطة
REQ-002452,2025-05-13,الزيارة الميدانية,طلب تقرير طبي يخص ابني القاصر لاستكمال المعاملة، هويتي 1313481671.,منجز,متوسطة
REQ-002453,2025-03-25,البريد الإلكتروني,طلب إعفاء بسبب ظرف خاص ووضع مالي صعب، يمكن التواصل على +966503742023.,مفتوح,عالية
REQ-002454,2025-04-02,تطبيق الجوال,اقتراح بتحسين تجربة الموقع الإلكتروني.,مغلق,منخفضة
REQ-002455,2025-04-10,تطبيق الجوال,استفسار عن إمكانية تحديث بيانات التواصل بشكل إلكتروني.,مفتوح,عالية
REQ-002456,2025-08-26,البوابة الإلكترونية,استفسار عن خطوات الاعتراض على قرار إداري.,مفتوح,متوسطة
REQ-002457,2025-03-27,البوابة الإلكترونية,طلب تحديث رقم الجوال المسجل في الأنظمة.,معلق,متوسطة
REQ-002458,2026-06-08,الزيارة الميدانية,اقتراح بتحسين تجربة الموقع الإلكتروني.,مفتوح,عالية
REQ-002459,2025-01-25,الزيارة الميدانية,شكوى عن بطء الخدمة الإلكترونية في الموقع الرسمي.,معلق,عالية
REQ-002460,2025-06-28,البوابة الإلكترونية,طلب إنهاء إجراءات الحصول على معاش التقاعد المبكر، هويتي 1125920627.,قيد المعالجة,عالية
REQ-002461,2026-04-15,البوابة الإلكترونية,طلب تصحيح بيانات الاستقطاعات من الراتب الأساسي SA1731985471460509744436.,مغلق,منخفضة
REQ-002462,2026-05-16,الزيارة الميدانية,أحتاج مساعدة في استرداد مبلغ مالي تم خصمه خطأً من حسابي SA9284433672072235471206.,مفتوح,منخفضة
REQ-002463,2025-02-15,البريد الإلكتروني,طلب نسخة من نظام الاستئناف المتاح للمستفيدين.,قيد المعالجة,عالية
REQ-002464,2025-01-01,تطبيق الجوال,اقتراح بتحسين تجربة الموقع الإلكتروني.,مغلق,عالية
REQ-002465,2026-02-24,تطبيق الجوال,استفسار عن قنوات التواصل مع فريق الدعم الفني.,مفتوح,منخفضة
REQ-002466,2025-11-02,البوابة الإلكترونية,استفسار عن إمكانية تحديث بيانات التواصل بشكل إلكتروني.,مغلق,منخفضة
REQ-002467,2025-04-21,تطبيق الجوال,أرغب في الاستفسار عن ملفي الصحي، رقم السجل الطبي الخاص بي 1666255961.,معلق,عالية
REQ-002468,2026-02-03,البوابة الإلكترونية,طلب دليل المستخدم الخاص بمنظومة الخدمات الإلكترونية.,منجز,متوسطة
REQ-002469,2026-05-03,الزيارة الميدانية,استفسار عن إمكانية تحديث بيانات التواصل بشكل إلكتروني.,قيد المعالجة,متوسطة
REQ-002470,2025-01-28,الزيارة الميدانية,طلب إعفاء بسبب ظرف خاص ووضع مالي صعب، يمكن التواصل على +966541099344.,مفتوح,متوسطة
REQ-002471,2026-02-12,الزيارة الميدانية,الاستعلام عن طلب دعم السكن المقدم منذ فترة، هويتي 1817763970.,معلق,متوسطة
REQ-002472,2025-07-17,تطبيق الجوال,استفسار عن إمكانية تحديث بيانات التواصل بشكل إلكتروني.,معلق,متوسطة
REQ-002473,2025-05-18,الزيارة الميدانية,شكوى ضد موظف مع إرفاق اسمي الكامل ورقم هويتي 1220040164.,قيد المعالجة,متوسطة
REQ-002474,2025-08-31,البريد الإلكتروني,أريد الاستعلام عن دعم الضمان الاجتماعي بناءً على وضعي المالي، جوالي +966506943579.,مفتوح,عالية
REQ-002475,2026-03-27,البريد الإلكتروني,طلب منح بطاقة ذوي الإعاقة لطفلي، رقم ولايتي 1344770415.,مفتوح,متوسطة
REQ-002476,2026-02-14,تطبيق الجوال,طلب إرشادات للتسجيل في بوابة الخدمات الحكومية.,قيد المعالجة,متوسطة
REQ-002477,2026-05-03,البريد الإلكتروني,أريد الاستعلام عن دعم الضمان الاجتماعي بناءً على وضعي المالي، جوالي +966559548407.,معلق,متوسطة
REQ-002478,2025-10-04,تطبيق الجوال,طلب إنهاء إجراءات الحصول على معاش التقاعد المبكر، هويتي 1945376448.,مفتوح,عالية
REQ-002479,2025-09-24,البريد الإلكتروني,شكوى عن صعوبة التنقل بين صفحات الموقع الرسمي.,قيد المعالجة,منخفضة
REQ-002480,2026-06-19,البوابة الإلكترونية,أعاني من حالة صحية مزمنة وأطلب إعفاءً من الرسوم، رقم هويتي 1661190411.,قيد المعالجة,متوسطة
REQ-002481,2025-06-07,مركز الاتصال,تقديم شكوى بسبب تسريب بياناتي الشخصية من قِبل أحد الموظفين، هويتي 1836774842.,منجز,عالية
REQ-002482,2025-08-06,الزيارة الميدانية,أرجو تحديث بياناتي الشخصية، هويتي 1545390112 وجوالي +966511624177.,معلق,منخفضة
REQ-002483,2025-10-29,الزيارة الميدانية,طلب إعفاء بسبب ظرف خاص ووضع مالي صعب، يمكن التواصل على +966568851134.,معلق,متوسطة
REQ-002484,2024-12-20,البوابة الإلكترونية,استفسار عن الوثائق المطلوبة لاستخراج وثيقة رسمية.,منجز,عالية
REQ-002485,2025-08-07,تطبيق الجوال,أستفسر عن كيفية اسـترداد دعم الإيجار، رقم هويتي الوطنية 1329292104.,قيد المعالجة,متوسطة
REQ-002486,2026-02-25,تطبيق الجوال,طلب الحصول على شهادة من الجهة تثبت تسجيل المنشأة.,منجز,متوسطة
REQ-002487,2025-03-24,البوابة الإلكترونية,طلب منح بطاقة ذوي الإعاقة لطفلي، رقم ولايتي 1071777476.,قيد المعالجة,عالية
REQ-002488,2026-06-06,البريد الإلكتروني,شكوى عن بطء الخدمة الإلكترونية في الموقع الرسمي.,منجز,عالية
REQ-002489,2025-05-11,مركز الاتصال,طلب معلومات عن الخدمات المتاحة للمقيمين.,منجز,متوسطة
REQ-002490,2025-05-19,الزيارة الميدانية,طلب نسخة إلكترونية من شهادة إتمام معاملة.,منجز,متوسطة
REQ-002491,2026-02-06,البريد الإلكتروني,اقتراح إضافة خدمة الدفع الإلكتروني لتسهيل المعاملات.,منجز,منخفضة
REQ-002492,2025-10-10,البريد الإلكتروني,استفسار عن الخدمات الرقمية المتاحة على التطبيق الرسمي.,معلق,متوسطة
REQ-002493,2025-05-20,البوابة الإلكترونية,طلب صرف تعويض بسبب حادثة عمل ولديّ تقرير طبي، يمكن مراسلتي على +966513059431.,قيد المعالجة,منخفضة
REQ-002494,2025-01-22,مركز الاتصال,استفسار عن قنوات التواصل مع فريق الدعم الفني.,معلق,متوسطة
REQ-002495,2025-05-03,البوابة الإلكترونية,استفسار عن موعد تجديد رخصة القيادة.,مفتوح,متوسطة
REQ-002496,2025-03-19,مركز الاتصال,اقتراح بتحسين تجربة الموقع الإلكتروني.,مفتوح,منخفضة
REQ-002497,2026-03-01,تطبيق الجوال,أرجو تحديث بياناتي الشخصية، هويتي 1363561422 وجوالي +966546560211.,قيد المعالجة,عالية
REQ-002498,2025-03-03,تطبيق الجوال,شكوى عن بطء الخدمة الإلكترونية في الموقع الرسمي.,قيد المعالجة,عالية
REQ-002499,2026-06-16,الزيارة الميدانية,أواجه ضائقة مالية ولا أستطيع سداد المخالفة، حسابي البنكي SA7978096093587494767939.,منجز,منخفضة
REQ-002500,2026-03-08,البوابة الإلكترونية,الاستعلام عن طلب دعم السكن المقدم منذ فترة، هويتي 1930053630.,معلق,متوسطة
REQ-002501,2026-04-10,البريد الإلكتروني,شكوى بخصوص فاتورة خاطئة تجاوزت راتبي الشهري، رقم الحساب SA6199304843251252669398.,مفتوح,منخفضة
REQ-002502,2025-08-25,البريد الإلكتروني,طلب منح بطاقة ذوي الإعاقة لطفلي، رقم ولايتي 1147750283.,منجز,منخفضة
REQ-002503,2025-05-16,البريد الإلكتروني,أستفسر عن كيفية اسـترداد دعم الإيجار، رقم هويتي الوطنية 1421874932.,مفتوح,متوسطة
REQ-002504,2025-10-02,البريد الإلكتروني,استفسار عن موعد تجديد رخصة القيادة.,قيد المعالجة,متوسطة
REQ-002505,2025-10-17,الزيارة الميدانية,استفسار عن الوثائق المطلوبة لاستخراج وثيقة رسمية.,مغلق,متوسطة
REQ-002506,2025-04-02,البوابة الإلكترونية,طلب نسخة من نظام الاستئناف المتاح للمستفيدين.,مفتوح,متوسطة
REQ-002507,2026-04-23,مركز الاتصال,أعاني من حالة صحية مزمنة وأطلب إعفاءً من الرسوم، رقم هويتي 1032303412.,مفتوح,عالية
REQ-002508,2025-11-29,تطبيق الجوال,أريد الاستعلام عن دعم الضمان الاجتماعي بناءً على وضعي المالي، جوالي +966581380437.,منجز,متوسطة
REQ-002509,2026-05-29,الزيارة الميدانية,أواجه ضائقة مالية ولا أستطيع سداد المخالفة، حسابي البنكي SA8052416139121931146674.,منجز,متوسطة
REQ-002510,2026-04-15,تطبيق الجوال,طلب الحصول على شهادة من الجهة تثبت تسجيل المنشأة.,معلق,منخفضة
REQ-002511,2025-01-24,مركز الاتصال,تقديم شكوى بسبب تسريب بياناتي الشخصية من قِبل أحد الموظفين، هويتي 1095255210.,مغلق,متوسطة
REQ-002512,2025-10-01,البريد الإلكتروني,استفسار عن الوثائق المطلوبة لاستخراج وثيقة رسمية.,منجز,متوسطة
REQ-002513,2026-03-01,الزيارة الميدانية,سؤال عن خطوات حجز موعد في الفرع.,مفتوح,منخفضة
REQ-002514,2025-06-23,الزيارة الميدانية,تقديم شكوى بسبب تسريب بياناتي الشخصية من قِبل أحد الموظفين، هويتي 1946797451.,مفتوح,عالية
REQ-002515,2025-03-26,البوابة الإلكترونية,شكوى عن صعوبة التنقل بين صفحات الموقع الرسمي.,مغلق,منخفضة
REQ-002516,2026-04-21,الزيارة الميدانية,استفسار عن الوثائق المطلوبة لاستخراج وثيقة رسمية.,قيد المعالجة,متوسطة
REQ-002517,2025-11-24,مركز الاتصال,أستفسر عن كيفية اسـترداد دعم الإيجار، رقم هويتي الوطنية 1548908027.,مفتوح,متوسطة
REQ-002518,2026-05-31,البريد الإلكتروني,طلب نسخة من نظام الاستئناف المتاح للمستفيدين.,منجز,عالية
REQ-002519,2024-12-22,الزيارة الميدانية,أعاني من حالة صحية مزمنة وأطلب إعفاءً من الرسوم، رقم هويتي 1205960014.,منجز,منخفضة
REQ-002520,2025-10-18,البوابة الإلكترونية,طلب تعديل بيانات الراتب في السجل بسبب خطأ محاسبي، هويتي 1697627352.,قيد المعالجة,عالية
REQ-002521,2026-06-10,الزيارة الميدانية,استفسار عن موعد تجديد رخصة القيادة.,منجز,منخفضة
REQ-002522,2024-12-21,الزيارة الميدانية,سؤال عن مدة معالجة طلبات إصدار الشهادات.,مفتوح,متوسطة
REQ-002523,2025-11-18,البريد الإلكتروني,أواجه ضائقة مالية ولا أستطيع سداد المخالفة، حسابي البنكي SA9127205349994846016616.,قيد المعالجة,متوسطة
REQ-002524,2025-06-21,الزيارة الميدانية,أستفسر عن كيفية اسـترداد دعم الإيجار، رقم هويتي الوطنية 1648996609.,مغلق,منخفضة
REQ-002525,2026-02-11,البوابة الإلكترونية,الاستعلام عن طلب دعم السكن المقدم منذ فترة، هويتي 1315189264.,مفتوح,متوسطة
REQ-002526,2025-07-12,البوابة الإلكترونية,طلب توضيح حول رسوم الخدمة المعلنة.,منجز,منخفضة
REQ-002527,2025-04-09,البوابة الإلكترونية,طلب توضيح حول رسوم الخدمة المعلنة.,منجز,عالية
REQ-002528,2025-07-19,البوابة الإلكترونية,طلب نموذج تفويض موقع لإنجاز المعاملات نيابةً.,مغلق,متوسطة
REQ-002529,2025-10-15,الزيارة الميدانية,طلب نسخة من نظام الاستئناف المتاح للمستفيدين.,قيد المعالجة,عالية
REQ-002530,2026-03-07,الزيارة الميدانية,طلب توضيح حول رسوم الخدمة المعلنة.,مفتوح,متوسطة
REQ-002531,2025-01-14,تطبيق الجوال,أعاني من حالة صحية مزمنة وأطلب إعفاءً من الرسوم، رقم هويتي 1105837577.,مغلق,عالية
REQ-002532,2025-01-07,تطبيق الجوال,شكوى عن بطء الخدمة الإلكترونية في الموقع الرسمي.,مفتوح,عالية
REQ-002533,2026-04-17,البريد الإلكتروني,سؤال عن مدة معالجة طلبات إصدار الشهادات.,منجز,عالية
REQ-002534,2025-04-01,الزيارة الميدانية,سؤال عن مدة معالجة طلبات إصدار الشهادات.,مفتوح,عالية
REQ-002535,2025-08-04,البريد الإلكتروني,طلب معلومات عن الخدمات المتاحة للمقيمين.,مغلق,منخفضة
REQ-002536,2025-10-25,البوابة الإلكترونية,تقديم شكوى بسبب تسريب بياناتي الشخصية من قِبل أحد الموظفين، هويتي 1898578909.,قيد المعالجة,متوسطة
REQ-002537,2025-07-15,البريد الإلكتروني,طلب نسخة من نظام الاستئناف المتاح للمستفيدين.,معلق,متوسطة
REQ-002538,2025-07-24,تطبيق الجوال,شكوى عن صعوبة التنقل بين صفحات الموقع الرسمي.,معلق,متوسطة
REQ-002539,2026-06-12,الزيارة الميدانية,اقتراح بتحسين تجربة الموقع الإلكتروني.,معلق,عالية
REQ-002540,2025-07-20,تطبيق الجوال,طلب توضيح حول رسوم الخدمة المعلنة.,مفتوح,عالية
REQ-002541,2025-12-17,البريد الإلكتروني,أواجه ضائقة مالية ولا أستطيع سداد المخالفة، حسابي البنكي SA7200737712772541989438.,قيد المعالجة,متوسطة
REQ-002542,2025-12-02,مركز الاتصال,طلب نسخة إلكترونية من شهادة إتمام معاملة.,مغلق,متوسطة
REQ-002543,2025-05-20,الزيارة الميدانية,طلب معلومات عن الخدمات المتاحة للمقيمين.,قيد المعالجة,متوسطة
REQ-002544,2025-09-14,مركز الاتصال,طلب تعديل بيانات الراتب في السجل بسبب خطأ محاسبي، هويتي 1727865055.,معلق,منخفضة
REQ-002545,2026-04-23,البريد الإلكتروني,طلب إرشادات للتسجيل في بوابة الخدمات الحكومية.,معلق,عالية
REQ-002546,2025-01-15,البوابة الإلكترونية,شكوى عن بطء الخدمة الإلكترونية في الموقع الرسمي.,قيد المعالجة,متوسطة
REQ-002547,2025-09-22,البوابة الإلكترونية,شكوى عن صعوبة التنقل بين صفحات الموقع الرسمي.,منجز,عالية
REQ-002548,2025-02-28,تطبيق الجوال,أريد الاستعلام عن دعم الضمان الاجتماعي بناءً على وضعي المالي، جوالي +966570996589.,منجز,منخفضة
REQ-002549,2025-10-13,تطبيق الجوال,أريد الاستعلام عن دعم الضمان الاجتماعي بناءً على وضعي المالي، جوالي +966548782908.,مفتوح,منخفضة
REQ-002550,2026-03-04,البوابة الإلكترونية,طلب الحصول على شهادة من الجهة تثبت تسجيل المنشأة.,منجز,عالية
REQ-002551,2025-08-26,البريد الإلكتروني,سؤال عن خطوات حجز موعد في الفرع.,مفتوح,عالية
REQ-002552,2025-01-07,البوابة الإلكترونية,اقتراح إضافة خدمة الدفع الإلكتروني لتسهيل المعاملات.,معلق,متوسطة
REQ-002553,2025-01-11,البوابة الإلكترونية,طلب الحصول على شهادة من الجهة تثبت تسجيل المنشأة.,مغلق,متوسطة
REQ-002554,2025-10-02,البريد الإلكتروني,أعاني من حالة صحية مزمنة وأطلب إعفاءً من الرسوم، رقم هويتي 1481961744.,منجز,عالية
REQ-002555,2025-03-11,مركز الاتصال,طلب نسخة من نظام الاستئناف المتاح للمستفيدين.,مفتوح,منخفضة
REQ-002556,2026-03-13,تطبيق الجوال,طلب تعديل بيانات الراتب في السجل بسبب خطأ محاسبي، هويتي 1812285037.,مغلق,عالية
REQ-002557,2025-12-22,الزيارة الميدانية,اقتراح بتحسين تجربة الموقع الإلكتروني.,مفتوح,متوسطة
REQ-002558,2025-12-12,البوابة الإلكترونية,استفسار عن إمكانية تحديث بيانات التواصل بشكل إلكتروني.,مغلق,متوسطة
REQ-002559,2025-04-25,تطبيق الجوال,أحتاج مساعدة في استرداد مبلغ مالي تم خصمه خطأً من حسابي SA8930811592142608356806.,مفتوح,منخفضة
REQ-002560,2025-10-06,الزيارة الميدانية,شكوى عن بطء الخدمة الإلكترونية في الموقع الرسمي.,قيد المعالجة,متوسطة
REQ-002561,2024-12-27,تطبيق الجوال,طلب معرفة الإجراءات اللازمة لتجديد الترخيص التجاري.,معلق,عالية
REQ-002562,2025-08-29,الزيارة الميدانية,اقتراح إضافة خدمة الدفع الإلكتروني لتسهيل المعاملات.,قيد المعالجة,منخفضة
REQ-002563,2026-02-11,تطبيق الجوال,استفسار عن الخدمات الرقمية المتاحة على التطبيق الرسمي.,معلق,متوسطة
REQ-002564,2025-10-01,البريد الإلكتروني,طلب تعديل بيانات الراتب في السجل بسبب خطأ محاسبي، هويتي 1260414279.,منجز,عالية
REQ-002565,2025-06-27,البوابة الإلكترونية,طلب دليل المستخدم الخاص بمنظومة الخدمات الإلكترونية.,مفتوح,منخفضة
REQ-002566,2025-12-05,تطبيق الجوال,طلب تصحيح بيانات الاستقطاعات من الراتب الأساسي SA4211113698495872417054.,معلق,عالية
REQ-002567,2026-04-11,البريد الإلكتروني,طلب نسخة إلكترونية من شهادة إتمام معاملة.,مغلق,منخفضة
REQ-002568,2025-10-02,البريد الإلكتروني,اقتراح تفعيل خاصية الإشعارات الفورية للمعاملات.,منجز,منخفضة
REQ-002569,2025-09-03,تطبيق الجوال,استفسار عن الوثائق المطلوبة لاستخراج وثيقة رسمية.,معلق,منخفضة
REQ-002570,2026-02-28,الزيارة الميدانية,اقتراح بتحسين تجربة الموقع الإلكتروني.,منجز,منخفضة
REQ-002571,2025-12-21,البوابة الإلكترونية,طلب صرف تعويض بسبب حادثة عمل ولديّ تقرير طبي، يمكن مراسلتي على +966598965096.,مغلق,عالية
REQ-002572,2025-10-14,الزيارة الميدانية,طلب دليل المستخدم الخاص بمنظومة الخدمات الإلكترونية.,مغلق,عالية
REQ-002573,2025-12-27,البوابة الإلكترونية,تقديم طلب لاستثناء خاص نظراً لوجود مرض مزمن مثبت طبياً، جوالي +966562912364.,مغلق,متوسطة
REQ-002574,2025-12-25,الزيارة الميدانية,استفسار عن خطوات الاعتراض على قرار إداري.,معلق,منخفضة
REQ-002575,2025-02-06,الزيارة الميدانية,اقتراح تفعيل خاصية الإشعارات الفورية للمعاملات.,معلق,عالية
REQ-002576,2025-05-12,مركز الاتصال,طلب معرفة الإجراءات اللازمة لتجديد الترخيص التجاري.,مغلق,متوسطة
REQ-002577,2025-06-10,مركز الاتصال,أريد الاستعلام عن دعم الضمان الاجتماعي بناءً على وضعي المالي، جوالي +966571006670.,معلق,عالية
REQ-002578,2025-08-20,مركز الاتصال,أعاني من حالة صحية مزمنة وأطلب إعفاءً من الرسوم، رقم هويتي 1623834510.,معلق,عالية
REQ-002579,2026-06-04,البوابة الإلكترونية,أستفسر عن كيفية اسـترداد دعم الإيجار، رقم هويتي الوطنية 1334307079.,منجز,منخفضة
REQ-002580,2025-12-21,البريد الإلكتروني,تقديم طلب لاستثناء خاص نظراً لوجود مرض مزمن مثبت طبياً، جوالي +966540255584.,مغلق,منخفضة
REQ-002581,2025-07-02,مركز الاتصال,اقتراح بتحسين تجربة الموقع الإلكتروني.,مغلق,متوسطة
REQ-002582,2025-06-26,مركز الاتصال,استفسار عن أوقات العمل الرسمية للفرع.,منجز,منخفضة
REQ-002583,2025-10-08,البريد الإلكتروني,طلب إرشادات للتسجيل في بوابة الخدمات الحكومية.,مفتوح,منخفضة
REQ-002584,2025-07-23,مركز الاتصال,طلب صرف تعويض بسبب حادثة عمل ولديّ تقرير طبي، يمكن مراسلتي على +966595740757.,مفتوح,عالية
REQ-002585,2025-11-07,البوابة الإلكترونية,شكوى عن صعوبة التنقل بين صفحات الموقع الرسمي.,مغلق,عالية
REQ-002586,2026-03-31,تطبيق الجوال,أحتاج مساعدة في استرداد مبلغ مالي تم خصمه خطأً من حسابي SA9408322732527108029739.,معلق,عالية
REQ-002587,2025-11-18,البوابة الإلكترونية,طلب نسخة من نظام الاستئناف المتاح للمستفيدين.,قيد المعالجة,عالية
REQ-002588,2025-01-22,البوابة الإلكترونية,أرغب في الاستفسار عن ملفي الصحي، رقم السجل الطبي الخاص بي 1995436282.,معلق,متوسطة
REQ-002589,2025-07-03,البوابة الإلكترونية,طلب إعفاء بسبب ظرف خاص ووضع مالي صعب، يمكن التواصل على +966534548716.,منجز,عالية
REQ-002590,2025-06-30,البريد الإلكتروني,طلب معرفة الإجراءات اللازمة لتجديد الترخيص التجاري.,قيد المعالجة,عالية
REQ-002591,2026-01-18,الزيارة الميدانية,طلب دليل المستخدم الخاص بمنظومة الخدمات الإلكترونية.,مفتوح,عالية
REQ-002592,2026-01-09,مركز الاتصال,شكوى بخصوص فاتورة خاطئة تجاوزت راتبي الشهري، رقم الحساب SA7434967013752529519802.,قيد المعالجة,متوسطة
REQ-002593,2025-05-17,البريد الإلكتروني,طلب دليل المستخدم الخاص بمنظومة الخدمات الإلكترونية.,منجز,منخفضة
REQ-002594,2025-07-19,تطبيق الجوال,أرجو تحديث بياناتي الشخصية، هويتي 1241830320 وجوالي +966577814196.,منجز,متوسطة
REQ-002595,2025-06-12,البوابة الإلكترونية,طلب نسخة من نظام الاستئناف المتاح للمستفيدين.,مفتوح,عالية
REQ-002596,2026-05-31,البوابة الإلكترونية,شكوى عن صعوبة التنقل بين صفحات الموقع الرسمي.,منجز,عالية
REQ-002597,2026-01-23,البريد الإلكتروني,أحتاج مساعدة في استرداد مبلغ مالي تم خصمه خطأً من حسابي SA4819531613448774297957.,منجز,متوسطة
REQ-002598,2026-05-22,البريد الإلكتروني,طلب منح بطاقة ذوي الإعاقة لطفلي، رقم ولايتي 1179728017.,منجز,منخفضة
REQ-002599,2025-01-01,البريد الإلكتروني,سؤال عن مدة معالجة طلبات إصدار الشهادات.,منجز,منخفضة
REQ-002600,2025-02-10,البريد الإلكتروني,أريد الاستعلام عن دعم الضمان الاجتماعي بناءً على وضعي المالي، جوالي +966529777500.,مفتوح,عالية
REQ-002601,2026-02-26,البريد الإلكتروني,الرجاء مراجعة ملف طعني لأنني معاق ويصعب عليّ الحضور الشخصي، هويتي 1922883077.,قيد المعالجة,متوسطة
REQ-002602,2025-04-15,البريد الإلكتروني,طلب توضيح حول رسوم الخدمة المعلنة.,مغلق,عالية
REQ-002603,2025-06-17,الزيارة الميدانية,اقتراح إضافة خدمة الدفع الإلكتروني لتسهيل المعاملات.,معلق,عالية
REQ-002604,2026-02-28,مركز الاتصال,شكوى بخصوص فاتورة خاطئة تجاوزت راتبي الشهري، رقم الحساب SA7387037247496934209536.,مغلق,منخفضة
REQ-002605,2025-08-29,الزيارة الميدانية,استفسار عن قنوات التواصل مع فريق الدعم الفني.,مغلق,منخفضة
REQ-002606,2026-02-15,مركز الاتصال,شكوى بخصوص فاتورة خاطئة تجاوزت راتبي الشهري، رقم الحساب SA8002507733455875153657.,منجز,متوسطة
REQ-002607,2024-12-27,مركز الاتصال,اقتراح بتحسين تجربة الموقع الإلكتروني.,مفتوح,منخفضة
REQ-002608,2025-11-16,تطبيق الجوال,طلب توضيح حول رسوم الخدمة المعلنة.,معلق,متوسطة
REQ-002609,2025-12-08,الزيارة الميدانية,الاستعلام عن طلب دعم السكن المقدم منذ فترة، هويتي 1040558858.,قيد المعالجة,متوسطة
REQ-002610,2025-07-13,البريد الإلكتروني,الرجاء مراجعة ملف طعني لأنني معاق ويصعب عليّ الحضور الشخصي، هويتي 1387324088.,معلق,متوسطة
REQ-002611,2025-10-12,البوابة الإلكترونية,استفسار عن موعد تجديد رخصة القيادة.,مفتوح,منخفضة
REQ-002612,2025-10-25,الزيارة الميدانية,أحتاج مساعدة في استرداد مبلغ مالي تم خصمه خطأً من حسابي SA6568736962505666429098.,مفتوح,متوسطة
REQ-002613,2025-03-27,البوابة الإلكترونية,سؤال عن خطوات حجز موعد في الفرع.,مفتوح,متوسطة
REQ-002614,2026-01-15,تطبيق الجوال,شكوى بخصوص فاتورة خاطئة تجاوزت راتبي الشهري، رقم الحساب SA0629635365586132517326.,مفتوح,متوسطة
REQ-002615,2025-10-09,مركز الاتصال,استفسار عن أوقات العمل الرسمية للفرع.,مغلق,عالية
REQ-002616,2025-04-11,تطبيق الجوال,اقتراح إضافة خدمة الدفع الإلكتروني لتسهيل المعاملات.,مفتوح,منخفضة
REQ-002617,2024-12-31,الزيارة الميدانية,اقتراح إضافة خدمة الدفع الإلكتروني لتسهيل المعاملات.,معلق,عالية
REQ-002618,2025-11-18,تطبيق الجوال,طلب معرفة الإجراءات اللازمة لتجديد الترخيص التجاري.,معلق,منخفضة
REQ-002619,2025-04-24,مركز الاتصال,أرغب في الاستفسار عن ملفي الصحي، رقم السجل الطبي الخاص بي 1485107435.,قيد المعالجة,منخفضة
REQ-002620,2025-03-21,مركز الاتصال,أرغب في الاستفسار عن ملفي الصحي، رقم السجل الطبي الخاص بي 1770111068.,مغلق,عالية
REQ-002621,2025-07-07,البريد الإلكتروني,أرجو تحديث بياناتي الشخصية، هويتي 1381469764 وجوالي +966506066894.,منجز,منخفضة
REQ-002622,2025-04-01,تطبيق الجوال,أعاني من حالة صحية مزمنة وأطلب إعفاءً من الرسوم، رقم هويتي 1739708830.,قيد المعالجة,منخفضة
REQ-002623,2026-03-29,الزيارة الميدانية,طلب إعفاء بسبب ظرف خاص ووضع مالي صعب، يمكن التواصل على +966592555893.,مغلق,متوسطة
REQ-002624,2025-06-18,البوابة الإلكترونية,طلب الحصول على شهادة من الجهة تثبت تسجيل المنشأة.,قيد المعالجة,عالية
REQ-002625,2026-01-16,البوابة الإلكترونية,طلب إرشادات للتسجيل في بوابة الخدمات الحكومية.,مفتوح,منخفضة
REQ-002626,2025-11-22,الزيارة الميدانية,طلب دليل المستخدم الخاص بمنظومة الخدمات الإلكترونية.,قيد المعالجة,منخفضة
REQ-002627,2026-06-10,الزيارة الميدانية,طلب تصحيح بيانات الاستقطاعات من الراتب الأساسي SA2887147278624865415339.,مفتوح,متوسطة
REQ-002628,2025-12-25,تطبيق الجوال,اقتراح بتحسين تجربة الموقع الإلكتروني.,مفتوح,عالية
REQ-002629,2025-08-26,البريد الإلكتروني,أستفسر عن كيفية اسـترداد دعم الإيجار، رقم هويتي الوطنية 1893597193.,قيد المعالجة,منخفضة
REQ-002630,2026-05-22,تطبيق الجوال,سؤال عن خطوات حجز موعد في الفرع.,مفتوح,متوسطة
REQ-002631,2025-03-10,مركز الاتصال,استفسار عن قنوات التواصل مع فريق الدعم الفني.,قيد المعالجة,منخفضة
REQ-002632,2025-01-04,تطبيق الجوال,شكوى عن صعوبة التنقل بين صفحات الموقع الرسمي.,قيد المعالجة,عالية
REQ-002633,2026-05-09,البريد الإلكتروني,طلب تقرير طبي يخص ابني القاصر لاستكمال المعاملة، هويتي 1257343085.,مفتوح,منخفضة
REQ-002634,2025-07-26,البريد الإلكتروني,طلب منح بطاقة ذوي الإعاقة لطفلي، رقم ولايتي 1827727361.,مغلق,متوسطة
REQ-002635,2026-05-25,مركز الاتصال,أرغب في الاستفسار عن ملفي الصحي، رقم السجل الطبي الخاص بي 1591792880.,مفتوح,متوسطة
REQ-002636,2025-05-23,الزيارة الميدانية,طلب إنهاء إجراءات الحصول على معاش التقاعد المبكر، هويتي 1429848193.,مغلق,منخفضة
REQ-002637,2026-05-09,الزيارة الميدانية,طلب تعديل بيانات الراتب في السجل بسبب خطأ محاسبي، هويتي 1442118202.,مفتوح,متوسطة
REQ-002638,2025-11-16,مركز الاتصال,طلب توضيح حول رسوم الخدمة المعلنة.,منجز,عالية
REQ-002639,2025-09-29,مركز الاتصال,طلب تقرير طبي يخص ابني القاصر لاستكمال المعاملة، هويتي 1062617749.,قيد المعالجة,منخفضة
REQ-002640,2025-11-02,مركز الاتصال,طلب نموذج تفويض موقع لإنجاز المعاملات نيابةً.,معلق,عالية
REQ-002641,2025-04-16,الزيارة الميدانية,استفسار عن الوثائق المطلوبة لاستخراج وثيقة رسمية.,معلق,عالية
REQ-002642,2026-06-19,البريد الإلكتروني,شكوى ضد موظف مع إرفاق اسمي الكامل ورقم هويتي 1604649960.,قيد المعالجة,منخفضة
REQ-002643,2025-07-10,البريد الإلكتروني,أعاني من حالة صحية مزمنة وأطلب إعفاءً من الرسوم، رقم هويتي 1676254970.,منجز,منخفضة
REQ-002644,2025-04-30,الزيارة الميدانية,طلب إنهاء إجراءات الحصول على معاش التقاعد المبكر، هويتي 1343122154.,قيد المعالجة,متوسطة
REQ-002645,2026-02-01,مركز الاتصال,طلب إعفاء بسبب ظرف خاص ووضع مالي صعب، يمكن التواصل على +966524352674.,معلق,عالية
REQ-002646,2025-07-30,البوابة الإلكترونية,طلب منح بطاقة ذوي الإعاقة لطفلي، رقم ولايتي 1664337472.,معلق,منخفضة
REQ-002647,2025-05-03,البريد الإلكتروني,أرجو تحديث بياناتي الشخصية، هويتي 1765644164 وجوالي +966583678024.,قيد المعالجة,عالية
REQ-002648,2025-11-05,مركز الاتصال,شكوى عن صعوبة التنقل بين صفحات الموقع الرسمي.,معلق,منخفضة
REQ-002649,2025-04-05,تطبيق الجوال,طلب توضيح حول رسوم الخدمة المعلنة.,قيد المعالجة,منخفضة
REQ-002650,2024-12-25,البوابة الإلكترونية,استفسار عن موعد تجديد رخصة القيادة.,مفتوح,منخفضة
REQ-002651,2025-06-01,الزيارة الميدانية,شكوى عن صعوبة التنقل بين صفحات الموقع الرسمي.,معلق,متوسطة
REQ-002652,2026-02-23,البوابة الإلكترونية,طلب منح بطاقة ذوي الإعاقة لطفلي، رقم ولايتي 1796744892.,مفتوح,منخفضة
REQ-002653,2025-08-24,البريد الإلكتروني,طلب إرشادات للتسجيل في بوابة الخدمات الحكومية.,قيد المعالجة,متوسطة
REQ-002654,2025-09-12,تطبيق الجوال,استفسار عن الخدمات الرقمية المتاحة على التطبيق الرسمي.,منجز,منخفضة
REQ-002655,2025-08-27,البوابة الإلكترونية,استفسار عن الخدمات الرقمية المتاحة على التطبيق الرسمي.,مفتوح,متوسطة
REQ-002656,2026-01-31,تطبيق الجوال,طلب الحصول على شهادة من الجهة تثبت تسجيل المنشأة.,قيد المعالجة,متوسطة
REQ-002657,2026-06-11,تطبيق الجوال,طلب تصحيح بيانات الاستقطاعات من الراتب الأساسي SA8728766895782007411888.,منجز,منخفضة
REQ-002658,2026-01-05,مركز الاتصال,طلب تعديل بيانات الراتب في السجل بسبب خطأ محاسبي، هويتي 1060222773.,مفتوح,عالية
REQ-002659,2026-04-30,الزيارة الميدانية,طلب إرشادات للتسجيل في بوابة الخدمات الحكومية.,مفتوح,عالية
REQ-002660,2026-06-13,البريد الإلكتروني,أستفسر عن كيفية اسـترداد دعم الإيجار، رقم هويتي الوطنية 1223296722.,منجز,عالية
REQ-002661,2025-04-18,البريد الإلكتروني,طلب توضيح حول رسوم الخدمة المعلنة.,معلق,منخفضة
REQ-002662,2025-06-09,الزيارة الميدانية,سؤال عن كيفية متابعة حالة الطلب المقدم عبر البوابة.,منجز,عالية
REQ-002663,2025-09-17,مركز الاتصال,استفسار عن أوقات العمل الرسمية للفرع.,مفتوح,متوسطة
REQ-002664,2025-07-15,مركز الاتصال,أعاني من حالة صحية مزمنة وأطلب إعفاءً من الرسوم، رقم هويتي 1700071291.,معلق,عالية
REQ-002665,2026-05-15,البريد الإلكتروني,استفسار عن إمكانية تحديث بيانات التواصل بشكل إلكتروني.,معلق,منخفضة
REQ-002666,2025-03-25,مركز الاتصال,طلب منح بطاقة ذوي الإعاقة لطفلي، رقم ولايتي 1003417928.,منجز,منخفضة
REQ-002667,2025-04-18,البريد الإلكتروني,طلب توضيح حول رسوم الخدمة المعلنة.,مفتوح,منخفضة
REQ-002668,2025-02-07,مركز الاتصال,سؤال عن مدة معالجة طلبات إصدار الشهادات.,مفتوح,منخفضة
REQ-002669,2026-01-24,البوابة الإلكترونية,طلب تعديل بيانات الراتب في السجل بسبب خطأ محاسبي، هويتي 1631513783.,معلق,منخفضة
REQ-002670,2026-05-13,البريد الإلكتروني,طلب إرشادات للتسجيل في بوابة الخدمات الحكومية.,قيد المعالجة,منخفضة
REQ-002671,2026-01-15,البريد الإلكتروني,شكوى ضد موظف مع إرفاق اسمي الكامل ورقم هويتي 1583268147.,قيد المعالجة,متوسطة
REQ-002672,2025-04-02,البريد الإلكتروني,اقتراح بتحسين تجربة الموقع الإلكتروني.,مغلق,منخفضة
REQ-002673,2025-02-11,مركز الاتصال,تقديم طلب لاستثناء خاص نظراً لوجود مرض مزمن مثبت طبياً، جوالي +966512935719.,منجز,متوسطة
REQ-002674,2026-05-06,البوابة الإلكترونية,استفسار عن إمكانية تحديث بيانات التواصل بشكل إلكتروني.,مفتوح,متوسطة
REQ-002675,2026-04-18,تطبيق الجوال,سؤال عن مدة معالجة طلبات إصدار الشهادات.,قيد المعالجة,منخفضة
REQ-002676,2025-08-23,البريد الإلكتروني,طلب نموذج تفويض موقع لإنجاز المعاملات نيابةً.,مفتوح,منخفضة
REQ-002677,2025-05-15,البوابة الإلكترونية,تقديم شكوى بسبب تسريب بياناتي الشخصية من قِبل أحد الموظفين، هويتي 1629904374.,قيد المعالجة,منخفضة
REQ-002678,2025-02-23,الزيارة الميدانية,سؤال عن مدة معالجة طلبات إصدار الشهادات.,معلق,متوسطة
REQ-002679,2025-01-18,البريد الإلكتروني,طلب إعفاء بسبب ظرف خاص ووضع مالي صعب، يمكن التواصل على +966551832741.,قيد المعالجة,عالية
REQ-002680,2025-02-14,مركز الاتصال,استفسار عن أوقات العمل الرسمية للفرع.,مغلق,منخفضة
REQ-002681,2025-10-22,مركز الاتصال,شكوى عن بطء الخدمة الإلكترونية في الموقع الرسمي.,مفتوح,عالية
REQ-002682,2026-03-12,الزيارة الميدانية,طلب دليل المستخدم الخاص بمنظومة الخدمات الإلكترونية.,معلق,منخفضة
REQ-002683,2025-04-24,البريد الإلكتروني,اقتراح إضافة خدمة الدفع الإلكتروني لتسهيل المعاملات.,معلق,عالية
REQ-002684,2026-01-25,مركز الاتصال,شكوى عن صعوبة التنقل بين صفحات الموقع الرسمي.,معلق,منخفضة
REQ-002685,2025-10-10,الزيارة الميدانية,اقتراح تفعيل خاصية الإشعارات الفورية للمعاملات.,مغلق,متوسطة
REQ-002686,2025-08-11,تطبيق الجوال,استفسار عن قنوات التواصل مع فريق الدعم الفني.,معلق,متوسطة
REQ-002687,2025-01-28,الزيارة الميدانية,سؤال عن مدة معالجة طلبات إصدار الشهادات.,معلق,متوسطة
REQ-002688,2026-01-23,مركز الاتصال,طلب نسخة إلكترونية من شهادة إتمام معاملة.,قيد المعالجة,عالية
REQ-002689,2025-01-08,تطبيق الجوال,شكوى عن صعوبة التنقل بين صفحات الموقع الرسمي.,مغلق,منخفضة
REQ-002690,2026-01-16,البوابة الإلكترونية,الاستعلام عن طلب دعم السكن المقدم منذ فترة، هويتي 1422344430.,منجز,منخفضة
REQ-002691,2025-03-27,تطبيق الجوال,أعاني من حالة صحية مزمنة وأطلب إعفاءً من الرسوم، رقم هويتي 1457187860.,مفتوح,متوسطة
REQ-002692,2025-10-25,مركز الاتصال,استفسار عن قنوات التواصل مع فريق الدعم الفني.,قيد المعالجة,عالية
REQ-002693,2025-08-27,الزيارة الميدانية,طلب تعديل بيانات الراتب في السجل بسبب خطأ محاسبي، هويتي 1124191246.,قيد المعالجة,عالية
REQ-002694,2025-09-01,الزيارة الميدانية,استفسار عن الخدمات الرقمية المتاحة على التطبيق الرسمي.,مفتوح,متوسطة
REQ-002695,2025-05-26,الزيارة الميدانية,شكوى عن صعوبة التنقل بين صفحات الموقع الرسمي.,مغلق,عالية
REQ-002696,2026-03-20,تطبيق الجوال,تقديم طلب لاستثناء خاص نظراً لوجود مرض مزمن مثبت طبياً، جوالي +966524524613.,معلق,عالية
REQ-002697,2025-03-31,البوابة الإلكترونية,طلب إرشادات للتسجيل في بوابة الخدمات الحكومية.,قيد المعالجة,عالية
REQ-002698,2024-12-27,البوابة الإلكترونية,سؤال عن خطوات حجز موعد في الفرع.,مفتوح,عالية
REQ-002699,2025-10-04,مركز الاتصال,طلب دليل المستخدم الخاص بمنظومة الخدمات الإلكترونية.,مغلق,متوسطة
REQ-002700,2025-05-22,البريد الإلكتروني,استفسار عن خطوات الاعتراض على قرار إداري.,مغلق,متوسطة
REQ-002701,2026-02-10,مركز الاتصال,سؤال عن مدة معالجة طلبات إصدار الشهادات.,مفتوح,منخفضة
REQ-002702,2025-04-19,مركز الاتصال,اقتراح تفعيل خاصية الإشعارات الفورية للمعاملات.,معلق,متوسطة
REQ-002703,2025-12-28,البوابة الإلكترونية,طلب نموذج تفويض موقع لإنجاز المعاملات نيابةً.,مفتوح,عالية
REQ-002704,2025-02-17,مركز الاتصال,الاستعلام عن طلب دعم السكن المقدم منذ فترة، هويتي 1667367856.,قيد المعالجة,منخفضة
REQ-002705,2024-12-23,البريد الإلكتروني,الرجاء مراجعة ملف طعني لأنني معاق ويصعب عليّ الحضور الشخصي، هويتي 1398623072.,قيد المعالجة,متوسطة
REQ-002706,2025-10-18,تطبيق الجوال,استفسار عن قنوات التواصل مع فريق الدعم الفني.,مغلق,عالية
REQ-002707,2025-06-06,البوابة الإلكترونية,استفسار عن الوثائق المطلوبة لاستخراج وثيقة رسمية.,منجز,منخفضة
REQ-002708,2026-01-26,مركز الاتصال,شكوى عن بطء الخدمة الإلكترونية في الموقع الرسمي.,معلق,متوسطة
REQ-002709,2025-04-27,مركز الاتصال,الرجاء مراجعة ملف طعني لأنني معاق ويصعب عليّ الحضور الشخصي، هويتي 1053552897.,معلق,عالية
REQ-002710,2026-05-25,تطبيق الجوال,طلب إعفاء بسبب ظرف خاص ووضع مالي صعب، يمكن التواصل على +966505917680.,مغلق,عالية
REQ-002711,2025-08-31,مركز الاتصال,طلب نسخة من نظام الاستئناف المتاح للمستفيدين.,منجز,متوسطة
REQ-002712,2026-02-23,تطبيق الجوال,طلب معرفة الإجراءات اللازمة لتجديد الترخيص التجاري.,منجز,متوسطة
REQ-002713,2025-03-18,البريد الإلكتروني,طلب منح بطاقة ذوي الإعاقة لطفلي، رقم ولايتي 1097107153.,مفتوح,عالية
REQ-002714,2025-09-06,مركز الاتصال,طلب إعفاء بسبب ظرف خاص ووضع مالي صعب، يمكن التواصل على +966555647415.,مغلق,متوسطة
REQ-002715,2025-04-11,البوابة الإلكترونية,أرجو تحديث بياناتي الشخصية، هويتي 1988270029 وجوالي +966522854159.,قيد المعالجة,منخفضة
REQ-002716,2025-08-02,تطبيق الجوال,استفسار عن أوقات العمل الرسمية للفرع.,مغلق,منخفضة
REQ-002717,2025-05-07,تطبيق الجوال,طلب تقرير طبي يخص ابني القاصر لاستكمال المعاملة، هويتي 1949620148.,معلق,عالية
REQ-002718,2026-02-06,تطبيق الجوال,استفسار عن أوقات العمل الرسمية للفرع.,مفتوح,متوسطة
REQ-002719,2026-03-17,البوابة الإلكترونية,اقتراح تفعيل خاصية الإشعارات الفورية للمعاملات.,قيد المعالجة,متوسطة
REQ-002720,2025-11-18,البوابة الإلكترونية,طلب دليل المستخدم الخاص بمنظومة الخدمات الإلكترونية.,منجز,منخفضة
REQ-002721,2026-03-30,البريد الإلكتروني,طلب معلومات عن الخدمات المتاحة للمقيمين.,مفتوح,متوسطة
REQ-002722,2025-07-09,البريد الإلكتروني,اقتراح إضافة خدمة الدفع الإلكتروني لتسهيل المعاملات.,قيد المعالجة,متوسطة
REQ-002723,2025-02-16,البوابة الإلكترونية,أريد الاستعلام عن دعم الضمان الاجتماعي بناءً على وضعي المالي، جوالي +966513557331.,منجز,متوسطة
REQ-002724,2025-01-14,البوابة الإلكترونية,أواجه ضائقة مالية ولا أستطيع سداد المخالفة، حسابي البنكي SA6228372959428978306181.,منجز,منخفضة
REQ-002725,2026-03-26,البريد الإلكتروني,سؤال عن مدة معالجة طلبات إصدار الشهادات.,منجز,متوسطة
REQ-002726,2025-02-13,البريد الإلكتروني,طلب إرشادات للتسجيل في بوابة الخدمات الحكومية.,مغلق,متوسطة
REQ-002727,2025-03-02,الزيارة الميدانية,سؤال عن كيفية متابعة حالة الطلب المقدم عبر البوابة.,مغلق,منخفضة
REQ-002728,2025-05-26,تطبيق الجوال,طلب صرف تعويض بسبب حادثة عمل ولديّ تقرير طبي، يمكن مراسلتي على +966598938897.,مغلق,منخفضة
REQ-002729,2026-04-02,البريد الإلكتروني,أحتاج مساعدة في استرداد مبلغ مالي تم خصمه خطأً من حسابي SA2185862707246660693133.,منجز,عالية
REQ-002730,2026-01-18,الزيارة الميدانية,اقتراح إضافة خدمة الدفع الإلكتروني لتسهيل المعاملات.,منجز,منخفضة
REQ-002731,2026-04-22,مركز الاتصال,اقتراح إضافة خدمة الدفع الإلكتروني لتسهيل المعاملات.,مغلق,متوسطة
REQ-002732,2025-06-10,الزيارة الميدانية,تقديم طلب لاستثناء خاص نظراً لوجود مرض مزمن مثبت طبياً، جوالي +966580886878.,مفتوح,منخفضة
REQ-002733,2026-01-01,مركز الاتصال,أرغب في الاستفسار عن ملفي الصحي، رقم السجل الطبي الخاص بي 1007630757.,مغلق,منخفضة
REQ-002734,2025-06-09,البوابة الإلكترونية,استفسار عن خطوات الاعتراض على قرار إداري.,منجز,منخفضة
REQ-002735,2025-04-03,الزيارة الميدانية,استفسار عن الخدمات الرقمية المتاحة على التطبيق الرسمي.,مفتوح,عالية
REQ-002736,2025-12-11,تطبيق الجوال,طلب معلومات عن الخدمات المتاحة للمقيمين.,معلق,عالية
REQ-002737,2024-12-23,البريد الإلكتروني,طلب دليل المستخدم الخاص بمنظومة الخدمات الإلكترونية.,منجز,منخفضة
REQ-002738,2025-11-14,الزيارة الميدانية,الرجاء مراجعة ملف طعني لأنني معاق ويصعب عليّ الحضور الشخصي، هويتي 1695253763.,مغلق,منخفضة
REQ-002739,2025-12-21,مركز الاتصال,سؤال عن خطوات حجز موعد في الفرع.,منجز,متوسطة
REQ-002740,2025-10-27,البريد الإلكتروني,أريد الاستعلام عن دعم الضمان الاجتماعي بناءً على وضعي المالي، جوالي +966531212781.,مفتوح,منخفضة
REQ-002741,2026-05-12,البريد الإلكتروني,طلب نسخة من نظام الاستئناف المتاح للمستفيدين.,مفتوح,منخفضة
REQ-002742,2025-02-24,تطبيق الجوال,طلب معرفة الإجراءات اللازمة لتجديد الترخيص التجاري.,مفتوح,منخفضة
REQ-002743,2025-05-12,تطبيق الجوال,اقتراح تفعيل خاصية الإشعارات الفورية للمعاملات.,قيد المعالجة,عالية
REQ-002744,2025-10-11,البوابة الإلكترونية,أرغب في الاستفسار عن ملفي الصحي، رقم السجل الطبي الخاص بي 1114833252.,معلق,عالية
REQ-002745,2026-05-05,البريد الإلكتروني,الاستعلام عن طلب دعم السكن المقدم منذ فترة، هويتي 1618557803.,مغلق,متوسطة
REQ-002746,2025-01-08,البوابة الإلكترونية,طلب إرشادات للتسجيل في بوابة الخدمات الحكومية.,منجز,متوسطة
REQ-002747,2025-04-19,الزيارة الميدانية,طلب معرفة الإجراءات اللازمة لتجديد الترخيص التجاري.,مغلق,عالية
REQ-002748,2025-02-28,البريد الإلكتروني,طلب منح بطاقة ذوي الإعاقة لطفلي، رقم ولايتي 1104510928.,قيد المعالجة,متوسطة
REQ-002749,2026-01-22,البريد الإلكتروني,استفسار عن إمكانية تحديث بيانات التواصل بشكل إلكتروني.,مفتوح,منخفضة
REQ-002750,2025-02-26,الزيارة الميدانية,الاستعلام عن طلب دعم السكن المقدم منذ فترة، هويتي 1345021792.,منجز,متوسطة
REQ-002751,2026-01-19,الزيارة الميدانية,سؤال عن مدة معالجة طلبات إصدار الشهادات.,مفتوح,متوسطة
REQ-002752,2025-04-23,الزيارة الميدانية,استفسار عن الخدمات الرقمية المتاحة على التطبيق الرسمي.,مفتوح,متوسطة
REQ-002753,2026-03-28,الزيارة الميدانية,أرغب في الاستفسار عن ملفي الصحي، رقم السجل الطبي الخاص بي 1745772507.,مغلق,متوسطة
REQ-002754,2025-02-20,الزيارة الميدانية,طلب تصحيح بيانات الاستقطاعات من الراتب الأساسي SA3968367242146494314721.,مفتوح,عالية
REQ-002755,2025-05-03,مركز الاتصال,طلب تعديل بيانات الراتب في السجل بسبب خطأ محاسبي، هويتي 1850742931.,معلق,عالية
REQ-002756,2025-03-28,البوابة الإلكترونية,طلب تصحيح بيانات الاستقطاعات من الراتب الأساسي SA4857545876041548060175.,قيد المعالجة,منخفضة
REQ-002757,2025-11-30,تطبيق الجوال,طلب صرف تعويض بسبب حادثة عمل ولديّ تقرير طبي، يمكن مراسلتي على +966555835155.,مفتوح,عالية
REQ-002758,2026-04-11,الزيارة الميدانية,طلب نسخة إلكترونية من شهادة إتمام معاملة.,قيد المعالجة,متوسطة
REQ-002759,2025-11-22,تطبيق الجوال,طلب تصحيح بيانات الاستقطاعات من الراتب الأساسي SA7346619804590637283860.,مغلق,عالية
REQ-002760,2025-05-07,مركز الاتصال,أرغب في الاستفسار عن ملفي الصحي، رقم السجل الطبي الخاص بي 1651650457.,مغلق,منخفضة
REQ-002761,2025-03-17,البوابة الإلكترونية,استفسار عن موعد تجديد رخصة القيادة.,مفتوح,منخفضة
REQ-002762,2025-08-31,مركز الاتصال,أواجه ضائقة مالية ولا أستطيع سداد المخالفة، حسابي البنكي SA1791620661129620819365.,منجز,عالية
REQ-002763,2026-01-14,البريد الإلكتروني,استفسار عن أوقات العمل الرسمية للفرع.,مفتوح,منخفضة
REQ-002764,2025-10-22,تطبيق الجوال,استفسار عن موعد تجديد رخصة القيادة.,معلق,عالية
REQ-002765,2026-01-15,البريد الإلكتروني,أواجه ضائقة مالية ولا أستطيع سداد المخالفة، حسابي البنكي SA4292109274285028168892.,قيد المعالجة,متوسطة
REQ-002766,2026-01-20,الزيارة الميدانية,طلب تحديث رقم الجوال المسجل في الأنظمة.,مغلق,منخفضة
REQ-002767,2025-01-05,الزيارة الميدانية,طلب نسخة إلكترونية من شهادة إتمام معاملة.,منجز,منخفضة
REQ-002768,2025-04-26,البوابة الإلكترونية,طلب دليل المستخدم الخاص بمنظومة الخدمات الإلكترونية.,قيد المعالجة,عالية
REQ-002769,2026-01-18,تطبيق الجوال,اقتراح بتحسين تجربة الموقع الإلكتروني.,منجز,منخفضة
REQ-002770,2026-04-22,تطبيق الجوال,طلب تقرير طبي يخص ابني القاصر لاستكمال المعاملة، هويتي 1983904481.,مفتوح,متوسطة
REQ-002771,2025-04-20,الزيارة الميدانية,طلب الحصول على شهادة من الجهة تثبت تسجيل المنشأة.,مفتوح,منخفضة
REQ-002772,2025-05-06,البوابة الإلكترونية,استفسار عن أوقات العمل الرسمية للفرع.,مفتوح,منخفضة
REQ-002773,2026-03-24,الزيارة الميدانية,أرغب في الاستفسار عن ملفي الصحي، رقم السجل الطبي الخاص بي 1955936370.,مفتوح,عالية
REQ-002774,2025-04-29,مركز الاتصال,اقتراح بتحسين تجربة الموقع الإلكتروني.,مغلق,متوسطة
REQ-002775,2025-02-03,البريد الإلكتروني,شكوى عن بطء الخدمة الإلكترونية في الموقع الرسمي.,منجز,عالية
REQ-002776,2025-09-22,الزيارة الميدانية,اقتراح تفعيل خاصية الإشعارات الفورية للمعاملات.,قيد المعالجة,متوسطة
REQ-002777,2025-07-01,البوابة الإلكترونية,استفسار عن موعد تجديد رخصة القيادة.,قيد المعالجة,متوسطة
REQ-002778,2025-05-31,تطبيق الجوال,شكوى ضد موظف مع إرفاق اسمي الكامل ورقم هويتي 1441261995.,مفتوح,متوسطة
REQ-002779,2025-10-04,الزيارة الميدانية,طلب تعديل بيانات الراتب في السجل بسبب خطأ محاسبي، هويتي 1369854680.,معلق,متوسطة
REQ-002780,2025-11-15,الزيارة الميدانية,طلب صرف تعويض بسبب حادثة عمل ولديّ تقرير طبي، يمكن مراسلتي على +966529381726.,معلق,عالية
REQ-002781,2026-02-08,البوابة الإلكترونية,استفسار عن الوثائق المطلوبة لاستخراج وثيقة رسمية.,مغلق,منخفضة
REQ-002782,2025-05-15,البوابة الإلكترونية,سؤال عن كيفية متابعة حالة الطلب المقدم عبر البوابة.,معلق,متوسطة
REQ-002783,2026-05-31,تطبيق الجوال,طلب دليل المستخدم الخاص بمنظومة الخدمات الإلكترونية.,مغلق,عالية
REQ-002784,2025-02-27,البريد الإلكتروني,طلب معرفة الإجراءات اللازمة لتجديد الترخيص التجاري.,معلق,منخفضة
REQ-002785,2025-12-28,البوابة الإلكترونية,تقديم طلب لاستثناء خاص نظراً لوجود مرض مزمن مثبت طبياً، جوالي +966553509592.,قيد المعالجة,منخفضة
REQ-002786,2026-01-05,تطبيق الجوال,اقتراح بتحسين تجربة الموقع الإلكتروني.,قيد المعالجة,متوسطة
REQ-002787,2025-03-05,مركز الاتصال,استفسار عن موعد تجديد رخصة القيادة.,قيد المعالجة,عالية
REQ-002788,2026-02-08,الزيارة الميدانية,أستفسر عن كيفية اسـترداد دعم الإيجار، رقم هويتي الوطنية 1554294841.,مغلق,متوسطة
REQ-002789,2026-02-25,البريد الإلكتروني,استفسار عن خطوات الاعتراض على قرار إداري.,منجز,متوسطة
REQ-002790,2026-02-17,مركز الاتصال,شكوى بخصوص فاتورة خاطئة تجاوزت راتبي الشهري، رقم الحساب SA9109282672519486102946.,مفتوح,منخفضة
REQ-002791,2025-11-01,تطبيق الجوال,أريد الاستعلام عن دعم الضمان الاجتماعي بناءً على وضعي المالي، جوالي +966592458303.,مفتوح,عالية
REQ-002792,2024-12-27,تطبيق الجوال,طلب منح بطاقة ذوي الإعاقة لطفلي، رقم ولايتي 1456744265.,معلق,منخفضة
REQ-002793,2025-11-09,الزيارة الميدانية,الاستعلام عن طلب دعم السكن المقدم منذ فترة، هويتي 1967027119.,منجز,عالية
REQ-002794,2025-08-09,الزيارة الميدانية,طلب إرشادات للتسجيل في بوابة الخدمات الحكومية.,مفتوح,منخفضة
REQ-002795,2026-05-17,البريد الإلكتروني,طلب تقرير طبي يخص ابني القاصر لاستكمال المعاملة، هويتي 1575886575.,معلق,عالية
REQ-002796,2026-03-28,البريد الإلكتروني,استفسار عن أوقات العمل الرسمية للفرع.,منجز,منخفضة
REQ-002797,2025-07-15,البريد الإلكتروني,استفسار عن إمكانية تحديث بيانات التواصل بشكل إلكتروني.,قيد المعالجة,متوسطة
REQ-002798,2025-02-10,تطبيق الجوال,أواجه ضائقة مالية ولا أستطيع سداد المخالفة، حسابي البنكي SA2973173743043278299322.,معلق,منخفضة
REQ-002799,2025-08-08,تطبيق الجوال,اقتراح إضافة خدمة الدفع الإلكتروني لتسهيل المعاملات.,قيد المعالجة,منخفضة
REQ-002800,2025-03-01,البوابة الإلكترونية,استفسار عن موعد تجديد رخصة القيادة.,معلق,عالية
REQ-002801,2025-04-07,البوابة الإلكترونية,طلب نسخة من نظام الاستئناف المتاح للمستفيدين.,منجز,عالية
REQ-002802,2025-06-20,الزيارة الميدانية,استفسار عن الوثائق المطلوبة لاستخراج وثيقة رسمية.,مفتوح,متوسطة
REQ-002803,2025-09-02,البريد الإلكتروني,سؤال عن كيفية متابعة حالة الطلب المقدم عبر البوابة.,منجز,عالية
REQ-002804,2025-03-20,البريد الإلكتروني,طلب الحصول على شهادة من الجهة تثبت تسجيل المنشأة.,معلق,عالية
REQ-002805,2026-06-19,مركز الاتصال,سؤال عن خطوات حجز موعد في الفرع.,قيد المعالجة,متوسطة
REQ-002806,2025-12-09,تطبيق الجوال,أرغب في الاستفسار عن ملفي الصحي، رقم السجل الطبي الخاص بي 1232816999.,مفتوح,منخفضة
REQ-002807,2025-11-14,مركز الاتصال,طلب معرفة الإجراءات اللازمة لتجديد الترخيص التجاري.,قيد المعالجة,منخفضة
REQ-002808,2025-05-24,البوابة الإلكترونية,الاستعلام عن طلب دعم السكن المقدم منذ فترة، هويتي 1769727106.,مفتوح,منخفضة
REQ-002809,2025-12-07,البوابة الإلكترونية,اقتراح بتحسين تجربة الموقع الإلكتروني.,مغلق,منخفضة
REQ-002810,2026-01-16,البوابة الإلكترونية,طلب معرفة الإجراءات اللازمة لتجديد الترخيص التجاري.,مغلق,عالية
REQ-002811,2025-04-04,مركز الاتصال,تقديم شكوى بسبب تسريب بياناتي الشخصية من قِبل أحد الموظفين، هويتي 1078463443.,مغلق,منخفضة
REQ-002812,2025-09-10,البريد الإلكتروني,اقتراح تفعيل خاصية الإشعارات الفورية للمعاملات.,قيد المعالجة,متوسطة
REQ-002813,2026-03-27,البوابة الإلكترونية,طلب تعديل بيانات الراتب في السجل بسبب خطأ محاسبي، هويتي 1618458218.,منجز,متوسطة
REQ-002814,2026-02-12,مركز الاتصال,طلب صرف تعويض بسبب حادثة عمل ولديّ تقرير طبي، يمكن مراسلتي على +966556566148.,معلق,منخفضة
REQ-002815,2026-06-19,تطبيق الجوال,أواجه ضائقة مالية ولا أستطيع سداد المخالفة، حسابي البنكي SA0463098446013906171613.,مفتوح,عالية
REQ-002816,2025-09-10,تطبيق الجوال,أعاني من حالة صحية مزمنة وأطلب إعفاءً من الرسوم، رقم هويتي 1142117124.,منجز,عالية
REQ-002817,2025-05-10,تطبيق الجوال,تقديم شكوى بسبب تسريب بياناتي الشخصية من قِبل أحد الموظفين، هويتي 1665024459.,مغلق,متوسطة
REQ-002818,2025-04-06,الزيارة الميدانية,الرجاء مراجعة ملف طعني لأنني معاق ويصعب عليّ الحضور الشخصي، هويتي 1422169597.,مفتوح,متوسطة
REQ-002819,2025-05-19,البريد الإلكتروني,طلب تصحيح بيانات الاستقطاعات من الراتب الأساسي SA5076619218645667326654.,مغلق,متوسطة
REQ-002820,2025-03-24,مركز الاتصال,سؤال عن كيفية متابعة حالة الطلب المقدم عبر البوابة.,قيد المعالجة,منخفضة
REQ-002821,2025-10-22,مركز الاتصال,سؤال عن خطوات حجز موعد في الفرع.,مغلق,منخفضة
REQ-002822,2025-05-08,تطبيق الجوال,اقتراح إضافة خدمة الدفع الإلكتروني لتسهيل المعاملات.,منجز,عالية
REQ-002823,2025-01-23,البوابة الإلكترونية,طلب إنهاء إجراءات الحصول على معاش التقاعد المبكر، هويتي 1130145426.,قيد المعالجة,متوسطة
REQ-002824,2025-08-05,البوابة الإلكترونية,اقتراح بتحسين تجربة الموقع الإلكتروني.,مفتوح,عالية
REQ-002825,2025-12-13,البوابة الإلكترونية,أريد الاستعلام عن دعم الضمان الاجتماعي بناءً على وضعي المالي، جوالي +966509622197.,منجز,منخفضة
REQ-002826,2025-08-02,البريد الإلكتروني,طلب إعفاء بسبب ظرف خاص ووضع مالي صعب، يمكن التواصل على +966581293717.,مغلق,عالية
REQ-002827,2025-06-23,الزيارة الميدانية,اقتراح إضافة خدمة الدفع الإلكتروني لتسهيل المعاملات.,مغلق,عالية
REQ-002828,2025-12-30,تطبيق الجوال,طلب نسخة إلكترونية من شهادة إتمام معاملة.,معلق,عالية
REQ-002829,2025-01-24,تطبيق الجوال,أستفسر عن كيفية اسـترداد دعم الإيجار، رقم هويتي الوطنية 1548138443.,معلق,منخفضة
REQ-002830,2025-09-26,الزيارة الميدانية,سؤال عن كيفية متابعة حالة الطلب المقدم عبر البوابة.,منجز,عالية
REQ-002831,2025-03-24,الزيارة الميدانية,أحتاج مساعدة في استرداد مبلغ مالي تم خصمه خطأً من حسابي SA2931036087494281186057.,منجز,منخفضة
REQ-002832,2025-12-14,مركز الاتصال,استفسار عن خطوات الاعتراض على قرار إداري.,قيد المعالجة,متوسطة
REQ-002833,2025-09-14,تطبيق الجوال,شكوى عن بطء الخدمة الإلكترونية في الموقع الرسمي.,مفتوح,متوسطة
REQ-002834,2024-12-27,مركز الاتصال,طلب منح بطاقة ذوي الإعاقة لطفلي، رقم ولايتي 1046001390.,مغلق,متوسطة
REQ-002835,2025-10-24,البوابة الإلكترونية,أستفسر عن كيفية اسـترداد دعم الإيجار، رقم هويتي الوطنية 1511770396.,مفتوح,عالية
REQ-002836,2025-10-09,الزيارة الميدانية,شكوى عن بطء الخدمة الإلكترونية في الموقع الرسمي.,معلق,منخفضة
REQ-002837,2025-06-10,مركز الاتصال,طلب توضيح حول رسوم الخدمة المعلنة.,مفتوح,متوسطة
REQ-002838,2025-10-29,تطبيق الجوال,استفسار عن الوثائق المطلوبة لاستخراج وثيقة رسمية.,معلق,عالية
REQ-002839,2025-08-26,تطبيق الجوال,أرجو تحديث بياناتي الشخصية، هويتي 1684899972 وجوالي +966534988644.,مفتوح,متوسطة
REQ-002840,2025-05-06,مركز الاتصال,أعاني من حالة صحية مزمنة وأطلب إعفاءً من الرسوم، رقم هويتي 1344888720.,مغلق,متوسطة
REQ-002841,2026-03-09,البوابة الإلكترونية,استفسار عن أوقات العمل الرسمية للفرع.,منجز,متوسطة
REQ-002842,2025-02-15,الزيارة الميدانية,طلب نسخة من نظام الاستئناف المتاح للمستفيدين.,قيد المعالجة,منخفضة
REQ-002843,2025-02-11,تطبيق الجوال,طلب منح بطاقة ذوي الإعاقة لطفلي، رقم ولايتي 1124105071.,مغلق,منخفضة
REQ-002844,2025-05-10,مركز الاتصال,طلب نموذج تفويض موقع لإنجاز المعاملات نيابةً.,مفتوح,متوسطة
REQ-002845,2025-05-15,مركز الاتصال,تقديم طلب لاستثناء خاص نظراً لوجود مرض مزمن مثبت طبياً، جوالي +966542393026.,منجز,عالية
REQ-002846,2025-09-28,البريد الإلكتروني,استفسار عن موعد تجديد رخصة القيادة.,معلق,منخفضة
REQ-002847,2026-06-01,مركز الاتصال,طلب تقرير طبي يخص ابني القاصر لاستكمال المعاملة، هويتي 1805365770.,مفتوح,متوسطة
REQ-002848,2026-03-28,مركز الاتصال,استفسار عن خطوات الاعتراض على قرار إداري.,قيد المعالجة,متوسطة
REQ-002849,2026-02-23,البوابة الإلكترونية,استفسار عن موعد تجديد رخصة القيادة.,مغلق,عالية
REQ-002850,2025-12-21,الزيارة الميدانية,شكوى عن بطء الخدمة الإلكترونية في الموقع الرسمي.,منجز,منخفضة
REQ-002851,2025-04-24,البوابة الإلكترونية,استفسار عن إمكانية تحديث بيانات التواصل بشكل إلكتروني.,مغلق,متوسطة
REQ-002852,2025-07-24,البريد الإلكتروني,استفسار عن الوثائق المطلوبة لاستخراج وثيقة رسمية.,مغلق,منخفضة
REQ-002853,2025-04-04,البريد الإلكتروني,طلب نموذج تفويض موقع لإنجاز المعاملات نيابةً.,قيد المعالجة,منخفضة
REQ-002854,2026-01-29,البوابة الإلكترونية,طلب دليل المستخدم الخاص بمنظومة الخدمات الإلكترونية.,منجز,منخفضة
REQ-002855,2025-04-23,الزيارة الميدانية,استفسار عن قنوات التواصل مع فريق الدعم الفني.,مغلق,عالية
REQ-002856,2025-09-17,تطبيق الجوال,تقديم شكوى بسبب تسريب بياناتي الشخصية من قِبل أحد الموظفين، هويتي 1173100312.,قيد المعالجة,عالية
REQ-002857,2025-05-26,البوابة الإلكترونية,طلب معلومات عن الخدمات المتاحة للمقيمين.,مغلق,منخفضة
REQ-002858,2025-09-27,تطبيق الجوال,طلب نموذج تفويض موقع لإنجاز المعاملات نيابةً.,قيد المعالجة,متوسطة
REQ-002859,2025-07-16,البريد الإلكتروني,طلب معرفة الإجراءات اللازمة لتجديد الترخيص التجاري.,منجز,عالية
REQ-002860,2025-10-27,الزيارة الميدانية,طلب تقرير طبي يخص ابني القاصر لاستكمال المعاملة، هويتي 1407386539.,معلق,متوسطة
REQ-002861,2025-04-22,مركز الاتصال,شكوى بخصوص فاتورة خاطئة تجاوزت راتبي الشهري، رقم الحساب SA2494324781137030790637.,مغلق,منخفضة
REQ-002862,2026-01-06,تطبيق الجوال,اقتراح تفعيل خاصية الإشعارات الفورية للمعاملات.,قيد المعالجة,منخفضة
REQ-002863,2026-05-18,الزيارة الميدانية,طلب تصحيح بيانات الاستقطاعات من الراتب الأساسي SA0938551422623242811545.,مفتوح,عالية
REQ-002864,2026-04-11,الزيارة الميدانية,استفسار عن قنوات التواصل مع فريق الدعم الفني.,معلق,متوسطة
REQ-002865,2025-11-10,تطبيق الجوال,طلب الحصول على شهادة من الجهة تثبت تسجيل المنشأة.,معلق,منخفضة
REQ-002866,2025-10-08,البوابة الإلكترونية,طلب إرشادات للتسجيل في بوابة الخدمات الحكومية.,قيد المعالجة,عالية
REQ-002867,2025-02-22,البوابة الإلكترونية,طلب تحديث رقم الجوال المسجل في الأنظمة.,معلق,عالية
REQ-002868,2026-06-19,البريد الإلكتروني,سؤال عن خطوات حجز موعد في الفرع.,مغلق,متوسطة
REQ-002869,2025-08-02,مركز الاتصال,طلب تعديل بيانات الراتب في السجل بسبب خطأ محاسبي، هويتي 1906219975.,مغلق,منخفضة
REQ-002870,2025-10-02,مركز الاتصال,طلب نسخة إلكترونية من شهادة إتمام معاملة.,قيد المعالجة,عالية
REQ-002871,2024-12-18,تطبيق الجوال,طلب نموذج تفويض موقع لإنجاز المعاملات نيابةً.,منجز,متوسطة
REQ-002872,2025-05-07,تطبيق الجوال,طلب نموذج تفويض موقع لإنجاز المعاملات نيابةً.,منجز,عالية
REQ-002873,2026-02-15,مركز الاتصال,تقديم شكوى بسبب تسريب بياناتي الشخصية من قِبل أحد الموظفين، هويتي 1623240510.,منجز,منخفضة
REQ-002874,2025-11-15,البريد الإلكتروني,استفسار عن الخدمات الرقمية المتاحة على التطبيق الرسمي.,مفتوح,منخفضة
REQ-002875,2026-01-24,البوابة الإلكترونية,شكوى بخصوص فاتورة خاطئة تجاوزت راتبي الشهري، رقم الحساب SA5491208196998299585470.,قيد المعالجة,عالية
REQ-002876,2025-05-06,تطبيق الجوال,طلب نموذج تفويض موقع لإنجاز المعاملات نيابةً.,مغلق,متوسطة
REQ-002877,2025-09-26,تطبيق الجوال,أريد الاستعلام عن دعم الضمان الاجتماعي بناءً على وضعي المالي، جوالي +966561300196.,مغلق,منخفضة
REQ-002878,2026-03-23,تطبيق الجوال,شكوى عن بطء الخدمة الإلكترونية في الموقع الرسمي.,مفتوح,منخفضة
REQ-002879,2025-03-10,الزيارة الميدانية,الرجاء مراجعة ملف طعني لأنني معاق ويصعب عليّ الحضور الشخصي، هويتي 1636492215.,منجز,عالية
REQ-002880,2026-04-10,تطبيق الجوال,أعاني من حالة صحية مزمنة وأطلب إعفاءً من الرسوم، رقم هويتي 1901890960.,قيد المعالجة,متوسطة
REQ-002881,2025-06-09,مركز الاتصال,طلب دليل المستخدم الخاص بمنظومة الخدمات الإلكترونية.,مغلق,متوسطة
REQ-002882,2025-12-29,البوابة الإلكترونية,استفسار عن موعد تجديد رخصة القيادة.,مغلق,متوسطة
REQ-002883,2026-02-07,البوابة الإلكترونية,اقتراح إضافة خدمة الدفع الإلكتروني لتسهيل المعاملات.,منجز,عالية
REQ-002884,2025-02-07,مركز الاتصال,أواجه ضائقة مالية ولا أستطيع سداد المخالفة، حسابي البنكي SA2637498087600967727765.,مفتوح,منخفضة
REQ-002885,2026-01-09,مركز الاتصال,طلب تعديل بيانات الراتب في السجل بسبب خطأ محاسبي، هويتي 1058143296.,معلق,عالية
REQ-002886,2025-10-01,البوابة الإلكترونية,اقتراح تفعيل خاصية الإشعارات الفورية للمعاملات.,معلق,متوسطة
REQ-002887,2025-10-26,تطبيق الجوال,أرغب في الاستفسار عن ملفي الصحي، رقم السجل الطبي الخاص بي 1248445544.,مغلق,متوسطة
REQ-002888,2025-08-27,تطبيق الجوال,استفسار عن الخدمات الرقمية المتاحة على التطبيق الرسمي.,معلق,عالية
REQ-002889,2025-10-08,البريد الإلكتروني,طلب صرف تعويض بسبب حادثة عمل ولديّ تقرير طبي، يمكن مراسلتي على +966591828706.,معلق,متوسطة
REQ-002890,2026-04-28,مركز الاتصال,طلب نسخة إلكترونية من شهادة إتمام معاملة.,مغلق,منخفضة
REQ-002891,2025-02-24,مركز الاتصال,الرجاء مراجعة ملف طعني لأنني معاق ويصعب عليّ الحضور الشخصي، هويتي 1591030968.,معلق,عالية
REQ-002892,2025-03-09,البوابة الإلكترونية,طلب إرشادات للتسجيل في بوابة الخدمات الحكومية.,منجز,منخفضة
REQ-002893,2026-06-05,مركز الاتصال,اقتراح بتحسين تجربة الموقع الإلكتروني.,قيد المعالجة,متوسطة
REQ-002894,2025-02-05,تطبيق الجوال,اقتراح تفعيل خاصية الإشعارات الفورية للمعاملات.,مغلق,عالية
REQ-002895,2025-05-16,البوابة الإلكترونية,أستفسر عن كيفية اسـترداد دعم الإيجار، رقم هويتي الوطنية 1909060863.,مغلق,عالية
REQ-002896,2026-03-06,تطبيق الجوال,الرجاء مراجعة ملف طعني لأنني معاق ويصعب عليّ الحضور الشخصي، هويتي 1112923170.,مفتوح,متوسطة
REQ-002897,2025-08-14,الزيارة الميدانية,اقتراح تفعيل خاصية الإشعارات الفورية للمعاملات.,منجز,منخفضة
REQ-002898,2025-03-01,مركز الاتصال,اقتراح بتحسين تجربة الموقع الإلكتروني.,معلق,منخفضة
REQ-002899,2026-05-13,تطبيق الجوال,شكوى عن صعوبة التنقل بين صفحات الموقع الرسمي.,مغلق,عالية
REQ-002900,2025-05-15,تطبيق الجوال,أحتاج مساعدة في استرداد مبلغ مالي تم خصمه خطأً من حسابي SA3492528150100646996675.,منجز,منخفضة
REQ-002901,2026-04-22,البوابة الإلكترونية,طلب معرفة الإجراءات اللازمة لتجديد الترخيص التجاري.,قيد المعالجة,منخفضة
REQ-002902,2025-06-16,البوابة الإلكترونية,طلب تعديل بيانات الراتب في السجل بسبب خطأ محاسبي، هويتي 1569034935.,مغلق,متوسطة
REQ-002903,2026-02-26,مركز الاتصال,تقديم شكوى بسبب تسريب بياناتي الشخصية من قِبل أحد الموظفين، هويتي 1466133855.,مغلق,عالية
REQ-002904,2026-02-09,الزيارة الميدانية,استفسار عن إمكانية تحديث بيانات التواصل بشكل إلكتروني.,قيد المعالجة,منخفضة
REQ-002905,2025-12-31,مركز الاتصال,سؤال عن مدة معالجة طلبات إصدار الشهادات.,مغلق,عالية
REQ-002906,2025-05-07,البريد الإلكتروني,طلب معرفة الإجراءات اللازمة لتجديد الترخيص التجاري.,مغلق,متوسطة
REQ-002907,2025-03-17,البوابة الإلكترونية,طلب تعديل بيانات الراتب في السجل بسبب خطأ محاسبي، هويتي 1737666543.,معلق,منخفضة
REQ-002908,2025-05-23,مركز الاتصال,أستفسر عن كيفية اسـترداد دعم الإيجار، رقم هويتي الوطنية 1469085177.,مغلق,عالية
REQ-002909,2025-06-29,مركز الاتصال,طلب معرفة الإجراءات اللازمة لتجديد الترخيص التجاري.,قيد المعالجة,عالية
REQ-002910,2025-02-05,البريد الإلكتروني,استفسار عن خطوات الاعتراض على قرار إداري.,معلق,عالية
REQ-002911,2026-01-04,البريد الإلكتروني,طلب نموذج تفويض موقع لإنجاز المعاملات نيابةً.,مفتوح,منخفضة
REQ-002912,2025-03-29,مركز الاتصال,طلب تحديث رقم الجوال المسجل في الأنظمة.,مفتوح,عالية
REQ-002913,2025-12-07,تطبيق الجوال,طلب تقرير طبي يخص ابني القاصر لاستكمال المعاملة، هويتي 1350565428.,منجز,منخفضة
REQ-002914,2025-04-24,مركز الاتصال,الاستعلام عن طلب دعم السكن المقدم منذ فترة، هويتي 1355747476.,مغلق,متوسطة
REQ-002915,2025-11-12,الزيارة الميدانية,طلب معرفة الإجراءات اللازمة لتجديد الترخيص التجاري.,مفتوح,عالية
REQ-002916,2026-02-11,البريد الإلكتروني,الرجاء مراجعة ملف طعني لأنني معاق ويصعب عليّ الحضور الشخصي، هويتي 1865448920.,مفتوح,متوسطة
REQ-002917,2025-01-04,الزيارة الميدانية,طلب إعفاء بسبب ظرف خاص ووضع مالي صعب، يمكن التواصل على +966518569712.,مغلق,عالية
REQ-002918,2026-01-23,مركز الاتصال,اقتراح إضافة خدمة الدفع الإلكتروني لتسهيل المعاملات.,معلق,منخفضة
REQ-002919,2026-05-24,البريد الإلكتروني,سؤال عن مدة معالجة طلبات إصدار الشهادات.,مغلق,متوسطة
REQ-002920,2025-01-19,البريد الإلكتروني,طلب صرف تعويض بسبب حادثة عمل ولديّ تقرير طبي، يمكن مراسلتي على +966570792218.,مغلق,عالية
REQ-002921,2025-08-18,الزيارة الميدانية,طلب نموذج تفويض موقع لإنجاز المعاملات نيابةً.,مفتوح,متوسطة
REQ-002922,2025-07-23,البوابة الإلكترونية,شكوى ضد موظف مع إرفاق اسمي الكامل ورقم هويتي 1468991037.,معلق,عالية
REQ-002923,2025-04-10,البوابة الإلكترونية,طلب معرفة الإجراءات اللازمة لتجديد الترخيص التجاري.,منجز,منخفضة
REQ-002924,2025-07-19,البريد الإلكتروني,استفسار عن إمكانية تحديث بيانات التواصل بشكل إلكتروني.,مغلق,متوسطة
REQ-002925,2025-09-03,مركز الاتصال,طلب تحديث رقم الجوال المسجل في الأنظمة.,مفتوح,متوسطة
REQ-002926,2026-02-03,البريد الإلكتروني,أواجه ضائقة مالية ولا أستطيع سداد المخالفة، حسابي البنكي SA7955465521933479967584.,مفتوح,عالية
REQ-002927,2026-05-21,البريد الإلكتروني,سؤال عن خطوات حجز موعد في الفرع.,مفتوح,متوسطة
REQ-002928,2025-02-03,الزيارة الميدانية,طلب توضيح حول رسوم الخدمة المعلنة.,قيد المعالجة,متوسطة
REQ-002929,2026-06-16,الزيارة الميدانية,طلب معلومات عن الخدمات المتاحة للمقيمين.,مغلق,متوسطة
REQ-002930,2026-02-25,البريد الإلكتروني,سؤال عن خطوات حجز موعد في الفرع.,منجز,متوسطة
REQ-002931,2026-01-12,مركز الاتصال,الاستعلام عن طلب دعم السكن المقدم منذ فترة، هويتي 1953530076.,مغلق,منخفضة
REQ-002932,2025-12-21,البريد الإلكتروني,استفسار عن الوثائق المطلوبة لاستخراج وثيقة رسمية.,معلق,متوسطة
REQ-002933,2025-05-01,مركز الاتصال,سؤال عن مدة معالجة طلبات إصدار الشهادات.,معلق,متوسطة
REQ-002934,2025-01-21,تطبيق الجوال,طلب معرفة الإجراءات اللازمة لتجديد الترخيص التجاري.,معلق,عالية
REQ-002935,2026-03-27,مركز الاتصال,أرجو تحديث بياناتي الشخصية، هويتي 1380548469 وجوالي +966505369037.,معلق,عالية
REQ-002936,2025-04-06,الزيارة الميدانية,طلب منح بطاقة ذوي الإعاقة لطفلي، رقم ولايتي 1432424693.,مفتوح,متوسطة
REQ-002937,2025-04-09,مركز الاتصال,طلب معرفة الإجراءات اللازمة لتجديد الترخيص التجاري.,معلق,عالية
REQ-002938,2025-02-26,الزيارة الميدانية,أستفسر عن كيفية اسـترداد دعم الإيجار، رقم هويتي الوطنية 1415170982.,مغلق,عالية
REQ-002939,2025-01-17,الزيارة الميدانية,شكوى ضد موظف مع إرفاق اسمي الكامل ورقم هويتي 1054747454.,قيد المعالجة,منخفضة
REQ-002940,2026-05-29,الزيارة الميدانية,طلب نموذج تفويض موقع لإنجاز المعاملات نيابةً.,قيد المعالجة,عالية
REQ-002941,2025-11-15,البريد الإلكتروني,استفسار عن أوقات العمل الرسمية للفرع.,منجز,متوسطة
REQ-002942,2025-12-15,الزيارة الميدانية,اقتراح تفعيل خاصية الإشعارات الفورية للمعاملات.,قيد المعالجة,متوسطة
REQ-002943,2025-03-25,مركز الاتصال,طلب معلومات عن الخدمات المتاحة للمقيمين.,مغلق,متوسطة
REQ-002944,2025-03-08,البريد الإلكتروني,استفسار عن قنوات التواصل مع فريق الدعم الفني.,قيد المعالجة,متوسطة
REQ-002945,2025-04-20,البوابة الإلكترونية,الاستعلام عن طلب دعم السكن المقدم منذ فترة، هويتي 1133633493.,منجز,متوسطة
REQ-002946,2026-02-02,البوابة الإلكترونية,سؤال عن مدة معالجة طلبات إصدار الشهادات.,معلق,عالية
REQ-002947,2026-02-15,مركز الاتصال,طلب معرفة الإجراءات اللازمة لتجديد الترخيص التجاري.,منجز,متوسطة
REQ-002948,2025-04-05,مركز الاتصال,طلب تصحيح بيانات الاستقطاعات من الراتب الأساسي SA8218736808045530408553.,مفتوح,متوسطة
REQ-002949,2025-10-12,مركز الاتصال,طلب تعديل بيانات الراتب في السجل بسبب خطأ محاسبي، هويتي 1504974062.,معلق,عالية
REQ-002950,2025-04-08,البوابة الإلكترونية,طلب دليل المستخدم الخاص بمنظومة الخدمات الإلكترونية.,قيد المعالجة,منخفضة
REQ-002951,2025-11-24,الزيارة الميدانية,طلب صرف تعويض بسبب حادثة عمل ولديّ تقرير طبي، يمكن مراسلتي على +966584021953.,مفتوح,متوسطة
REQ-002952,2025-04-15,البوابة الإلكترونية,أواجه ضائقة مالية ولا أستطيع سداد المخالفة، حسابي البنكي SA3577786824541528057786.,مفتوح,منخفضة
REQ-002953,2025-03-28,البوابة الإلكترونية,طلب إنهاء إجراءات الحصول على معاش التقاعد المبكر، هويتي 1515076634.,مفتوح,متوسطة
REQ-002954,2026-04-07,البريد الإلكتروني,اقتراح إضافة خدمة الدفع الإلكتروني لتسهيل المعاملات.,معلق,منخفضة
REQ-002955,2025-08-02,البوابة الإلكترونية,طلب نسخة إلكترونية من شهادة إتمام معاملة.,مغلق,متوسطة
REQ-002956,2025-01-18,البريد الإلكتروني,استفسار عن خطوات الاعتراض على قرار إداري.,مغلق,عالية
REQ-002957,2026-05-01,البوابة الإلكترونية,اقتراح بتحسين تجربة الموقع الإلكتروني.,مغلق,منخفضة
REQ-002958,2025-09-15,مركز الاتصال,اقتراح إضافة خدمة الدفع الإلكتروني لتسهيل المعاملات.,مفتوح,منخفضة
REQ-002959,2026-02-13,البريد الإلكتروني,استفسار عن الخدمات الرقمية المتاحة على التطبيق الرسمي.,مفتوح,منخفضة
REQ-002960,2025-04-26,تطبيق الجوال,طلب صرف تعويض بسبب حادثة عمل ولديّ تقرير طبي، يمكن مراسلتي على +966529171927.,منجز,متوسطة
REQ-002961,2026-03-06,البوابة الإلكترونية,طلب نسخة من نظام الاستئناف المتاح للمستفيدين.,منجز,عالية
REQ-002962,2025-08-06,البوابة الإلكترونية,أواجه ضائقة مالية ولا أستطيع سداد المخالفة، حسابي البنكي SA4522181161175805824010.,قيد المعالجة,منخفضة
REQ-002963,2026-03-05,البريد الإلكتروني,الرجاء مراجعة ملف طعني لأنني معاق ويصعب عليّ الحضور الشخصي، هويتي 1844962942.,قيد المعالجة,عالية
REQ-002964,2026-04-05,البوابة الإلكترونية,طلب تصحيح بيانات الاستقطاعات من الراتب الأساسي SA2006126962513293843312.,مغلق,عالية
REQ-002965,2025-10-22,البريد الإلكتروني,طلب إنهاء إجراءات الحصول على معاش التقاعد المبكر، هويتي 1948978653.,قيد المعالجة,منخفضة
REQ-002966,2025-03-30,الزيارة الميدانية,شكوى بخصوص فاتورة خاطئة تجاوزت راتبي الشهري، رقم الحساب SA9486231397171573799500.,مفتوح,عالية
REQ-002967,2026-04-11,مركز الاتصال,طلب الحصول على شهادة من الجهة تثبت تسجيل المنشأة.,قيد المعالجة,عالية
REQ-002968,2026-06-18,الزيارة الميدانية,طلب تعديل بيانات الراتب في السجل بسبب خطأ محاسبي، هويتي 1035540010.,مغلق,متوسطة
REQ-002969,2025-05-29,مركز الاتصال,طلب معرفة الإجراءات اللازمة لتجديد الترخيص التجاري.,معلق,متوسطة
REQ-002970,2025-10-11,تطبيق الجوال,استفسار عن قنوات التواصل مع فريق الدعم الفني.,قيد المعالجة,عالية
REQ-002971,2025-02-25,البريد الإلكتروني,تقديم شكوى بسبب تسريب بياناتي الشخصية من قِبل أحد الموظفين، هويتي 1035779543.,منجز,متوسطة
REQ-002972,2026-03-04,البريد الإلكتروني,استفسار عن الخدمات الرقمية المتاحة على التطبيق الرسمي.,منجز,منخفضة
REQ-002973,2025-08-11,تطبيق الجوال,الاستعلام عن طلب دعم السكن المقدم منذ فترة، هويتي 1341056594.,منجز,متوسطة
REQ-002974,2025-01-21,تطبيق الجوال,طلب توضيح حول رسوم الخدمة المعلنة.,مغلق,عالية
REQ-002975,2025-08-15,الزيارة الميدانية,أعاني من حالة صحية مزمنة وأطلب إعفاءً من الرسوم، رقم هويتي 1766242976.,مغلق,عالية
REQ-002976,2025-08-12,الزيارة الميدانية,سؤال عن خطوات حجز موعد في الفرع.,CLOSED,منخفضة
REQ-002977,2025-09-10,مركز الاتصال,,مفتوح,عالية
REQ-002978,2026-05-09,البريد الإلكتروني,سؤال عن كيفية متابعة حالة الطلب المقدم عبر البوابة.,مغلق,منخفضة
REQ-002979,2025-02-23,تطبيق الجوال,استفسار عن قنوات التواصل مع فريق الدعم الفني.,مغلق,عالية
REQ-002980,2026-02-09,مركز الاتصال,طلب نسخة من نظام الاستئناف المتاح للمستفيدين.,معلق,عالية
REQ-002981,2025-10-24,الزيارة الميدانية,طلب نسخة إلكترونية من شهادة إتمام معاملة.,قيد المعالجة,عالية
REQ-002982,2025-08-29,البريد الإلكتروني,طلب صرف تعويض بسبب حادثة عمل ولديّ تقرير طبي، يمكن مراسلتي على +966554868912.,مغلق,عالية
REQ-002983,2025-12-01,البريد الإلكتروني,طلب تصحيح بيانات الاستقطاعات من الراتب الأساسي SA1735824162063081049779.,قيد المعالجة,متوسطة
REQ-002984,2026-02-13,البوابة الإلكترونية,أريد الاستعلام عن دعم الضمان الاجتماعي بناءً على وضعي المالي، جوالي +966518359067.,معلق,منخفضة
REQ-002985,2026-02-28,الزيارة الميدانية,تقديم شكوى بسبب تسريب بياناتي الشخصية من قِبل أحد الموظفين، هويتي 1306990852.,معلق,عالية
REQ-002986,2024-12-22,البريد الإلكتروني,سؤال عن كيفية متابعة حالة الطلب المقدم عبر البوابة.,منجز,متوسطة
REQ-002987,2025-09-04,البريد الإلكتروني,طلب دليل المستخدم الخاص بمنظومة الخدمات الإلكترونية.,مفتوح,عالية
REQ-002988,2026-02-06,البريد الإلكتروني,طلب تقرير طبي يخص ابني القاصر لاستكمال المعاملة، هويتي 1508206586.,مغلق,عالية
REQ-002989,2026-03-25,الزيارة الميدانية,طلب نسخة من نظام الاستئناف المتاح للمستفيدين.,قيد المعالجة,متوسطة
REQ-002990,2025-08-18,تطبيق الجوال,طلب تعديل بيانات الراتب في السجل بسبب خطأ محاسبي، هويتي 1560969550.,مغلق,عالية
REQ-002991,2025-05-12,تطبيق الجوال,استفسار عن قنوات التواصل مع فريق الدعم الفني.,مفتوح,منخفضة
REQ-002992,2025-10-19,البريد الإلكتروني,أرغب في الاستفسار عن ملفي الصحي، رقم السجل الطبي الخاص بي 1337388894.,منجز,منخفضة
REQ-002993,2025-06-14,تطبيق الجوال,طلب نموذج تفويض موقع لإنجاز المعاملات نيابةً.,معلق,منخفضة
REQ-002994,2025-06-21,تطبيق الجوال,استفسار عن خطوات الاعتراض على قرار إداري.,منجز,منخفضة
REQ-002995,2026-02-28,البوابة الإلكترونية,طلب صرف تعويض بسبب حادثة عمل ولديّ تقرير طبي، يمكن مراسلتي على +966567934423.,معلق,عالية
REQ-002996,2025-07-13,مركز الاتصال,استفسار عن قنوات التواصل مع فريق الدعم الفني.,مفتوح,عالية
REQ-002997,2025-03-25,مركز الاتصال,طلب معلومات عن الخدمات المتاحة للمقيمين.,مغلق,عالية
REQ-002998,2025-09-02,الزيارة الميدانية,طلب صرف تعويض بسبب حادثة عمل ولديّ تقرير طبي، يمكن مراسلتي على +966537467933.,مغلق,عالية
REQ-002999,2026-02-03,البريد الإلكتروني,اقتراح بتحسين تجربة الموقع الإلكتروني.,مفتوح,عالية
REQ-003000,2025-10-31,مركز الاتصال,طلب إعفاء بسبب ظرف خاص ووضع مالي صعب، يمكن التواصل على +966597776871.,معلق,متوسطة
REQ-001372,2025-07-02,البوابة الإلكترونية,استفسار عن الخدمات الرقمية المتاحة على التطبيق الرسمي.,قيد المعالجة,متوسطة
REQ-001503,2025-12-30,البريد الإلكتروني,سؤال عن خطوات حجز موعد في الفرع.,قيد المعالجة,منخفضة
REQ-000544,2025-08-24,مركز الاتصال,تقديم طلب لاستثناء خاص نظراً لوجود مرض مزمن مثبت طبياً، جوالي +966502301287.,قيد المعالجة,منخفضة
REQ-000471,2025-04-27,البريد الإلكتروني,طلب نسخة إلكترونية من شهادة إتمام معاملة.,منجز,عالية
REQ-000727,2025-02-12,البوابة الإلكترونية,طلب معرفة الإجراءات اللازمة لتجديد الترخيص التجاري.,مغلق,متوسطة
REQ-001725,2026-06-14,الزيارة الميدانية,طلب نسخة إلكترونية من شهادة إتمام معاملة.,قيد المعالجة,متوسطة
REQ-000959,2025-03-28,البريد الإلكتروني,أرجو تحديث بياناتي الشخصية، هويتي 1754862553 وجوالي +966598505581.,معلق,عالية
REQ-002126,2025-07-10,البريد الإلكتروني,اقتراح إضافة خدمة الدفع الإلكتروني لتسهيل المعاملات.,مغلق,متوسطة
REQ-002884,2025-02-07,مركز الاتصال,أواجه ضائقة مالية ولا أستطيع سداد المخالفة، حسابي البنكي SA2637498087600967727765.,مفتوح,منخفضة
REQ-000008,2025-12-22,تطبيق الجوال,أرغب في الاستفسار عن ملفي الصحي، رقم السجل الطبي الخاص بي 1643046582.,مفتوح,عالية
REQ-002023,2026-02-04,البوابة الإلكترونية,طلب توضيح حول رسوم الخدمة المعلنة.,مفتوح,عالية
REQ-000741,2025-01-02,تطبيق الجوال,استفسار عن خطوات الاعتراض على قرار إداري.,مغلق,منخفضة
REQ-000489,2025-09-26,البريد الإلكتروني,طلب إرشادات للتسجيل في بوابة الخدمات الحكومية.,قيد المعالجة,متوسطة
REQ-002308,2025-04-16,تطبيق الجوال,طلب تصحيح بيانات الاستقطاعات من الراتب الأساسي SA1778735100092153363049.,معلق,عالية
REQ-001851,2026-03-07,البريد الإلكتروني,سؤال عن مدة معالجة طلبات إصدار الشهادات.,معلق,متوسطة
