record_id,entity_name_ar,cr_number,main_activity,city,registration_status,dataset_source,license
OPEN-00001,مكتب الدوسري للترجمة والتعريب,4031189519,الخدمات اللوجستية,مكة المكرمة,منتهي,بوابة البيانات المفتوحة (نموذج),ترخيص البيانات المفتوحة - Attribution
OPEN-00002,مركز البلوي للترجمة والتعريب,5854496706,الشحن والنقل,خميس مشيط,منتهي,بوابة البيانات المفتوحة (نموذج),ترخيص البيانات المفتوحة - Attribution
OPEN-00003,مصنع الجهني للترجمة والتعريب,4650753036,التعليم والتدريب,المدينة المنورة,ساري,بوابة البيانات المفتوحة (نموذج),ترخيص البيانات المفتوحة - Attribution
OPEN-00004,مختبرات الشهراني للمقاولات,2050782261,الاستيراد والتصدير,الدمام,منتهي,بوابة البيانات المفتوحة (نموذج),ترخيص البيانات المفتوحة - Attribution
OPEN-00005,مركز الشمري للتجهيزات الطبية,4652007282,التعليم والتدريب,ينبع,منتهي,بوابة البيانات المفتوحة (نموذج),ترخيص البيانات المفتوحة - Attribution
OPEN-00006,مؤسسة العوفي لإدارة المشاريع,6006720719,الصناعات الغذائية,جازان,منتهي,بوابة البيانات المفتوحة (نموذج),ترخيص البيانات المفتوحة - Attribution
OPEN-00007,شركة مساهمة الحميدي للأمن السيبراني,4031834759,السياحة والضيافة,مكة المكرمة,موقوف,بوابة البيانات المفتوحة (نموذج),ترخيص البيانات المفتوحة - Attribution
OPEN-00008,مؤسسة السديري للخدمات المالية,2050411794,التعليم والتدريب,الدمام,منتهي,بوابة البيانات المفتوحة (نموذج),ترخيص البيانات المفتوحة - Attribution
OPEN-00009,مركز السديري لإدارة المشاريع,3206245547,الإعلام والتواصل,حائل,ساري,بوابة البيانات المفتوحة (نموذج),ترخيص البيانات المفتوحة - Attribution
OPEN-00010,مختبرات الحازمي للمقاولات,5606469442,الشحن والنقل,تبوك,ساري,بوابة البيانات المفتوحة (نموذج),ترخيص البيانات المفتوحة - Attribution
OPEN-00011,مركز الفيفي للأعمال العقارية,6906708471,الصناعة التحويلية,عرعر,منتهي,بوابة البيانات المفتوحة (نموذج),ترخيص البيانات المفتوحة - Attribution
OPEN-00012,شركة المطيري للخدمات اللوجستية,6506177641,الصناعات الغذائية,نجران,منتهي,بوابة البيانات المفتوحة (نموذج),ترخيص البيانات المفتوحة - Attribution
OPEN-00013,مصنع السبيعي للمقاولات,3406931745,البحث والتطوير,بريدة,منتهي,بوابة البيانات المفتوحة (نموذج),ترخيص البيانات المفتوحة - Attribution
OPEN-00014,مركز الحوساوي للطباعة والنشر,3406403590,تجارة التجزئة,بريدة,موقوف,بوابة البيانات المفتوحة (نموذج),ترخيص البيانات المفتوحة - Attribution
OPEN-00015,مختبرات الهاجري لتقنية المعلومات,6506688779,الصناعة التحويلية,نجران,موقوف,بوابة البيانات المفتوحة (نموذج),ترخيص البيانات المفتوحة - Attribution
OPEN-00016,مكتب الغامدي للخدمات اللوجستية,3206022701,الاستيراد والتصدير,حائل,منتهي,بوابة البيانات المفتوحة (نموذج),ترخيص البيانات المفتوحة - Attribution
OPEN-00017,مركز القرني للمقاولات,4652595900,الإعلام والتواصل,ينبع,منتهي,بوابة البيانات المفتوحة (نموذج),ترخيص البيانات المفتوحة - Attribution
OPEN-00018,مكتب الحربي للخدمات اللوجستية,6906369881,الاستيراد والتصدير,عرعر,ساري,بوابة البيانات المفتوحة (نموذج),ترخيص البيانات المفتوحة - Attribution
OPEN-00019,مجموعة الشهراني للأمن السيبراني,3406743363,الشحن والنقل,بريدة,موقوف,بوابة البيانات المفتوحة (نموذج),ترخيص البيانات المفتوحة - Attribution
OPEN-00020,مصنع الحوساوي لتقنية المعلومات,6006080858,الخدمات الحكومية,جازان,ساري,بوابة البيانات المفتوحة (نموذج),ترخيص البيانات المفتوحة - Attribution
OPEN-00021,مؤسسة الرشيدي للأعمال العقارية,1010480210,الصناعة التحويلية,الرياض,منتهي,بوابة البيانات المفتوحة (نموذج),ترخيص البيانات المفتوحة - Attribution
OPEN-00022,مجموعة العسيري للخدمات المالية,5854713608,التمويل والبنوك,خميس مشيط,منتهي,بوابة البيانات المفتوحة (نموذج),ترخيص البيانات المفتوحة - Attribution
OPEN-00023,مصنع العمري للبنية التحتية,4032686267,البناء والتشييد,الطائف,ساري,بوابة البيانات المفتوحة (نموذج),ترخيص البيانات المفتوحة - Attribution
OPEN-00024,شركة مساهمة العتيبي للمقاولات,6006214841,الخدمات الحكومية,جازان,موقوف,بوابة البيانات المفتوحة (نموذج),ترخيص البيانات المفتوحة - Attribution
OPEN-00025,مجموعة القرني للمستشفيات,5855593038,تجارة التجزئة,أبها,موقوف,بوابة البيانات المفتوحة (نموذج),ترخيص البيانات المفتوحة - Attribution
OPEN-00026,مركز المقرن للاستشارات,2050101520,الخدمات الصحية,الدمام,منتهي,بوابة البيانات المفتوحة (نموذج),ترخيص البيانات المفتوحة - Attribution
OPEN-00027,مكتب الشهري للترجمة والتعريب,2051918946,المقاولات,الجبيل,منتهي,بوابة البيانات المفتوحة (نموذج),ترخيص البيانات المفتوحة - Attribution
OPEN-00028,مركز الشمري للتعليم والتدريب,1010760443,الخدمات الحكومية,الرياض,ساري,بوابة البيانات المفتوحة (نموذج),ترخيص البيانات المفتوحة - Attribution
OPEN-00029,شركة مساهمة الهاجري للأعمال العقارية,5606763103,الخدمات اللوجستية,تبوك,موقوف,بوابة البيانات المفتوحة (نموذج),ترخيص البيانات المفتوحة - Attribution
OPEN-00030,مكتب المسعود للخدمات المالية,7106719431,تقنية المعلومات,سكاكا,موقوف,بوابة البيانات المفتوحة (نموذج),ترخيص البيانات المفتوحة - Attribution
OPEN-00031,مجموعة القرني للبنية التحتية,1010877598,تقنية المعلومات,الرياض,ساري,بوابة البيانات المفتوحة (نموذج),ترخيص البيانات المفتوحة - Attribution
OPEN-00032,مركز الخالدي للصناعات الغذائية,4652218948,الطاقة والكهرباء,ينبع,موقوف,بوابة البيانات المفتوحة (نموذج),ترخيص البيانات المفتوحة - Attribution
OPEN-00033,مجموعة الحازمي للإعلام والتواصل,6906821436,التمويل والبنوك,عرعر,موقوف,بوابة البيانات المفتوحة (نموذج),ترخيص البيانات المفتوحة - Attribution
OPEN-00034,مكتب الشهراني للتطوير البرمجي,3406092790,الصناعات الغذائية,بريدة,منتهي,بوابة البيانات المفتوحة (نموذج),ترخيص البيانات المفتوحة - Attribution
OPEN-00035,مصنع الرويلي للخدمات المالية,4650992310,التعليم والتدريب,المدينة المنورة,موقوف,بوابة البيانات المفتوحة (نموذج),ترخيص البيانات المفتوحة - Attribution
OPEN-00036,شركة مساهمة الزهراني للبنية التحتية,4652077760,الخدمات اللوجستية,ينبع,موقوف,بوابة البيانات المفتوحة (نموذج),ترخيص البيانات المفتوحة - Attribution
OPEN-00037,مجموعة السواط للأمن السيبراني,6006992449,الصناعات الغذائية,جازان,موقوف,بوابة البيانات المفتوحة (نموذج),ترخيص البيانات المفتوحة - Attribution
OPEN-00038,مكتب السواط للمقاولات,4652090849,التمويل والبنوك,ينبع,ساري,بوابة البيانات المفتوحة (نموذج),ترخيص البيانات المفتوحة - Attribution
OPEN-00039,مجموعة الثبيتي للترجمة والتعريب,4030125675,التمويل والبنوك,جدة,ساري,بوابة البيانات المفتوحة (نموذج),ترخيص البيانات المفتوحة - Attribution
OPEN-00040,شركة مساهمة البقمي للخدمات المالية,4650427170,تقنية المعلومات,المدينة المنورة,منتهي,بوابة البيانات المفتوحة (نموذج),ترخيص البيانات المفتوحة - Attribution
OPEN-00041,شركة المطيري للطباعة والنشر,5855935961,التجارة الإلكترونية,أبها,منتهي,بوابة البيانات المفتوحة (نموذج),ترخيص البيانات المفتوحة - Attribution
OPEN-00042,شركة العسيري للتسويق الرقمي,7106945452,السياحة والضيافة,سكاكا,ساري,بوابة البيانات المفتوحة (نموذج),ترخيص البيانات المفتوحة - Attribution
OPEN-00043,مختبرات الزبيدي للخدمات المالية,6006392409,التعليم والتدريب,جازان,ساري,بوابة البيانات المفتوحة (نموذج),ترخيص البيانات المفتوحة - Attribution
OPEN-00044,شركة مساهمة العمري لإدارة المشاريع,4031042640,الإعلام والتواصل,مكة المكرمة,ساري,بوابة البيانات المفتوحة (نموذج),ترخيص البيانات المفتوحة - Attribution
OPEN-00045,مصنع القحطاني للترجمة والتعريب,5854110343,الإعلام والتواصل,خميس مشيط,موقوف,بوابة البيانات المفتوحة (نموذج),ترخيص البيانات المفتوحة - Attribution
OPEN-00046,شركة مساهمة الغامدي للاستشارات,4652237884,السياحة والضيافة,ينبع,ساري,بوابة البيانات المفتوحة (نموذج),ترخيص البيانات المفتوحة - Attribution
OPEN-00047,مؤسسة العرجاني للخدمات المالية,3206519386,البحث والتطوير,حائل,منتهي,بوابة البيانات المفتوحة (نموذج),ترخيص البيانات المفتوحة - Attribution
OPEN-00048,شركة الزبيدي للأمن السيبراني,3206198346,الخدمات الصحية,حائل,منتهي,بوابة البيانات المفتوحة (نموذج),ترخيص البيانات المفتوحة - Attribution
OPEN-00049,مختبرات الخالدي للطباعة والنشر,7106356156,البناء والتشييد,سكاكا,منتهي,بوابة البيانات المفتوحة (نموذج),ترخيص البيانات المفتوحة - Attribution
OPEN-00050,شركة مساهمة الجهني للتعليم والتدريب,3406833533,الخدمات الحكومية,بريدة,ساري,بوابة البيانات المفتوحة (نموذج),ترخيص البيانات المفتوحة - Attribution
OPEN-00051,مركز الرويلي للتسويق الرقمي,1010786382,التمويل والبنوك,الرياض,منتهي,بوابة البيانات المفتوحة (نموذج),ترخيص البيانات المفتوحة - Attribution
OPEN-00052,مجموعة القرني للتجهيزات الطبية,6906510675,التمويل والبنوك,عرعر,موقوف,بوابة البيانات المفتوحة (نموذج),ترخيص البيانات المفتوحة - Attribution
OPEN-00053,شركة الزياني للترجمة والتعريب,1010172043,التعليم والتدريب,الرياض,ساري,بوابة البيانات المفتوحة (نموذج),ترخيص البيانات المفتوحة - Attribution
OPEN-00054,مؤسسة الأسمري للمستشفيات,4031911732,الاستيراد والتصدير,مكة المكرمة,موقوف,بوابة البيانات المفتوحة (نموذج),ترخيص البيانات المفتوحة - Attribution
OPEN-00055,شركة مساهمة الحوساوي لتقنية المعلومات,2050917487,الإعلام والتواصل,الدمام,موقوف,بوابة البيانات المفتوحة (نموذج),ترخيص البيانات المفتوحة - Attribution
OPEN-00056,شركة الزهراني للترجمة والتعريب,6906431741,المقاولات,عرعر,ساري,بوابة البيانات المفتوحة (نموذج),ترخيص البيانات المفتوحة - Attribution
OPEN-00057,شركة الحميدي للترجمة والتعريب,4032581442,تجارة التجزئة,الطائف,ساري,بوابة البيانات المفتوحة (نموذج),ترخيص البيانات المفتوحة - Attribution
OPEN-00058,مجموعة العامري للبنية التحتية,5854344270,الشحن والنقل,خميس مشيط,موقوف,بوابة البيانات المفتوحة (نموذج),ترخيص البيانات المفتوحة - Attribution
OPEN-00059,مختبرات الخالدي للخدمات اللوجستية,5854266225,تجارة التجزئة,خميس مشيط,موقوف,بوابة البيانات المفتوحة (نموذج),ترخيص البيانات المفتوحة - Attribution
OPEN-00060,مكتب الرويلي لإدارة المشاريع,5606250589,البناء والتشييد,تبوك,موقوف,بوابة البيانات المفتوحة (نموذج),ترخيص البيانات المفتوحة - Attribution
OPEN-00061,مكتب الغامدي للطباعة والنشر,2050396260,الإعلام والتواصل,الدمام,منتهي,بوابة البيانات المفتوحة (نموذج),ترخيص البيانات المفتوحة - Attribution
OPEN-00062,شركة مساهمة الأسمري للخدمات البيئية,1010349980,التمويل والبنوك,الرياض,ساري,بوابة البيانات المفتوحة (نموذج),ترخيص البيانات المفتوحة - Attribution
OPEN-00063,مختبرات البلوي للخدمات البيئية,4032703382,السياحة والضيافة,الطائف,ساري,بوابة البيانات المفتوحة (نموذج),ترخيص البيانات المفتوحة - Attribution
OPEN-00064,مؤسسة البلوي للأعمال العقارية,6506875689,الاستيراد والتصدير,نجران,منتهي,بوابة البيانات المفتوحة (نموذج),ترخيص البيانات المفتوحة - Attribution
OPEN-00065,مركز العنزي لتقنية المعلومات,4652019685,الخدمات الحكومية,ينبع,ساري,بوابة البيانات المفتوحة (نموذج),ترخيص البيانات المفتوحة - Attribution
OPEN-00066,شركة مساهمة الحوساوي للمقاولات,5606426565,الخدمات الحكومية,تبوك,موقوف,بوابة البيانات المفتوحة (نموذج),ترخيص البيانات المفتوحة - Attribution
OPEN-00067,شركة مساهمة الحازمي للأعمال العقارية,6506541519,الأمن والحراسة,نجران,موقوف,بوابة البيانات المفتوحة (نموذج),ترخيص البيانات المفتوحة - Attribution
OPEN-00068,شركة مساهمة المسعود للمقاولات,4650629846,الاستشارات,المدينة المنورة,منتهي,بوابة البيانات المفتوحة (نموذج),ترخيص البيانات المفتوحة - Attribution
OPEN-00069,مختبرات القحطاني لتقنية المعلومات,5606155492,الأمن والحراسة,تبوك,منتهي,بوابة البيانات المفتوحة (نموذج),ترخيص البيانات المفتوحة - Attribution
OPEN-00070,مكتب الشمري للخدمات المالية,3206089935,التعليم والتدريب,حائل,موقوف,بوابة البيانات المفتوحة (نموذج),ترخيص البيانات المفتوحة - Attribution
OPEN-00071,مركز الخالدي لإدارة المشاريع,4650737448,التمويل والبنوك,المدينة المنورة,منتهي,بوابة البيانات المفتوحة (نموذج),ترخيص البيانات المفتوحة - Attribution
OPEN-00072,مؤسسة الصاعدي للتجهيزات الطبية,4031166998,الإعلام والتواصل,مكة المكرمة,ساري,بوابة البيانات المفتوحة (نموذج),ترخيص البيانات المفتوحة - Attribution
OPEN-00073,مركز البقمي للتسويق الرقمي,5606886693,الشحن والنقل,تبوك,موقوف,بوابة البيانات المفتوحة (نموذج),ترخيص البيانات المفتوحة - Attribution
OPEN-00074,مؤسسة الثبيتي للمستشفيات,5854135981,البحث والتطوير,خميس مشيط,ساري,بوابة البيانات المفتوحة (نموذج),ترخيص البيانات المفتوحة - Attribution
OPEN-00075,شركة القحطاني للخدمات المالية,5854789840,الاستشارات,خميس مشيط,منتهي,بوابة البيانات المفتوحة (نموذج),ترخيص البيانات المفتوحة - Attribution
OPEN-00076,شركة البلوي للمقاولات,1010799616,الاستيراد والتصدير,الرياض,ساري,بوابة البيانات المفتوحة (نموذج),ترخيص البيانات المفتوحة - Attribution
OPEN-00077,شركة مساهمة الزبيدي للمقاولات,3406495333,التمويل والبنوك,بريدة,موقوف,بوابة البيانات المفتوحة (نموذج),ترخيص البيانات المفتوحة - Attribution
OPEN-00078,شركة مساهمة الرشيدي للتطوير البرمجي,5855417665,السياحة والضيافة,أبها,منتهي,بوابة البيانات المفتوحة (نموذج),ترخيص البيانات المفتوحة - Attribution
OPEN-00079,شركة السلمي للتجهيزات الطبية,7106672844,الطاقة والكهرباء,سكاكا,منتهي,بوابة البيانات المفتوحة (نموذج),ترخيص البيانات المفتوحة - Attribution
OPEN-00080,مركز الصاعدي للاتصالات,4032110742,البحث والتطوير,الطائف,منتهي,بوابة البيانات المفتوحة (نموذج),ترخيص البيانات المفتوحة - Attribution
OPEN-00081,شركة مساهمة الفيفي للتطوير البرمجي,5606428014,التعليم والتدريب,تبوك,موقوف,بوابة البيانات المفتوحة (نموذج),ترخيص البيانات المفتوحة - Attribution
OPEN-00082,مختبرات القرني للأمن السيبراني,7106834975,الصناعات الغذائية,سكاكا,ساري,بوابة البيانات المفتوحة (نموذج),ترخيص البيانات المفتوحة - Attribution
OPEN-00083,شركة العتيبي للطباعة والنشر,5854739789,التجارة الإلكترونية,خميس مشيط,منتهي,بوابة البيانات المفتوحة (نموذج),ترخيص البيانات المفتوحة - Attribution
OPEN-00084,مختبرات المسعود للأعمال العقارية,6906701378,الطاقة والكهرباء,عرعر,موقوف,بوابة البيانات المفتوحة (نموذج),ترخيص البيانات المفتوحة - Attribution
OPEN-00085,مختبرات الحازمي للاتصالات,6506580775,الخدمات اللوجستية,نجران,ساري,بوابة البيانات المفتوحة (نموذج),ترخيص البيانات المفتوحة - Attribution
OPEN-00086,شركة العمري للخدمات المالية,4030384448,الاستيراد والتصدير,جدة,منتهي,بوابة البيانات المفتوحة (نموذج),ترخيص البيانات المفتوحة - Attribution
OPEN-00087,مؤسسة الشهراني للبنية التحتية,5606687107,التمويل والبنوك,تبوك,منتهي,بوابة البيانات المفتوحة (نموذج),ترخيص البيانات المفتوحة - Attribution
OPEN-00088,مصنع العتيبي للإعلام والتواصل,4031978270,الخدمات اللوجستية,مكة المكرمة,موقوف,بوابة البيانات المفتوحة (نموذج),ترخيص البيانات المفتوحة - Attribution
OPEN-00089,مجموعة العرجاني للتجهيزات الطبية,6506640323,السياحة والضيافة,نجران,ساري,بوابة البيانات المفتوحة (نموذج),ترخيص البيانات المفتوحة - Attribution
OPEN-00090,مؤسسة البلوي للاستشارات,5854634648,التعليم والتدريب,خميس مشيط,منتهي,بوابة البيانات المفتوحة (نموذج),ترخيص البيانات المفتوحة - Attribution
OPEN-00091,مكتب الزبيدي للإعلام والتواصل,6006779431,السياحة والضيافة,جازان,منتهي,بوابة البيانات المفتوحة (نموذج),ترخيص البيانات المفتوحة - Attribution
OPEN-00092,مختبرات الشمري للأمن السيبراني,1010684081,التعليم والتدريب,الرياض,منتهي,بوابة البيانات المفتوحة (نموذج),ترخيص البيانات المفتوحة - Attribution
OPEN-00093,شركة المالكي لتقنية المعلومات,2051901627,الإعلام والتواصل,الجبيل,موقوف,بوابة البيانات المفتوحة (نموذج),ترخيص البيانات المفتوحة - Attribution
OPEN-00094,مؤسسة البقمي للتجهيزات الطبية,1010515563,الصناعة التحويلية,الرياض,منتهي,بوابة البيانات المفتوحة (نموذج),ترخيص البيانات المفتوحة - Attribution
OPEN-00095,مختبرات الدوسري للخدمات البيئية,4652193687,تقنية المعلومات,ينبع,منتهي,بوابة البيانات المفتوحة (نموذج),ترخيص البيانات المفتوحة - Attribution
OPEN-00096,مجموعة الغامدي للخدمات المالية,5854877471,التجارة الإلكترونية,خميس مشيط,ساري,بوابة البيانات المفتوحة (نموذج),ترخيص البيانات المفتوحة - Attribution
OPEN-00097,مجموعة السواط للخدمات اللوجستية,7106723112,السياحة والضيافة,سكاكا,منتهي,بوابة البيانات المفتوحة (نموذج),ترخيص البيانات المفتوحة - Attribution
OPEN-00098,مختبرات السلمي للاتصالات,7106432369,الصناعة التحويلية,سكاكا,ساري,بوابة البيانات المفتوحة (نموذج),ترخيص البيانات المفتوحة - Attribution
OPEN-00099,مركز الربيعي للتعليم والتدريب,2050823843,تجارة التجزئة,الدمام,ساري,بوابة البيانات المفتوحة (نموذج),ترخيص البيانات المفتوحة - Attribution
OPEN-00100,مختبرات العتيبي للترجمة والتعريب,5854590530,التعليم والتدريب,خميس مشيط,موقوف,بوابة البيانات المفتوحة (نموذج),ترخيص البيانات المفتوحة - Attribution
OPEN-00101,شركة الحازمي للاتصالات,1010487827,السياحة والضيافة,الرياض,ساري,بوابة البيانات المفتوحة (نموذج),ترخيص البيانات المفتوحة - Attribution
OPEN-00102,مصنع التميمي للأمن السيبراني,4650798407,الطاقة والكهرباء,المدينة المنورة,موقوف,بوابة البيانات المفتوحة (نموذج),ترخيص البيانات المفتوحة - Attribution
OPEN-00103,مصنع العتيبي للمستشفيات,2051866563,الخدمات اللوجستية,الجبيل,موقوف,بوابة البيانات المفتوحة (نموذج),ترخيص البيانات المفتوحة - Attribution
OPEN-00104,شركة الحازمي للمستشفيات,3406056598,التمويل والبنوك,بريدة,ساري,بوابة البيانات المفتوحة (نموذج),ترخيص البيانات المفتوحة - Attribution
OPEN-00105,مركز السلمي للتطوير البرمجي,3406176897,التعليم والتدريب,بريدة,ساري,بوابة البيانات المفتوحة (نموذج),ترخيص البيانات المفتوحة - Attribution
OPEN-00106,شركة اليامي لتقنية المعلومات,4650258768,الإعلام والتواصل,المدينة المنورة,ساري,بوابة البيانات المفتوحة (نموذج),ترخيص البيانات المفتوحة - Attribution
OPEN-00107,مصنع العوفي لتقنية المعلومات,3206228965,البناء والتشييد,حائل,منتهي,بوابة البيانات المفتوحة (نموذج),ترخيص البيانات المفتوحة - Attribution
OPEN-00108,مختبرات اليامي للخدمات المالية,6906359377,الاستشارات,عرعر,منتهي,بوابة البيانات المفتوحة (نموذج),ترخيص البيانات المفتوحة - Attribution
OPEN-00109,مختبرات الشريف للترجمة والتعريب,5855325864,الخدمات الصحية,أبها,ساري,بوابة البيانات المفتوحة (نموذج),ترخيص البيانات المفتوحة - Attribution
OPEN-00110,شركة مساهمة الأسمري لتقنية المعلومات,6906864331,الصناعات الغذائية,عرعر,موقوف,بوابة البيانات المفتوحة (نموذج),ترخيص البيانات المفتوحة - Attribution
OPEN-00111,شركة المرواني للمقاولات,7106397628,الطاقة والكهرباء,سكاكا,موقوف,بوابة البيانات المفتوحة (نموذج),ترخيص البيانات المفتوحة - Attribution
OPEN-00112,شركة البلوي للترجمة والتعريب,4031988751,التجارة الإلكترونية,مكة المكرمة,منتهي,بوابة البيانات المفتوحة (نموذج),ترخيص البيانات المفتوحة - Attribution
OPEN-00113,مصنع الصاعدي للإعلام والتواصل,3406846859,البناء والتشييد,بريدة,ساري,بوابة البيانات المفتوحة (نموذج),ترخيص البيانات المفتوحة - Attribution
OPEN-00114,شركة مساهمة العتيبي للطباعة والنشر,6506202886,الاستيراد والتصدير,نجران,موقوف,بوابة البيانات المفتوحة (نموذج),ترخيص البيانات المفتوحة - Attribution
OPEN-00115,مختبرات الحازمي للإعلام والتواصل,4030133124,الأمن والحراسة,جدة,موقوف,بوابة البيانات المفتوحة (نموذج),ترخيص البيانات المفتوحة - Attribution
OPEN-00116,مؤسسة الشهري للاتصالات,4030272187,الخدمات الصحية,جدة,منتهي,بوابة البيانات المفتوحة (نموذج),ترخيص البيانات المفتوحة - Attribution
OPEN-00117,مؤسسة الخالدي للاتصالات,4030285118,الشحن والنقل,جدة,ساري,بوابة البيانات المفتوحة (نموذج),ترخيص البيانات المفتوحة - Attribution
OPEN-00118,مكتب الزياني للترجمة والتعريب,6006707131,التجارة الإلكترونية,جازان,موقوف,بوابة البيانات المفتوحة (نموذج),ترخيص البيانات المفتوحة - Attribution
OPEN-00119,مجموعة المطيري للإعلام والتواصل,3206497020,الخدمات الصحية,حائل,منتهي,بوابة البيانات المفتوحة (نموذج),ترخيص البيانات المفتوحة - Attribution
OPEN-00120,مركز العتيبي للترجمة والتعريب,2051890704,الخدمات الحكومية,الجبيل,منتهي,بوابة البيانات المفتوحة (نموذج),ترخيص البيانات المفتوحة - Attribution
OPEN-00121,شركة مساهمة السواط للصناعات الغذائية,1010187513,الخدمات الصحية,الرياض,موقوف,بوابة البيانات المفتوحة (نموذج),ترخيص البيانات المفتوحة - Attribution
OPEN-00122,مركز الشهراني للتعليم والتدريب,2050636387,الخدمات اللوجستية,الدمام,موقوف,بوابة البيانات المفتوحة (نموذج),ترخيص البيانات المفتوحة - Attribution
OPEN-00123,مؤسسة الأسمري للمستشفيات,4650569098,الأمن والحراسة,المدينة المنورة,ساري,بوابة البيانات المفتوحة (نموذج),ترخيص البيانات المفتوحة - Attribution
OPEN-00124,شركة البلوي للخدمات اللوجستية,6506523399,التمويل والبنوك,نجران,منتهي,بوابة البيانات المفتوحة (نموذج),ترخيص البيانات المفتوحة - Attribution
OPEN-00125,مكتب الغامدي للتسويق الرقمي,5855973639,التجارة الإلكترونية,أبها,ساري,بوابة البيانات المفتوحة (نموذج),ترخيص البيانات المفتوحة - Attribution
OPEN-00126,مصنع القرشي للأمن السيبراني,6006664138,البحث والتطوير,جازان,موقوف,بوابة البيانات المفتوحة (نموذج),ترخيص البيانات المفتوحة - Attribution
OPEN-00127,مختبرات الحميدي للخدمات اللوجستية,7106151956,الصناعة التحويلية,سكاكا,منتهي,بوابة البيانات المفتوحة (نموذج),ترخيص البيانات المفتوحة - Attribution
OPEN-00128,مصنع الحربي للاتصالات,4652046392,التمويل والبنوك,ينبع,ساري,بوابة البيانات المفتوحة (نموذج),ترخيص البيانات المفتوحة - Attribution
OPEN-00129,مصنع الرويلي للصناعات الغذائية,5854150087,البناء والتشييد,خميس مشيط,ساري,بوابة البيانات المفتوحة (نموذج),ترخيص البيانات المفتوحة - Attribution
OPEN-00130,مجموعة الهاجري للخدمات اللوجستية,4650464448,البناء والتشييد,المدينة المنورة,ساري,بوابة البيانات المفتوحة (نموذج),ترخيص البيانات المفتوحة - Attribution
OPEN-00131,شركة مساهمة السهلي للأمن السيبراني,7106047033,الصناعة التحويلية,سكاكا,ساري,بوابة البيانات المفتوحة (نموذج),ترخيص البيانات المفتوحة - Attribution
OPEN-00132,مصنع السديري للأمن السيبراني,5606697919,الخدمات الحكومية,تبوك,منتهي,بوابة البيانات المفتوحة (نموذج),ترخيص البيانات المفتوحة - Attribution
OPEN-00133,مجموعة السلمي للتسويق الرقمي,1010645354,التمويل والبنوك,الرياض,موقوف,بوابة البيانات المفتوحة (نموذج),ترخيص البيانات المفتوحة - Attribution
OPEN-00134,مختبرات السبيعي للتطوير البرمجي,5606642491,الاستشارات,تبوك,ساري,بوابة البيانات المفتوحة (نموذج),ترخيص البيانات المفتوحة - Attribution
OPEN-00135,شركة الدوسري للأعمال العقارية,6506757822,تجارة التجزئة,نجران,منتهي,بوابة البيانات المفتوحة (نموذج),ترخيص البيانات المفتوحة - Attribution
OPEN-00136,مصنع السواط للبنية التحتية,2050443411,الشحن والنقل,الدمام,ساري,بوابة البيانات المفتوحة (نموذج),ترخيص البيانات المفتوحة - Attribution
OPEN-00137,مختبرات المالكي للخدمات اللوجستية,4031738025,التعليم والتدريب,مكة المكرمة,منتهي,بوابة البيانات المفتوحة (نموذج),ترخيص البيانات المفتوحة - Attribution
OPEN-00138,شركة مساهمة الزياني للخدمات البيئية,2050818561,التمويل والبنوك,الدمام,ساري,بوابة البيانات المفتوحة (نموذج),ترخيص البيانات المفتوحة - Attribution
OPEN-00139,شركة مساهمة الخالدي للاتصالات,4032170552,الصناعة التحويلية,الطائف,موقوف,بوابة البيانات المفتوحة (نموذج),ترخيص البيانات المفتوحة - Attribution
OPEN-00140,مؤسسة العرجاني للاتصالات,4030675242,الصناعات الغذائية,جدة,ساري,بوابة البيانات المفتوحة (نموذج),ترخيص البيانات المفتوحة - Attribution
OPEN-00141,شركة اليامي للاستشارات,5606201588,الخدمات الصحية,تبوك,ساري,بوابة البيانات المفتوحة (نموذج),ترخيص البيانات المفتوحة - Attribution
OPEN-00142,مجموعة السلمي للخدمات اللوجستية,1010175664,البحث والتطوير,الرياض,ساري,بوابة البيانات المفتوحة (نموذج),ترخيص البيانات المفتوحة - Attribution
OPEN-00143,شركة الفيفي للخدمات اللوجستية,5606915369,الاستيراد والتصدير,تبوك,موقوف,بوابة البيانات المفتوحة (نموذج),ترخيص البيانات المفتوحة - Attribution
OPEN-00144,شركة الحربي للخدمات اللوجستية,4650913966,الصناعات الغذائية,المدينة المنورة,موقوف,بوابة البيانات المفتوحة (نموذج),ترخيص البيانات المفتوحة - Attribution
OPEN-00145,مجموعة الحميدي للاتصالات,3406503523,السياحة والضيافة,بريدة,ساري,بوابة البيانات المفتوحة (نموذج),ترخيص البيانات المفتوحة - Attribution
OPEN-00146,مؤسسة الرشيدي للتسويق الرقمي,4032618510,الخدمات الحكومية,الطائف,موقوف,بوابة البيانات المفتوحة (نموذج),ترخيص البيانات المفتوحة - Attribution
OPEN-00147,مختبرات الدوسري للخدمات المالية,6506019328,الخدمات اللوجستية,نجران,ساري,بوابة البيانات المفتوحة (نموذج),ترخيص البيانات المفتوحة - Attribution
OPEN-00148,شركة مساهمة السهلي للبنية التحتية,5606657753,البناء والتشييد,تبوك,موقوف,بوابة البيانات المفتوحة (نموذج),ترخيص البيانات المفتوحة - Attribution
OPEN-00149,مجموعة الصاعدي للتعليم والتدريب,2050529292,البحث والتطوير,الدمام,ساري,بوابة البيانات المفتوحة (نموذج),ترخيص البيانات المفتوحة - Attribution
OPEN-00150,مؤسسة المرواني للخدمات البيئية,2050013825,الخدمات الحكومية,الدمام,موقوف,بوابة البيانات المفتوحة (نموذج),ترخيص البيانات المفتوحة - Attribution
OPEN-00151,مجموعة الحازمي للأعمال العقارية,6506740652,التجارة الإلكترونية,نجران,منتهي,بوابة البيانات المفتوحة (نموذج),ترخيص البيانات المفتوحة - Attribution
OPEN-00152,مختبرات الغامدي لتقنية المعلومات,2051764401,المقاولات,الجبيل,منتهي,بوابة البيانات المفتوحة (نموذج),ترخيص البيانات المفتوحة - Attribution
OPEN-00153,مصنع الدوسري للصناعات الغذائية,3406632422,تقنية المعلومات,بريدة,موقوف,بوابة البيانات المفتوحة (نموذج),ترخيص البيانات المفتوحة - Attribution
OPEN-00154,شركة مساهمة الصاعدي للمقاولات,2050383567,المقاولات,الدمام,موقوف,بوابة البيانات المفتوحة (نموذج),ترخيص البيانات المفتوحة - Attribution
OPEN-00155,مجموعة المالكي للخدمات المالية,4652046949,البحث والتطوير,ينبع,موقوف,بوابة البيانات المفتوحة (نموذج),ترخيص البيانات المفتوحة - Attribution
OPEN-00156,مركز السواط للأمن السيبراني,4650183881,الاستشارات,المدينة المنورة,ساري,بوابة البيانات المفتوحة (نموذج),ترخيص البيانات المفتوحة - Attribution
OPEN-00157,مختبرات الشمري لإدارة المشاريع,7106114807,التعليم والتدريب,سكاكا,ساري,بوابة البيانات المفتوحة (نموذج),ترخيص البيانات المفتوحة - Attribution
OPEN-00158,شركة الشهري للتعليم والتدريب,4030930118,المقاولات,جدة,موقوف,بوابة البيانات المفتوحة (نموذج),ترخيص البيانات المفتوحة - Attribution
OPEN-00159,مصنع الحوساوي لتقنية المعلومات,3406319576,الصناعة التحويلية,بريدة,منتهي,بوابة البيانات المفتوحة (نموذج),ترخيص البيانات المفتوحة - Attribution
OPEN-00160,مؤسسة الجهني للترجمة والتعريب,5854809608,الاستشارات,خميس مشيط,ساري,بوابة البيانات المفتوحة (نموذج),ترخيص البيانات المفتوحة - Attribution
OPEN-00161,مؤسسة المسعود للأمن السيبراني,4650309935,الطاقة والكهرباء,المدينة المنورة,منتهي,بوابة البيانات المفتوحة (نموذج),ترخيص البيانات المفتوحة - Attribution
OPEN-00162,مركز الغامدي لإدارة المشاريع,2050363771,المقاولات,الدمام,موقوف,بوابة البيانات المفتوحة (نموذج),ترخيص البيانات المفتوحة - Attribution
OPEN-00163,مركز الخالدي للاتصالات,1010432804,الاستيراد والتصدير,الرياض,موقوف,بوابة البيانات المفتوحة (نموذج),ترخيص البيانات المفتوحة - Attribution
OPEN-00164,مركز العمري لإدارة المشاريع,5854651751,التجارة الإلكترونية,خميس مشيط,موقوف,بوابة البيانات المفتوحة (نموذج),ترخيص البيانات المفتوحة - Attribution
OPEN-00165,مختبرات الخالدي للبنية التحتية,6506062426,البناء والتشييد,نجران,موقوف,بوابة البيانات المفتوحة (نموذج),ترخيص البيانات المفتوحة - Attribution
OPEN-00166,مصنع البلوي لتقنية المعلومات,6006336791,الخدمات اللوجستية,جازان,موقوف,بوابة البيانات المفتوحة (نموذج),ترخيص البيانات المفتوحة - Attribution
OPEN-00167,مكتب الخالدي للطباعة والنشر,1010777546,الإعلام والتواصل,الرياض,منتهي,بوابة البيانات المفتوحة (نموذج),ترخيص البيانات المفتوحة - Attribution
OPEN-00168,مجموعة السهلي للمستشفيات,3406432996,المقاولات,بريدة,منتهي,بوابة البيانات المفتوحة (نموذج),ترخيص البيانات المفتوحة - Attribution
OPEN-00169,شركة العرجاني للترجمة والتعريب,4650963578,الإعلام والتواصل,المدينة المنورة,موقوف,بوابة البيانات المفتوحة (نموذج),ترخيص البيانات المفتوحة - Attribution
OPEN-00170,شركة مساهمة السواط للأمن السيبراني,7106638345,الاستيراد والتصدير,سكاكا,ساري,بوابة البيانات المفتوحة (نموذج),ترخيص البيانات المفتوحة - Attribution
OPEN-00171,شركة مساهمة الشهري للصناعات الغذائية,3206209271,الإعلام والتواصل,حائل,موقوف,بوابة البيانات المفتوحة (نموذج),ترخيص البيانات المفتوحة - Attribution
OPEN-00172,مصنع الربيعي لتقنية المعلومات,3206441346,المقاولات,حائل,ساري,بوابة البيانات المفتوحة (نموذج),ترخيص البيانات المفتوحة - Attribution
OPEN-00173,شركة مساهمة الهاجري للبنية التحتية,5606983326,التعليم والتدريب,تبوك,منتهي,بوابة البيانات المفتوحة (نموذج),ترخيص البيانات المفتوحة - Attribution
OPEN-00174,شركة التميمي للتسويق الرقمي,2051119911,الأمن والحراسة,الجبيل,موقوف,بوابة البيانات المفتوحة (نموذج),ترخيص البيانات المفتوحة - Attribution
OPEN-00175,مختبرات التميمي للاستشارات,3406999257,التعليم والتدريب,بريدة,ساري,بوابة البيانات المفتوحة (نموذج),ترخيص البيانات المفتوحة - Attribution
OPEN-00176,مكتب الصاعدي للتجهيزات الطبية,4031605901,الأمن والحراسة,مكة المكرمة,موقوف,بوابة البيانات المفتوحة (نموذج),ترخيص البيانات المفتوحة - Attribution
OPEN-00177,مركز الغامدي للتطوير البرمجي,6506451471,الاستيراد والتصدير,نجران,ساري,بوابة البيانات المفتوحة (نموذج),ترخيص البيانات المفتوحة - Attribution
OPEN-00178,شركة المسعود لتقنية المعلومات,6006526651,التمويل والبنوك,جازان,موقوف,بوابة البيانات المفتوحة (نموذج),ترخيص البيانات المفتوحة - Attribution
OPEN-00179,مركز السلمي للتعليم والتدريب,6506058946,الطاقة والكهرباء,نجران,ساري,بوابة البيانات المفتوحة (نموذج),ترخيص البيانات المفتوحة - Attribution
OPEN-00180,مركز العامري للبنية التحتية,7106039578,المقاولات,سكاكا,ساري,بوابة البيانات المفتوحة (نموذج),ترخيص البيانات المفتوحة - Attribution
OPEN-00181,مجموعة السلمي للخدمات اللوجستية,7106488391,الاستشارات,سكاكا,موقوف,بوابة البيانات المفتوحة (نموذج),ترخيص البيانات المفتوحة - Attribution
OPEN-00182,مجموعة الشمري للتجهيزات الطبية,4031920230,السياحة والضيافة,مكة المكرمة,منتهي,بوابة البيانات المفتوحة (نموذج),ترخيص البيانات المفتوحة - Attribution
OPEN-00183,شركة العتيبي للطباعة والنشر,3406429848,الاستشارات,بريدة,ساري,بوابة البيانات المفتوحة (نموذج),ترخيص البيانات المفتوحة - Attribution
OPEN-00184,مركز الربيعي للترجمة والتعريب,5855341236,الصناعة التحويلية,أبها,موقوف,بوابة البيانات المفتوحة (نموذج),ترخيص البيانات المفتوحة - Attribution
OPEN-00185,مركز الحميدي للاستشارات,1010526461,الأمن والحراسة,الرياض,منتهي,بوابة البيانات المفتوحة (نموذج),ترخيص البيانات المفتوحة - Attribution
OPEN-00186,مختبرات الغامدي للخدمات اللوجستية,4650323215,الخدمات الحكومية,المدينة المنورة,موقوف,بوابة البيانات المفتوحة (نموذج),ترخيص البيانات المفتوحة - Attribution
OPEN-00187,شركة مساهمة الخالدي للتطوير البرمجي,3206129263,الصناعات الغذائية,حائل,ساري,بوابة البيانات المفتوحة (نموذج),ترخيص البيانات المفتوحة - Attribution
OPEN-00188,مصنع البلوي للاستشارات,6906534266,تجارة التجزئة,عرعر,موقوف,بوابة البيانات المفتوحة (نموذج),ترخيص البيانات المفتوحة - Attribution
OPEN-00189,شركة الزياني للخدمات المالية,7106244745,الطاقة والكهرباء,سكاكا,ساري,بوابة البيانات المفتوحة (نموذج),ترخيص البيانات المفتوحة - Attribution
OPEN-00190,مختبرات الزهراني للطباعة والنشر,3206940098,التمويل والبنوك,حائل,ساري,بوابة البيانات المفتوحة (نموذج),ترخيص البيانات المفتوحة - Attribution
OPEN-00191,مختبرات الحربي للخدمات اللوجستية,7106093953,التمويل والبنوك,سكاكا,ساري,بوابة البيانات المفتوحة (نموذج),ترخيص البيانات المفتوحة - Attribution
OPEN-00192,مختبرات العتيبي للصناعات الغذائية,4030297376,الاستيراد والتصدير,جدة,ساري,بوابة البيانات المفتوحة (نموذج),ترخيص البيانات المفتوحة - Attribution
OPEN-00193,مختبرات الدوسري للأمن السيبراني,5606029353,تجارة التجزئة,تبوك,موقوف,بوابة البيانات المفتوحة (نموذج),ترخيص البيانات المفتوحة - Attribution
OPEN-00194,مؤسسة الغامدي للمقاولات,4032663782,الطاقة والكهرباء,الطائف,منتهي,بوابة البيانات المفتوحة (نموذج),ترخيص البيانات المفتوحة - Attribution
OPEN-00195,مختبرات الحوساوي للطباعة والنشر,2050441028,التمويل والبنوك,الدمام,ساري,بوابة البيانات المفتوحة (نموذج),ترخيص البيانات المفتوحة - Attribution
OPEN-00196,شركة مساهمة الدوسري لإدارة المشاريع,6506312762,الاستيراد والتصدير,نجران,ساري,بوابة البيانات المفتوحة (نموذج),ترخيص البيانات المفتوحة - Attribution
OPEN-00197,مجموعة الحازمي للأعمال العقارية,5854962518,الاستيراد والتصدير,خميس مشيط,منتهي,بوابة البيانات المفتوحة (نموذج),ترخيص البيانات المفتوحة - Attribution
OPEN-00198,مكتب العسيري للبنية التحتية,6906625639,الاستيراد والتصدير,عرعر,ساري,بوابة البيانات المفتوحة (نموذج),ترخيص البيانات المفتوحة - Attribution
OPEN-00199,مجموعة القرشي للصناعات الغذائية,2051453183,التعليم والتدريب,الجبيل,ساري,بوابة البيانات المفتوحة (نموذج),ترخيص البيانات المفتوحة - Attribution
OPEN-00200,مختبرات الرويلي للمقاولات,3206762977,الأمن والحراسة,حائل,منتهي,بوابة البيانات المفتوحة (نموذج),ترخيص البيانات المفتوحة - Attribution
OPEN-00201,مركز السهلي للخدمات المالية,7106890203,الصناعة التحويلية,سكاكا,منتهي,بوابة البيانات المفتوحة (نموذج),ترخيص البيانات المفتوحة - Attribution
OPEN-00202,شركة مساهمة الربيعي للطباعة والنشر,6006265261,التجارة الإلكترونية,جازان,ساري,بوابة البيانات المفتوحة (نموذج),ترخيص البيانات المفتوحة - Attribution
OPEN-00203,شركة الشهراني للتجهيزات الطبية,2051492752,تجارة التجزئة,الجبيل,منتهي,بوابة البيانات المفتوحة (نموذج),ترخيص البيانات المفتوحة - Attribution
OPEN-00204,مجموعة الزهراني للأمن السيبراني,4031289360,الصناعة التحويلية,مكة المكرمة,موقوف,بوابة البيانات المفتوحة (نموذج),ترخيص البيانات المفتوحة - Attribution
OPEN-00205,مؤسسة القحطاني للصناعات الغذائية,6906629470,السياحة والضيافة,عرعر,موقوف,بوابة البيانات المفتوحة (نموذج),ترخيص البيانات المفتوحة - Attribution
OPEN-00206,مكتب الصاعدي للترجمة والتعريب,4650508546,التعليم والتدريب,المدينة المنورة,ساري,بوابة البيانات المفتوحة (نموذج),ترخيص البيانات المفتوحة - Attribution
OPEN-00207,مؤسسة البلوي لإدارة المشاريع,2050628857,الصناعة التحويلية,الدمام,منتهي,بوابة البيانات المفتوحة (نموذج),ترخيص البيانات المفتوحة - Attribution
OPEN-00208,مركز المقرن للأعمال العقارية,5854516714,التجارة الإلكترونية,خميس مشيط,منتهي,بوابة البيانات المفتوحة (نموذج),ترخيص البيانات المفتوحة - Attribution
OPEN-00209,مؤسسة الأسمري لإدارة المشاريع,2051851514,الطاقة والكهرباء,الجبيل,موقوف,بوابة البيانات المفتوحة (نموذج),ترخيص البيانات المفتوحة - Attribution
OPEN-00210,مؤسسة العرجاني للخدمات البيئية,2050692349,الاستشارات,الدمام,ساري,بوابة البيانات المفتوحة (نموذج),ترخيص البيانات المفتوحة - Attribution
OPEN-00211,مركز الشريف للتطوير البرمجي,2050816948,الاستشارات,الدمام,منتهي,بوابة البيانات المفتوحة (نموذج),ترخيص البيانات المفتوحة - Attribution
OPEN-00212,مكتب العمري للأعمال العقارية,5606699949,الخدمات اللوجستية,تبوك,ساري,بوابة البيانات المفتوحة (نموذج),ترخيص البيانات المفتوحة - Attribution
OPEN-00213,مركز الدوسري للأعمال العقارية,4652460950,السياحة والضيافة,ينبع,موقوف,بوابة البيانات المفتوحة (نموذج),ترخيص البيانات المفتوحة - Attribution
OPEN-00214,مؤسسة البلوي للبنية التحتية,3206096110,الأمن والحراسة,حائل,موقوف,بوابة البيانات المفتوحة (نموذج),ترخيص البيانات المفتوحة - Attribution
OPEN-00215,مركز الخالدي للتسويق الرقمي,6006128236,التعليم والتدريب,جازان,ساري,بوابة البيانات المفتوحة (نموذج),ترخيص البيانات المفتوحة - Attribution
OPEN-00216,مصنع السديري للخدمات المالية,5855543033,الشحن والنقل,أبها,منتهي,بوابة البيانات المفتوحة (نموذج),ترخيص البيانات المفتوحة - Attribution
OPEN-00217,شركة مساهمة الغامدي للترجمة والتعريب,4031711452,الخدمات الحكومية,مكة المكرمة,موقوف,بوابة البيانات المفتوحة (نموذج),ترخيص البيانات المفتوحة - Attribution
OPEN-00218,مكتب الرشيدي لإدارة المشاريع,3406088630,البحث والتطوير,بريدة,ساري,بوابة البيانات المفتوحة (نموذج),ترخيص البيانات المفتوحة - Attribution
OPEN-00219,مركز المالكي للتسويق الرقمي,5606058424,تقنية المعلومات,تبوك,منتهي,بوابة البيانات المفتوحة (نموذج),ترخيص البيانات المفتوحة - Attribution
OPEN-00220,مركز الشمري للمستشفيات,6506895447,التمويل والبنوك,نجران,منتهي,بوابة البيانات المفتوحة (نموذج),ترخيص البيانات المفتوحة - Attribution
OPEN-00221,مجموعة المرواني للتطوير البرمجي,3406884244,المقاولات,بريدة,موقوف,بوابة البيانات المفتوحة (نموذج),ترخيص البيانات المفتوحة - Attribution
OPEN-00222,مركز السلمي للخدمات المالية,7106122005,البحث والتطوير,سكاكا,منتهي,بوابة البيانات المفتوحة (نموذج),ترخيص البيانات المفتوحة - Attribution
OPEN-00223,شركة الزبيدي للخدمات البيئية,7106289583,المقاولات,سكاكا,منتهي,بوابة البيانات المفتوحة (نموذج),ترخيص البيانات المفتوحة - Attribution
OPEN-00224,مختبرات العوفي للتجهيزات الطبية,4650456839,السياحة والضيافة,المدينة المنورة,ساري,بوابة البيانات المفتوحة (نموذج),ترخيص البيانات المفتوحة - Attribution
OPEN-00225,شركة الهاجري للمقاولات,6506431039,الأمن والحراسة,نجران,منتهي,بوابة البيانات المفتوحة (نموذج),ترخيص البيانات المفتوحة - Attribution
OPEN-00226,مصنع التميمي للخدمات البيئية,7106606898,الصناعة التحويلية,سكاكا,موقوف,بوابة البيانات المفتوحة (نموذج),ترخيص البيانات المفتوحة - Attribution
OPEN-00227,مختبرات العمري للطباعة والنشر,2050237312,المقاولات,الدمام,ساري,بوابة البيانات المفتوحة (نموذج),ترخيص البيانات المفتوحة - Attribution
OPEN-00228,شركة مساهمة القحطاني للخدمات اللوجستية,4030201017,الطاقة والكهرباء,جدة,منتهي,بوابة البيانات المفتوحة (نموذج),ترخيص البيانات المفتوحة - Attribution
OPEN-00229,مركز المالكي للتطوير البرمجي,5855632068,تجارة التجزئة,أبها,منتهي,بوابة البيانات المفتوحة (نموذج),ترخيص البيانات المفتوحة - Attribution
OPEN-00230,مؤسسة الزياني للأمن السيبراني,5855442092,التعليم والتدريب,أبها,ساري,بوابة البيانات المفتوحة (نموذج),ترخيص البيانات المفتوحة - Attribution
OPEN-00231,شركة مساهمة السبيعي للخدمات المالية,1010525158,الإعلام والتواصل,الرياض,منتهي,بوابة البيانات المفتوحة (نموذج),ترخيص البيانات المفتوحة - Attribution
OPEN-00232,مجموعة الهاجري للخدمات المالية,4032486768,البناء والتشييد,الطائف,موقوف,بوابة البيانات المفتوحة (نموذج),ترخيص البيانات المفتوحة - Attribution
OPEN-00233,شركة مساهمة الحميدي للبنية التحتية,5606128504,الصناعة التحويلية,تبوك,موقوف,بوابة البيانات المفتوحة (نموذج),ترخيص البيانات المفتوحة - Attribution
OPEN-00234,مختبرات العمري للأعمال العقارية,5855471312,الصناعات الغذائية,أبها,ساري,بوابة البيانات المفتوحة (نموذج),ترخيص البيانات المفتوحة - Attribution
OPEN-00235,مختبرات الخالدي للترجمة والتعريب,3406126010,الخدمات اللوجستية,بريدة,موقوف,بوابة البيانات المفتوحة (نموذج),ترخيص البيانات المفتوحة - Attribution
OPEN-00236,مختبرات المرواني للمستشفيات,4030313400,الصناعات الغذائية,جدة,ساري,بوابة البيانات المفتوحة (نموذج),ترخيص البيانات المفتوحة - Attribution
OPEN-00237,مجموعة الأسمري للتجهيزات الطبية,5606034663,الأمن والحراسة,تبوك,منتهي,بوابة البيانات المفتوحة (نموذج),ترخيص البيانات المفتوحة - Attribution
OPEN-00238,مكتب الحوساوي للمقاولات,4032651951,الخدمات الصحية,الطائف,موقوف,بوابة البيانات المفتوحة (نموذج),ترخيص البيانات المفتوحة - Attribution
OPEN-00239,مصنع السبيعي لإدارة المشاريع,4650926162,الصناعة التحويلية,المدينة المنورة,منتهي,بوابة البيانات المفتوحة (نموذج),ترخيص البيانات المفتوحة - Attribution
OPEN-00240,شركة مساهمة اليامي للتجهيزات الطبية,3206860762,الخدمات الصحية,حائل,موقوف,بوابة البيانات المفتوحة (نموذج),ترخيص البيانات المفتوحة - Attribution
OPEN-00241,مؤسسة السلمي للإعلام والتواصل,5606440455,الخدمات الصحية,تبوك,موقوف,بوابة البيانات المفتوحة (نموذج),ترخيص البيانات المفتوحة - Attribution
OPEN-00242,مركز الزياني للصناعات الغذائية,3406305662,الصناعات الغذائية,بريدة,موقوف,بوابة البيانات المفتوحة (نموذج),ترخيص البيانات المفتوحة - Attribution
OPEN-00243,مكتب الزياني للخدمات المالية,5855689025,الصناعة التحويلية,أبها,ساري,بوابة البيانات المفتوحة (نموذج),ترخيص البيانات المفتوحة - Attribution
OPEN-00244,شركة الشريف للتسويق الرقمي,4652653575,الخدمات اللوجستية,ينبع,موقوف,بوابة البيانات المفتوحة (نموذج),ترخيص البيانات المفتوحة - Attribution
OPEN-00245,مختبرات الحوساوي للاستشارات,1010924457,السياحة والضيافة,الرياض,ساري,بوابة البيانات المفتوحة (نموذج),ترخيص البيانات المفتوحة - Attribution
OPEN-00246,مصنع المسعود للتجهيزات الطبية,2050275327,المقاولات,الدمام,موقوف,بوابة البيانات المفتوحة (نموذج),ترخيص البيانات المفتوحة - Attribution
OPEN-00247,شركة الشهراني للاتصالات,4652250352,الاستيراد والتصدير,ينبع,موقوف,بوابة البيانات المفتوحة (نموذج),ترخيص البيانات المفتوحة - Attribution
OPEN-00248,مكتب الحميدي للأمن السيبراني,6006240082,البناء والتشييد,جازان,موقوف,بوابة البيانات المفتوحة (نموذج),ترخيص البيانات المفتوحة - Attribution
OPEN-00249,مؤسسة السهلي للتسويق الرقمي,3406719764,الأمن والحراسة,بريدة,ساري,بوابة البيانات المفتوحة (نموذج),ترخيص البيانات المفتوحة - Attribution
OPEN-00250,شركة الدوسري للأمن السيبراني,4650501796,الخدمات اللوجستية,المدينة المنورة,موقوف,بوابة البيانات المفتوحة (نموذج),ترخيص البيانات المفتوحة - Attribution
OPEN-00251,مكتب المقرن للخدمات اللوجستية,4652317246,المقاولات,ينبع,ساري,بوابة البيانات المفتوحة (نموذج),ترخيص البيانات المفتوحة - Attribution
OPEN-00252,مكتب السواط للمستشفيات,2051945613,الطاقة والكهرباء,الجبيل,ساري,بوابة البيانات المفتوحة (نموذج),ترخيص البيانات المفتوحة - Attribution
OPEN-00253,مركز السبيعي للتطوير البرمجي,7106047908,تجارة التجزئة,سكاكا,موقوف,بوابة البيانات المفتوحة (نموذج),ترخيص البيانات المفتوحة - Attribution
OPEN-00254,مصنع الأسمري للصناعات الغذائية,6506506906,الطاقة والكهرباء,نجران,موقوف,بوابة البيانات المفتوحة (نموذج),ترخيص البيانات المفتوحة - Attribution
OPEN-00255,مركز السبيعي للإعلام والتواصل,6006989983,البحث والتطوير,جازان,منتهي,بوابة البيانات المفتوحة (نموذج),ترخيص البيانات المفتوحة - Attribution
OPEN-00256,مكتب القرني للبنية التحتية,5606072570,الخدمات الحكومية,تبوك,ساري,بوابة البيانات المفتوحة (نموذج),ترخيص البيانات المفتوحة - Attribution
OPEN-00257,مؤسسة الشهراني للمقاولات,5855311766,الطاقة والكهرباء,أبها,منتهي,بوابة البيانات المفتوحة (نموذج),ترخيص البيانات المفتوحة - Attribution
OPEN-00258,شركة مساهمة الحازمي للمستشفيات,4030230208,الإعلام والتواصل,جدة,موقوف,بوابة البيانات المفتوحة (نموذج),ترخيص البيانات المفتوحة - Attribution
OPEN-00259,مختبرات العوفي للتطوير البرمجي,4652995663,التعليم والتدريب,ينبع,موقوف,بوابة البيانات المفتوحة (نموذج),ترخيص البيانات المفتوحة - Attribution
OPEN-00260,مجموعة العنزي للخدمات اللوجستية,4030668195,الخدمات الصحية,جدة,منتهي,بوابة البيانات المفتوحة (نموذج),ترخيص البيانات المفتوحة - Attribution
OPEN-00261,مركز الربيعي للتطوير البرمجي,6906876619,الخدمات اللوجستية,عرعر,موقوف,بوابة البيانات المفتوحة (نموذج),ترخيص البيانات المفتوحة - Attribution
OPEN-00262,مركز الهاجري للاستشارات,4650070718,المقاولات,المدينة المنورة,ساري,بوابة البيانات المفتوحة (نموذج),ترخيص البيانات المفتوحة - Attribution
OPEN-00263,مختبرات العسيري للتسويق الرقمي,7106517961,تجارة التجزئة,سكاكا,ساري,بوابة البيانات المفتوحة (نموذج),ترخيص البيانات المفتوحة - Attribution
OPEN-00264,مؤسسة الأسمري للخدمات المالية,3406345132,البحث والتطوير,بريدة,موقوف,بوابة البيانات المفتوحة (نموذج),ترخيص البيانات المفتوحة - Attribution
OPEN-00265,شركة مساهمة الأسمري لإدارة المشاريع,4652885994,المقاولات,ينبع,منتهي,بوابة البيانات المفتوحة (نموذج),ترخيص البيانات المفتوحة - Attribution
OPEN-00266,شركة العمري للبنية التحتية,2050134499,المقاولات,الدمام,موقوف,بوابة البيانات المفتوحة (نموذج),ترخيص البيانات المفتوحة - Attribution
OPEN-00267,مكتب السديري للتعليم والتدريب,2051418065,التجارة الإلكترونية,الجبيل,موقوف,بوابة البيانات المفتوحة (نموذج),ترخيص البيانات المفتوحة - Attribution
OPEN-00268,مكتب الغامدي للخدمات المالية,4652799172,البناء والتشييد,ينبع,منتهي,بوابة البيانات المفتوحة (نموذج),ترخيص البيانات المفتوحة - Attribution
OPEN-00269,مكتب المالكي لتقنية المعلومات,4032637114,الخدمات اللوجستية,الطائف,منتهي,بوابة البيانات المفتوحة (نموذج),ترخيص البيانات المفتوحة - Attribution
OPEN-00270,مركز السواط للتعليم والتدريب,4031182874,الإعلام والتواصل,مكة المكرمة,ساري,بوابة البيانات المفتوحة (نموذج),ترخيص البيانات المفتوحة - Attribution
OPEN-00271,مؤسسة الحوساوي لتقنية المعلومات,1010365521,المقاولات,الرياض,ساري,بوابة البيانات المفتوحة (نموذج),ترخيص البيانات المفتوحة - Attribution
OPEN-00272,مؤسسة الشهري للمستشفيات,3406186023,السياحة والضيافة,بريدة,ساري,بوابة البيانات المفتوحة (نموذج),ترخيص البيانات المفتوحة - Attribution
OPEN-00273,شركة مساهمة السهلي للأمن السيبراني,3206459307,البناء والتشييد,حائل,ساري,بوابة البيانات المفتوحة (نموذج),ترخيص البيانات المفتوحة - Attribution
OPEN-00274,مصنع الفيفي للتسويق الرقمي,3406530231,تجارة التجزئة,بريدة,موقوف,بوابة البيانات المفتوحة (نموذج),ترخيص البيانات المفتوحة - Attribution
OPEN-00275,شركة السديري للأمن السيبراني,2050340973,الطاقة والكهرباء,الدمام,موقوف,بوابة البيانات المفتوحة (نموذج),ترخيص البيانات المفتوحة - Attribution
OPEN-00276,شركة مساهمة العامري للخدمات اللوجستية,5606186565,التعليم والتدريب,تبوك,ساري,بوابة البيانات المفتوحة (نموذج),ترخيص البيانات المفتوحة - Attribution
OPEN-00277,مجموعة الربيعي للخدمات المالية,4650242160,الخدمات اللوجستية,المدينة المنورة,منتهي,بوابة البيانات المفتوحة (نموذج),ترخيص البيانات المفتوحة - Attribution
OPEN-00278,شركة العوفي للترجمة والتعريب,3206897081,الأمن والحراسة,حائل,ساري,بوابة البيانات المفتوحة (نموذج),ترخيص البيانات المفتوحة - Attribution
OPEN-00279,مؤسسة الغامدي للخدمات البيئية,5854751377,التجارة الإلكترونية,خميس مشيط,منتهي,بوابة البيانات المفتوحة (نموذج),ترخيص البيانات المفتوحة - Attribution
OPEN-00280,مختبرات الحازمي للطباعة والنشر,6906487142,التمويل والبنوك,عرعر,ساري,بوابة البيانات المفتوحة (نموذج),ترخيص البيانات المفتوحة - Attribution
OPEN-00281,مختبرات المطيري للتطوير البرمجي,4652706894,الصناعات الغذائية,ينبع,موقوف,بوابة البيانات المفتوحة (نموذج),ترخيص البيانات المفتوحة - Attribution
OPEN-00282,مختبرات العسيري للخدمات المالية,1010097651,الصناعة التحويلية,الرياض,ساري,بوابة البيانات المفتوحة (نموذج),ترخيص البيانات المفتوحة - Attribution
OPEN-00283,مختبرات الجهني للمقاولات,4652460768,الصناعات الغذائية,ينبع,ساري,بوابة البيانات المفتوحة (نموذج),ترخيص البيانات المفتوحة - Attribution
OPEN-00284,مركز العرجاني لإدارة المشاريع,6006338361,الاستيراد والتصدير,جازان,موقوف,بوابة البيانات المفتوحة (نموذج),ترخيص البيانات المفتوحة - Attribution
OPEN-00285,شركة الشمري للإعلام والتواصل,6906675569,الشحن والنقل,عرعر,منتهي,بوابة البيانات المفتوحة (نموذج),ترخيص البيانات المفتوحة - Attribution
OPEN-00286,مصنع الشمري للتجهيزات الطبية,2050638131,الخدمات الحكومية,الدمام,موقوف,بوابة البيانات المفتوحة (نموذج),ترخيص البيانات المفتوحة - Attribution
OPEN-00287,شركة مساهمة المرواني للترجمة والتعريب,6906051369,البناء والتشييد,عرعر,ساري,بوابة البيانات المفتوحة (نموذج),ترخيص البيانات المفتوحة - Attribution
OPEN-00288,مختبرات الجهني للمستشفيات,2050388487,تجارة التجزئة,الدمام,موقوف,بوابة البيانات المفتوحة (نموذج),ترخيص البيانات المفتوحة - Attribution
OPEN-00289,مكتب الثبيتي للمستشفيات,5854834623,الاستشارات,خميس مشيط,موقوف,بوابة البيانات المفتوحة (نموذج),ترخيص البيانات المفتوحة - Attribution
OPEN-00290,مركز العسيري للخدمات المالية,5855861480,الإعلام والتواصل,أبها,موقوف,بوابة البيانات المفتوحة (نموذج),ترخيص البيانات المفتوحة - Attribution
OPEN-00291,مجموعة العوفي للاستشارات,4650599308,التمويل والبنوك,المدينة المنورة,منتهي,بوابة البيانات المفتوحة (نموذج),ترخيص البيانات المفتوحة - Attribution
OPEN-00292,شركة المطيري للترجمة والتعريب,4031572607,المقاولات,مكة المكرمة,موقوف,بوابة البيانات المفتوحة (نموذج),ترخيص البيانات المفتوحة - Attribution
OPEN-00293,مكتب الشمري للتعليم والتدريب,6506423575,البناء والتشييد,نجران,ساري,بوابة البيانات المفتوحة (نموذج),ترخيص البيانات المفتوحة - Attribution
OPEN-00294,مجموعة الزبيدي للخدمات البيئية,5606844042,الشحن والنقل,تبوك,موقوف,بوابة البيانات المفتوحة (نموذج),ترخيص البيانات المفتوحة - Attribution
OPEN-00295,شركة مساهمة الحازمي للتسويق الرقمي,6906882277,التعليم والتدريب,عرعر,ساري,بوابة البيانات المفتوحة (نموذج),ترخيص البيانات المفتوحة - Attribution
OPEN-00296,شركة مساهمة الهاجري للطباعة والنشر,5855144582,المقاولات,أبها,منتهي,بوابة البيانات المفتوحة (نموذج),ترخيص البيانات المفتوحة - Attribution
OPEN-00297,شركة الشهراني لإدارة المشاريع,1010321210,التجارة الإلكترونية,الرياض,ساري,بوابة البيانات المفتوحة (نموذج),ترخيص البيانات المفتوحة - Attribution
OPEN-00298,مؤسسة الحربي للطباعة والنشر,4031330777,الصناعة التحويلية,مكة المكرمة,موقوف,بوابة البيانات المفتوحة (نموذج),ترخيص البيانات المفتوحة - Attribution
OPEN-00299,مكتب المطيري للمستشفيات,4652234861,الاستشارات,ينبع,موقوف,بوابة البيانات المفتوحة (نموذج),ترخيص البيانات المفتوحة - Attribution
OPEN-00300,مكتب الفيفي للتجهيزات الطبية,7106718020,الإعلام والتواصل,سكاكا,ساري,بوابة البيانات المفتوحة (نموذج),ترخيص البيانات المفتوحة - Attribution
OPEN-00301,مصنع القحطاني للترجمة والتعريب,2051590944,الصناعة التحويلية,الجبيل,موقوف,بوابة البيانات المفتوحة (نموذج),ترخيص البيانات المفتوحة - Attribution
OPEN-00302,مركز الشهراني للخدمات المالية,4652790511,الاستيراد والتصدير,ينبع,ساري,بوابة البيانات المفتوحة (نموذج),ترخيص البيانات المفتوحة - Attribution
OPEN-00303,مصنع الزهراني للتجهيزات الطبية,5854109568,الصناعات الغذائية,خميس مشيط,موقوف,بوابة البيانات المفتوحة (نموذج),ترخيص البيانات المفتوحة - Attribution
OPEN-00304,مختبرات العوفي للأمن السيبراني,4650220600,الاستشارات,المدينة المنورة,ساري,بوابة البيانات المفتوحة (نموذج),ترخيص البيانات المفتوحة - Attribution
OPEN-00305,مصنع السبيعي للطباعة والنشر,5606399827,البناء والتشييد,تبوك,موقوف,بوابة البيانات المفتوحة (نموذج),ترخيص البيانات المفتوحة - Attribution
OPEN-00306,مجموعة البقمي للصناعات الغذائية,4030858070,التعليم والتدريب,جدة,منتهي,بوابة البيانات المفتوحة (نموذج),ترخيص البيانات المفتوحة - Attribution
OPEN-00307,مكتب الثبيتي للطباعة والنشر,4030840189,الصناعات الغذائية,جدة,ساري,بوابة البيانات المفتوحة (نموذج),ترخيص البيانات المفتوحة - Attribution
OPEN-00308,شركة مساهمة المقرن للأعمال العقارية,6506853790,الشحن والنقل,نجران,منتهي,بوابة البيانات المفتوحة (نموذج),ترخيص البيانات المفتوحة - Attribution
OPEN-00309,مؤسسة الرشيدي للتطوير البرمجي,3406413966,التمويل والبنوك,بريدة,ساري,بوابة البيانات المفتوحة (نموذج),ترخيص البيانات المفتوحة - Attribution
OPEN-00310,مختبرات الأسمري لتقنية المعلومات,2051899974,الخدمات اللوجستية,الجبيل,موقوف,بوابة البيانات المفتوحة (نموذج),ترخيص البيانات المفتوحة - Attribution
OPEN-00311,مصنع البلوي للتعليم والتدريب,5855632740,تقنية المعلومات,أبها,منتهي,بوابة البيانات المفتوحة (نموذج),ترخيص البيانات المفتوحة - Attribution
OPEN-00312,مجموعة المسعود للإعلام والتواصل,6906108170,التجارة الإلكترونية,عرعر,منتهي,بوابة البيانات المفتوحة (نموذج),ترخيص البيانات المفتوحة - Attribution
OPEN-00313,مركز البلوي لإدارة المشاريع,6906634476,تقنية المعلومات,عرعر,منتهي,بوابة البيانات المفتوحة (نموذج),ترخيص البيانات المفتوحة - Attribution
OPEN-00314,مختبرات القرني للبنية التحتية,2050135052,الإعلام والتواصل,الدمام,موقوف,بوابة البيانات المفتوحة (نموذج),ترخيص البيانات المفتوحة - Attribution
OPEN-00315,مختبرات السواط لإدارة المشاريع,5854444273,التعليم والتدريب,خميس مشيط,ساري,بوابة البيانات المفتوحة (نموذج),ترخيص البيانات المفتوحة - Attribution
OPEN-00316,مكتب الدوسري للطباعة والنشر,5606137577,الخدمات اللوجستية,تبوك,منتهي,بوابة البيانات المفتوحة (نموذج),ترخيص البيانات المفتوحة - Attribution
OPEN-00317,شركة مساهمة العوفي لإدارة المشاريع,7106407399,المقاولات,سكاكا,موقوف,بوابة البيانات المفتوحة (نموذج),ترخيص البيانات المفتوحة - Attribution
OPEN-00318,مجموعة السواط للطباعة والنشر,4650012175,الشحن والنقل,المدينة المنورة,ساري,بوابة البيانات المفتوحة (نموذج),ترخيص البيانات المفتوحة - Attribution
OPEN-00319,مركز الزبيدي للتجهيزات الطبية,4650244679,الإعلام والتواصل,المدينة المنورة,منتهي,بوابة البيانات المفتوحة (نموذج),ترخيص البيانات المفتوحة - Attribution
OPEN-00320,شركة مساهمة الربيعي للإعلام والتواصل,5855483781,التعليم والتدريب,أبها,ساري,بوابة البيانات المفتوحة (نموذج),ترخيص البيانات المفتوحة - Attribution
OPEN-00321,شركة مساهمة الشمري للأعمال العقارية,5855198180,الشحن والنقل,أبها,ساري,بوابة البيانات المفتوحة (نموذج),ترخيص البيانات المفتوحة - Attribution
OPEN-00322,شركة مساهمة الشهراني للأعمال العقارية,6506027864,البناء والتشييد,نجران,موقوف,بوابة البيانات المفتوحة (نموذج),ترخيص البيانات المفتوحة - Attribution
OPEN-00323,مكتب الربيعي للأعمال العقارية,4032806550,الخدمات الحكومية,الطائف,موقوف,بوابة البيانات المفتوحة (نموذج),ترخيص البيانات المفتوحة - Attribution
OPEN-00324,مركز الزبيدي للخدمات المالية,3206687896,تجارة التجزئة,حائل,موقوف,بوابة البيانات المفتوحة (نموذج),ترخيص البيانات المفتوحة - Attribution
OPEN-00325,مصنع البلوي للأمن السيبراني,4031216208,التجارة الإلكترونية,مكة المكرمة,منتهي,بوابة البيانات المفتوحة (نموذج),ترخيص البيانات المفتوحة - Attribution
OPEN-00326,مكتب الحميدي للمقاولات,6006178160,الخدمات الصحية,جازان,ساري,بوابة البيانات المفتوحة (نموذج),ترخيص البيانات المفتوحة - Attribution
OPEN-00327,مختبرات المسعود للترجمة والتعريب,5854662366,البناء والتشييد,خميس مشيط,ساري,بوابة البيانات المفتوحة (نموذج),ترخيص البيانات المفتوحة - Attribution
OPEN-00328,مجموعة البقمي للأمن السيبراني,6506278902,تقنية المعلومات,نجران,ساري,بوابة البيانات المفتوحة (نموذج),ترخيص البيانات المفتوحة - Attribution
OPEN-00329,مكتب الثبيتي للخدمات البيئية,5855151111,المقاولات,أبها,منتهي,بوابة البيانات المفتوحة (نموذج),ترخيص البيانات المفتوحة - Attribution
OPEN-00330,شركة مساهمة الزياني للترجمة والتعريب,6006309967,التجارة الإلكترونية,جازان,ساري,بوابة البيانات المفتوحة (نموذج),ترخيص البيانات المفتوحة - Attribution
OPEN-00331,شركة الغامدي للبنية التحتية,4030840039,الخدمات الحكومية,جدة,موقوف,بوابة البيانات المفتوحة (نموذج),ترخيص البيانات المفتوحة - Attribution
OPEN-00332,شركة الشهري للاتصالات,2050281783,الإعلام والتواصل,الدمام,ساري,بوابة البيانات المفتوحة (نموذج),ترخيص البيانات المفتوحة - Attribution
OPEN-00333,مصنع العسيري للتجهيزات الطبية,1010998406,السياحة والضيافة,الرياض,منتهي,بوابة البيانات المفتوحة (نموذج),ترخيص البيانات المفتوحة - Attribution
OPEN-00334,مختبرات العمري للاتصالات,2051244000,الإعلام والتواصل,الجبيل,موقوف,بوابة البيانات المفتوحة (نموذج),ترخيص البيانات المفتوحة - Attribution
OPEN-00335,مجموعة الشهراني للخدمات البيئية,6906109253,السياحة والضيافة,عرعر,ساري,بوابة البيانات المفتوحة (نموذج),ترخيص البيانات المفتوحة - Attribution
OPEN-00336,مؤسسة الحازمي للمقاولات,1010921324,الشحن والنقل,الرياض,موقوف,بوابة البيانات المفتوحة (نموذج),ترخيص البيانات المفتوحة - Attribution
OPEN-00337,مكتب القرشي لتقنية المعلومات,6506500150,تجارة التجزئة,نجران,موقوف,بوابة البيانات المفتوحة (نموذج),ترخيص البيانات المفتوحة - Attribution
OPEN-00338,مكتب العرجاني للطباعة والنشر,4032510727,الخدمات الحكومية,الطائف,موقوف,بوابة البيانات المفتوحة (نموذج),ترخيص البيانات المفتوحة - Attribution
OPEN-00339,مركز العنزي للبنية التحتية,4652306048,المقاولات,ينبع,منتهي,بوابة البيانات المفتوحة (نموذج),ترخيص البيانات المفتوحة - Attribution
OPEN-00340,مختبرات الربيعي للتطوير البرمجي,1010703432,التمويل والبنوك,الرياض,موقوف,بوابة البيانات المفتوحة (نموذج),ترخيص البيانات المفتوحة - Attribution
OPEN-00341,مؤسسة العسيري للاتصالات,4652737428,التعليم والتدريب,ينبع,ساري,بوابة البيانات المفتوحة (نموذج),ترخيص البيانات المفتوحة - Attribution
OPEN-00342,مختبرات الثبيتي للأمن السيبراني,5855272088,الخدمات الحكومية,أبها,موقوف,بوابة البيانات المفتوحة (نموذج),ترخيص البيانات المفتوحة - Attribution
OPEN-00343,مصنع الخالدي للأمن السيبراني,6006053913,تجارة التجزئة,جازان,ساري,بوابة البيانات المفتوحة (نموذج),ترخيص البيانات المفتوحة - Attribution
OPEN-00344,شركة مساهمة اليامي لإدارة المشاريع,6906457033,الخدمات اللوجستية,عرعر,موقوف,بوابة البيانات المفتوحة (نموذج),ترخيص البيانات المفتوحة - Attribution
OPEN-00345,مكتب العتيبي للمقاولات,6506029377,التمويل والبنوك,نجران,ساري,بوابة البيانات المفتوحة (نموذج),ترخيص البيانات المفتوحة - Attribution
OPEN-00346,مؤسسة العمري للأعمال العقارية,6006482282,البناء والتشييد,جازان,موقوف,بوابة البيانات المفتوحة (نموذج),ترخيص البيانات المفتوحة - Attribution
OPEN-00347,مركز المرواني للإعلام والتواصل,6006835670,الطاقة والكهرباء,جازان,موقوف,بوابة البيانات المفتوحة (نموذج),ترخيص البيانات المفتوحة - Attribution
OPEN-00348,مركز الحازمي للبنية التحتية,2051042997,الخدمات الحكومية,الجبيل,موقوف,بوابة البيانات المفتوحة (نموذج),ترخيص البيانات المفتوحة - Attribution
OPEN-00349,مصنع العتيبي للبنية التحتية,4031011557,تجارة التجزئة,مكة المكرمة,موقوف,بوابة البيانات المفتوحة (نموذج),ترخيص البيانات المفتوحة - Attribution
OPEN-00350,مكتب العوفي للاستشارات,6506606474,الأمن والحراسة,نجران,منتهي,بوابة البيانات المفتوحة (نموذج),ترخيص البيانات المفتوحة - Attribution
OPEN-00351,مصنع السبيعي للترجمة والتعريب,5606581348,البحث والتطوير,تبوك,ساري,بوابة البيانات المفتوحة (نموذج),ترخيص البيانات المفتوحة - Attribution
OPEN-00352,مصنع المقرن للمقاولات,3206047219,الشحن والنقل,حائل,موقوف,بوابة البيانات المفتوحة (نموذج),ترخيص البيانات المفتوحة - Attribution
OPEN-00353,مختبرات العسيري للطباعة والنشر,5854901022,الإعلام والتواصل,خميس مشيط,موقوف,بوابة البيانات المفتوحة (نموذج),ترخيص البيانات المفتوحة - Attribution
OPEN-00354,مكتب الزهراني للأعمال العقارية,1010520875,الخدمات اللوجستية,الرياض,موقوف,بوابة البيانات المفتوحة (نموذج),ترخيص البيانات المفتوحة - Attribution
OPEN-00355,مؤسسة الهاجري للمستشفيات,6006988160,المقاولات,جازان,موقوف,بوابة البيانات المفتوحة (نموذج),ترخيص البيانات المفتوحة - Attribution
OPEN-00356,شركة الثبيتي للبنية التحتية,7106447234,البناء والتشييد,سكاكا,موقوف,بوابة البيانات المفتوحة (نموذج),ترخيص البيانات المفتوحة - Attribution
OPEN-00357,مختبرات الحوساوي للأمن السيبراني,6906514907,المقاولات,عرعر,منتهي,بوابة البيانات المفتوحة (نموذج),ترخيص البيانات المفتوحة - Attribution
OPEN-00358,شركة مساهمة العامري للترجمة والتعريب,6006766590,التمويل والبنوك,جازان,موقوف,بوابة البيانات المفتوحة (نموذج),ترخيص البيانات المفتوحة - Attribution
OPEN-00359,مكتب الصاعدي للطباعة والنشر,2050211798,الصناعات الغذائية,الدمام,ساري,بوابة البيانات المفتوحة (نموذج),ترخيص البيانات المفتوحة - Attribution
OPEN-00360,شركة الرشيدي للطباعة والنشر,4030622030,الإعلام والتواصل,جدة,منتهي,بوابة البيانات المفتوحة (نموذج),ترخيص البيانات المفتوحة - Attribution
OPEN-00361,شركة الأسمري للأمن السيبراني,2050609918,البناء والتشييد,الدمام,منتهي,بوابة البيانات المفتوحة (نموذج),ترخيص البيانات المفتوحة - Attribution
OPEN-00362,مجموعة البقمي للترجمة والتعريب,6906558877,الخدمات اللوجستية,عرعر,ساري,بوابة البيانات المفتوحة (نموذج),ترخيص البيانات المفتوحة - Attribution
OPEN-00363,مجموعة العمري للمستشفيات,4650321622,الصناعات الغذائية,المدينة المنورة,منتهي,بوابة البيانات المفتوحة (نموذج),ترخيص البيانات المفتوحة - Attribution
OPEN-00364,مركز الربيعي للاستشارات,3206732889,الاستيراد والتصدير,حائل,ساري,بوابة البيانات المفتوحة (نموذج),ترخيص البيانات المفتوحة - Attribution
OPEN-00365,شركة مساهمة التميمي للتطوير البرمجي,4032950540,الصناعات الغذائية,الطائف,موقوف,بوابة البيانات المفتوحة (نموذج),ترخيص البيانات المفتوحة - Attribution
OPEN-00366,مكتب البلوي لتقنية المعلومات,4030890996,الشحن والنقل,جدة,ساري,بوابة البيانات المفتوحة (نموذج),ترخيص البيانات المفتوحة - Attribution
OPEN-00367,شركة مساهمة السبيعي للأعمال العقارية,4652710552,الصناعات الغذائية,ينبع,موقوف,بوابة البيانات المفتوحة (نموذج),ترخيص البيانات المفتوحة - Attribution
OPEN-00368,مختبرات الشريف للاتصالات,7106619402,الصناعات الغذائية,سكاكا,موقوف,بوابة البيانات المفتوحة (نموذج),ترخيص البيانات المفتوحة - Attribution
OPEN-00369,مركز الشهري للخدمات البيئية,4030050470,الطاقة والكهرباء,جدة,منتهي,بوابة البيانات المفتوحة (نموذج),ترخيص البيانات المفتوحة - Attribution
OPEN-00370,شركة مساهمة البقمي للمقاولات,2050767224,الخدمات الحكومية,الدمام,منتهي,بوابة البيانات المفتوحة (نموذج),ترخيص البيانات المفتوحة - Attribution
OPEN-00371,شركة مساهمة الفيفي للاستشارات,4650231619,تجارة التجزئة,المدينة المنورة,موقوف,بوابة البيانات المفتوحة (نموذج),ترخيص البيانات المفتوحة - Attribution
OPEN-00372,مركز العوفي للاتصالات,5606716523,الشحن والنقل,تبوك,منتهي,بوابة البيانات المفتوحة (نموذج),ترخيص البيانات المفتوحة - Attribution
OPEN-00373,مختبرات السبيعي للتجهيزات الطبية,7106272698,التمويل والبنوك,سكاكا,موقوف,بوابة البيانات المفتوحة (نموذج),ترخيص البيانات المفتوحة - Attribution
OPEN-00374,شركة الغامدي للأعمال العقارية,7106222679,البحث والتطوير,سكاكا,موقوف,بوابة البيانات المفتوحة (نموذج),ترخيص البيانات المفتوحة - Attribution
OPEN-00375,مختبرات الزياني للطباعة والنشر,2051571200,الصناعة التحويلية,الجبيل,منتهي,بوابة البيانات المفتوحة (نموذج),ترخيص البيانات المفتوحة - Attribution
OPEN-00376,مصنع العوفي للإعلام والتواصل,3206009185,الصناعات الغذائية,حائل,ساري,بوابة البيانات المفتوحة (نموذج),ترخيص البيانات المفتوحة - Attribution
OPEN-00377,مركز الجهني للاتصالات,4032943042,البناء والتشييد,الطائف,منتهي,بوابة البيانات المفتوحة (نموذج),ترخيص البيانات المفتوحة - Attribution
OPEN-00378,مكتب الشريف للتعليم والتدريب,1010747506,الشحن والنقل,الرياض,منتهي,بوابة البيانات المفتوحة (نموذج),ترخيص البيانات المفتوحة - Attribution
OPEN-00379,مؤسسة الجهني للاستشارات,2051808943,الإعلام والتواصل,الجبيل,ساري,بوابة البيانات المفتوحة (نموذج),ترخيص البيانات المفتوحة - Attribution
OPEN-00380,مركز الربيعي للمستشفيات,6506693884,المقاولات,نجران,ساري,بوابة البيانات المفتوحة (نموذج),ترخيص البيانات المفتوحة - Attribution
OPEN-00381,مركز الزهراني للصناعات الغذائية,6906492346,الشحن والنقل,عرعر,موقوف,بوابة البيانات المفتوحة (نموذج),ترخيص البيانات المفتوحة - Attribution
OPEN-00382,مؤسسة المسعود لإدارة المشاريع,4652597077,الاستيراد والتصدير,ينبع,موقوف,بوابة البيانات المفتوحة (نموذج),ترخيص البيانات المفتوحة - Attribution
OPEN-00383,مجموعة البلوي للخدمات المالية,1010336650,التعليم والتدريب,الرياض,منتهي,بوابة البيانات المفتوحة (نموذج),ترخيص البيانات المفتوحة - Attribution
OPEN-00384,مكتب الشمري للاتصالات,5854649665,البحث والتطوير,خميس مشيط,منتهي,بوابة البيانات المفتوحة (نموذج),ترخيص البيانات المفتوحة - Attribution
OPEN-00385,شركة مساهمة الأسمري للترجمة والتعريب,4031692228,الخدمات الحكومية,مكة المكرمة,منتهي,بوابة البيانات المفتوحة (نموذج),ترخيص البيانات المفتوحة - Attribution
OPEN-00386,شركة مساهمة الشهري لإدارة المشاريع,5855815078,التجارة الإلكترونية,أبها,ساري,بوابة البيانات المفتوحة (نموذج),ترخيص البيانات المفتوحة - Attribution
OPEN-00387,مصنع البلوي للخدمات المالية,1010537688,الخدمات الحكومية,الرياض,منتهي,بوابة البيانات المفتوحة (نموذج),ترخيص البيانات المفتوحة - Attribution
OPEN-00388,مجموعة العرجاني للتجهيزات الطبية,3406985479,الشحن والنقل,بريدة,ساري,بوابة البيانات المفتوحة (نموذج),ترخيص البيانات المفتوحة - Attribution
OPEN-00389,مؤسسة العتيبي للترجمة والتعريب,5606247300,السياحة والضيافة,تبوك,موقوف,بوابة البيانات المفتوحة (نموذج),ترخيص البيانات المفتوحة - Attribution
OPEN-00390,مختبرات الحميدي للاستشارات,4032328202,الخدمات الصحية,الطائف,موقوف,بوابة البيانات المفتوحة (نموذج),ترخيص البيانات المفتوحة - Attribution
OPEN-00391,مجموعة الحوساوي للتسويق الرقمي,5606019796,البحث والتطوير,تبوك,منتهي,بوابة البيانات المفتوحة (نموذج),ترخيص البيانات المفتوحة - Attribution
OPEN-00392,شركة الحميدي للأعمال العقارية,6006954089,التعليم والتدريب,جازان,منتهي,بوابة البيانات المفتوحة (نموذج),ترخيص البيانات المفتوحة - Attribution
OPEN-00393,شركة العسيري للأمن السيبراني,4030775436,المقاولات,جدة,موقوف,بوابة البيانات المفتوحة (نموذج),ترخيص البيانات المفتوحة - Attribution
OPEN-00394,مختبرات الدوسري للتسويق الرقمي,1010946063,الاستشارات,الرياض,ساري,بوابة البيانات المفتوحة (نموذج),ترخيص البيانات المفتوحة - Attribution
OPEN-00395,مؤسسة الصاعدي لإدارة المشاريع,6006507071,الخدمات الحكومية,جازان,ساري,بوابة البيانات المفتوحة (نموذج),ترخيص البيانات المفتوحة - Attribution
OPEN-00396,مصنع السبيعي للصناعات الغذائية,6506471182,الخدمات الحكومية,نجران,ساري,بوابة البيانات المفتوحة (نموذج),ترخيص البيانات المفتوحة - Attribution
OPEN-00397,مصنع المرواني للخدمات اللوجستية,6006491917,تقنية المعلومات,جازان,ساري,بوابة البيانات المفتوحة (نموذج),ترخيص البيانات المفتوحة - Attribution
OPEN-00398,مؤسسة المرواني للأمن السيبراني,6906802318,البناء والتشييد,عرعر,منتهي,بوابة البيانات المفتوحة (نموذج),ترخيص البيانات المفتوحة - Attribution
OPEN-00399,شركة مساهمة الحوساوي للأعمال العقارية,7106777940,الأمن والحراسة,سكاكا,ساري,بوابة البيانات المفتوحة (نموذج),ترخيص البيانات المفتوحة - Attribution
OPEN-00400,مصنع العوفي للإعلام والتواصل,6506342430,الصناعات الغذائية,نجران,منتهي,بوابة البيانات المفتوحة (نموذج),ترخيص البيانات المفتوحة - Attribution
OPEN-00401,مركز الحربي للاستشارات,3406370119,الصناعات الغذائية,بريدة,موقوف,بوابة البيانات المفتوحة (نموذج),ترخيص البيانات المفتوحة - Attribution
OPEN-00402,مؤسسة البلوي للاتصالات,2050323506,البناء والتشييد,الدمام,منتهي,بوابة البيانات المفتوحة (نموذج),ترخيص البيانات المفتوحة - Attribution
OPEN-00403,مختبرات البقمي لتقنية المعلومات,1010063805,الخدمات الصحية,الرياض,منتهي,بوابة البيانات المفتوحة (نموذج),ترخيص البيانات المفتوحة - Attribution
OPEN-00404,مركز الشمري للخدمات اللوجستية,4650946394,الخدمات الصحية,المدينة المنورة,منتهي,بوابة البيانات المفتوحة (نموذج),ترخيص البيانات المفتوحة - Attribution
OPEN-00405,مختبرات العسيري للتطوير البرمجي,5855606425,الخدمات الحكومية,أبها,منتهي,بوابة البيانات المفتوحة (نموذج),ترخيص البيانات المفتوحة - Attribution
OPEN-00406,مؤسسة الهاجري للمستشفيات,4032919923,الطاقة والكهرباء,الطائف,ساري,بوابة البيانات المفتوحة (نموذج),ترخيص البيانات المفتوحة - Attribution
OPEN-00407,مجموعة التميمي للصناعات الغذائية,1010237392,التعليم والتدريب,الرياض,منتهي,بوابة البيانات المفتوحة (نموذج),ترخيص البيانات المفتوحة - Attribution
OPEN-00408,شركة مساهمة العوفي للخدمات البيئية,3206534024,الاستيراد والتصدير,حائل,موقوف,بوابة البيانات المفتوحة (نموذج),ترخيص البيانات المفتوحة - Attribution
OPEN-00409,مركز العامري للتجهيزات الطبية,6006172308,التعليم والتدريب,جازان,ساري,بوابة البيانات المفتوحة (نموذج),ترخيص البيانات المفتوحة - Attribution
OPEN-00410,شركة مساهمة المطيري للأمن السيبراني,6506324683,الشحن والنقل,نجران,منتهي,بوابة البيانات المفتوحة (نموذج),ترخيص البيانات المفتوحة - Attribution
OPEN-00411,مركز الزهراني للمستشفيات,6006310798,الخدمات الصحية,جازان,موقوف,بوابة البيانات المفتوحة (نموذج),ترخيص البيانات المفتوحة - Attribution
OPEN-00412,شركة مساهمة الزبيدي للبنية التحتية,5606913097,الخدمات اللوجستية,تبوك,منتهي,بوابة البيانات المفتوحة (نموذج),ترخيص البيانات المفتوحة - Attribution
OPEN-00413,مصنع العامري للمستشفيات,2051481336,التعليم والتدريب,الجبيل,موقوف,بوابة البيانات المفتوحة (نموذج),ترخيص البيانات المفتوحة - Attribution
OPEN-00414,مجموعة الشمري للخدمات اللوجستية,3406253878,السياحة والضيافة,بريدة,منتهي,بوابة البيانات المفتوحة (نموذج),ترخيص البيانات المفتوحة - Attribution
OPEN-00415,مكتب العنزي للتسويق الرقمي,4030311689,التعليم والتدريب,جدة,ساري,بوابة البيانات المفتوحة (نموذج),ترخيص البيانات المفتوحة - Attribution
OPEN-00416,مركز العسيري للاتصالات,4650825958,المقاولات,المدينة المنورة,موقوف,بوابة البيانات المفتوحة (نموذج),ترخيص البيانات المفتوحة - Attribution
OPEN-00417,مصنع السديري لإدارة المشاريع,4032522654,التجارة الإلكترونية,الطائف,موقوف,بوابة البيانات المفتوحة (نموذج),ترخيص البيانات المفتوحة - Attribution
OPEN-00418,مصنع الغامدي للخدمات المالية,6906827236,الخدمات اللوجستية,عرعر,ساري,بوابة البيانات المفتوحة (نموذج),ترخيص البيانات المفتوحة - Attribution
OPEN-00419,مختبرات الشمري للطباعة والنشر,6006674248,تقنية المعلومات,جازان,ساري,بوابة البيانات المفتوحة (نموذج),ترخيص البيانات المفتوحة - Attribution
OPEN-00420,مجموعة الغامدي للخدمات المالية,2051308599,البحث والتطوير,الجبيل,ساري,بوابة البيانات المفتوحة (نموذج),ترخيص البيانات المفتوحة - Attribution
OPEN-00421,مؤسسة الغامدي لإدارة المشاريع,3406125806,التمويل والبنوك,بريدة,ساري,بوابة البيانات المفتوحة (نموذج),ترخيص البيانات المفتوحة - Attribution
OPEN-00422,مجموعة الهاجري للخدمات المالية,4650205247,المقاولات,المدينة المنورة,منتهي,بوابة البيانات المفتوحة (نموذج),ترخيص البيانات المفتوحة - Attribution
OPEN-00423,مصنع الجهني للتعليم والتدريب,4032689688,التجارة الإلكترونية,الطائف,موقوف,بوابة البيانات المفتوحة (نموذج),ترخيص البيانات المفتوحة - Attribution
OPEN-00424,شركة المرواني للترجمة والتعريب,2050833941,التعليم والتدريب,الدمام,منتهي,بوابة البيانات المفتوحة (نموذج),ترخيص البيانات المفتوحة - Attribution
OPEN-00425,مؤسسة البلوي للبنية التحتية,3206772199,الطاقة والكهرباء,حائل,موقوف,بوابة البيانات المفتوحة (نموذج),ترخيص البيانات المفتوحة - Attribution
OPEN-00426,مجموعة السلمي لإدارة المشاريع,4031126255,تقنية المعلومات,مكة المكرمة,موقوف,بوابة البيانات المفتوحة (نموذج),ترخيص البيانات المفتوحة - Attribution
OPEN-00427,مركز الحازمي للخدمات المالية,7106006253,الطاقة والكهرباء,سكاكا,منتهي,بوابة البيانات المفتوحة (نموذج),ترخيص البيانات المفتوحة - Attribution
OPEN-00428,مختبرات السهلي للأمن السيبراني,6006850844,التجارة الإلكترونية,جازان,منتهي,بوابة البيانات المفتوحة (نموذج),ترخيص البيانات المفتوحة - Attribution
OPEN-00429,شركة البقمي للخدمات البيئية,4650056228,المقاولات,المدينة المنورة,منتهي,بوابة البيانات المفتوحة (نموذج),ترخيص البيانات المفتوحة - Attribution
OPEN-00430,مركز المرواني للخدمات المالية,5606935845,المقاولات,تبوك,موقوف,بوابة البيانات المفتوحة (نموذج),ترخيص البيانات المفتوحة - Attribution
OPEN-00431,مكتب الجهني للاستشارات,4030576214,الاستشارات,جدة,ساري,بوابة البيانات المفتوحة (نموذج),ترخيص البيانات المفتوحة - Attribution
OPEN-00432,مركز الحوساوي للإعلام والتواصل,3206207829,الاستيراد والتصدير,حائل,ساري,بوابة البيانات المفتوحة (نموذج),ترخيص البيانات المفتوحة - Attribution
OPEN-00433,مجموعة الحوساوي للاتصالات,6906253646,الصناعات الغذائية,عرعر,موقوف,بوابة البيانات المفتوحة (نموذج),ترخيص البيانات المفتوحة - Attribution
OPEN-00434,مصنع العنزي للاتصالات,4652471136,الصناعة التحويلية,ينبع,منتهي,بوابة البيانات المفتوحة (نموذج),ترخيص البيانات المفتوحة - Attribution
OPEN-00435,مصنع القحطاني للصناعات الغذائية,2051362601,الأمن والحراسة,الجبيل,منتهي,بوابة البيانات المفتوحة (نموذج),ترخيص البيانات المفتوحة - Attribution
OPEN-00436,مختبرات المطيري لتقنية المعلومات,4030531086,التعليم والتدريب,جدة,ساري,بوابة البيانات المفتوحة (نموذج),ترخيص البيانات المفتوحة - Attribution
OPEN-00437,مصنع الفيفي للمقاولات,2050370207,تجارة التجزئة,الدمام,موقوف,بوابة البيانات المفتوحة (نموذج),ترخيص البيانات المفتوحة - Attribution
OPEN-00438,مؤسسة الجهني للاستشارات,5854851806,الأمن والحراسة,خميس مشيط,منتهي,بوابة البيانات المفتوحة (نموذج),ترخيص البيانات المفتوحة - Attribution
OPEN-00439,مصنع الفيفي للخدمات المالية,1010949698,المقاولات,الرياض,ساري,بوابة البيانات المفتوحة (نموذج),ترخيص البيانات المفتوحة - Attribution
OPEN-00440,مصنع السديري للطباعة والنشر,6006628896,الطاقة والكهرباء,جازان,ساري,بوابة البيانات المفتوحة (نموذج),ترخيص البيانات المفتوحة - Attribution
OPEN-00441,شركة مساهمة الحازمي للاستشارات,5854777491,التمويل والبنوك,خميس مشيط,ساري,بوابة البيانات المفتوحة (نموذج),ترخيص البيانات المفتوحة - Attribution
OPEN-00442,مكتب العوفي للطباعة والنشر,1010651815,تجارة التجزئة,الرياض,منتهي,بوابة البيانات المفتوحة (نموذج),ترخيص البيانات المفتوحة - Attribution
OPEN-00443,مؤسسة المقرن للتطوير البرمجي,3206541379,الطاقة والكهرباء,حائل,ساري,بوابة البيانات المفتوحة (نموذج),ترخيص البيانات المفتوحة - Attribution
OPEN-00444,شركة الخالدي لتقنية المعلومات,4031695272,الصناعة التحويلية,مكة المكرمة,ساري,بوابة البيانات المفتوحة (نموذج),ترخيص البيانات المفتوحة - Attribution
OPEN-00445,مكتب العتيبي للأعمال العقارية,4030957992,التمويل والبنوك,جدة,منتهي,بوابة البيانات المفتوحة (نموذج),ترخيص البيانات المفتوحة - Attribution
OPEN-00446,شركة الحميدي للتطوير البرمجي,4032218072,الاستيراد والتصدير,الطائف,منتهي,بوابة البيانات المفتوحة (نموذج),ترخيص البيانات المفتوحة - Attribution
OPEN-00447,شركة مساهمة العتيبي للاتصالات,7106817602,تجارة التجزئة,سكاكا,موقوف,بوابة البيانات المفتوحة (نموذج),ترخيص البيانات المفتوحة - Attribution
OPEN-00448,شركة التميمي للأعمال العقارية,4030805432,الأمن والحراسة,جدة,موقوف,بوابة البيانات المفتوحة (نموذج),ترخيص البيانات المفتوحة - Attribution
OPEN-00449,مختبرات الدوسري للإعلام والتواصل,4031732181,التعليم والتدريب,مكة المكرمة,منتهي,بوابة البيانات المفتوحة (نموذج),ترخيص البيانات المفتوحة - Attribution
OPEN-00450,مركز الحربي للطباعة والنشر,5606687860,الخدمات اللوجستية,تبوك,موقوف,بوابة البيانات المفتوحة (نموذج),ترخيص البيانات المفتوحة - Attribution
OPEN-00451,مؤسسة السهلي للإعلام والتواصل,5606659770,البحث والتطوير,تبوك,ساري,بوابة البيانات المفتوحة (نموذج),ترخيص البيانات المفتوحة - Attribution
OPEN-00452,مصنع العتيبي للأعمال العقارية,4031481867,تجارة التجزئة,مكة المكرمة,منتهي,بوابة البيانات المفتوحة (نموذج),ترخيص البيانات المفتوحة - Attribution
OPEN-00453,مركز الحربي للاستشارات,4650242592,المقاولات,المدينة المنورة,ساري,بوابة البيانات المفتوحة (نموذج),ترخيص البيانات المفتوحة - Attribution
OPEN-00454,مصنع العمري للاتصالات,3206571498,الطاقة والكهرباء,حائل,موقوف,بوابة البيانات المفتوحة (نموذج),ترخيص البيانات المفتوحة - Attribution
OPEN-00455,شركة مساهمة الحميدي للتطوير البرمجي,2050887888,تجارة التجزئة,الدمام,ساري,بوابة البيانات المفتوحة (نموذج),ترخيص البيانات المفتوحة - Attribution
OPEN-00456,مركز الشهراني للتطوير البرمجي,6006348736,الاستشارات,جازان,موقوف,بوابة البيانات المفتوحة (نموذج),ترخيص البيانات المفتوحة - Attribution
OPEN-00457,مركز السواط للتعليم والتدريب,5606865433,التعليم والتدريب,تبوك,ساري,بوابة البيانات المفتوحة (نموذج),ترخيص البيانات المفتوحة - Attribution
OPEN-00458,شركة مساهمة القحطاني لإدارة المشاريع,7106702006,السياحة والضيافة,سكاكا,موقوف,بوابة البيانات المفتوحة (نموذج),ترخيص البيانات المفتوحة - Attribution
OPEN-00459,شركة مساهمة الفيفي لتقنية المعلومات,4031322060,البناء والتشييد,مكة المكرمة,موقوف,بوابة البيانات المفتوحة (نموذج),ترخيص البيانات المفتوحة - Attribution
OPEN-00460,مؤسسة القحطاني لتقنية المعلومات,3206763381,الاستشارات,حائل,منتهي,بوابة البيانات المفتوحة (نموذج),ترخيص البيانات المفتوحة - Attribution
OPEN-00461,مكتب القرشي للاتصالات,4031819414,تقنية المعلومات,مكة المكرمة,منتهي,بوابة البيانات المفتوحة (نموذج),ترخيص البيانات المفتوحة - Attribution
OPEN-00462,مكتب الشهراني للتعليم والتدريب,3406296266,الصناعة التحويلية,بريدة,منتهي,بوابة البيانات المفتوحة (نموذج),ترخيص البيانات المفتوحة - Attribution
OPEN-00463,مركز الأسمري لإدارة المشاريع,4031029301,الطاقة والكهرباء,مكة المكرمة,موقوف,بوابة البيانات المفتوحة (نموذج),ترخيص البيانات المفتوحة - Attribution
OPEN-00464,مختبرات الرشيدي للاستشارات,3206134941,التجارة الإلكترونية,حائل,ساري,بوابة البيانات المفتوحة (نموذج),ترخيص البيانات المفتوحة - Attribution
OPEN-00465,شركة الخالدي للتعليم والتدريب,6906455862,الصناعات الغذائية,عرعر,موقوف,بوابة البيانات المفتوحة (نموذج),ترخيص البيانات المفتوحة - Attribution
OPEN-00466,مكتب الهاجري للخدمات البيئية,2050763006,البحث والتطوير,الدمام,ساري,بوابة البيانات المفتوحة (نموذج),ترخيص البيانات المفتوحة - Attribution
OPEN-00467,شركة مساهمة البقمي للتطوير البرمجي,4030700962,الطاقة والكهرباء,جدة,موقوف,بوابة البيانات المفتوحة (نموذج),ترخيص البيانات المفتوحة - Attribution
OPEN-00468,مصنع المطيري لإدارة المشاريع,7106831349,الخدمات اللوجستية,سكاكا,منتهي,بوابة البيانات المفتوحة (نموذج),ترخيص البيانات المفتوحة - Attribution
OPEN-00469,شركة مساهمة الربيعي للمقاولات,6506685617,الطاقة والكهرباء,نجران,منتهي,بوابة البيانات المفتوحة (نموذج),ترخيص البيانات المفتوحة - Attribution
OPEN-00470,مصنع الأسمري للإعلام والتواصل,2051822477,الطاقة والكهرباء,الجبيل,ساري,بوابة البيانات المفتوحة (نموذج),ترخيص البيانات المفتوحة - Attribution
OPEN-00471,شركة الهاجري للطباعة والنشر,6906555652,الصناعات الغذائية,عرعر,ساري,بوابة البيانات المفتوحة (نموذج),ترخيص البيانات المفتوحة - Attribution
OPEN-00472,مؤسسة الدوسري للمقاولات,2050062306,الطاقة والكهرباء,الدمام,منتهي,بوابة البيانات المفتوحة (نموذج),ترخيص البيانات المفتوحة - Attribution
OPEN-00473,مركز العنزي لتقنية المعلومات,3406691208,الشحن والنقل,بريدة,ساري,بوابة البيانات المفتوحة (نموذج),ترخيص البيانات المفتوحة - Attribution
OPEN-00474,مختبرات الأسمري لإدارة المشاريع,2050345021,البحث والتطوير,الدمام,ساري,بوابة البيانات المفتوحة (نموذج),ترخيص البيانات المفتوحة - Attribution
OPEN-00475,مركز الزهراني للمقاولات,5606571816,الصناعات الغذائية,تبوك,موقوف,بوابة البيانات المفتوحة (نموذج),ترخيص البيانات المفتوحة - Attribution
OPEN-00476,شركة مساهمة العرجاني للأعمال العقارية,5855245705,تجارة التجزئة,أبها,ساري,بوابة البيانات المفتوحة (نموذج),ترخيص البيانات المفتوحة - Attribution
OPEN-00477,مركز الفيفي للاستشارات,6906369099,الخدمات اللوجستية,عرعر,منتهي,بوابة البيانات المفتوحة (نموذج),ترخيص البيانات المفتوحة - Attribution
OPEN-00478,مؤسسة الدوسري للتعليم والتدريب,3206678437,السياحة والضيافة,حائل,ساري,بوابة البيانات المفتوحة (نموذج),ترخيص البيانات المفتوحة - Attribution
OPEN-00479,مختبرات الزهراني للصناعات الغذائية,4030641259,تقنية المعلومات,جدة,موقوف,بوابة البيانات المفتوحة (نموذج),ترخيص البيانات المفتوحة - Attribution
OPEN-00480,مؤسسة الزهراني للإعلام والتواصل,5855748096,التجارة الإلكترونية,أبها,منتهي,بوابة البيانات المفتوحة (نموذج),ترخيص البيانات المفتوحة - Attribution
OPEN-00481,شركة الشهراني للإعلام والتواصل,3206991964,تقنية المعلومات,حائل,موقوف,بوابة البيانات المفتوحة (نموذج),ترخيص البيانات المفتوحة - Attribution
OPEN-00482,مجموعة السهلي للخدمات البيئية,3206702426,الخدمات اللوجستية,حائل,ساري,بوابة البيانات المفتوحة (نموذج),ترخيص البيانات المفتوحة - Attribution
OPEN-00483,مختبرات البقمي للتعليم والتدريب,4030671665,التعليم والتدريب,جدة,منتهي,بوابة البيانات المفتوحة (نموذج),ترخيص البيانات المفتوحة - Attribution
OPEN-00484,مجموعة الزبيدي للاستشارات,3206162238,الاستشارات,حائل,منتهي,بوابة البيانات المفتوحة (نموذج),ترخيص البيانات المفتوحة - Attribution
OPEN-00485,مركز السهلي للاتصالات,6906004067,الطاقة والكهرباء,عرعر,موقوف,بوابة البيانات المفتوحة (نموذج),ترخيص البيانات المفتوحة - Attribution
OPEN-00486,مختبرات السلمي لإدارة المشاريع,3406376500,الأمن والحراسة,بريدة,ساري,بوابة البيانات المفتوحة (نموذج),ترخيص البيانات المفتوحة - Attribution
OPEN-00487,مصنع المقرن للتطوير البرمجي,3206067907,التعليم والتدريب,حائل,موقوف,بوابة البيانات المفتوحة (نموذج),ترخيص البيانات المفتوحة - Attribution
OPEN-00488,شركة البلوي للأعمال العقارية,1010934742,السياحة والضيافة,الرياض,ساري,بوابة البيانات المفتوحة (نموذج),ترخيص البيانات المفتوحة - Attribution
OPEN-00489,مختبرات العامري لتقنية المعلومات,2051862834,الطاقة والكهرباء,الجبيل,ساري,بوابة البيانات المفتوحة (نموذج),ترخيص البيانات المفتوحة - Attribution
OPEN-00490,مصنع المطيري للاتصالات,6906313211,التجارة الإلكترونية,عرعر,موقوف,بوابة البيانات المفتوحة (نموذج),ترخيص البيانات المفتوحة - Attribution
OPEN-00491,مكتب الربيعي للاتصالات,2050363395,البناء والتشييد,الدمام,ساري,بوابة البيانات المفتوحة (نموذج),ترخيص البيانات المفتوحة - Attribution
OPEN-00492,مؤسسة العمري للخدمات اللوجستية,4032052601,الصناعات الغذائية,الطائف,ساري,بوابة البيانات المفتوحة (نموذج),ترخيص البيانات المفتوحة - Attribution
OPEN-00493,شركة مساهمة الحربي للتسويق الرقمي,2051173345,السياحة والضيافة,الجبيل,ساري,بوابة البيانات المفتوحة (نموذج),ترخيص البيانات المفتوحة - Attribution
OPEN-00494,مجموعة الحميدي للأمن السيبراني,6006861725,الاستيراد والتصدير,جازان,ساري,بوابة البيانات المفتوحة (نموذج),ترخيص البيانات المفتوحة - Attribution
OPEN-00495,مكتب الرشيدي للتطوير البرمجي,5606209928,الصناعة التحويلية,تبوك,منتهي,بوابة البيانات المفتوحة (نموذج),ترخيص البيانات المفتوحة - Attribution
OPEN-00496,شركة العرجاني للطباعة والنشر,2051997438,التعليم والتدريب,الجبيل,منتهي,بوابة البيانات المفتوحة (نموذج),ترخيص البيانات المفتوحة - Attribution
OPEN-00497,مصنع العامري لتقنية المعلومات,6006266677,الصناعة التحويلية,جازان,منتهي,بوابة البيانات المفتوحة (نموذج),ترخيص البيانات المفتوحة - Attribution
OPEN-00498,مكتب البقمي للمستشفيات,4031254823,الاستشارات,مكة المكرمة,منتهي,بوابة البيانات المفتوحة (نموذج),ترخيص البيانات المفتوحة - Attribution
OPEN-00499,شركة المقرن للاستشارات,4650163255,التعليم والتدريب,المدينة المنورة,ساري,بوابة البيانات المفتوحة (نموذج),ترخيص البيانات المفتوحة - Attribution
OPEN-00500,مختبرات السلمي للطباعة والنشر,5855500925,الأمن والحراسة,أبها,منتهي,بوابة البيانات المفتوحة (نموذج),ترخيص البيانات المفتوحة - Attribution
OPEN-00501,شركة مساهمة الزبيدي لإدارة المشاريع,6006908984,الاستشارات,جازان,منتهي,بوابة البيانات المفتوحة (نموذج),ترخيص البيانات المفتوحة - Attribution
OPEN-00502,مركز العتيبي للخدمات المالية,2051399602,البناء والتشييد,الجبيل,موقوف,بوابة البيانات المفتوحة (نموذج),ترخيص البيانات المفتوحة - Attribution
OPEN-00503,شركة الرشيدي للبنية التحتية,4032889200,البناء والتشييد,الطائف,ساري,بوابة البيانات المفتوحة (نموذج),ترخيص البيانات المفتوحة - Attribution
OPEN-00504,مركز الحميدي للإعلام والتواصل,6006566414,التجارة الإلكترونية,جازان,موقوف,بوابة البيانات المفتوحة (نموذج),ترخيص البيانات المفتوحة - Attribution
OPEN-00505,شركة السواط للترجمة والتعريب,7106147758,التمويل والبنوك,سكاكا,موقوف,بوابة البيانات المفتوحة (نموذج),ترخيص البيانات المفتوحة - Attribution
OPEN-00506,مجموعة القرشي لتقنية المعلومات,4650530495,الصناعات الغذائية,المدينة المنورة,موقوف,بوابة البيانات المفتوحة (نموذج),ترخيص البيانات المفتوحة - Attribution
OPEN-00507,مختبرات الجهني للتسويق الرقمي,5855134276,الطاقة والكهرباء,أبها,منتهي,بوابة البيانات المفتوحة (نموذج),ترخيص البيانات المفتوحة - Attribution
OPEN-00508,مجموعة البلوي للخدمات المالية,2051920349,الشحن والنقل,الجبيل,موقوف,بوابة البيانات المفتوحة (نموذج),ترخيص البيانات المفتوحة - Attribution
OPEN-00509,مصنع البلوي للخدمات اللوجستية,5606055554,الإعلام والتواصل,تبوك,ساري,بوابة البيانات المفتوحة (نموذج),ترخيص البيانات المفتوحة - Attribution
OPEN-00510,مؤسسة العامري للتجهيزات الطبية,3206414797,الاستشارات,حائل,ساري,بوابة البيانات المفتوحة (نموذج),ترخيص البيانات المفتوحة - Attribution
OPEN-00511,مركز المطيري للتجهيزات الطبية,2051792714,الصناعة التحويلية,الجبيل,ساري,بوابة البيانات المفتوحة (نموذج),ترخيص البيانات المفتوحة - Attribution
OPEN-00512,مكتب العرجاني للصناعات الغذائية,6006015361,السياحة والضيافة,جازان,ساري,بوابة البيانات المفتوحة (نموذج),ترخيص البيانات المفتوحة - Attribution
OPEN-00513,شركة مساهمة السواط للاتصالات,4031827063,البحث والتطوير,مكة المكرمة,منتهي,بوابة البيانات المفتوحة (نموذج),ترخيص البيانات المفتوحة - Attribution
OPEN-00514,شركة الشهري للتطوير البرمجي,5854796215,الصناعات الغذائية,خميس مشيط,موقوف,بوابة البيانات المفتوحة (نموذج),ترخيص البيانات المفتوحة - Attribution
OPEN-00515,مختبرات المطيري للطباعة والنشر,6906368296,التجارة الإلكترونية,عرعر,موقوف,بوابة البيانات المفتوحة (نموذج),ترخيص البيانات المفتوحة - Attribution
OPEN-00516,مركز الزهراني للصناعات الغذائية,6506631498,الأمن والحراسة,نجران,ساري,بوابة البيانات المفتوحة (نموذج),ترخيص البيانات المفتوحة - Attribution
OPEN-00517,مركز البقمي للترجمة والتعريب,3206117299,الإعلام والتواصل,حائل,منتهي,بوابة البيانات المفتوحة (نموذج),ترخيص البيانات المفتوحة - Attribution
OPEN-00518,مجموعة الفيفي للخدمات اللوجستية,1010971363,تجارة التجزئة,الرياض,موقوف,بوابة البيانات المفتوحة (نموذج),ترخيص البيانات المفتوحة - Attribution
OPEN-00519,مجموعة العمري للاستشارات,2051977438,تقنية المعلومات,الجبيل,موقوف,بوابة البيانات المفتوحة (نموذج),ترخيص البيانات المفتوحة - Attribution
OPEN-00520,مركز المرواني للمقاولات,4652012313,الخدمات الحكومية,ينبع,ساري,بوابة البيانات المفتوحة (نموذج),ترخيص البيانات المفتوحة - Attribution
OPEN-00521,شركة الأسمري لتقنية المعلومات,3406551698,الخدمات اللوجستية,بريدة,موقوف,بوابة البيانات المفتوحة (نموذج),ترخيص البيانات المفتوحة - Attribution
OPEN-00522,مجموعة الجهني لإدارة المشاريع,3206692257,الخدمات الحكومية,حائل,ساري,بوابة البيانات المفتوحة (نموذج),ترخيص البيانات المفتوحة - Attribution
OPEN-00523,شركة مساهمة المالكي للصناعات الغذائية,5854157265,الاستيراد والتصدير,خميس مشيط,موقوف,بوابة البيانات المفتوحة (نموذج),ترخيص البيانات المفتوحة - Attribution
OPEN-00524,شركة السديري للبنية التحتية,4031510849,الاستشارات,مكة المكرمة,موقوف,بوابة البيانات المفتوحة (نموذج),ترخيص البيانات المفتوحة - Attribution
OPEN-00525,شركة مساهمة التميمي للخدمات اللوجستية,4650606044,الخدمات الصحية,المدينة المنورة,موقوف,بوابة البيانات المفتوحة (نموذج),ترخيص البيانات المفتوحة - Attribution
OPEN-00526,شركة الجهني للخدمات البيئية,5855704172,الأمن والحراسة,أبها,منتهي,بوابة البيانات المفتوحة (نموذج),ترخيص البيانات المفتوحة - Attribution
OPEN-00527,شركة مساهمة الشمري للتسويق الرقمي,6906558752,الخدمات اللوجستية,عرعر,منتهي,بوابة البيانات المفتوحة (نموذج),ترخيص البيانات المفتوحة - Attribution
OPEN-00528,شركة الحوساوي للصناعات الغذائية,1010959110,تجارة التجزئة,الرياض,موقوف,بوابة البيانات المفتوحة (نموذج),ترخيص البيانات المفتوحة - Attribution
OPEN-00529,شركة مساهمة القرشي للاستشارات,2050080311,المقاولات,الدمام,موقوف,بوابة البيانات المفتوحة (نموذج),ترخيص البيانات المفتوحة - Attribution
OPEN-00530,شركة مساهمة الغامدي للتجهيزات الطبية,1010240952,الصناعات الغذائية,الرياض,موقوف,بوابة البيانات المفتوحة (نموذج),ترخيص البيانات المفتوحة - Attribution
OPEN-00531,مكتب السلمي للمقاولات,4032030955,التعليم والتدريب,الطائف,ساري,بوابة البيانات المفتوحة (نموذج),ترخيص البيانات المفتوحة - Attribution
OPEN-00532,شركة مساهمة العامري للطباعة والنشر,3406185410,البناء والتشييد,بريدة,ساري,بوابة البيانات المفتوحة (نموذج),ترخيص البيانات المفتوحة - Attribution
OPEN-00533,مكتب الحوساوي للاستشارات,7106617842,السياحة والضيافة,سكاكا,ساري,بوابة البيانات المفتوحة (نموذج),ترخيص البيانات المفتوحة - Attribution
OPEN-00534,مصنع السواط للتعليم والتدريب,6506569341,الصناعة التحويلية,نجران,ساري,بوابة البيانات المفتوحة (نموذج),ترخيص البيانات المفتوحة - Attribution
OPEN-00535,مؤسسة المطيري للترجمة والتعريب,1010926741,تجارة التجزئة,الرياض,منتهي,بوابة البيانات المفتوحة (نموذج),ترخيص البيانات المفتوحة - Attribution
OPEN-00536,مكتب الشهري للأعمال العقارية,2050598242,التجارة الإلكترونية,الدمام,ساري,بوابة البيانات المفتوحة (نموذج),ترخيص البيانات المفتوحة - Attribution
OPEN-00537,مركز الغامدي للبنية التحتية,5855720334,تقنية المعلومات,أبها,ساري,بوابة البيانات المفتوحة (نموذج),ترخيص البيانات المفتوحة - Attribution
OPEN-00538,مختبرات السلمي للاتصالات,2050870357,التعليم والتدريب,الدمام,موقوف,بوابة البيانات المفتوحة (نموذج),ترخيص البيانات المفتوحة - Attribution
OPEN-00539,مؤسسة الفيفي للمستشفيات,4030753528,الأمن والحراسة,جدة,موقوف,بوابة البيانات المفتوحة (نموذج),ترخيص البيانات المفتوحة - Attribution
OPEN-00540,مختبرات الأسمري للاتصالات,4650964568,التعليم والتدريب,المدينة المنورة,موقوف,بوابة البيانات المفتوحة (نموذج),ترخيص البيانات المفتوحة - Attribution
OPEN-00541,شركة العتيبي للاستشارات,5855808912,التجارة الإلكترونية,أبها,منتهي,بوابة البيانات المفتوحة (نموذج),ترخيص البيانات المفتوحة - Attribution
OPEN-00542,مصنع التميمي لتقنية المعلومات,7106158675,الصناعة التحويلية,سكاكا,ساري,بوابة البيانات المفتوحة (نموذج),ترخيص البيانات المفتوحة - Attribution
OPEN-00543,مركز الشمري للخدمات المالية,5855378062,تقنية المعلومات,أبها,ساري,بوابة البيانات المفتوحة (نموذج),ترخيص البيانات المفتوحة - Attribution
OPEN-00544,شركة الفيفي للمستشفيات,7106121406,المقاولات,سكاكا,منتهي,بوابة البيانات المفتوحة (نموذج),ترخيص البيانات المفتوحة - Attribution
OPEN-00545,مختبرات المرواني للتعليم والتدريب,4032221419,الإعلام والتواصل,الطائف,موقوف,بوابة البيانات المفتوحة (نموذج),ترخيص البيانات المفتوحة - Attribution
OPEN-00546,مختبرات الفيفي للمستشفيات,6906505742,تقنية المعلومات,عرعر,موقوف,بوابة البيانات المفتوحة (نموذج),ترخيص البيانات المفتوحة - Attribution
OPEN-00547,شركة مساهمة الغامدي للتجهيزات الطبية,4650525060,الطاقة والكهرباء,المدينة المنورة,ساري,بوابة البيانات المفتوحة (نموذج),ترخيص البيانات المفتوحة - Attribution
OPEN-00548,مختبرات السهلي للتعليم والتدريب,4031535743,تجارة التجزئة,مكة المكرمة,ساري,بوابة البيانات المفتوحة (نموذج),ترخيص البيانات المفتوحة - Attribution
OPEN-00549,مركز القرني للطباعة والنشر,5854356815,الاستيراد والتصدير,خميس مشيط,موقوف,بوابة البيانات المفتوحة (نموذج),ترخيص البيانات المفتوحة - Attribution
OPEN-00550,شركة مساهمة البلوي للمقاولات,5606805158,تجارة التجزئة,تبوك,موقوف,بوابة البيانات المفتوحة (نموذج),ترخيص البيانات المفتوحة - Attribution
OPEN-00551,مختبرات العوفي للاستشارات,5606930721,الاستشارات,تبوك,منتهي,بوابة البيانات المفتوحة (نموذج),ترخيص البيانات المفتوحة - Attribution
OPEN-00552,مؤسسة الغامدي لإدارة المشاريع,4032135452,الصناعة التحويلية,الطائف,ساري,بوابة البيانات المفتوحة (نموذج),ترخيص البيانات المفتوحة - Attribution
OPEN-00553,مختبرات المالكي للتعليم والتدريب,3206527239,الصناعة التحويلية,حائل,منتهي,بوابة البيانات المفتوحة (نموذج),ترخيص البيانات المفتوحة - Attribution
OPEN-00554,مصنع الثبيتي للطباعة والنشر,4032033907,الطاقة والكهرباء,الطائف,موقوف,بوابة البيانات المفتوحة (نموذج),ترخيص البيانات المفتوحة - Attribution
OPEN-00555,مركز العسيري للاتصالات,5606262160,السياحة والضيافة,تبوك,ساري,بوابة البيانات المفتوحة (نموذج),ترخيص البيانات المفتوحة - Attribution
OPEN-00556,مصنع السواط للمقاولات,6006501582,السياحة والضيافة,جازان,ساري,بوابة البيانات المفتوحة (نموذج),ترخيص البيانات المفتوحة - Attribution
OPEN-00557,مجموعة الشهري لإدارة المشاريع,4032710935,التمويل والبنوك,الطائف,موقوف,بوابة البيانات المفتوحة (نموذج),ترخيص البيانات المفتوحة - Attribution
OPEN-00558,شركة مساهمة المطيري للصناعات الغذائية,3406112298,الاستشارات,بريدة,موقوف,بوابة البيانات المفتوحة (نموذج),ترخيص البيانات المفتوحة - Attribution
OPEN-00559,مختبرات الصاعدي لتقنية المعلومات,4030071031,الشحن والنقل,جدة,موقوف,بوابة البيانات المفتوحة (نموذج),ترخيص البيانات المفتوحة - Attribution
OPEN-00560,مؤسسة الزياني لتقنية المعلومات,4032673994,الخدمات اللوجستية,الطائف,ساري,بوابة البيانات المفتوحة (نموذج),ترخيص البيانات المفتوحة - Attribution
OPEN-00561,مركز الدوسري للصناعات الغذائية,4030487961,الاستيراد والتصدير,جدة,منتهي,بوابة البيانات المفتوحة (نموذج),ترخيص البيانات المفتوحة - Attribution
OPEN-00562,شركة مساهمة السلمي للتطوير البرمجي,6006766901,الإعلام والتواصل,جازان,موقوف,بوابة البيانات المفتوحة (نموذج),ترخيص البيانات المفتوحة - Attribution
OPEN-00563,مختبرات الزهراني للخدمات اللوجستية,4650981067,تجارة التجزئة,المدينة المنورة,موقوف,بوابة البيانات المفتوحة (نموذج),ترخيص البيانات المفتوحة - Attribution
OPEN-00564,مركز الثبيتي لتقنية المعلومات,5854854491,الأمن والحراسة,خميس مشيط,منتهي,بوابة البيانات المفتوحة (نموذج),ترخيص البيانات المفتوحة - Attribution
OPEN-00565,مكتب القرني للخدمات المالية,1010802604,الشحن والنقل,الرياض,ساري,بوابة البيانات المفتوحة (نموذج),ترخيص البيانات المفتوحة - Attribution
OPEN-00566,شركة مساهمة اليامي للأمن السيبراني,5606923183,الخدمات الحكومية,تبوك,ساري,بوابة البيانات المفتوحة (نموذج),ترخيص البيانات المفتوحة - Attribution
OPEN-00567,شركة الزياني للطباعة والنشر,6906236325,الخدمات الصحية,عرعر,منتهي,بوابة البيانات المفتوحة (نموذج),ترخيص البيانات المفتوحة - Attribution
OPEN-00568,شركة العوفي للأمن السيبراني,1010205448,السياحة والضيافة,الرياض,منتهي,بوابة البيانات المفتوحة (نموذج),ترخيص البيانات المفتوحة - Attribution
OPEN-00569,شركة العامري للطباعة والنشر,2051425124,المقاولات,الجبيل,موقوف,بوابة البيانات المفتوحة (نموذج),ترخيص البيانات المفتوحة - Attribution
OPEN-00570,مكتب الزبيدي للخدمات المالية,2051978147,تقنية المعلومات,الجبيل,منتهي,بوابة البيانات المفتوحة (نموذج),ترخيص البيانات المفتوحة - Attribution
OPEN-00571,مؤسسة البلوي للأمن السيبراني,4030633801,تجارة التجزئة,جدة,ساري,بوابة البيانات المفتوحة (نموذج),ترخيص البيانات المفتوحة - Attribution
OPEN-00572,مجموعة البلوي للبنية التحتية,3406804104,السياحة والضيافة,بريدة,موقوف,بوابة البيانات المفتوحة (نموذج),ترخيص البيانات المفتوحة - Attribution
OPEN-00573,مؤسسة البقمي للاتصالات,4031996317,تقنية المعلومات,مكة المكرمة,موقوف,بوابة البيانات المفتوحة (نموذج),ترخيص البيانات المفتوحة - Attribution
OPEN-00574,مختبرات الدوسري للترجمة والتعريب,1010679487,تجارة التجزئة,الرياض,موقوف,بوابة البيانات المفتوحة (نموذج),ترخيص البيانات المفتوحة - Attribution
OPEN-00575,مؤسسة الشهراني للتجهيزات الطبية,4031142949,الصناعة التحويلية,مكة المكرمة,ساري,بوابة البيانات المفتوحة (نموذج),ترخيص البيانات المفتوحة - Attribution
OPEN-00576,مصنع المسعود للخدمات البيئية,7106440896,الاستشارات,سكاكا,منتهي,بوابة البيانات المفتوحة (نموذج),ترخيص البيانات المفتوحة - Attribution
OPEN-00577,مصنع العتيبي للإعلام والتواصل,4031045947,الخدمات الصحية,مكة المكرمة,منتهي,بوابة البيانات المفتوحة (نموذج),ترخيص البيانات المفتوحة - Attribution
OPEN-00578,مكتب الحربي للبنية التحتية,5855180341,البناء والتشييد,أبها,ساري,بوابة البيانات المفتوحة (نموذج),ترخيص البيانات المفتوحة - Attribution
OPEN-00579,مصنع العامري للطباعة والنشر,3206537723,التعليم والتدريب,حائل,موقوف,بوابة البيانات المفتوحة (نموذج),ترخيص البيانات المفتوحة - Attribution
OPEN-00580,شركة الرويلي للصناعات الغذائية,4650838446,الطاقة والكهرباء,المدينة المنورة,موقوف,بوابة البيانات المفتوحة (نموذج),ترخيص البيانات المفتوحة - Attribution
OPEN-00581,شركة الثبيتي للتسويق الرقمي,2051434111,الشحن والنقل,الجبيل,موقوف,بوابة البيانات المفتوحة (نموذج),ترخيص البيانات المفتوحة - Attribution
OPEN-00582,مكتب الربيعي للاتصالات,4032108459,السياحة والضيافة,الطائف,منتهي,بوابة البيانات المفتوحة (نموذج),ترخيص البيانات المفتوحة - Attribution
OPEN-00583,شركة مساهمة السبيعي للاتصالات,4032600365,التجارة الإلكترونية,الطائف,ساري,بوابة البيانات المفتوحة (نموذج),ترخيص البيانات المفتوحة - Attribution
OPEN-00584,مكتب المرواني للإعلام والتواصل,3406710885,التجارة الإلكترونية,بريدة,منتهي,بوابة البيانات المفتوحة (نموذج),ترخيص البيانات المفتوحة - Attribution
OPEN-00585,شركة الأسمري للبنية التحتية,6006649171,الاستيراد والتصدير,جازان,موقوف,بوابة البيانات المفتوحة (نموذج),ترخيص البيانات المفتوحة - Attribution
OPEN-00586,شركة الحوساوي للإعلام والتواصل,5606233395,تجارة التجزئة,تبوك,ساري,بوابة البيانات المفتوحة (نموذج),ترخيص البيانات المفتوحة - Attribution
OPEN-00587,مركز الزياني للخدمات البيئية,3206944266,السياحة والضيافة,حائل,ساري,بوابة البيانات المفتوحة (نموذج),ترخيص البيانات المفتوحة - Attribution
OPEN-00588,مؤسسة القحطاني للاستشارات,3406060810,الخدمات اللوجستية,بريدة,منتهي,بوابة البيانات المفتوحة (نموذج),ترخيص البيانات المفتوحة - Attribution
OPEN-00589,مركز العوفي للطباعة والنشر,4652390954,التجارة الإلكترونية,ينبع,موقوف,بوابة البيانات المفتوحة (نموذج),ترخيص البيانات المفتوحة - Attribution
OPEN-00590,شركة القرني للصناعات الغذائية,4032470461,التجارة الإلكترونية,الطائف,ساري,بوابة البيانات المفتوحة (نموذج),ترخيص البيانات المفتوحة - Attribution
OPEN-00591,مؤسسة العوفي للأعمال العقارية,1010701915,المقاولات,الرياض,موقوف,بوابة البيانات المفتوحة (نموذج),ترخيص البيانات المفتوحة - Attribution
OPEN-00592,مؤسسة المقرن للصناعات الغذائية,2051043552,التمويل والبنوك,الجبيل,منتهي,بوابة البيانات المفتوحة (نموذج),ترخيص البيانات المفتوحة - Attribution
OPEN-00593,مؤسسة العرجاني للاستشارات,1010082288,التعليم والتدريب,الرياض,منتهي,بوابة البيانات المفتوحة (نموذج),ترخيص البيانات المفتوحة - Attribution
OPEN-00594,مصنع العوفي للبنية التحتية,4030096352,السياحة والضيافة,جدة,منتهي,بوابة البيانات المفتوحة (نموذج),ترخيص البيانات المفتوحة - Attribution
OPEN-00595,مجموعة السلمي للتطوير البرمجي,7106907068,تقنية المعلومات,سكاكا,منتهي,بوابة البيانات المفتوحة (نموذج),ترخيص البيانات المفتوحة - Attribution
OPEN-00596,مجموعة الحوساوي للمقاولات,4652698449,التمويل والبنوك,ينبع,موقوف,بوابة البيانات المفتوحة (نموذج),ترخيص البيانات المفتوحة - Attribution
OPEN-00597,مكتب البلوي للخدمات المالية,4031693756,البناء والتشييد,مكة المكرمة,ساري,بوابة البيانات المفتوحة (نموذج),ترخيص البيانات المفتوحة - Attribution
OPEN-00598,مختبرات العامري للمقاولات,5606013215,تقنية المعلومات,تبوك,موقوف,بوابة البيانات المفتوحة (نموذج),ترخيص البيانات المفتوحة - Attribution
OPEN-00599,شركة مساهمة المسعود للتسويق الرقمي,5606700207,السياحة والضيافة,تبوك,ساري,بوابة البيانات المفتوحة (نموذج),ترخيص البيانات المفتوحة - Attribution
OPEN-00600,مصنع الخالدي للبنية التحتية,5606925158,الاستيراد والتصدير,تبوك,موقوف,بوابة البيانات المفتوحة (نموذج),ترخيص البيانات المفتوحة - Attribution
OPEN-00601,مؤسسة الرويلي للترجمة والتعريب,4032310565,التجارة الإلكترونية,الطائف,موقوف,بوابة البيانات المفتوحة (نموذج),ترخيص البيانات المفتوحة - Attribution
OPEN-00602,مركز السهلي للترجمة والتعريب,5855431305,الخدمات الصحية,أبها,منتهي,بوابة البيانات المفتوحة (نموذج),ترخيص البيانات المفتوحة - Attribution
OPEN-00603,مصنع الصاعدي لإدارة المشاريع,3206740382,البحث والتطوير,حائل,موقوف,بوابة البيانات المفتوحة (نموذج),ترخيص البيانات المفتوحة - Attribution
OPEN-00604,مجموعة السلمي للطباعة والنشر,6906929749,البناء والتشييد,عرعر,موقوف,بوابة البيانات المفتوحة (نموذج),ترخيص البيانات المفتوحة - Attribution
OPEN-00605,مؤسسة الشهراني للإعلام والتواصل,3406767296,الخدمات الصحية,بريدة,منتهي,بوابة البيانات المفتوحة (نموذج),ترخيص البيانات المفتوحة - Attribution
OPEN-00606,مصنع المسعود لإدارة المشاريع,3206475614,الشحن والنقل,حائل,منتهي,بوابة البيانات المفتوحة (نموذج),ترخيص البيانات المفتوحة - Attribution
OPEN-00607,مكتب التميمي لإدارة المشاريع,3406068605,البناء والتشييد,بريدة,ساري,بوابة البيانات المفتوحة (نموذج),ترخيص البيانات المفتوحة - Attribution
OPEN-00608,مختبرات المرواني للطباعة والنشر,4030114630,التعليم والتدريب,جدة,منتهي,بوابة البيانات المفتوحة (نموذج),ترخيص البيانات المفتوحة - Attribution
OPEN-00609,مؤسسة الحوساوي للخدمات البيئية,4032402727,الخدمات الصحية,الطائف,ساري,بوابة البيانات المفتوحة (نموذج),ترخيص البيانات المفتوحة - Attribution
OPEN-00610,مجموعة السواط للأعمال العقارية,6506191354,الخدمات الحكومية,نجران,موقوف,بوابة البيانات المفتوحة (نموذج),ترخيص البيانات المفتوحة - Attribution
OPEN-00611,مكتب الثبيتي لتقنية المعلومات,4650202682,التجارة الإلكترونية,المدينة المنورة,موقوف,بوابة البيانات المفتوحة (نموذج),ترخيص البيانات المفتوحة - Attribution
OPEN-00612,مصنع الحميدي للإعلام والتواصل,4030998254,تجارة التجزئة,جدة,موقوف,بوابة البيانات المفتوحة (نموذج),ترخيص البيانات المفتوحة - Attribution
OPEN-00613,مؤسسة الربيعي للاستشارات,6506746877,الخدمات الصحية,نجران,ساري,بوابة البيانات المفتوحة (نموذج),ترخيص البيانات المفتوحة - Attribution
OPEN-00614,مؤسسة المسعود للخدمات اللوجستية,5854567799,التجارة الإلكترونية,خميس مشيط,موقوف,بوابة البيانات المفتوحة (نموذج),ترخيص البيانات المفتوحة - Attribution
OPEN-00615,مختبرات الزبيدي للأمن السيبراني,6006606877,الاستشارات,جازان,منتهي,بوابة البيانات المفتوحة (نموذج),ترخيص البيانات المفتوحة - Attribution
OPEN-00616,شركة المطيري لتقنية المعلومات,6506406419,الخدمات الحكومية,نجران,موقوف,بوابة البيانات المفتوحة (نموذج),ترخيص البيانات المفتوحة - Attribution
OPEN-00617,مركز المطيري للاستشارات,5854438010,البحث والتطوير,خميس مشيط,منتهي,بوابة البيانات المفتوحة (نموذج),ترخيص البيانات المفتوحة - Attribution
OPEN-00618,شركة مساهمة الربيعي للأمن السيبراني,3206400551,البحث والتطوير,حائل,موقوف,بوابة البيانات المفتوحة (نموذج),ترخيص البيانات المفتوحة - Attribution
OPEN-00619,مكتب العسيري للتعليم والتدريب,6006672961,تجارة التجزئة,جازان,موقوف,بوابة البيانات المفتوحة (نموذج),ترخيص البيانات المفتوحة - Attribution
OPEN-00620,مجموعة الشهري للإعلام والتواصل,5855023272,الأمن والحراسة,أبها,موقوف,بوابة البيانات المفتوحة (نموذج),ترخيص البيانات المفتوحة - Attribution
OPEN-00621,شركة مساهمة الحميدي للاتصالات,4652084829,الخدمات الصحية,ينبع,منتهي,بوابة البيانات المفتوحة (نموذج),ترخيص البيانات المفتوحة - Attribution
OPEN-00622,شركة مساهمة المطيري للإعلام والتواصل,4031938077,الإعلام والتواصل,مكة المكرمة,ساري,بوابة البيانات المفتوحة (نموذج),ترخيص البيانات المفتوحة - Attribution
OPEN-00623,شركة الغامدي للصناعات الغذائية,4652167045,التجارة الإلكترونية,ينبع,ساري,بوابة البيانات المفتوحة (نموذج),ترخيص البيانات المفتوحة - Attribution
OPEN-00624,مختبرات الحازمي للبنية التحتية,1010696657,الاستيراد والتصدير,الرياض,موقوف,بوابة البيانات المفتوحة (نموذج),ترخيص البيانات المفتوحة - Attribution
OPEN-00625,مؤسسة التميمي للخدمات اللوجستية,6906939967,البحث والتطوير,عرعر,منتهي,بوابة البيانات المفتوحة (نموذج),ترخيص البيانات المفتوحة - Attribution
OPEN-00626,شركة مساهمة العنزي للأمن السيبراني,5855137489,الخدمات الحكومية,أبها,ساري,بوابة البيانات المفتوحة (نموذج),ترخيص البيانات المفتوحة - Attribution
OPEN-00627,مؤسسة الشريف للإعلام والتواصل,4030812568,التعليم والتدريب,جدة,موقوف,بوابة البيانات المفتوحة (نموذج),ترخيص البيانات المفتوحة - Attribution
OPEN-00628,شركة مساهمة العمري للترجمة والتعريب,4650202181,الإعلام والتواصل,المدينة المنورة,ساري,بوابة البيانات المفتوحة (نموذج),ترخيص البيانات المفتوحة - Attribution
OPEN-00629,مكتب السلمي للصناعات الغذائية,1010203307,الإعلام والتواصل,الرياض,منتهي,بوابة البيانات المفتوحة (نموذج),ترخيص البيانات المفتوحة - Attribution
OPEN-00630,شركة المرواني للمقاولات,1010868050,تجارة التجزئة,الرياض,ساري,بوابة البيانات المفتوحة (نموذج),ترخيص البيانات المفتوحة - Attribution
OPEN-00631,مجموعة الشمري للتجهيزات الطبية,6906297256,تقنية المعلومات,عرعر,منتهي,بوابة البيانات المفتوحة (نموذج),ترخيص البيانات المفتوحة - Attribution
OPEN-00632,مجموعة الرشيدي للأمن السيبراني,4032985652,الصناعة التحويلية,الطائف,موقوف,بوابة البيانات المفتوحة (نموذج),ترخيص البيانات المفتوحة - Attribution
OPEN-00633,مختبرات الشمري للمستشفيات,6506820918,الخدمات الحكومية,نجران,موقوف,بوابة البيانات المفتوحة (نموذج),ترخيص البيانات المفتوحة - Attribution
OPEN-00634,مختبرات العرجاني للطباعة والنشر,4031882870,التجارة الإلكترونية,مكة المكرمة,ساري,بوابة البيانات المفتوحة (نموذج),ترخيص البيانات المفتوحة - Attribution
OPEN-00635,مصنع الشهري للمستشفيات,6506440215,البحث والتطوير,نجران,موقوف,بوابة البيانات المفتوحة (نموذج),ترخيص البيانات المفتوحة - Attribution
OPEN-00636,مجموعة المرواني لتقنية المعلومات,5855068512,البناء والتشييد,أبها,ساري,بوابة البيانات المفتوحة (نموذج),ترخيص البيانات المفتوحة - Attribution
OPEN-00637,مؤسسة الزهراني للخدمات المالية,7106281969,الأمن والحراسة,سكاكا,منتهي,بوابة البيانات المفتوحة (نموذج),ترخيص البيانات المفتوحة - Attribution
OPEN-00638,مكتب الحربي لإدارة المشاريع,4650634956,الصناعات الغذائية,المدينة المنورة,ساري,بوابة البيانات المفتوحة (نموذج),ترخيص البيانات المفتوحة - Attribution
OPEN-00639,مؤسسة العمري للتسويق الرقمي,7106685707,الخدمات الحكومية,سكاكا,موقوف,بوابة البيانات المفتوحة (نموذج),ترخيص البيانات المفتوحة - Attribution
OPEN-00640,مجموعة الزهراني لإدارة المشاريع,1010606727,الطاقة والكهرباء,الرياض,منتهي,بوابة البيانات المفتوحة (نموذج),ترخيص البيانات المفتوحة - Attribution
OPEN-00641,مختبرات البلوي للترجمة والتعريب,4030996087,التجارة الإلكترونية,جدة,ساري,بوابة البيانات المفتوحة (نموذج),ترخيص البيانات المفتوحة - Attribution
OPEN-00642,مؤسسة الحازمي للتجهيزات الطبية,4650065012,البحث والتطوير,المدينة المنورة,ساري,بوابة البيانات المفتوحة (نموذج),ترخيص البيانات المفتوحة - Attribution
OPEN-00643,شركة الربيعي للاستشارات,3206619103,التمويل والبنوك,حائل,موقوف,بوابة البيانات المفتوحة (نموذج),ترخيص البيانات المفتوحة - Attribution
OPEN-00644,شركة العرجاني للإعلام والتواصل,6506867615,السياحة والضيافة,نجران,منتهي,بوابة البيانات المفتوحة (نموذج),ترخيص البيانات المفتوحة - Attribution
OPEN-00645,شركة مساهمة الشمري للبنية التحتية,6906848891,تجارة التجزئة,عرعر,منتهي,بوابة البيانات المفتوحة (نموذج),ترخيص البيانات المفتوحة - Attribution
OPEN-00646,مختبرات المسعود للتطوير البرمجي,4031277693,الأمن والحراسة,مكة المكرمة,ساري,بوابة البيانات المفتوحة (نموذج),ترخيص البيانات المفتوحة - Attribution
OPEN-00647,مصنع القرني للبنية التحتية,3206378596,الصناعات الغذائية,حائل,ساري,بوابة البيانات المفتوحة (نموذج),ترخيص البيانات المفتوحة - Attribution
OPEN-00648,مصنع السواط لتقنية المعلومات,2051751692,الخدمات الصحية,الجبيل,منتهي,بوابة البيانات المفتوحة (نموذج),ترخيص البيانات المفتوحة - Attribution
OPEN-00649,مكتب المسعود لإدارة المشاريع,4030617400,الخدمات اللوجستية,جدة,موقوف,بوابة البيانات المفتوحة (نموذج),ترخيص البيانات المفتوحة - Attribution
OPEN-00650,مجموعة الرويلي للخدمات المالية,4652247802,المقاولات,ينبع,ساري,بوابة البيانات المفتوحة (نموذج),ترخيص البيانات المفتوحة - Attribution
OPEN-00651,شركة مساهمة المالكي للترجمة والتعريب,5854826636,التمويل والبنوك,خميس مشيط,ساري,بوابة البيانات المفتوحة (نموذج),ترخيص البيانات المفتوحة - Attribution
OPEN-00652,مختبرات السلمي للخدمات البيئية,3406286311,الشحن والنقل,بريدة,ساري,بوابة البيانات المفتوحة (نموذج),ترخيص البيانات المفتوحة - Attribution
OPEN-00653,مركز البلوي للأمن السيبراني,4030020809,الطاقة والكهرباء,جدة,ساري,بوابة البيانات المفتوحة (نموذج),ترخيص البيانات المفتوحة - Attribution
OPEN-00654,مصنع السديري للطباعة والنشر,4652645633,البحث والتطوير,ينبع,منتهي,بوابة البيانات المفتوحة (نموذج),ترخيص البيانات المفتوحة - Attribution
OPEN-00655,شركة الربيعي للتطوير البرمجي,6006656363,المقاولات,جازان,ساري,بوابة البيانات المفتوحة (نموذج),ترخيص البيانات المفتوحة - Attribution
OPEN-00656,مجموعة العسيري للتسويق الرقمي,5854464814,التعليم والتدريب,خميس مشيط,موقوف,بوابة البيانات المفتوحة (نموذج),ترخيص البيانات المفتوحة - Attribution
OPEN-00657,مكتب البلوي للأمن السيبراني,3206945081,الصناعات الغذائية,حائل,ساري,بوابة البيانات المفتوحة (نموذج),ترخيص البيانات المفتوحة - Attribution
OPEN-00658,مصنع القرشي للأمن السيبراني,2050963227,الصناعات الغذائية,الدمام,موقوف,بوابة البيانات المفتوحة (نموذج),ترخيص البيانات المفتوحة - Attribution
OPEN-00659,مجموعة الشهراني للتسويق الرقمي,1010807653,الاستشارات,الرياض,ساري,بوابة البيانات المفتوحة (نموذج),ترخيص البيانات المفتوحة - Attribution
OPEN-00660,مكتب البقمي للبنية التحتية,5606919437,الاستيراد والتصدير,تبوك,منتهي,بوابة البيانات المفتوحة (نموذج),ترخيص البيانات المفتوحة - Attribution
OPEN-00661,مجموعة الأسمري للخدمات البيئية,6006382738,الاستشارات,جازان,منتهي,بوابة البيانات المفتوحة (نموذج),ترخيص البيانات المفتوحة - Attribution
OPEN-00662,مجموعة الحوساوي للخدمات المالية,1010584067,الخدمات الحكومية,الرياض,ساري,بوابة البيانات المفتوحة (نموذج),ترخيص البيانات المفتوحة - Attribution
OPEN-00663,مكتب الشهراني للاستشارات,4650393507,الخدمات الصحية,المدينة المنورة,ساري,بوابة البيانات المفتوحة (نموذج),ترخيص البيانات المفتوحة - Attribution
OPEN-00664,مصنع الزبيدي للإعلام والتواصل,4650114508,الشحن والنقل,المدينة المنورة,ساري,بوابة البيانات المفتوحة (نموذج),ترخيص البيانات المفتوحة - Attribution
OPEN-00665,شركة العتيبي للخدمات المالية,7106226824,الصناعات الغذائية,سكاكا,موقوف,بوابة البيانات المفتوحة (نموذج),ترخيص البيانات المفتوحة - Attribution
OPEN-00666,مركز الزبيدي للإعلام والتواصل,4032002735,تجارة التجزئة,الطائف,منتهي,بوابة البيانات المفتوحة (نموذج),ترخيص البيانات المفتوحة - Attribution
OPEN-00667,شركة الرشيدي للصناعات الغذائية,2051921883,تجارة التجزئة,الجبيل,ساري,بوابة البيانات المفتوحة (نموذج),ترخيص البيانات المفتوحة - Attribution
OPEN-00668,مصنع المقرن للمقاولات,2051377735,الشحن والنقل,الجبيل,منتهي,بوابة البيانات المفتوحة (نموذج),ترخيص البيانات المفتوحة - Attribution
OPEN-00669,شركة مساهمة الجهني للخدمات المالية,3206088492,الاستيراد والتصدير,حائل,موقوف,بوابة البيانات المفتوحة (نموذج),ترخيص البيانات المفتوحة - Attribution
OPEN-00670,مختبرات السهلي للخدمات المالية,4652869741,الصناعات الغذائية,ينبع,ساري,بوابة البيانات المفتوحة (نموذج),ترخيص البيانات المفتوحة - Attribution
OPEN-00671,مختبرات العمري للتسويق الرقمي,3406318435,الصناعات الغذائية,بريدة,ساري,بوابة البيانات المفتوحة (نموذج),ترخيص البيانات المفتوحة - Attribution
OPEN-00672,شركة الجهني للاستشارات,2050969743,الخدمات الصحية,الدمام,منتهي,بوابة البيانات المفتوحة (نموذج),ترخيص البيانات المفتوحة - Attribution
OPEN-00673,مصنع البلوي للتسويق الرقمي,6006953742,البناء والتشييد,جازان,منتهي,بوابة البيانات المفتوحة (نموذج),ترخيص البيانات المفتوحة - Attribution
OPEN-00674,مركز الحازمي للتعليم والتدريب,5606116684,التعليم والتدريب,تبوك,منتهي,بوابة البيانات المفتوحة (نموذج),ترخيص البيانات المفتوحة - Attribution
OPEN-00675,مركز الخالدي للتجهيزات الطبية,5854276000,الشحن والنقل,خميس مشيط,موقوف,بوابة البيانات المفتوحة (نموذج),ترخيص البيانات المفتوحة - Attribution
OPEN-00676,مجموعة الصاعدي للتجهيزات الطبية,3206730502,التعليم والتدريب,حائل,موقوف,بوابة البيانات المفتوحة (نموذج),ترخيص البيانات المفتوحة - Attribution
OPEN-00677,شركة مساهمة الخالدي للمستشفيات,4032782197,السياحة والضيافة,الطائف,موقوف,بوابة البيانات المفتوحة (نموذج),ترخيص البيانات المفتوحة - Attribution
OPEN-00678,مكتب التميمي للأعمال العقارية,7106590726,السياحة والضيافة,سكاكا,منتهي,بوابة البيانات المفتوحة (نموذج),ترخيص البيانات المفتوحة - Attribution
OPEN-00679,مجموعة الثبيتي للترجمة والتعريب,4031700352,البناء والتشييد,مكة المكرمة,موقوف,بوابة البيانات المفتوحة (نموذج),ترخيص البيانات المفتوحة - Attribution
OPEN-00680,مجموعة العنزي لتقنية المعلومات,5855659972,الشحن والنقل,أبها,منتهي,بوابة البيانات المفتوحة (نموذج),ترخيص البيانات المفتوحة - Attribution
OPEN-00681,مؤسسة الغامدي للتجهيزات الطبية,5606469115,السياحة والضيافة,تبوك,منتهي,بوابة البيانات المفتوحة (نموذج),ترخيص البيانات المفتوحة - Attribution
OPEN-00682,شركة مساهمة الشهراني للتجهيزات الطبية,6506661059,المقاولات,نجران,موقوف,بوابة البيانات المفتوحة (نموذج),ترخيص البيانات المفتوحة - Attribution
OPEN-00683,مجموعة العتيبي للإعلام والتواصل,4652813037,التجارة الإلكترونية,ينبع,موقوف,بوابة البيانات المفتوحة (نموذج),ترخيص البيانات المفتوحة - Attribution
OPEN-00684,مجموعة البلوي للتعليم والتدريب,7106230710,التجارة الإلكترونية,سكاكا,منتهي,بوابة البيانات المفتوحة (نموذج),ترخيص البيانات المفتوحة - Attribution
OPEN-00685,مؤسسة القرشي للتسويق الرقمي,5854088821,التمويل والبنوك,خميس مشيط,موقوف,بوابة البيانات المفتوحة (نموذج),ترخيص البيانات المفتوحة - Attribution
OPEN-00686,مجموعة الحربي للخدمات اللوجستية,7106765810,البحث والتطوير,سكاكا,منتهي,بوابة البيانات المفتوحة (نموذج),ترخيص البيانات المفتوحة - Attribution
OPEN-00687,شركة السواط للخدمات البيئية,3206807330,الصناعات الغذائية,حائل,ساري,بوابة البيانات المفتوحة (نموذج),ترخيص البيانات المفتوحة - Attribution
OPEN-00688,مختبرات المقرن للتعليم والتدريب,4031459741,الشحن والنقل,مكة المكرمة,منتهي,بوابة البيانات المفتوحة (نموذج),ترخيص البيانات المفتوحة - Attribution
OPEN-00689,مؤسسة المطيري للتطوير البرمجي,5606351975,الطاقة والكهرباء,تبوك,ساري,بوابة البيانات المفتوحة (نموذج),ترخيص البيانات المفتوحة - Attribution
OPEN-00690,شركة المسعود للتعليم والتدريب,1010964952,التجارة الإلكترونية,الرياض,ساري,بوابة البيانات المفتوحة (نموذج),ترخيص البيانات المفتوحة - Attribution
OPEN-00691,مصنع المرواني للأمن السيبراني,5854976147,التمويل والبنوك,خميس مشيط,موقوف,بوابة البيانات المفتوحة (نموذج),ترخيص البيانات المفتوحة - Attribution
OPEN-00692,مركز المالكي للخدمات اللوجستية,4650446976,البناء والتشييد,المدينة المنورة,منتهي,بوابة البيانات المفتوحة (نموذج),ترخيص البيانات المفتوحة - Attribution
OPEN-00693,شركة مساهمة المسعود للتجهيزات الطبية,6906069001,الاستيراد والتصدير,عرعر,منتهي,بوابة البيانات المفتوحة (نموذج),ترخيص البيانات المفتوحة - Attribution
OPEN-00694,مكتب الرويلي لإدارة المشاريع,6906609703,البحث والتطوير,عرعر,منتهي,بوابة البيانات المفتوحة (نموذج),ترخيص البيانات المفتوحة - Attribution
OPEN-00695,شركة مساهمة الشمري للإعلام والتواصل,4650539082,الشحن والنقل,المدينة المنورة,منتهي,بوابة البيانات المفتوحة (نموذج),ترخيص البيانات المفتوحة - Attribution
OPEN-00696,مكتب الشهري للاتصالات,3406347783,الصناعة التحويلية,بريدة,ساري,بوابة البيانات المفتوحة (نموذج),ترخيص البيانات المفتوحة - Attribution
OPEN-00697,مصنع الثبيتي للتسويق الرقمي,7106963793,السياحة والضيافة,سكاكا,موقوف,بوابة البيانات المفتوحة (نموذج),ترخيص البيانات المفتوحة - Attribution
OPEN-00698,مختبرات الحوساوي للطباعة والنشر,1010650634,تقنية المعلومات,الرياض,موقوف,بوابة البيانات المفتوحة (نموذج),ترخيص البيانات المفتوحة - Attribution
OPEN-00699,مركز العرجاني للخدمات المالية,5854125159,الخدمات الصحية,خميس مشيط,موقوف,بوابة البيانات المفتوحة (نموذج),ترخيص البيانات المفتوحة - Attribution
OPEN-00700,مؤسسة الثبيتي للصناعات الغذائية,6006167661,الشحن والنقل,جازان,ساري,بوابة البيانات المفتوحة (نموذج),ترخيص البيانات المفتوحة - Attribution
OPEN-00701,مؤسسة المسعود للصناعات الغذائية,5854903674,البحث والتطوير,خميس مشيط,ساري,بوابة البيانات المفتوحة (نموذج),ترخيص البيانات المفتوحة - Attribution
OPEN-00702,مؤسسة الشمري للمقاولات,2050160501,الصناعات الغذائية,الدمام,ساري,بوابة البيانات المفتوحة (نموذج),ترخيص البيانات المفتوحة - Attribution
OPEN-00703,مكتب العامري للاتصالات,6906461251,البحث والتطوير,عرعر,موقوف,بوابة البيانات المفتوحة (نموذج),ترخيص البيانات المفتوحة - Attribution
OPEN-00704,مختبرات الهاجري للأعمال العقارية,3206103443,الطاقة والكهرباء,حائل,ساري,بوابة البيانات المفتوحة (نموذج),ترخيص البيانات المفتوحة - Attribution
OPEN-00705,مكتب البلوي للطباعة والنشر,4652149861,التعليم والتدريب,ينبع,منتهي,بوابة البيانات المفتوحة (نموذج),ترخيص البيانات المفتوحة - Attribution
OPEN-00706,مركز العنزي للاتصالات,5855247904,الاستشارات,أبها,موقوف,بوابة البيانات المفتوحة (نموذج),ترخيص البيانات المفتوحة - Attribution
OPEN-00707,مؤسسة الحوساوي للتسويق الرقمي,5854908608,السياحة والضيافة,خميس مشيط,موقوف,بوابة البيانات المفتوحة (نموذج),ترخيص البيانات المفتوحة - Attribution
OPEN-00708,مركز المرواني للإعلام والتواصل,3206011174,البناء والتشييد,حائل,ساري,بوابة البيانات المفتوحة (نموذج),ترخيص البيانات المفتوحة - Attribution
OPEN-00709,مؤسسة الزبيدي لتقنية المعلومات,4652172449,الصناعة التحويلية,ينبع,موقوف,بوابة البيانات المفتوحة (نموذج),ترخيص البيانات المفتوحة - Attribution
OPEN-00710,مكتب السواط للخدمات البيئية,6906585305,الخدمات الحكومية,عرعر,موقوف,بوابة البيانات المفتوحة (نموذج),ترخيص البيانات المفتوحة - Attribution
OPEN-00711,مصنع الزياني للبنية التحتية,4031916457,الطاقة والكهرباء,مكة المكرمة,موقوف,بوابة البيانات المفتوحة (نموذج),ترخيص البيانات المفتوحة - Attribution
OPEN-00712,شركة مساهمة المرواني لتقنية المعلومات,4652403052,الإعلام والتواصل,ينبع,منتهي,بوابة البيانات المفتوحة (نموذج),ترخيص البيانات المفتوحة - Attribution
OPEN-00713,مركز الصاعدي للأمن السيبراني,4652431967,الصناعات الغذائية,ينبع,منتهي,بوابة البيانات المفتوحة (نموذج),ترخيص البيانات المفتوحة - Attribution
OPEN-00714,مجموعة الحميدي للمقاولات,5606551472,التمويل والبنوك,تبوك,موقوف,بوابة البيانات المفتوحة (نموذج),ترخيص البيانات المفتوحة - Attribution
OPEN-00715,مصنع العتيبي للاستشارات,3206474797,التجارة الإلكترونية,حائل,موقوف,بوابة البيانات المفتوحة (نموذج),ترخيص البيانات المفتوحة - Attribution
OPEN-00716,مصنع البلوي لإدارة المشاريع,4030606754,الاستيراد والتصدير,جدة,منتهي,بوابة البيانات المفتوحة (نموذج),ترخيص البيانات المفتوحة - Attribution
OPEN-00717,مركز العرجاني للتسويق الرقمي,1010324978,الاستشارات,الرياض,موقوف,بوابة البيانات المفتوحة (نموذج),ترخيص البيانات المفتوحة - Attribution
OPEN-00718,شركة مساهمة السواط للمقاولات,7106145013,الخدمات اللوجستية,سكاكا,منتهي,بوابة البيانات المفتوحة (نموذج),ترخيص البيانات المفتوحة - Attribution
OPEN-00719,شركة مساهمة السبيعي للأمن السيبراني,6006816776,المقاولات,جازان,منتهي,بوابة البيانات المفتوحة (نموذج),ترخيص البيانات المفتوحة - Attribution
OPEN-00720,مختبرات الحميدي للتجهيزات الطبية,3406556350,التمويل والبنوك,بريدة,موقوف,بوابة البيانات المفتوحة (نموذج),ترخيص البيانات المفتوحة - Attribution
OPEN-00721,شركة البقمي للترجمة والتعريب,3206002867,الخدمات الصحية,حائل,ساري,بوابة البيانات المفتوحة (نموذج),ترخيص البيانات المفتوحة - Attribution
OPEN-00722,مكتب الزهراني للترجمة والتعريب,6906310389,التمويل والبنوك,عرعر,ساري,بوابة البيانات المفتوحة (نموذج),ترخيص البيانات المفتوحة - Attribution
OPEN-00723,مصنع الحوساوي للخدمات اللوجستية,4032361792,التعليم والتدريب,الطائف,ساري,بوابة البيانات المفتوحة (نموذج),ترخيص البيانات المفتوحة - Attribution
OPEN-00724,مصنع البلوي للتعليم والتدريب,2050856164,الصناعات الغذائية,الدمام,منتهي,بوابة البيانات المفتوحة (نموذج),ترخيص البيانات المفتوحة - Attribution
OPEN-00725,شركة الغامدي للمقاولات,6006229361,الشحن والنقل,جازان,منتهي,بوابة البيانات المفتوحة (نموذج),ترخيص البيانات المفتوحة - Attribution
OPEN-00726,مصنع الرشيدي للمستشفيات,4032256895,التعليم والتدريب,الطائف,ساري,بوابة البيانات المفتوحة (نموذج),ترخيص البيانات المفتوحة - Attribution
OPEN-00727,مكتب العامري للبنية التحتية,5855243017,السياحة والضيافة,أبها,موقوف,بوابة البيانات المفتوحة (نموذج),ترخيص البيانات المفتوحة - Attribution
OPEN-00728,مختبرات القحطاني للأمن السيبراني,5855485713,الاستيراد والتصدير,أبها,منتهي,بوابة البيانات المفتوحة (نموذج),ترخيص البيانات المفتوحة - Attribution
OPEN-00729,شركة مساهمة الحوساوي للتجهيزات الطبية,3206799634,المقاولات,حائل,منتهي,بوابة البيانات المفتوحة (نموذج),ترخيص البيانات المفتوحة - Attribution
OPEN-00730,مجموعة التميمي لإدارة المشاريع,5855645569,السياحة والضيافة,أبها,موقوف,بوابة البيانات المفتوحة (نموذج),ترخيص البيانات المفتوحة - Attribution
OPEN-00731,شركة مساهمة السهلي للتسويق الرقمي,4031320425,التعليم والتدريب,مكة المكرمة,موقوف,بوابة البيانات المفتوحة (نموذج),ترخيص البيانات المفتوحة - Attribution
OPEN-00732,مكتب السبيعي لإدارة المشاريع,4650947634,المقاولات,المدينة المنورة,موقوف,بوابة البيانات المفتوحة (نموذج),ترخيص البيانات المفتوحة - Attribution
OPEN-00733,مجموعة القرني للصناعات الغذائية,4652305175,الطاقة والكهرباء,ينبع,موقوف,بوابة البيانات المفتوحة (نموذج),ترخيص البيانات المفتوحة - Attribution
OPEN-00734,مؤسسة الربيعي للصناعات الغذائية,6906129001,التعليم والتدريب,عرعر,موقوف,بوابة البيانات المفتوحة (نموذج),ترخيص البيانات المفتوحة - Attribution
OPEN-00735,مجموعة التميمي للاستشارات,5855658243,التجارة الإلكترونية,أبها,موقوف,بوابة البيانات المفتوحة (نموذج),ترخيص البيانات المفتوحة - Attribution
OPEN-00736,شركة مساهمة العنزي للبنية التحتية,5854134756,الصناعة التحويلية,خميس مشيط,ساري,بوابة البيانات المفتوحة (نموذج),ترخيص البيانات المفتوحة - Attribution
OPEN-00737,مجموعة القحطاني لتقنية المعلومات,4031306135,الإعلام والتواصل,مكة المكرمة,ساري,بوابة البيانات المفتوحة (نموذج),ترخيص البيانات المفتوحة - Attribution
OPEN-00738,مختبرات الثبيتي للخدمات المالية,4652834117,السياحة والضيافة,ينبع,ساري,بوابة البيانات المفتوحة (نموذج),ترخيص البيانات المفتوحة - Attribution
OPEN-00739,مركز الحميدي للاستشارات,1010434245,البحث والتطوير,الرياض,ساري,بوابة البيانات المفتوحة (نموذج),ترخيص البيانات المفتوحة - Attribution
OPEN-00740,شركة الصاعدي للخدمات اللوجستية,4032138005,الخدمات الحكومية,الطائف,منتهي,بوابة البيانات المفتوحة (نموذج),ترخيص البيانات المفتوحة - Attribution
OPEN-00741,مكتب السواط للاستشارات,1010646274,الاستشارات,الرياض,منتهي,بوابة البيانات المفتوحة (نموذج),ترخيص البيانات المفتوحة - Attribution
OPEN-00742,مكتب الحوساوي للترجمة والتعريب,4652396888,التجارة الإلكترونية,ينبع,منتهي,بوابة البيانات المفتوحة (نموذج),ترخيص البيانات المفتوحة - Attribution
OPEN-00743,مختبرات الدوسري للتعليم والتدريب,5854889082,الاستيراد والتصدير,خميس مشيط,موقوف,بوابة البيانات المفتوحة (نموذج),ترخيص البيانات المفتوحة - Attribution
OPEN-00744,مكتب الصاعدي لإدارة المشاريع,5855753338,المقاولات,أبها,منتهي,بوابة البيانات المفتوحة (نموذج),ترخيص البيانات المفتوحة - Attribution
OPEN-00745,شركة الدوسري للاستشارات,5854520276,التمويل والبنوك,خميس مشيط,منتهي,بوابة البيانات المفتوحة (نموذج),ترخيص البيانات المفتوحة - Attribution
OPEN-00746,شركة القرشي لتقنية المعلومات,3206454590,الخدمات الحكومية,حائل,منتهي,بوابة البيانات المفتوحة (نموذج),ترخيص البيانات المفتوحة - Attribution
OPEN-00747,مكتب المطيري لإدارة المشاريع,4030948517,الاستيراد والتصدير,جدة,موقوف,بوابة البيانات المفتوحة (نموذج),ترخيص البيانات المفتوحة - Attribution
OPEN-00748,مؤسسة الغامدي للبنية التحتية,6506979682,الخدمات اللوجستية,نجران,منتهي,بوابة البيانات المفتوحة (نموذج),ترخيص البيانات المفتوحة - Attribution
OPEN-00749,مكتب العمري للتسويق الرقمي,6506183430,التمويل والبنوك,نجران,موقوف,بوابة البيانات المفتوحة (نموذج),ترخيص البيانات المفتوحة - Attribution
OPEN-00750,مجموعة المسعود للأعمال العقارية,4652355001,السياحة والضيافة,ينبع,منتهي,بوابة البيانات المفتوحة (نموذج),ترخيص البيانات المفتوحة - Attribution
OPEN-00751,شركة مساهمة السهلي للبنية التحتية,4650889587,الخدمات الصحية,المدينة المنورة,منتهي,بوابة البيانات المفتوحة (نموذج),ترخيص البيانات المفتوحة - Attribution
OPEN-00752,مركز القرشي للإعلام والتواصل,5606419845,التعليم والتدريب,تبوك,ساري,بوابة البيانات المفتوحة (نموذج),ترخيص البيانات المفتوحة - Attribution
OPEN-00753,شركة مساهمة الشهري للأمن السيبراني,6906834651,الاستشارات,عرعر,موقوف,بوابة البيانات المفتوحة (نموذج),ترخيص البيانات المفتوحة - Attribution
OPEN-00754,شركة الخالدي للتطوير البرمجي,7106412718,تقنية المعلومات,سكاكا,ساري,بوابة البيانات المفتوحة (نموذج),ترخيص البيانات المفتوحة - Attribution
OPEN-00755,شركة الأسمري للترجمة والتعريب,4030171942,الشحن والنقل,جدة,منتهي,بوابة البيانات المفتوحة (نموذج),ترخيص البيانات المفتوحة - Attribution
OPEN-00756,مصنع الزهراني للصناعات الغذائية,4650973980,التجارة الإلكترونية,المدينة المنورة,موقوف,بوابة البيانات المفتوحة (نموذج),ترخيص البيانات المفتوحة - Attribution
OPEN-00757,مجموعة العتيبي للتطوير البرمجي,3406702217,الصناعة التحويلية,بريدة,منتهي,بوابة البيانات المفتوحة (نموذج),ترخيص البيانات المفتوحة - Attribution
OPEN-00758,مركز البلوي لتقنية المعلومات,3406623314,السياحة والضيافة,بريدة,منتهي,بوابة البيانات المفتوحة (نموذج),ترخيص البيانات المفتوحة - Attribution
OPEN-00759,شركة مساهمة العسيري للاستشارات,4650151021,تجارة التجزئة,المدينة المنورة,موقوف,بوابة البيانات المفتوحة (نموذج),ترخيص البيانات المفتوحة - Attribution
OPEN-00760,مجموعة العوفي للأمن السيبراني,6506875833,المقاولات,نجران,موقوف,بوابة البيانات المفتوحة (نموذج),ترخيص البيانات المفتوحة - Attribution
OPEN-00761,مركز العمري للاتصالات,4030605565,الطاقة والكهرباء,جدة,منتهي,بوابة البيانات المفتوحة (نموذج),ترخيص البيانات المفتوحة - Attribution
OPEN-00762,شركة مساهمة الجهني للطباعة والنشر,3206490843,السياحة والضيافة,حائل,ساري,بوابة البيانات المفتوحة (نموذج),ترخيص البيانات المفتوحة - Attribution
OPEN-00763,مجموعة الهاجري للتجهيزات الطبية,5855912373,الإعلام والتواصل,أبها,منتهي,بوابة البيانات المفتوحة (نموذج),ترخيص البيانات المفتوحة - Attribution
OPEN-00764,مكتب السهلي للمستشفيات,4032781572,الخدمات الصحية,الطائف,موقوف,بوابة البيانات المفتوحة (نموذج),ترخيص البيانات المفتوحة - Attribution
OPEN-00765,مجموعة الرويلي للأعمال العقارية,5606321143,الخدمات الحكومية,تبوك,منتهي,بوابة البيانات المفتوحة (نموذج),ترخيص البيانات المفتوحة - Attribution
OPEN-00766,مجموعة الأسمري للتعليم والتدريب,2051207085,الصناعات الغذائية,الجبيل,موقوف,بوابة البيانات المفتوحة (نموذج),ترخيص البيانات المفتوحة - Attribution
OPEN-00767,مجموعة العمري للإعلام والتواصل,4031270146,السياحة والضيافة,مكة المكرمة,موقوف,بوابة البيانات المفتوحة (نموذج),ترخيص البيانات المفتوحة - Attribution
OPEN-00768,شركة مساهمة العامري للطباعة والنشر,4030988684,الأمن والحراسة,جدة,ساري,بوابة البيانات المفتوحة (نموذج),ترخيص البيانات المفتوحة - Attribution
OPEN-00769,شركة المسعود للتعليم والتدريب,5854469598,الشحن والنقل,خميس مشيط,ساري,بوابة البيانات المفتوحة (نموذج),ترخيص البيانات المفتوحة - Attribution
OPEN-00770,شركة مساهمة الغامدي للبنية التحتية,5606326734,المقاولات,تبوك,منتهي,بوابة البيانات المفتوحة (نموذج),ترخيص البيانات المفتوحة - Attribution
OPEN-00771,مجموعة الغامدي للخدمات المالية,5855025509,التجارة الإلكترونية,أبها,ساري,بوابة البيانات المفتوحة (نموذج),ترخيص البيانات المفتوحة - Attribution
OPEN-00772,مؤسسة الحازمي للأمن السيبراني,6006483073,التمويل والبنوك,جازان,منتهي,بوابة البيانات المفتوحة (نموذج),ترخيص البيانات المفتوحة - Attribution
OPEN-00773,مصنع الجهني للترجمة والتعريب,5854759607,البحث والتطوير,خميس مشيط,ساري,بوابة البيانات المفتوحة (نموذج),ترخيص البيانات المفتوحة - Attribution
OPEN-00774,شركة مساهمة المرواني للمستشفيات,5854522352,التمويل والبنوك,خميس مشيط,منتهي,بوابة البيانات المفتوحة (نموذج),ترخيص البيانات المفتوحة - Attribution
OPEN-00775,شركة السديري للخدمات اللوجستية,1010942636,الاستيراد والتصدير,الرياض,موقوف,بوابة البيانات المفتوحة (نموذج),ترخيص البيانات المفتوحة - Attribution
OPEN-00776,شركة مساهمة الصاعدي للبنية التحتية,3406607456,الخدمات اللوجستية,بريدة,موقوف,بوابة البيانات المفتوحة (نموذج),ترخيص البيانات المفتوحة - Attribution
OPEN-00777,مجموعة السلمي للاتصالات,4031256035,تجارة التجزئة,مكة المكرمة,ساري,بوابة البيانات المفتوحة (نموذج),ترخيص البيانات المفتوحة - Attribution
OPEN-00778,شركة مساهمة الشريف للخدمات اللوجستية,3206331048,الصناعة التحويلية,حائل,موقوف,بوابة البيانات المفتوحة (نموذج),ترخيص البيانات المفتوحة - Attribution
OPEN-00779,مجموعة الخالدي للتجهيزات الطبية,4030896756,التمويل والبنوك,جدة,موقوف,بوابة البيانات المفتوحة (نموذج),ترخيص البيانات المفتوحة - Attribution
OPEN-00780,شركة مساهمة الرويلي للخدمات المالية,2050301903,الطاقة والكهرباء,الدمام,منتهي,بوابة البيانات المفتوحة (نموذج),ترخيص البيانات المفتوحة - Attribution
OPEN-00781,مؤسسة الشهري للترجمة والتعريب,4650237264,المقاولات,المدينة المنورة,موقوف,بوابة البيانات المفتوحة (نموذج),ترخيص البيانات المفتوحة - Attribution
OPEN-00782,مختبرات الصاعدي لإدارة المشاريع,6006399081,الصناعة التحويلية,جازان,ساري,بوابة البيانات المفتوحة (نموذج),ترخيص البيانات المفتوحة - Attribution
OPEN-00783,مجموعة القرشي لتقنية المعلومات,1010380452,الصناعات الغذائية,الرياض,ساري,بوابة البيانات المفتوحة (نموذج),ترخيص البيانات المفتوحة - Attribution
OPEN-00784,مختبرات المالكي للأعمال العقارية,6506347473,المقاولات,نجران,منتهي,بوابة البيانات المفتوحة (نموذج),ترخيص البيانات المفتوحة - Attribution
OPEN-00785,شركة الشهراني للأعمال العقارية,4031607420,الإعلام والتواصل,مكة المكرمة,موقوف,بوابة البيانات المفتوحة (نموذج),ترخيص البيانات المفتوحة - Attribution
OPEN-00786,مجموعة الرويلي للتعليم والتدريب,6906717143,الأمن والحراسة,عرعر,ساري,بوابة البيانات المفتوحة (نموذج),ترخيص البيانات المفتوحة - Attribution
OPEN-00787,مؤسسة الحميدي للاتصالات,4032311551,الطاقة والكهرباء,الطائف,ساري,بوابة البيانات المفتوحة (نموذج),ترخيص البيانات المفتوحة - Attribution
OPEN-00788,مصنع السهلي للخدمات اللوجستية,6506675218,الخدمات الصحية,نجران,موقوف,بوابة البيانات المفتوحة (نموذج),ترخيص البيانات المفتوحة - Attribution
OPEN-00789,مصنع الحربي للخدمات المالية,7106343499,الصناعات الغذائية,سكاكا,ساري,بوابة البيانات المفتوحة (نموذج),ترخيص البيانات المفتوحة - Attribution
OPEN-00790,مركز العامري لإدارة المشاريع,1010375178,الطاقة والكهرباء,الرياض,ساري,بوابة البيانات المفتوحة (نموذج),ترخيص البيانات المفتوحة - Attribution
OPEN-00791,شركة الهاجري للبنية التحتية,4652490611,الصناعات الغذائية,ينبع,منتهي,بوابة البيانات المفتوحة (نموذج),ترخيص البيانات المفتوحة - Attribution
OPEN-00792,مكتب المسعود للطباعة والنشر,3206118279,تجارة التجزئة,حائل,منتهي,بوابة البيانات المفتوحة (نموذج),ترخيص البيانات المفتوحة - Attribution
OPEN-00793,مصنع القرني للاستشارات,6906138405,التمويل والبنوك,عرعر,موقوف,بوابة البيانات المفتوحة (نموذج),ترخيص البيانات المفتوحة - Attribution
OPEN-00794,مكتب الشهراني للطباعة والنشر,3206656674,الشحن والنقل,حائل,موقوف,بوابة البيانات المفتوحة (نموذج),ترخيص البيانات المفتوحة - Attribution
OPEN-00795,مصنع الصاعدي للأمن السيبراني,1010175507,الاستشارات,الرياض,موقوف,بوابة البيانات المفتوحة (نموذج),ترخيص البيانات المفتوحة - Attribution
OPEN-00796,مؤسسة الفيفي للصناعات الغذائية,5854122471,الخدمات اللوجستية,خميس مشيط,ساري,بوابة البيانات المفتوحة (نموذج),ترخيص البيانات المفتوحة - Attribution
OPEN-00797,شركة مساهمة الثبيتي للتطوير البرمجي,2050259513,الصناعات الغذائية,الدمام,موقوف,بوابة البيانات المفتوحة (نموذج),ترخيص البيانات المفتوحة - Attribution
OPEN-00798,مجموعة الزياني للتسويق الرقمي,5606315126,المقاولات,تبوك,ساري,بوابة البيانات المفتوحة (نموذج),ترخيص البيانات المفتوحة - Attribution
OPEN-00799,مختبرات العوفي لإدارة المشاريع,2050243796,التمويل والبنوك,الدمام,منتهي,بوابة البيانات المفتوحة (نموذج),ترخيص البيانات المفتوحة - Attribution
OPEN-00800,شركة العتيبي للترجمة والتعريب,7106377046,البناء والتشييد,سكاكا,ساري,بوابة البيانات المفتوحة (نموذج),ترخيص البيانات المفتوحة - Attribution
OPEN-00801,شركة المالكي للتعليم والتدريب,7106245154,الخدمات اللوجستية,سكاكا,موقوف,بوابة البيانات المفتوحة (نموذج),ترخيص البيانات المفتوحة - Attribution
OPEN-00802,مختبرات المقرن لتقنية المعلومات,4031313050,الأمن والحراسة,مكة المكرمة,منتهي,بوابة البيانات المفتوحة (نموذج),ترخيص البيانات المفتوحة - Attribution
OPEN-00803,مجموعة الخالدي للبنية التحتية,3206735098,التجارة الإلكترونية,حائل,موقوف,بوابة البيانات المفتوحة (نموذج),ترخيص البيانات المفتوحة - Attribution
OPEN-00804,مختبرات الخالدي للإعلام والتواصل,6506762611,المقاولات,نجران,ساري,بوابة البيانات المفتوحة (نموذج),ترخيص البيانات المفتوحة - Attribution
OPEN-00805,شركة العامري للاستشارات,3406283577,الإعلام والتواصل,بريدة,منتهي,بوابة البيانات المفتوحة (نموذج),ترخيص البيانات المفتوحة - Attribution
OPEN-00806,مصنع السديري للأمن السيبراني,4032244851,تجارة التجزئة,الطائف,منتهي,بوابة البيانات المفتوحة (نموذج),ترخيص البيانات المفتوحة - Attribution
OPEN-00807,شركة العوفي للاستشارات,4652474876,الإعلام والتواصل,ينبع,ساري,بوابة البيانات المفتوحة (نموذج),ترخيص البيانات المفتوحة - Attribution
OPEN-00808,مجموعة العسيري للمستشفيات,7106952832,التجارة الإلكترونية,سكاكا,منتهي,بوابة البيانات المفتوحة (نموذج),ترخيص البيانات المفتوحة - Attribution
OPEN-00809,مكتب العرجاني للخدمات اللوجستية,4032780016,الخدمات الحكومية,الطائف,منتهي,بوابة البيانات المفتوحة (نموذج),ترخيص البيانات المفتوحة - Attribution
OPEN-00810,شركة التميمي للتعليم والتدريب,5855943347,التمويل والبنوك,أبها,موقوف,بوابة البيانات المفتوحة (نموذج),ترخيص البيانات المفتوحة - Attribution
OPEN-00811,شركة الصاعدي للمقاولات,1010180638,السياحة والضيافة,الرياض,منتهي,بوابة البيانات المفتوحة (نموذج),ترخيص البيانات المفتوحة - Attribution
OPEN-00812,مصنع الشمري للخدمات اللوجستية,5854175640,البناء والتشييد,خميس مشيط,منتهي,بوابة البيانات المفتوحة (نموذج),ترخيص البيانات المفتوحة - Attribution
OPEN-00813,مكتب الغامدي للتسويق الرقمي,7106378535,البناء والتشييد,سكاكا,موقوف,بوابة البيانات المفتوحة (نموذج),ترخيص البيانات المفتوحة - Attribution
OPEN-00814,مركز القرشي للطباعة والنشر,5606041784,الخدمات اللوجستية,تبوك,موقوف,بوابة البيانات المفتوحة (نموذج),ترخيص البيانات المفتوحة - Attribution
OPEN-00815,مجموعة الربيعي للترجمة والتعريب,4652673452,الأمن والحراسة,ينبع,منتهي,بوابة البيانات المفتوحة (نموذج),ترخيص البيانات المفتوحة - Attribution
OPEN-00816,شركة البلوي للأمن السيبراني,3406240160,التمويل والبنوك,بريدة,ساري,بوابة البيانات المفتوحة (نموذج),ترخيص البيانات المفتوحة - Attribution
OPEN-00817,مؤسسة الزبيدي للخدمات اللوجستية,6906764778,الخدمات الحكومية,عرعر,موقوف,بوابة البيانات المفتوحة (نموذج),ترخيص البيانات المفتوحة - Attribution
OPEN-00818,مصنع الرشيدي للاتصالات,2050636565,الطاقة والكهرباء,الدمام,موقوف,بوابة البيانات المفتوحة (نموذج),ترخيص البيانات المفتوحة - Attribution
OPEN-00819,شركة العنزي للتسويق الرقمي,4650508379,الشحن والنقل,المدينة المنورة,موقوف,بوابة البيانات المفتوحة (نموذج),ترخيص البيانات المفتوحة - Attribution
OPEN-00820,مصنع البلوي للإعلام والتواصل,7106970447,البحث والتطوير,سكاكا,ساري,بوابة البيانات المفتوحة (نموذج),ترخيص البيانات المفتوحة - Attribution
OPEN-00821,مجموعة المقرن للطباعة والنشر,5854203737,الإعلام والتواصل,خميس مشيط,منتهي,بوابة البيانات المفتوحة (نموذج),ترخيص البيانات المفتوحة - Attribution
OPEN-00822,مجموعة البلوي للاتصالات,6906297704,الخدمات الصحية,عرعر,ساري,بوابة البيانات المفتوحة (نموذج),ترخيص البيانات المفتوحة - Attribution
OPEN-00823,مختبرات الحربي للبنية التحتية,5854531775,البحث والتطوير,خميس مشيط,ساري,بوابة البيانات المفتوحة (نموذج),ترخيص البيانات المفتوحة - Attribution
OPEN-00824,شركة الحربي للصناعات الغذائية,4031594796,الاستيراد والتصدير,مكة المكرمة,موقوف,بوابة البيانات المفتوحة (نموذج),ترخيص البيانات المفتوحة - Attribution
OPEN-00825,شركة الرويلي للتسويق الرقمي,7106068750,التعليم والتدريب,سكاكا,منتهي,بوابة البيانات المفتوحة (نموذج),ترخيص البيانات المفتوحة - Attribution
OPEN-00826,شركة العنزي لإدارة المشاريع,7106300303,تجارة التجزئة,سكاكا,منتهي,بوابة البيانات المفتوحة (نموذج),ترخيص البيانات المفتوحة - Attribution
OPEN-00827,مختبرات المالكي للإعلام والتواصل,4652480174,الأمن والحراسة,ينبع,منتهي,بوابة البيانات المفتوحة (نموذج),ترخيص البيانات المفتوحة - Attribution
OPEN-00828,مختبرات الخالدي للصناعات الغذائية,5854927424,الصناعات الغذائية,خميس مشيط,موقوف,بوابة البيانات المفتوحة (نموذج),ترخيص البيانات المفتوحة - Attribution
OPEN-00829,شركة مساهمة الغامدي للبنية التحتية,4650730073,البناء والتشييد,المدينة المنورة,ساري,بوابة البيانات المفتوحة (نموذج),ترخيص البيانات المفتوحة - Attribution
OPEN-00830,مختبرات المطيري لتقنية المعلومات,3406049885,البناء والتشييد,بريدة,ساري,بوابة البيانات المفتوحة (نموذج),ترخيص البيانات المفتوحة - Attribution
OPEN-00831,مختبرات الشهراني للترجمة والتعريب,3406507429,تجارة التجزئة,بريدة,منتهي,بوابة البيانات المفتوحة (نموذج),ترخيص البيانات المفتوحة - Attribution
OPEN-00832,مركز الهاجري للإعلام والتواصل,5606698752,الخدمات الصحية,تبوك,منتهي,بوابة البيانات المفتوحة (نموذج),ترخيص البيانات المفتوحة - Attribution
OPEN-00833,شركة مساهمة العوفي للتطوير البرمجي,5606568112,الاستشارات,تبوك,موقوف,بوابة البيانات المفتوحة (نموذج),ترخيص البيانات المفتوحة - Attribution
OPEN-00834,مختبرات الخالدي للخدمات البيئية,5855440051,الأمن والحراسة,أبها,ساري,بوابة البيانات المفتوحة (نموذج),ترخيص البيانات المفتوحة - Attribution
OPEN-00835,شركة مساهمة الصاعدي للأعمال العقارية,7106219816,الإعلام والتواصل,سكاكا,موقوف,بوابة البيانات المفتوحة (نموذج),ترخيص البيانات المفتوحة - Attribution
OPEN-00836,شركة مساهمة الربيعي للمقاولات,6506450005,السياحة والضيافة,نجران,منتهي,بوابة البيانات المفتوحة (نموذج),ترخيص البيانات المفتوحة - Attribution
OPEN-00837,مختبرات الخالدي للإعلام والتواصل,5854884979,الخدمات الحكومية,خميس مشيط,ساري,بوابة البيانات المفتوحة (نموذج),ترخيص البيانات المفتوحة - Attribution
OPEN-00838,مجموعة الزهراني للمستشفيات,7106807155,الخدمات اللوجستية,سكاكا,موقوف,بوابة البيانات المفتوحة (نموذج),ترخيص البيانات المفتوحة - Attribution
OPEN-00839,مجموعة العنزي لإدارة المشاريع,5606835732,المقاولات,تبوك,ساري,بوابة البيانات المفتوحة (نموذج),ترخيص البيانات المفتوحة - Attribution
OPEN-00840,مكتب الرشيدي للتجهيزات الطبية,6506957222,التمويل والبنوك,نجران,منتهي,بوابة البيانات المفتوحة (نموذج),ترخيص البيانات المفتوحة - Attribution
OPEN-00841,مختبرات العسيري للأمن السيبراني,3406539901,الإعلام والتواصل,بريدة,منتهي,بوابة البيانات المفتوحة (نموذج),ترخيص البيانات المفتوحة - Attribution
OPEN-00842,مركز اليامي للطباعة والنشر,2051421151,تجارة التجزئة,الجبيل,ساري,بوابة البيانات المفتوحة (نموذج),ترخيص البيانات المفتوحة - Attribution
OPEN-00843,مكتب العرجاني للخدمات المالية,6006320837,الخدمات اللوجستية,جازان,منتهي,بوابة البيانات المفتوحة (نموذج),ترخيص البيانات المفتوحة - Attribution
OPEN-00844,مكتب الفيفي للبنية التحتية,1010570225,التجارة الإلكترونية,الرياض,ساري,بوابة البيانات المفتوحة (نموذج),ترخيص البيانات المفتوحة - Attribution
OPEN-00845,شركة مساهمة الحميدي للتعليم والتدريب,3206527967,البناء والتشييد,حائل,منتهي,بوابة البيانات المفتوحة (نموذج),ترخيص البيانات المفتوحة - Attribution
OPEN-00846,مصنع الحوساوي للطباعة والنشر,3406108195,المقاولات,بريدة,موقوف,بوابة البيانات المفتوحة (نموذج),ترخيص البيانات المفتوحة - Attribution
OPEN-00847,مكتب الحوساوي للخدمات المالية,4650355175,البحث والتطوير,المدينة المنورة,ساري,بوابة البيانات المفتوحة (نموذج),ترخيص البيانات المفتوحة - Attribution
OPEN-00848,مجموعة الزياني للخدمات اللوجستية,6506285096,الخدمات اللوجستية,نجران,موقوف,بوابة البيانات المفتوحة (نموذج),ترخيص البيانات المفتوحة - Attribution
OPEN-00849,مصنع المقرن للخدمات اللوجستية,6506323302,تجارة التجزئة,نجران,موقوف,بوابة البيانات المفتوحة (نموذج),ترخيص البيانات المفتوحة - Attribution
OPEN-00850,مركز الشمري للتسويق الرقمي,6006433357,الخدمات الحكومية,جازان,موقوف,بوابة البيانات المفتوحة (نموذج),ترخيص البيانات المفتوحة - Attribution
OPEN-00851,مجموعة الرشيدي للصناعات الغذائية,4031892752,الإعلام والتواصل,مكة المكرمة,ساري,بوابة البيانات المفتوحة (نموذج),ترخيص البيانات المفتوحة - Attribution
OPEN-00852,مؤسسة السديري للخدمات المالية,2051710772,المقاولات,الجبيل,موقوف,بوابة البيانات المفتوحة (نموذج),ترخيص البيانات المفتوحة - Attribution
OPEN-00853,مركز السبيعي للمقاولات,2050639721,تقنية المعلومات,الدمام,ساري,بوابة البيانات المفتوحة (نموذج),ترخيص البيانات المفتوحة - Attribution
OPEN-00854,مجموعة المرواني للمقاولات,4031037538,التمويل والبنوك,مكة المكرمة,موقوف,بوابة البيانات المفتوحة (نموذج),ترخيص البيانات المفتوحة - Attribution
OPEN-00855,شركة مساهمة السواط للخدمات البيئية,6006525881,الاستشارات,جازان,منتهي,بوابة البيانات المفتوحة (نموذج),ترخيص البيانات المفتوحة - Attribution
OPEN-00856,مؤسسة العسيري للخدمات البيئية,3206322900,تقنية المعلومات,حائل,موقوف,بوابة البيانات المفتوحة (نموذج),ترخيص البيانات المفتوحة - Attribution
OPEN-00857,شركة مساهمة الحازمي للبنية التحتية,3406821011,البحث والتطوير,بريدة,منتهي,بوابة البيانات المفتوحة (نموذج),ترخيص البيانات المفتوحة - Attribution
OPEN-00858,مركز البقمي للتسويق الرقمي,4031360555,الاستشارات,مكة المكرمة,موقوف,بوابة البيانات المفتوحة (نموذج),ترخيص البيانات المفتوحة - Attribution
OPEN-00859,مؤسسة العمري للإعلام والتواصل,4031151178,السياحة والضيافة,مكة المكرمة,موقوف,بوابة البيانات المفتوحة (نموذج),ترخيص البيانات المفتوحة - Attribution
OPEN-00860,مركز الخالدي للخدمات البيئية,5606368635,الاستيراد والتصدير,تبوك,موقوف,بوابة البيانات المفتوحة (نموذج),ترخيص البيانات المفتوحة - Attribution
OPEN-00861,مصنع الصاعدي للأعمال العقارية,6506727861,الخدمات الحكومية,نجران,موقوف,بوابة البيانات المفتوحة (نموذج),ترخيص البيانات المفتوحة - Attribution
OPEN-00862,مجموعة البلوي للإعلام والتواصل,2050559878,الخدمات الصحية,الدمام,منتهي,بوابة البيانات المفتوحة (نموذج),ترخيص البيانات المفتوحة - Attribution
OPEN-00863,شركة الحربي للتعليم والتدريب,4030481084,الخدمات الحكومية,جدة,موقوف,بوابة البيانات المفتوحة (نموذج),ترخيص البيانات المفتوحة - Attribution
OPEN-00864,شركة مساهمة الشريف للاتصالات,4030934001,الاستيراد والتصدير,جدة,منتهي,بوابة البيانات المفتوحة (نموذج),ترخيص البيانات المفتوحة - Attribution
OPEN-00865,شركة القحطاني للتعليم والتدريب,7106430777,التعليم والتدريب,سكاكا,منتهي,بوابة البيانات المفتوحة (نموذج),ترخيص البيانات المفتوحة - Attribution
OPEN-00866,مصنع العمري للصناعات الغذائية,4030958650,البحث والتطوير,جدة,منتهي,بوابة البيانات المفتوحة (نموذج),ترخيص البيانات المفتوحة - Attribution
OPEN-00867,مركز الفيفي لإدارة المشاريع,4652870742,الخدمات الحكومية,ينبع,منتهي,بوابة البيانات المفتوحة (نموذج),ترخيص البيانات المفتوحة - Attribution
OPEN-00868,مؤسسة الزهراني للتجهيزات الطبية,2051217354,تجارة التجزئة,الجبيل,ساري,بوابة البيانات المفتوحة (نموذج),ترخيص البيانات المفتوحة - Attribution
OPEN-00869,مجموعة القرشي للمقاولات,3406981297,الخدمات الصحية,بريدة,منتهي,بوابة البيانات المفتوحة (نموذج),ترخيص البيانات المفتوحة - Attribution
OPEN-00870,مكتب السواط للخدمات المالية,4652091812,تجارة التجزئة,ينبع,موقوف,بوابة البيانات المفتوحة (نموذج),ترخيص البيانات المفتوحة - Attribution
OPEN-00871,مجموعة الثبيتي للخدمات المالية,4650691636,الصناعة التحويلية,المدينة المنورة,منتهي,بوابة البيانات المفتوحة (نموذج),ترخيص البيانات المفتوحة - Attribution
OPEN-00872,مؤسسة الحميدي للتجهيزات الطبية,4032552368,الطاقة والكهرباء,الطائف,منتهي,بوابة البيانات المفتوحة (نموذج),ترخيص البيانات المفتوحة - Attribution
OPEN-00873,مجموعة المرواني للأمن السيبراني,3406654642,تجارة التجزئة,بريدة,منتهي,بوابة البيانات المفتوحة (نموذج),ترخيص البيانات المفتوحة - Attribution
OPEN-00874,مختبرات العنزي للطباعة والنشر,4652201900,الاستشارات,ينبع,ساري,بوابة البيانات المفتوحة (نموذج),ترخيص البيانات المفتوحة - Attribution
OPEN-00875,مكتب السهلي للتسويق الرقمي,5855396696,الطاقة والكهرباء,أبها,ساري,بوابة البيانات المفتوحة (نموذج),ترخيص البيانات المفتوحة - Attribution
OPEN-00876,مجموعة الغامدي لإدارة المشاريع,6006705364,الأمن والحراسة,جازان,منتهي,بوابة البيانات المفتوحة (نموذج),ترخيص البيانات المفتوحة - Attribution
OPEN-00877,مؤسسة الجهني للأعمال العقارية,2050263888,الإعلام والتواصل,الدمام,موقوف,بوابة البيانات المفتوحة (نموذج),ترخيص البيانات المفتوحة - Attribution
OPEN-00878,شركة السبيعي للطباعة والنشر,4032162765,الصناعات الغذائية,الطائف,منتهي,بوابة البيانات المفتوحة (نموذج),ترخيص البيانات المفتوحة - Attribution
OPEN-00879,شركة السواط للإعلام والتواصل,4650041763,الإعلام والتواصل,المدينة المنورة,منتهي,بوابة البيانات المفتوحة (نموذج),ترخيص البيانات المفتوحة - Attribution
OPEN-00880,شركة مساهمة البلوي للخدمات اللوجستية,2050147763,الصناعات الغذائية,الدمام,موقوف,بوابة البيانات المفتوحة (نموذج),ترخيص البيانات المفتوحة - Attribution
OPEN-00881,مختبرات البقمي للتجهيزات الطبية,5854859370,البناء والتشييد,خميس مشيط,ساري,بوابة البيانات المفتوحة (نموذج),ترخيص البيانات المفتوحة - Attribution
OPEN-00882,شركة مساهمة العمري للاتصالات,3206972890,التعليم والتدريب,حائل,منتهي,بوابة البيانات المفتوحة (نموذج),ترخيص البيانات المفتوحة - Attribution
OPEN-00883,مختبرات السديري للأعمال العقارية,4030835628,الشحن والنقل,جدة,منتهي,بوابة البيانات المفتوحة (نموذج),ترخيص البيانات المفتوحة - Attribution
OPEN-00884,مجموعة الهاجري للبنية التحتية,3206820216,البناء والتشييد,حائل,موقوف,بوابة البيانات المفتوحة (نموذج),ترخيص البيانات المفتوحة - Attribution
OPEN-00885,مصنع الدوسري للأمن السيبراني,4032268240,تقنية المعلومات,الطائف,موقوف,بوابة البيانات المفتوحة (نموذج),ترخيص البيانات المفتوحة - Attribution
OPEN-00886,مركز الشهراني للطباعة والنشر,5854769104,الخدمات الصحية,خميس مشيط,موقوف,بوابة البيانات المفتوحة (نموذج),ترخيص البيانات المفتوحة - Attribution
OPEN-00887,مؤسسة الشمري للبنية التحتية,2051536603,تجارة التجزئة,الجبيل,منتهي,بوابة البيانات المفتوحة (نموذج),ترخيص البيانات المفتوحة - Attribution
OPEN-00888,شركة العتيبي للمقاولات,5854074119,الصناعات الغذائية,خميس مشيط,موقوف,بوابة البيانات المفتوحة (نموذج),ترخيص البيانات المفتوحة - Attribution
OPEN-00889,مؤسسة العرجاني للبنية التحتية,1010595569,الاستيراد والتصدير,الرياض,منتهي,بوابة البيانات المفتوحة (نموذج),ترخيص البيانات المفتوحة - Attribution
OPEN-00890,مصنع العنزي للأمن السيبراني,4031828582,الشحن والنقل,مكة المكرمة,ساري,بوابة البيانات المفتوحة (نموذج),ترخيص البيانات المفتوحة - Attribution
OPEN-00891,شركة العامري للخدمات البيئية,6906419738,تجارة التجزئة,عرعر,منتهي,بوابة البيانات المفتوحة (نموذج),ترخيص البيانات المفتوحة - Attribution
OPEN-00892,مؤسسة الزبيدي للتجهيزات الطبية,6006726049,التمويل والبنوك,جازان,موقوف,بوابة البيانات المفتوحة (نموذج),ترخيص البيانات المفتوحة - Attribution
OPEN-00893,شركة السديري للمقاولات,3406882731,الاستيراد والتصدير,بريدة,ساري,بوابة البيانات المفتوحة (نموذج),ترخيص البيانات المفتوحة - Attribution
OPEN-00894,مركز الدوسري للبنية التحتية,4030624888,التعليم والتدريب,جدة,منتهي,بوابة البيانات المفتوحة (نموذج),ترخيص البيانات المفتوحة - Attribution
OPEN-00895,شركة الغامدي للخدمات اللوجستية,2050892811,التعليم والتدريب,الدمام,موقوف,بوابة البيانات المفتوحة (نموذج),ترخيص البيانات المفتوحة - Attribution
OPEN-00896,مصنع الزبيدي للتعليم والتدريب,4650033629,الأمن والحراسة,المدينة المنورة,ساري,بوابة البيانات المفتوحة (نموذج),ترخيص البيانات المفتوحة - Attribution
OPEN-00897,مختبرات الخالدي للأمن السيبراني,3406584822,الطاقة والكهرباء,بريدة,منتهي,بوابة البيانات المفتوحة (نموذج),ترخيص البيانات المفتوحة - Attribution
OPEN-00898,مجموعة العوفي للصناعات الغذائية,6906094902,الصناعة التحويلية,عرعر,ساري,بوابة البيانات المفتوحة (نموذج),ترخيص البيانات المفتوحة - Attribution
OPEN-00899,مصنع الزبيدي للخدمات البيئية,4652152615,الخدمات الحكومية,ينبع,ساري,بوابة البيانات المفتوحة (نموذج),ترخيص البيانات المفتوحة - Attribution
OPEN-00900,شركة البلوي للخدمات البيئية,3406899642,التعليم والتدريب,بريدة,ساري,بوابة البيانات المفتوحة (نموذج),ترخيص البيانات المفتوحة - Attribution
OPEN-00901,مصنع الصاعدي لإدارة المشاريع,1010764937,البحث والتطوير,الرياض,منتهي,بوابة البيانات المفتوحة (نموذج),ترخيص البيانات المفتوحة - Attribution
OPEN-00902,مكتب الخالدي للأعمال العقارية,4652835309,تجارة التجزئة,ينبع,منتهي,بوابة البيانات المفتوحة (نموذج),ترخيص البيانات المفتوحة - Attribution
OPEN-00903,مكتب السواط للتسويق الرقمي,4031506830,التعليم والتدريب,مكة المكرمة,منتهي,بوابة البيانات المفتوحة (نموذج),ترخيص البيانات المفتوحة - Attribution
OPEN-00904,شركة مساهمة السلمي للبنية التحتية,5606118739,التجارة الإلكترونية,تبوك,موقوف,بوابة البيانات المفتوحة (نموذج),ترخيص البيانات المفتوحة - Attribution
OPEN-00905,مركز العامري للتجهيزات الطبية,6906151632,التمويل والبنوك,عرعر,موقوف,بوابة البيانات المفتوحة (نموذج),ترخيص البيانات المفتوحة - Attribution
OPEN-00906,شركة مساهمة الرويلي للترجمة والتعريب,1010718059,الاستيراد والتصدير,الرياض,موقوف,بوابة البيانات المفتوحة (نموذج),ترخيص البيانات المفتوحة - Attribution
OPEN-00907,مختبرات العنزي للاتصالات,6506212985,الصناعة التحويلية,نجران,منتهي,بوابة البيانات المفتوحة (نموذج),ترخيص البيانات المفتوحة - Attribution
OPEN-00908,مؤسسة القحطاني لتقنية المعلومات,3406101299,تجارة التجزئة,بريدة,ساري,بوابة البيانات المفتوحة (نموذج),ترخيص البيانات المفتوحة - Attribution
OPEN-00909,شركة العرجاني للخدمات المالية,3206632202,الطاقة والكهرباء,حائل,منتهي,بوابة البيانات المفتوحة (نموذج),ترخيص البيانات المفتوحة - Attribution
OPEN-00910,مكتب الجهني للأعمال العقارية,6506504770,الصناعة التحويلية,نجران,موقوف,بوابة البيانات المفتوحة (نموذج),ترخيص البيانات المفتوحة - Attribution
OPEN-00911,مختبرات الرويلي للخدمات اللوجستية,2051477808,التمويل والبنوك,الجبيل,موقوف,بوابة البيانات المفتوحة (نموذج),ترخيص البيانات المفتوحة - Attribution
OPEN-00912,مجموعة البلوي للمقاولات,6906972096,تقنية المعلومات,عرعر,موقوف,بوابة البيانات المفتوحة (نموذج),ترخيص البيانات المفتوحة - Attribution
OPEN-00913,مجموعة الخالدي للاستشارات,7106378778,المقاولات,سكاكا,ساري,بوابة البيانات المفتوحة (نموذج),ترخيص البيانات المفتوحة - Attribution
OPEN-00914,مصنع السبيعي للطباعة والنشر,1010832263,الصناعة التحويلية,الرياض,منتهي,بوابة البيانات المفتوحة (نموذج),ترخيص البيانات المفتوحة - Attribution
OPEN-00915,مركز الثبيتي للاتصالات,6006812793,الخدمات الصحية,جازان,منتهي,بوابة البيانات المفتوحة (نموذج),ترخيص البيانات المفتوحة - Attribution
OPEN-00916,شركة مساهمة المرواني لإدارة المشاريع,4030851833,الإعلام والتواصل,جدة,منتهي,بوابة البيانات المفتوحة (نموذج),ترخيص البيانات المفتوحة - Attribution
OPEN-00917,شركة مساهمة المرواني للمستشفيات,1010101419,الاستشارات,الرياض,منتهي,بوابة البيانات المفتوحة (نموذج),ترخيص البيانات المفتوحة - Attribution
OPEN-00918,مختبرات العسيري للاتصالات,2051508342,تقنية المعلومات,الجبيل,منتهي,بوابة البيانات المفتوحة (نموذج),ترخيص البيانات المفتوحة - Attribution
OPEN-00919,شركة الرويلي للاتصالات,7106159254,البحث والتطوير,سكاكا,ساري,بوابة البيانات المفتوحة (نموذج),ترخيص البيانات المفتوحة - Attribution
OPEN-00920,مصنع المقرن للبنية التحتية,2051014160,الشحن والنقل,الجبيل,ساري,بوابة البيانات المفتوحة (نموذج),ترخيص البيانات المفتوحة - Attribution
OPEN-00921,شركة مساهمة البلوي للأعمال العقارية,2050390362,الخدمات الحكومية,الدمام,منتهي,بوابة البيانات المفتوحة (نموذج),ترخيص البيانات المفتوحة - Attribution
OPEN-00922,مجموعة الأسمري للمستشفيات,4650816068,تجارة التجزئة,المدينة المنورة,منتهي,بوابة البيانات المفتوحة (نموذج),ترخيص البيانات المفتوحة - Attribution
OPEN-00923,مختبرات السواط للأمن السيبراني,4650412812,الأمن والحراسة,المدينة المنورة,منتهي,بوابة البيانات المفتوحة (نموذج),ترخيص البيانات المفتوحة - Attribution
OPEN-00924,شركة مساهمة السبيعي للاستشارات,2050861753,الإعلام والتواصل,الدمام,ساري,بوابة البيانات المفتوحة (نموذج),ترخيص البيانات المفتوحة - Attribution
OPEN-00925,شركة مساهمة اليامي للاتصالات,3206185950,التعليم والتدريب,حائل,منتهي,بوابة البيانات المفتوحة (نموذج),ترخيص البيانات المفتوحة - Attribution
OPEN-00926,مجموعة السواط للأمن السيبراني,6006926462,البحث والتطوير,جازان,ساري,بوابة البيانات المفتوحة (نموذج),ترخيص البيانات المفتوحة - Attribution
OPEN-00927,مجموعة القرني للصناعات الغذائية,3406047495,تقنية المعلومات,بريدة,موقوف,بوابة البيانات المفتوحة (نموذج),ترخيص البيانات المفتوحة - Attribution
OPEN-00928,مكتب الرويلي للتعليم والتدريب,7106513778,الاستيراد والتصدير,سكاكا,موقوف,بوابة البيانات المفتوحة (نموذج),ترخيص البيانات المفتوحة - Attribution
OPEN-00929,شركة مساهمة السواط لإدارة المشاريع,7106335761,تقنية المعلومات,سكاكا,موقوف,بوابة البيانات المفتوحة (نموذج),ترخيص البيانات المفتوحة - Attribution
OPEN-00930,مصنع الفيفي للاستشارات,7106626272,التمويل والبنوك,سكاكا,منتهي,بوابة البيانات المفتوحة (نموذج),ترخيص البيانات المفتوحة - Attribution
OPEN-00931,مكتب العسيري لإدارة المشاريع,1010065732,التجارة الإلكترونية,الرياض,ساري,بوابة البيانات المفتوحة (نموذج),ترخيص البيانات المفتوحة - Attribution
OPEN-00932,مؤسسة الحربي للإعلام والتواصل,5854015448,تقنية المعلومات,خميس مشيط,منتهي,بوابة البيانات المفتوحة (نموذج),ترخيص البيانات المفتوحة - Attribution
OPEN-00933,مكتب الرويلي للاستشارات,6506761925,تقنية المعلومات,نجران,منتهي,بوابة البيانات المفتوحة (نموذج),ترخيص البيانات المفتوحة - Attribution
OPEN-00934,شركة مساهمة القرني للتسويق الرقمي,4652729729,تقنية المعلومات,ينبع,منتهي,بوابة البيانات المفتوحة (نموذج),ترخيص البيانات المفتوحة - Attribution
OPEN-00935,مكتب البلوي للخدمات المالية,3406685810,الخدمات الحكومية,بريدة,موقوف,بوابة البيانات المفتوحة (نموذج),ترخيص البيانات المفتوحة - Attribution
OPEN-00936,مصنع الزبيدي للإعلام والتواصل,6506870783,الأمن والحراسة,نجران,موقوف,بوابة البيانات المفتوحة (نموذج),ترخيص البيانات المفتوحة - Attribution
OPEN-00937,شركة مساهمة الحميدي للتجهيزات الطبية,1010147005,الخدمات الحكومية,الرياض,منتهي,بوابة البيانات المفتوحة (نموذج),ترخيص البيانات المفتوحة - Attribution
OPEN-00938,مكتب الحازمي للأعمال العقارية,3206374557,الاستشارات,حائل,منتهي,بوابة البيانات المفتوحة (نموذج),ترخيص البيانات المفتوحة - Attribution
OPEN-00939,مكتب العامري للصناعات الغذائية,4032271219,تجارة التجزئة,الطائف,موقوف,بوابة البيانات المفتوحة (نموذج),ترخيص البيانات المفتوحة - Attribution
OPEN-00940,مجموعة اليامي للبنية التحتية,5606755780,الصناعة التحويلية,تبوك,منتهي,بوابة البيانات المفتوحة (نموذج),ترخيص البيانات المفتوحة - Attribution
OPEN-00941,مؤسسة القرشي للتطوير البرمجي,4031622017,الطاقة والكهرباء,مكة المكرمة,منتهي,بوابة البيانات المفتوحة (نموذج),ترخيص البيانات المفتوحة - Attribution
OPEN-00942,مؤسسة القرشي لتقنية المعلومات,6506987694,الصناعات الغذائية,نجران,ساري,بوابة البيانات المفتوحة (نموذج),ترخيص البيانات المفتوحة - Attribution
OPEN-00943,مكتب الشمري للخدمات البيئية,4650509801,الاستيراد والتصدير,المدينة المنورة,منتهي,بوابة البيانات المفتوحة (نموذج),ترخيص البيانات المفتوحة - Attribution
OPEN-00944,مختبرات الثبيتي للمقاولات,3406497660,التعليم والتدريب,بريدة,منتهي,بوابة البيانات المفتوحة (نموذج),ترخيص البيانات المفتوحة - Attribution
OPEN-00945,مجموعة الأسمري للأعمال العقارية,5854311425,الأمن والحراسة,خميس مشيط,موقوف,بوابة البيانات المفتوحة (نموذج),ترخيص البيانات المفتوحة - Attribution
OPEN-00946,مكتب الشمري لتقنية المعلومات,4652005966,الخدمات الصحية,ينبع,موقوف,بوابة البيانات المفتوحة (نموذج),ترخيص البيانات المفتوحة - Attribution
OPEN-00947,مجموعة الشهري للتسويق الرقمي,1010264888,الأمن والحراسة,الرياض,منتهي,بوابة البيانات المفتوحة (نموذج),ترخيص البيانات المفتوحة - Attribution
OPEN-00948,مصنع الزبيدي لتقنية المعلومات,2051333507,الطاقة والكهرباء,الجبيل,منتهي,بوابة البيانات المفتوحة (نموذج),ترخيص البيانات المفتوحة - Attribution
OPEN-00949,مختبرات السبيعي للخدمات اللوجستية,4030244721,التجارة الإلكترونية,جدة,منتهي,بوابة البيانات المفتوحة (نموذج),ترخيص البيانات المفتوحة - Attribution
OPEN-00950,مكتب الزبيدي للمقاولات,2051262488,السياحة والضيافة,الجبيل,منتهي,بوابة البيانات المفتوحة (نموذج),ترخيص البيانات المفتوحة - Attribution
OPEN-00951,مصنع الرويلي للإعلام والتواصل,4652269254,الاستشارات,ينبع,منتهي,بوابة البيانات المفتوحة (نموذج),ترخيص البيانات المفتوحة - Attribution
OPEN-00952,مختبرات المرواني للمقاولات,5854330174,السياحة والضيافة,خميس مشيط,ساري,بوابة البيانات المفتوحة (نموذج),ترخيص البيانات المفتوحة - Attribution
OPEN-00953,مختبرات السديري للاتصالات,2050292422,الخدمات اللوجستية,الدمام,موقوف,بوابة البيانات المفتوحة (نموذج),ترخيص البيانات المفتوحة - Attribution
OPEN-00954,شركة الحربي للأمن السيبراني,2051536092,الخدمات الحكومية,الجبيل,ساري,بوابة البيانات المفتوحة (نموذج),ترخيص البيانات المفتوحة - Attribution
OPEN-00955,مؤسسة المسعود للترجمة والتعريب,5855013361,الصناعة التحويلية,أبها,موقوف,بوابة البيانات المفتوحة (نموذج),ترخيص البيانات المفتوحة - Attribution
OPEN-00956,مكتب الأسمري للأمن السيبراني,6006007495,الخدمات الصحية,جازان,موقوف,بوابة البيانات المفتوحة (نموذج),ترخيص البيانات المفتوحة - Attribution
OPEN-00957,مجموعة الرشيدي للخدمات اللوجستية,4030298690,التجارة الإلكترونية,جدة,منتهي,بوابة البيانات المفتوحة (نموذج),ترخيص البيانات المفتوحة - Attribution
OPEN-00958,شركة السبيعي للطباعة والنشر,2050255066,الخدمات الحكومية,الدمام,ساري,بوابة البيانات المفتوحة (نموذج),ترخيص البيانات المفتوحة - Attribution
OPEN-00959,مختبرات العامري للتسويق الرقمي,4032277547,التمويل والبنوك,الطائف,ساري,بوابة البيانات المفتوحة (نموذج),ترخيص البيانات المفتوحة - Attribution
OPEN-00960,مؤسسة العامري للطباعة والنشر,3406986779,الاستشارات,بريدة,موقوف,بوابة البيانات المفتوحة (نموذج),ترخيص البيانات المفتوحة - Attribution
OPEN-00961,مختبرات المقرن للاستشارات,6006669947,التعليم والتدريب,جازان,ساري,بوابة البيانات المفتوحة (نموذج),ترخيص البيانات المفتوحة - Attribution
OPEN-00962,مكتب الشمري للتعليم والتدريب,4030649079,تقنية المعلومات,جدة,ساري,بوابة البيانات المفتوحة (نموذج),ترخيص البيانات المفتوحة - Attribution
OPEN-00963,مؤسسة البقمي للتجهيزات الطبية,5855887886,الطاقة والكهرباء,أبها,موقوف,بوابة البيانات المفتوحة (نموذج),ترخيص البيانات المفتوحة - Attribution
OPEN-00964,مختبرات الغامدي للإعلام والتواصل,3206436392,تقنية المعلومات,حائل,منتهي,بوابة البيانات المفتوحة (نموذج),ترخيص البيانات المفتوحة - Attribution
OPEN-00965,مركز العامري للأعمال العقارية,4032073696,الخدمات الحكومية,الطائف,منتهي,بوابة البيانات المفتوحة (نموذج),ترخيص البيانات المفتوحة - Attribution
OPEN-00966,شركة مساهمة الخالدي لإدارة المشاريع,4032153054,الخدمات الحكومية,الطائف,ساري,بوابة البيانات المفتوحة (نموذج),ترخيص البيانات المفتوحة - Attribution
OPEN-00967,مختبرات العمري للصناعات الغذائية,3406109004,الخدمات الحكومية,بريدة,ساري,بوابة البيانات المفتوحة (نموذج),ترخيص البيانات المفتوحة - Attribution
OPEN-00968,مؤسسة الهاجري للطباعة والنشر,4650630855,الاستيراد والتصدير,المدينة المنورة,موقوف,بوابة البيانات المفتوحة (نموذج),ترخيص البيانات المفتوحة - Attribution
OPEN-00969,شركة المسعود للطباعة والنشر,3406427444,البحث والتطوير,بريدة,ساري,بوابة البيانات المفتوحة (نموذج),ترخيص البيانات المفتوحة - Attribution
OPEN-00970,مختبرات المرواني للخدمات المالية,6006926102,الإعلام والتواصل,جازان,منتهي,بوابة البيانات المفتوحة (نموذج),ترخيص البيانات المفتوحة - Attribution
OPEN-00971,مختبرات الغامدي لتقنية المعلومات,4652924710,المقاولات,ينبع,موقوف,بوابة البيانات المفتوحة (نموذج),ترخيص البيانات المفتوحة - Attribution
OPEN-00972,مختبرات السلمي للطباعة والنشر,4652750933,الخدمات الحكومية,ينبع,منتهي,بوابة البيانات المفتوحة (نموذج),ترخيص البيانات المفتوحة - Attribution
OPEN-00973,مختبرات الرشيدي للترجمة والتعريب,3206800263,تجارة التجزئة,حائل,منتهي,بوابة البيانات المفتوحة (نموذج),ترخيص البيانات المفتوحة - Attribution
OPEN-00974,مختبرات السديري للخدمات اللوجستية,3406361239,البحث والتطوير,بريدة,منتهي,بوابة البيانات المفتوحة (نموذج),ترخيص البيانات المفتوحة - Attribution
OPEN-00975,مؤسسة الأسمري للمقاولات,4650827846,الاستشارات,المدينة المنورة,موقوف,بوابة البيانات المفتوحة (نموذج),ترخيص البيانات المفتوحة - Attribution
OPEN-00976,مصنع العسيري للأمن السيبراني,5855269778,الخدمات الحكومية,أبها,ساري,بوابة البيانات المفتوحة (نموذج),ترخيص البيانات المفتوحة - Attribution
OPEN-00977,مكتب السواط للإعلام والتواصل,6906911434,الصناعة التحويلية,عرعر,ساري,بوابة البيانات المفتوحة (نموذج),ترخيص البيانات المفتوحة - Attribution
OPEN-00978,مصنع الشهري للصناعات الغذائية,2051347477,الشحن والنقل,الجبيل,منتهي,بوابة البيانات المفتوحة (نموذج),ترخيص البيانات المفتوحة - Attribution
OPEN-00979,مركز العنزي للترجمة والتعريب,3406378637,الأمن والحراسة,بريدة,منتهي,بوابة البيانات المفتوحة (نموذج),ترخيص البيانات المفتوحة - Attribution
OPEN-00980,شركة مساهمة الجهني للمستشفيات,6906778420,الاستيراد والتصدير,عرعر,منتهي,بوابة البيانات المفتوحة (نموذج),ترخيص البيانات المفتوحة - Attribution
OPEN-00981,مكتب الشمري للتجهيزات الطبية,4032139833,الإعلام والتواصل,الطائف,موقوف,بوابة البيانات المفتوحة (نموذج),ترخيص البيانات المفتوحة - Attribution
OPEN-00982,شركة الربيعي لإدارة المشاريع,2050966002,الخدمات اللوجستية,الدمام,ساري,بوابة البيانات المفتوحة (نموذج),ترخيص البيانات المفتوحة - Attribution
OPEN-00983,مختبرات الزبيدي للتجهيزات الطبية,3206293324,الأمن والحراسة,حائل,موقوف,بوابة البيانات المفتوحة (نموذج),ترخيص البيانات المفتوحة - Attribution
OPEN-00984,مختبرات السديري للاتصالات,6906117575,الإعلام والتواصل,عرعر,موقوف,بوابة البيانات المفتوحة (نموذج),ترخيص البيانات المفتوحة - Attribution
OPEN-00985,مصنع العمري لتقنية المعلومات,3206278822,الصناعة التحويلية,حائل,ساري,بوابة البيانات المفتوحة (نموذج),ترخيص البيانات المفتوحة - Attribution
OPEN-00986,مؤسسة الشهراني للمقاولات,4030707244,تقنية المعلومات,جدة,ساري,بوابة البيانات المفتوحة (نموذج),ترخيص البيانات المفتوحة - Attribution
OPEN-00987,مصنع القحطاني للاتصالات,2051016519,البناء والتشييد,الجبيل,موقوف,بوابة البيانات المفتوحة (نموذج),ترخيص البيانات المفتوحة - Attribution
OPEN-00988,مجموعة البقمي للاستشارات,4030732771,البحث والتطوير,جدة,منتهي,بوابة البيانات المفتوحة (نموذج),ترخيص البيانات المفتوحة - Attribution
OPEN-00989,مختبرات القرشي للخدمات اللوجستية,1010307828,الإعلام والتواصل,الرياض,منتهي,بوابة البيانات المفتوحة (نموذج),ترخيص البيانات المفتوحة - Attribution
OPEN-00990,مركز السديري للترجمة والتعريب,4030960799,الأمن والحراسة,جدة,منتهي,بوابة البيانات المفتوحة (نموذج),ترخيص البيانات المفتوحة - Attribution
OPEN-00991,مصنع العسيري للطباعة والنشر,6006720067,الخدمات اللوجستية,جازان,منتهي,بوابة البيانات المفتوحة (نموذج),ترخيص البيانات المفتوحة - Attribution
OPEN-00992,مصنع البلوي للاتصالات,5854644742,الخدمات الحكومية,خميس مشيط,موقوف,بوابة البيانات المفتوحة (نموذج),ترخيص البيانات المفتوحة - Attribution
OPEN-00993,مؤسسة الهاجري للإعلام والتواصل,4030173170,المقاولات,جدة,موقوف,بوابة البيانات المفتوحة (نموذج),ترخيص البيانات المفتوحة - Attribution
OPEN-00994,مختبرات العسيري للأمن السيبراني,3406053995,الإعلام والتواصل,بريدة,منتهي,بوابة البيانات المفتوحة (نموذج),ترخيص البيانات المفتوحة - Attribution
OPEN-00995,مكتب الشهري لتقنية المعلومات,4032845779,الشحن والنقل,الطائف,منتهي,بوابة البيانات المفتوحة (نموذج),ترخيص البيانات المفتوحة - Attribution
OPEN-00996,مركز العنزي للترجمة والتعريب,4650188353,التعليم والتدريب,المدينة المنورة,موقوف,بوابة البيانات المفتوحة (نموذج),ترخيص البيانات المفتوحة - Attribution
OPEN-00997,مجموعة الشهراني للاستشارات,4031608804,الخدمات الحكومية,مكة المكرمة,منتهي,بوابة البيانات المفتوحة (نموذج),ترخيص البيانات المفتوحة - Attribution
OPEN-00998,مجموعة السهلي للتطوير البرمجي,5854210930,الإعلام والتواصل,خميس مشيط,ساري,بوابة البيانات المفتوحة (نموذج),ترخيص البيانات المفتوحة - Attribution
OPEN-00999,مركز الفيفي للمستشفيات,5855122641,البحث والتطوير,أبها,موقوف,بوابة البيانات المفتوحة (نموذج),ترخيص البيانات المفتوحة - Attribution
OPEN-01000,مؤسسة السواط للأمن السيبراني,1010679622,السياحة والضيافة,الرياض,ساري,بوابة البيانات المفتوحة (نموذج),ترخيص البيانات المفتوحة - Attribution
