incident_id,opened_date,severity,affected_system_ar,incident_title_ar,incident_summary_ar,responsible_unit,status
INC-00001,2026-01-25,متوسطة,نظام الأرشفة الإلكترونية,محاولة وصول غير مصرح إلى مواقع تخزين النسخ الاحتياطية,محاولات متكررة للوصول إلى مواقع تخزين النسخ خارج ساعات العمل. المرجع SOC-2026-7200 · الجهة المعنية: إدارة استمرارية الأعمال.,إدارة استمرارية الأعمال,مصعّد
INC-00002,2019-12-26,حرجة,مركز البيانات الاحتياطي,حادثة مساس بمتطلبات سيادة البيانات في مركز البيانات الاحتياطي,نقل بيانات خارج النطاق المصرح بما يخل بمتطلبات سيادة البيانات. المرجع SOC-2019-3006 · الجهة المعنية: فريق الاستجابة للحوادث.,فريق الاستجابة للحوادث,قيد المراجعة
INC-00003,2024-01-02,عالية,منصة التوثيق الإلكتروني,مراجعة ما بعد الحادثة لمنصة التوثيق الإلكتروني,مراجعة تفصيلية لأسباب جذرية وثغرات ضبط لم تُعالج بعد. المرجع SOC-2024-4333 · الجهة المعنية: إدارة استمرارية الأعمال.,إدارة استمرارية الأعمال,مصعّد
INC-00004,2019-12-22,متوسطة,نظام الأرشفة الإلكترونية,تقييم الأثر الاستراتيجي لانقطاع نظام الأرشفة الإلكترونية,دراسة استراتيجية لأثر الانقطاع على الالتزامات التعاقدية. المرجع SOC-2019-5479 · الجهة المعنية: مركز العمليات السيبرانية.,مركز العمليات السيبرانية,قيد المعالجة
INC-00005,2024-11-25,حرجة,نظام إدارة الأصول التقنية,رصد تحركات القوات في بيانات تتبع مسربة,ظهور بيانات تحركات القوات ضمن مجموعة بيانات مسربة قيد الفحص. المرجع SOC-2024-5589 · الجهة المعنية: وحدة الالتزام التنظيمي.,وحدة الالتزام التنظيمي,مصعّد
INC-00006,2023-08-11,متوسطة,نظام التخطيط المؤسسي,حجب خدمة موزع على نظام التخطيط المؤسسي - ينبع,تحقيق في هجوم حجب خدمة أثّر على توفر المنصة وخطة الصد. المرجع SOC-2023-4507 · الجهة المعنية: إدارة أمن المعلومات.,إدارة أمن المعلومات,مصعّد
INC-00007,2020-07-27,عالية,منصة الخدمات الحكومية الموحدة,تهديد بتعطيل منظومة ذات استخدام عسكري مساند,بلاغ عن استهداف منظومة عسكري الاستخدام مرتبطة بالجهة. المرجع SOC-2020-6439 · الجهة المعنية: إدارة حوكمة البيانات.,,قيد المعالجة
INC-00008,2024-07-03,عالية,بوابة الموردين الإلكترونية,إنذار أمني بشأن منشأة نووي الاستخدام المدني في سكاكا,إنذار تقني مرتبط بأنظمة منشأة نووي الاستخدام المدني. المرجع SOC-2024-4123 · الجهة المعنية: إدارة حوكمة البيانات.,إدارة حوكمة البيانات,مغلق
INC-00009,2024-10-13,عالية,مركز البيانات الاحتياطي,محاولة وصول غير مصرح إلى مواقع تخزين النسخ الاحتياطية,محاولات متكررة للوصول إلى مواقع تخزين النسخ خارج ساعات العمل. المرجع SOC-2024-7260 · الجهة المعنية: وحدة الالتزام التنظيمي.,وحدة الالتزام التنظيمي,مصعّد
INC-00010,2025-06-16,عالية,نظام النسخ الاحتياطي المركزي,تسريب مستندات تفاوضية من نظام النسخ الاحتياطي المركزي,تحقيق في تسريب مستندات ذات قيمة تنافسية إلى خارج الجهة. المرجع SOC-2025-9644 · الجهة المعنية: إدارة أمن المعلومات.,إدارة أمن المعلومات,مغلق بعد المراجعة
INC-00011,2019-09-13,عالية,نظام إدارة الأصول التقنية,مؤشرات اختراق مستمرة في شريحة الشبكة 190,نشاط مستمر غير مفسر داخل شريحة إنتاجية وخطة الاحتواء المرحلية. المرجع SOC-2019-3942 · الجهة المعنية: فريق اختبار الاختراق.,فريق اختبار الاختراق,مغلق بعد المراجعة
INC-00012,2021-01-14,متوسطة,شبكة الاتصالات الداخلية,تقييم الأثر الاستراتيجي لانقطاع شبكة الاتصالات الداخلية,دراسة استراتيجية لأثر الانقطاع على الالتزامات التعاقدية. المرجع SOC-2021-4296 · الجهة المعنية: إدارة استمرارية الأعمال.,إدارة استمرارية الأعمال,مصعّد
INC-00013,2024-12-27,متوسطة,شبكة الربط الحكومي,نتائج اختبار اختراق شبكة الربط الحكومي - الربع الأول 2024,تحقيق هجومي كشف مسارات تنفيذ أوامر عن بُعد قابلة للاستغلال. المرجع SOC-2024-5502 · الجهة المعنية: إدارة استمرارية الأعمال.,إدارة استمرارية الأعمال,قيد المعالجة
INC-00014,2022-04-19,عالية,نظام إدارة العقود,تسريب مستندات تفاوضية من نظام إدارة العقود,تحقيق في تسريب مستندات ذات قيمة تنافسية إلى خارج الجهة. المرجع SOC-2022-9860 · الجهة المعنية: فريق الاستجابة للحوادث.,فريق الاستجابة للحوادث,مغلق بعد المراجعة
INC-00015,2019-08-03,متوسطة,منصة الاجتماعات المؤمّنة,اختراق في سلسلة الإمداد عبر مكوّن طرف ثالث (2019),تحقيق في مكوّن مورد يحتوي شيفرة غير موثوقة داخل بيئة الإنتاج. المرجع SOC-2019-6332 · الجهة المعنية: إدارة أمن المعلومات.,إدارة أمن المعلومات,مغلق بعد المراجعة
INC-00016,2025-11-29,متوسطة,منصة التوثيق الإلكتروني,كشف بيانات اعتماد إدارية في مستودع شيفرة خارجي,تحقيق في نشر بيانات اعتماد تشغيلية بمستودع عام وإجراءات الإبطال. المرجع SOC-2025-1052 · الجهة المعنية: فريق الاستجابة للحوادث.,فريق الاستجابة للحوادث,مصعّد
INC-00017,2020-10-02,عالية,منصة تبادل البيانات الوطنية,تقرير استخبارات تهديد عن حملة تستهدف منصة تبادل البيانات الوطنية,تحليل استخبارات مصادر مفتوحة ومغلقة لحملة موجهة ضد جهات وطنية. المرجع SOC-2020-5009 · الجهة المعنية: فريق اختبار الاختراق.,فريق اختبار الاختراق,مغلق
INC-00018,2024-07-03,عالية,منصة الخدمات الحكومية الموحدة,تسريب مستندات تفاوضية من منصة الخدمات الحكومية الموحدة,تحقيق في تسريب مستندات ذات قيمة تنافسية إلى خارج الجهة. المرجع SOC-2024-7620 · الجهة المعنية: فريق اختبار الاختراق.,فريق اختبار الاختراق,مغلق
INC-00019,2022-01-24,عالية,بوابة المدفوعات الوطنية,قضية احتيال إلكتروني على بوابة المدفوعات (2022),قضية احتيال قيد المتابعة مع الجهات المختصة وتقدير الخسارة. المرجع SOC-2022-2708 · الجهة المعنية: فريق اختبار الاختراق.,فريق اختبار الاختراق,مغلق بعد المراجعة
INC-00020,2024-04-17,متوسطة,منصة الخدمات الحكومية الموحدة,خطة الاستجابة الاستراتيجية لحوادث قطاع الأعمال المؤسسية,خطة استراتيجية لتصعيد الحوادث وتوزيع الأدوار بين الفرق. المرجع SOC-2024-8727 · الجهة المعنية: إدارة استمرارية الأعمال.,إدارة استمرارية الأعمال,قيد المعالجة
INC-00021,2026-01-05,متوسطة,بوابة الموردين الإلكترونية,خطة الاستجابة الاستراتيجية لحوادث قطاع العمليات,خطة استراتيجية لتصعيد الحوادث وتوزيع الأدوار بين الفرق. المرجع SOC-2026-8089 · الجهة المعنية: فريق اختبار الاختراق.,فريق اختبار الاختراق,مغلق بعد المراجعة
INC-00022,2023-08-17,عالية,مركز البيانات الاحتياطي,إساءة استخدام صلاحيات إدارية في مركز البيانات الاحتياطي,تحقيق في استخدام حساب إداري للوصول إلى سجلات خارج نطاق العمل. المرجع SOC-2023-6953 · الجهة المعنية: إدارة المخاطر التقنية.,إدارة المخاطر التقنية,مصعّد
INC-00023,2024-05-23,متوسطة,نظام التخطيط المؤسسي,خطة الاستجابة الاستراتيجية لحوادث قطاع الشراكات,خطة استراتيجية لتصعيد الحوادث وتوزيع الأدوار بين الفرق. المرجع SOC-2024-8165 · الجهة المعنية: وحدة الالتزام التنظيمي.,وحدة الالتزام التنظيمي,مغلق
INC-00024,2024-06-09,متوسطة,منصة تبادل البيانات الوطنية,إساءة استخدام صلاحيات إدارية في منصة تبادل البيانات الوطنية,تحقيق في استخدام حساب إداري للوصول إلى سجلات خارج نطاق العمل. المرجع SOC-2024-2987 · الجهة المعنية: إدارة استمرارية الأعمال.,إدارة استمرارية الأعمال,مصعّد
INC-00025,2019-09-02,عالية,مركز البيانات الاحتياطي,حجب خدمة موزع على مركز البيانات الاحتياطي - خميس مشيط,تحقيق في هجوم حجب خدمة أثّر على توفر المنصة وخطة الصد. المرجع SOC-2019-7831 · الجهة المعنية: وحدة الالتزام التنظيمي.,وحدة الالتزام التنظيمي,قيد المعالجة
INC-00026,2022-02-20,متوسطة,شبكة الربط الحكومي,مراجعة ما بعد الحادثة لشبكة الربط الحكومي,مراجعة تفصيلية لأسباب جذرية وثغرات ضبط لم تُعالج بعد. المرجع SOC-2022-2913 · الجهة المعنية: وحدة الالتزام التنظيمي.,وحدة الالتزام التنظيمي,قيد المعالجة
INC-00027,2020-08-03,عالية,نظام إدارة الهوية المركزي,محاولة اختراق أنظمة التحكم في ميناء بحري,رصد نشاط مجموعة تهديد متقدمة يستهدف أنظمة تحكم منشأة حيوية وطنية. المرجع SOC-2020-5923 · الجهة المعنية: إدارة أمن المعلومات.,إدارة أمن المعلومات,مغلق بعد المراجعة
INC-00028,2022-08-23,حرجة,منصة المراسلات الرسمية,رصد تحركات القوات في بيانات تتبع مسربة,ظهور بيانات تحركات القوات ضمن مجموعة بيانات مسربة قيد الفحص. المرجع SOC-2022-8330 · الجهة المعنية: فريق الاستجابة للحوادث.,فريق الاستجابة للحوادث,مصعّد
INC-00029,2023-03-06,عالية,مركز البيانات الرئيسي,تسريب مستندات تفاوضية من مركز البيانات الرئيسي,تحقيق في تسريب مستندات ذات قيمة تنافسية إلى خارج الجهة. المرجع SOC-2023-3389 · الجهة المعنية: مركز العمليات السيبرانية.,مركز العمليات السيبرانية,قيد المعالجة
INC-00030,2019-07-19,حرجة,شبكة الربط الحكومي,تقرير استخبارات تهديد عن حملة تستهدف شبكة الربط الحكومي,تحليل استخبارات مصادر مفتوحة ومغلقة لحملة موجهة ضد جهات وطنية. المرجع SOC-2019-2646 · الجهة المعنية: إدارة استمرارية الأعمال.,إدارة استمرارية الأعمال,مصعّد
INC-00031,2024-09-28,عالية,منصة تبادل البيانات الوطنية,مؤشرات اختراق مستمرة في شريحة الشبكة 35,نشاط مستمر غير مفسر داخل شريحة إنتاجية وخطة الاحتواء المرحلية. المرجع SOC-2024-9447 · الجهة المعنية: إدارة استمرارية الأعمال.,إدارة استمرارية الأعمال,مصعّد
INC-00032,2025-05-16,عالية,شبكة الاتصالات الداخلية,إحاطة عاجلة للمركز الوطني بشأن حادثة الطائف,إحاطة تتضمن مؤشرات اختراق ومواقع تأثير لا يجوز تداولها. المرجع SOC-2025-3629 · الجهة المعنية: مركز العمليات السيبرانية.,مركز العمليات السيبرانية,مصعّد
INC-00033,2020-05-26,حرجة,بوابة المستفيدين,رصد تحركات القوات في بيانات تتبع مسربة,ظهور بيانات تحركات القوات ضمن مجموعة بيانات مسربة قيد الفحص. المرجع SOC-2020-4392 · الجهة المعنية: فريق الاستجابة للحوادث.,فريق الاستجابة للحوادث,مغلق
INC-00034,2023-01-07,عالية,بوابة المدفوعات الوطنية,محاولة وصول غير مصرح إلى مواقع تخزين النسخ الاحتياطية,محاولات متكررة للوصول إلى مواقع تخزين النسخ خارج ساعات العمل. المرجع SOC-2023-8111 · الجهة المعنية: فريق اختبار الاختراق.,فريق اختبار الاختراق,مصعّد
INC-00035,2019-05-03,متوسطة,نظام التخطيط المؤسسي,مراجعة ما بعد الحادثة لنظام التخطيط المؤسسي,مراجعة تفصيلية لأسباب جذرية وثغرات ضبط لم تُعالج بعد. المرجع SOC-2019-7287 · الجهة المعنية: مركز العمليات السيبرانية.,مركز العمليات السيبرانية,مغلق
INC-00036,2019-11-25,منخفضة,منصة الخدمات الحكومية الموحدة,تصريح عن اكتمال تحديث أمني في منصة الخدمات الحكومية الموحدة - 2019,تصريح رسمي عن اكتمال التحديث دون كشف تفاصيل فنية. المرجع SOC-2019-8722 · الجهة المعنية: وحدة الالتزام التنظيمي.,وحدة الالتزام التنظيمي,مغلق
INC-00037,2024-11-14,عالية,منصة الخدمات الحكومية الموحدة,تنسيق عمليات أمنية مشتركة بعد حادثة الطائف,إجراءات عمليات أمنية مشتركة مع جهات وطنية عقب الحادثة. المرجع SOC-2024-4857 · الجهة المعنية: فريق الاستجابة للحوادث.,فريق الاستجابة للحوادث,مغلق
INC-00038,2019-10-08,متوسطة,شبكة الربط الحكومي,قضية احتيال إلكتروني على بوابة المدفوعات (2019),قضية احتيال قيد المتابعة مع الجهات المختصة وتقدير الخسارة. المرجع SOC-2019-5541 · الجهة المعنية: إدارة استمرارية الأعمال.,إدارة استمرارية الأعمال,قيد المراجعة
INC-00039,2023-12-04,عالية,شبكة الربط الحكومي,رصد تحركات القوات في بيانات تتبع مسربة,ظهور بيانات تحركات القوات ضمن مجموعة بيانات مسربة قيد الفحص. المرجع SOC-2023-9297 · الجهة المعنية: وحدة الالتزام التنظيمي.,وحدة الالتزام التنظيمي,قيد المراجعة
INC-00040,2019-06-22,عالية,شبكة الربط الحكومي,اختراق شبكة ربط تخدم منشأة حيوية في سكاكا,وصول غير مصرح إلى شريحة شبكة تخدم منشأة حيوية وخطة العزل الفوري. المرجع SOC-2019-1064 · الجهة المعنية: إدارة استمرارية الأعمال.,إدارة استمرارية الأعمال,مغلق
INC-00041,2022-08-06,متوسطة,منصة تبادل البيانات الوطنية,حجب خدمة موزع على منصة تبادل البيانات الوطنية - حائل,تحقيق في هجوم حجب خدمة أثّر على توفر المنصة وخطة الصد. المرجع SOC-2022-6538 · الجهة المعنية: إدارة حوكمة البيانات.,إدارة حوكمة البيانات,مغلق بعد المراجعة
INC-00042,2026-01-02,متوسطة,نظام إدارة الأصول التقنية,هجوم فدية على نظام إدارة الأصول التقنية - الأحساء,قضية ابتزاز إلكتروني قيد المعالجة مع تقييم أثر التوقف التشغيلي. المرجع SOC-2026-9317 · الجهة المعنية: مركز العمليات السيبرانية.,مركز العمليات السيبرانية,مغلق بعد المراجعة
INC-00043,2023-10-11,متوسطة,شبكة الربط الحكومي,تسريب مستندات تفاوضية من شبكة الربط الحكومي,تحقيق في تسريب مستندات ذات قيمة تنافسية إلى خارج الجهة. المرجع SOC-2023-9391 · الجهة المعنية: وحدة الالتزام التنظيمي.,وحدة الالتزام التنظيمي,قيد المعالجة
INC-00044,2022-02-24,عالية,منصة التوثيق الإلكتروني,كشف بيانات اعتماد إدارية في مستودع شيفرة خارجي,تحقيق في نشر بيانات اعتماد تشغيلية بمستودع عام وإجراءات الإبطال. المرجع SOC-2022-9350 · الجهة المعنية: وحدة الالتزام التنظيمي.,وحدة الالتزام التنظيمي,مغلق بعد المراجعة
INC-00045,2025-01-07,متوسطة,منصة التحليلات المؤسسية,مراجعة ما بعد الحادثة لمنصة التحليلات المؤسسية,مراجعة تفصيلية لأسباب جذرية وثغرات ضبط لم تُعالج بعد. المرجع SOC-2025-8428 · الجهة المعنية: إدارة المخاطر التقنية.,إدارة المخاطر التقنية,مصعّد
INC-00046,2019-09-20,عالية,نظام إدارة العقود,تهديد بتعطيل منظومة ذات استخدام عسكري مساند,بلاغ عن استهداف منظومة عسكري الاستخدام مرتبطة بالجهة. المرجع SOC-2019-2960 · الجهة المعنية: إدارة المخاطر التقنية.,إدارة المخاطر التقنية,مصعّد
INC-00047,2025-07-18,متوسطة,منصة الاجتماعات المؤمّنة,نتائج اختبار اختراق منصة الاجتماعات المؤمّنة - الربع الأول 2025,تحقيق هجومي كشف مسارات تجاوز مصادقة قابلة للاستغلال. المرجع SOC-2025-7789 · الجهة المعنية: فريق الاستجابة للحوادث.,فريق الاستجابة للحوادث,مصعّد
INC-00048,2021-06-04,عالية,منصة التحليلات المؤسسية,ثغرة إعدادات افتراضية غير آمنة في منصة التحليلات المؤسسية,تحقيق فني في ثغرة مكتشفة وتقييم قابلية الاستغلال وخطة المعالجة. المرجع SOC-2021-9325 · الجهة المعنية: إدارة حوكمة البيانات.,إدارة حوكمة البيانات,مغلق
INC-00049,2024-04-25,عالية,شبكة الاتصالات الداخلية,حجب خدمة موزع على شبكة الاتصالات الداخلية - جدة,تحقيق في هجوم حجب خدمة أثّر على توفر المنصة وخطة الصد. المرجع SOC-2024-7515 · الجهة المعنية: فريق الاستجابة للحوادث.,فريق الاستجابة للحوادث,مصعّد
INC-00050,2022-04-08,عالية,نظام إدارة العقود,إساءة استخدام صلاحيات إدارية في نظام إدارة العقود,تحقيق في استخدام حساب إداري للوصول إلى سجلات خارج نطاق العمل. المرجع SOC-2022-7238 · الجهة المعنية: وحدة الالتزام التنظيمي.,وحدة الالتزام التنظيمي,قيد المعالجة
INC-00051,2019-10-21,عالية,شبكة الربط الحكومي,مراجعة ما بعد الحادثة لشبكة الربط الحكومي,مراجعة تفصيلية لأسباب جذرية وثغرات ضبط لم تُعالج بعد. المرجع SOC-2019-9996 · الجهة المعنية: إدارة استمرارية الأعمال.,إدارة استمرارية الأعمال,مغلق
INC-00052,2019-02-27,عالية,منصة التحليلات المؤسسية,رصد تحركات القوات في بيانات تتبع مسربة,ظهور بيانات تحركات القوات ضمن مجموعة بيانات مسربة قيد الفحص. المرجع SOC-2019-2285 · الجهة المعنية: فريق الاستجابة للحوادث.,فريق الاستجابة للحوادث,مغلق بعد المراجعة
INC-00053,2019-07-25,عالية,منصة تبادل البيانات الوطنية,مؤشرات اختراق مستمرة في شريحة الشبكة 31,نشاط مستمر غير مفسر داخل شريحة إنتاجية وخطة الاحتواء المرحلية. المرجع SOC-2019-1842 · الجهة المعنية: إدارة المخاطر التقنية.,إدارة المخاطر التقنية,مغلق بعد المراجعة
INC-00054,2024-07-13,عالية,مركز البيانات الرئيسي,نتائج اختبار اختراق مركز البيانات الرئيسي - الربع الثاني 2024,تحقيق هجومي كشف مسارات رفع صلاحيات قابلة للاستغلال. المرجع SOC-2024-6548 · الجهة المعنية: إدارة أمن المعلومات.,إدارة أمن المعلومات,مصعّد
INC-00055,2019-03-25,متوسطة,منصة المراسلات الرسمية,محاولة وصول غير مصرح إلى مواقع تخزين النسخ الاحتياطية,محاولات متكررة للوصول إلى مواقع تخزين النسخ خارج ساعات العمل. المرجع SOC-2019-5663 · الجهة المعنية: فريق اختبار الاختراق.,فريق اختبار الاختراق,قيد المعالجة
INC-00056,2026-06-10,عالية,نظام إدارة الهوية المركزي,اختراق في سلسلة الإمداد عبر مكوّن طرف ثالث (2026),تحقيق في مكوّن مورد يحتوي شيفرة غير موثوقة داخل بيئة الإنتاج. المرجع SOC-2026-5293 · الجهة المعنية: إدارة المخاطر التقنية.,إدارة المخاطر التقنية,مصعّد
INC-00057,2020-06-12,متوسطة,منصة التحليلات المؤسسية,خطة الاستجابة الاستراتيجية لحوادث قطاع الشراكات,خطة استراتيجية لتصعيد الحوادث وتوزيع الأدوار بين الفرق. المرجع SOC-2020-6150 · الجهة المعنية: إدارة استمرارية الأعمال.,إدارة استمرارية الأعمال,مغلق بعد المراجعة
INC-00058,2021-08-07,متوسطة,منصة الاجتماعات المؤمّنة,اختراق في سلسلة الإمداد عبر مكوّن طرف ثالث (2021),تحقيق في مكوّن مورد يحتوي شيفرة غير موثوقة داخل بيئة الإنتاج. المرجع SOC-2021-8629 · الجهة المعنية: فريق الاستجابة للحوادث.,فريق الاستجابة للحوادث,مصعّد
INC-00059,2023-12-05,منخفضة,منصة التوثيق الإلكتروني,تصريح عن اكتمال تحديث أمني في منصة التوثيق الإلكتروني - 2023,تصريح رسمي عن اكتمال التحديث دون كشف تفاصيل فنية. المرجع SOC-2023-7422 · الجهة المعنية: مركز العمليات السيبرانية.,مركز العمليات السيبرانية,قيد المراجعة
INC-00060,2022-04-02,عالية,شبكة الاتصالات الداخلية,حادثة مساس بمتطلبات سيادة البيانات في شبكة الاتصالات الداخلية,نقل بيانات خارج النطاق المصرح بما يخل بمتطلبات سيادة البيانات. المرجع SOC-2022-3709 · الجهة المعنية: مركز العمليات السيبرانية.,مركز العمليات السيبرانية,قيد المراجعة
INC-00061,2021-04-23,حرجة,نظام إدارة الهوية المركزي,إحاطة عاجلة للمركز الوطني بشأن حادثة الدمام,إحاطة تتضمن مؤشرات اختراق ومواقع تأثير لا يجوز تداولها. المرجع SOC-2021-6138 · الجهة المعنية: مركز العمليات السيبرانية.,مركز العمليات السيبرانية,قيد المراجعة
INC-00062,2020-06-25,متوسطة,بوابة المدفوعات الوطنية,تقييم الأثر الاستراتيجي لانقطاع بوابة المدفوعات الوطنية,دراسة استراتيجية لأثر الانقطاع على الالتزامات التعاقدية. المرجع SOC-2020-5861 · الجهة المعنية: فريق اختبار الاختراق.,فريق اختبار الاختراق,قيد المراجعة
INC-00063,2022-03-19,متوسطة,بوابة المستفيدين,بلاغ عن ضياع جهاز يحتوي بيانات هوية منسوبين,فقدان جهاز محمول يحتوي ملفات بها بيانات هوية وتواصل. المرجع SOC-2022-1622 · الجهة المعنية: إدارة أمن المعلومات.,إدارة أمن المعلومات,قيد المراجعة
INC-00064,2020-09-15,عالية,منصة الاجتماعات المؤمّنة,نتائج اختبار اختراق منصة الاجتماعات المؤمّنة - الربع الثاني 2020,تحقيق هجومي كشف مسارات تجاوز مصادقة قابلة للاستغلال. المرجع SOC-2020-8008 · الجهة المعنية: فريق الاستجابة للحوادث.,فريق الاستجابة للحوادث,مغلق بعد المراجعة
INC-00065,2022-03-23,عالية,نظام الأرشفة الإلكترونية,إساءة استخدام صلاحيات إدارية في نظام الأرشفة الإلكترونية,تحقيق في استخدام حساب إداري للوصول إلى سجلات خارج نطاق العمل. المرجع SOC-2022-5451 · الجهة المعنية: وحدة الالتزام التنظيمي.,وحدة الالتزام التنظيمي,قيد المراجعة
INC-00066,2022-07-11,عالية,شبكة الربط الحكومي,محاولة وصول غير مصرح إلى مواقع تخزين النسخ الاحتياطية,محاولات متكررة للوصول إلى مواقع تخزين النسخ خارج ساعات العمل. المرجع SOC-2022-1997 · الجهة المعنية: إدارة أمن المعلومات.,إدارة أمن المعلومات,مغلق
INC-00067,2019-11-20,متوسطة,نظام إدارة العقود,ثغرة ثغرة في سلسلة الإمداد في نظام إدارة العقود,تحقيق فني في ثغرة مكتشفة وتقييم قابلية الاستغلال وخطة المعالجة. المرجع SOC-2019-8205 · الجهة المعنية: مركز العمليات السيبرانية.,مركز العمليات السيبرانية,قيد المراجعة
INC-00068,2020-11-02,متوسطة,منصة التوثيق الإلكتروني,بلاغ عن ضياع جهاز يحتوي بيانات هوية منسوبين,فقدان جهاز محمول يحتوي ملفات بها بيانات هوية وتواصل. المرجع SOC-2020-4378 · الجهة المعنية: مركز العمليات السيبرانية.,مركز العمليات السيبرانية,قيد المراجعة
INC-00069,2021-01-28,عالية,شبكة الاتصالات الداخلية,قضية احتيال إلكتروني على بوابة المدفوعات (2021),قضية احتيال قيد المتابعة مع الجهات المختصة وتقدير الخسارة. المرجع SOC-2021-4379 · الجهة المعنية: فريق الاستجابة للحوادث.,فريق الاستجابة للحوادث,قيد المعالجة
INC-00070,2024-08-22,متوسطة,شبكة الربط الحكومي,كشف بيانات اعتماد إدارية في مستودع شيفرة خارجي,تحقيق في نشر بيانات اعتماد تشغيلية بمستودع عام وإجراءات الإبطال. المرجع SOC-2024-5057 · الجهة المعنية: مركز العمليات السيبرانية.,مركز العمليات السيبرانية,مصعّد
INC-00071,2020-11-13,عالية,بوابة الموردين الإلكترونية,تسريب مستندات تفاوضية من بوابة الموردين الإلكترونية,تحقيق في تسريب مستندات ذات قيمة تنافسية إلى خارج الجهة. المرجع SOC-2020-3900 · الجهة المعنية: مركز العمليات السيبرانية.,مركز العمليات السيبرانية,قيد المعالجة
INC-00072,2025-06-02,منخفضة,مركز البيانات الاحتياطي,كشف غير مقصود لبيانات شخصية في مركز البيانات الاحتياطي,إعداد خاطئ أدى لظهور بيانات شخصية لعدد محدود من المستفيدين. المرجع SOC-2025-8394 · الجهة المعنية: إدارة أمن المعلومات.,إدارة أمن المعلومات,مغلق بعد المراجعة
INC-00073,2021-11-09,عالية,نظام النسخ الاحتياطي المركزي,هجوم فدية على نظام النسخ الاحتياطي المركزي - خميس مشيط,قضية ابتزاز إلكتروني قيد المعالجة مع تقييم أثر التوقف التشغيلي. المرجع SOC-2021-8867 · الجهة المعنية: مركز العمليات السيبرانية.,مركز العمليات السيبرانية,مغلق بعد المراجعة
INC-00074,2019-05-02,عالية,نظام إدارة الهوية المركزي,هجوم فدية على نظام إدارة الهوية المركزي - نجران,قضية ابتزاز إلكتروني قيد المعالجة مع تقييم أثر التوقف التشغيلي. المرجع SOC-2019-5223 · الجهة المعنية: إدارة استمرارية الأعمال.,إدارة استمرارية الأعمال,مصعّد
INC-00075,2020-11-18,متوسطة,منصة الاجتماعات المؤمّنة,ثغرة ضعف في تشفير القنوات في منصة الاجتماعات المؤمّنة,تحقيق فني في ثغرة مكتشفة وتقييم قابلية الاستغلال وخطة المعالجة. المرجع SOC-2020-8879 · الجهة المعنية: فريق اختبار الاختراق.,فريق اختبار الاختراق,قيد المراجعة
INC-00076,2023-12-03,عالية,نظام التحقق الرقمي,اختراق شبكة ربط تخدم منشأة حيوية في الطائف,وصول غير مصرح إلى شريحة شبكة تخدم منشأة حيوية وخطة العزل الفوري. المرجع SOC-2023-2118 · الجهة المعنية: إدارة حوكمة البيانات.,إدارة حوكمة البيانات,مغلق
INC-00077,2025-07-25,عالية,شبكة الربط الحكومي,تقييم الأثر الاستراتيجي لانقطاع شبكة الربط الحكومي,دراسة استراتيجية لأثر الانقطاع على الالتزامات التعاقدية. المرجع SOC-2025-2603 · الجهة المعنية: إدارة استمرارية الأعمال.,إدارة استمرارية الأعمال,قيد المراجعة
INC-00078,2022-06-30,متوسطة,بوابة المستفيدين,خطة الاستجابة الاستراتيجية لحوادث قطاع الشراكات,خطة استراتيجية لتصعيد الحوادث وتوزيع الأدوار بين الفرق. المرجع SOC-2022-6447 · الجهة المعنية: إدارة المخاطر التقنية.,إدارة المخاطر التقنية,قيد المراجعة
INC-00079,2025-03-25,متوسطة,مركز البيانات الاحتياطي,تقييم الأثر الاستراتيجي لانقطاع مركز البيانات الاحتياطي,دراسة استراتيجية لأثر الانقطاع على الالتزامات التعاقدية. المرجع SOC-2025-3320 · الجهة المعنية: وحدة الالتزام التنظيمي.,وحدة الالتزام التنظيمي,مغلق
INC-00080,2025-02-16,حرجة,منصة الخدمات الحكومية الموحدة,اشتباه اختراق مرتبط بمواقع تخزين أسلحة خاضعة للرقابة,محاولة وصول إلى سجلات مواقع أسلحة ومواد خاضعة للرقابة. المرجع SOC-2025-7744 · الجهة المعنية: مركز العمليات السيبرانية.,مركز العمليات السيبرانية,مغلق
INC-00081,2023-05-29,حرجة,منصة تبادل البيانات الوطنية,اشتباه اختراق مرتبط بمواقع تخزين أسلحة خاضعة للرقابة,محاولة وصول إلى سجلات مواقع أسلحة ومواد خاضعة للرقابة. المرجع SOC-2023-1091 · الجهة المعنية: إدارة المخاطر التقنية.,إدارة المخاطر التقنية,قيد المراجعة
INC-00082,2026-06-01,عالية,نظام التخطيط المؤسسي,ثغرة ثغرة في سلسلة الإمداد في نظام التخطيط المؤسسي,تحقيق فني في ثغرة مكتشفة وتقييم قابلية الاستغلال وخطة المعالجة. المرجع SOC-2026-7915 · الجهة المعنية: وحدة الالتزام التنظيمي.,وحدة الالتزام التنظيمي,قيد المراجعة
INC-00083,2020-04-09,متوسطة,شبكة الربط الحكومي,إساءة استخدام صلاحيات إدارية في شبكة الربط الحكومي,تحقيق في استخدام حساب إداري للوصول إلى سجلات خارج نطاق العمل. المرجع SOC-2020-6160 · الجهة المعنية: مركز العمليات السيبرانية.,مركز العمليات السيبرانية,قيد المراجعة
INC-00084,2019-09-16,متوسطة,نظام التحقق الرقمي,محاولة تصيّد موجهة لمنسوبي ضبط الجودة,رسائل تصيّد تطلب بيانات هوية ودخول من الموظفين. المرجع SOC-2019-1521 · الجهة المعنية: إدارة استمرارية الأعمال.,إدارة استمرارية الأعمال,مصعّد
INC-00085,2024-05-07,عالية,بوابة المستفيدين,نتائج اختبار اختراق بوابة المستفيدين - الربع الثاني 2024,تحقيق هجومي كشف مسارات تنفيذ أوامر عن بُعد قابلة للاستغلال. المرجع SOC-2024-3712 · الجهة المعنية: إدارة أمن المعلومات.,إدارة أمن المعلومات,مغلق بعد المراجعة
INC-00086,2022-03-03,متوسطة,نظام التخطيط المؤسسي,ثغرة كشف بيانات حساسة في نظام التخطيط المؤسسي,تحقيق فني في ثغرة مكتشفة وتقييم قابلية الاستغلال وخطة المعالجة. المرجع SOC-2022-8662 · الجهة المعنية: إدارة استمرارية الأعمال.,إدارة استمرارية الأعمال,مصعّد
INC-00087,2025-07-05,متوسطة,منصة المراسلات الرسمية,محاولة وصول غير مصرح إلى مواقع تخزين النسخ الاحتياطية,محاولات متكررة للوصول إلى مواقع تخزين النسخ خارج ساعات العمل. المرجع SOC-2025-3609 · الجهة المعنية: إدارة استمرارية الأعمال.,إدارة استمرارية الأعمال,قيد المعالجة
INC-00088,2025-12-03,منخفضة,بوابة المستفيدين,تصريح عن اكتمال تحديث أمني في بوابة المستفيدين - 2025,تصريح رسمي عن اكتمال التحديث دون كشف تفاصيل فنية. المرجع SOC-2025-9094 · الجهة المعنية: مركز العمليات السيبرانية.,مركز العمليات السيبرانية,مصعّد
INC-00089,2022-12-01,منخفضة,بوابة المستفيدين,بلاغ عن ضياع جهاز يحتوي بيانات هوية منسوبين,فقدان جهاز محمول يحتوي ملفات بها بيانات هوية وتواصل. المرجع SOC-2022-1113 · الجهة المعنية: إدارة أمن المعلومات.,إدارة أمن المعلومات,مصعّد
INC-00090,2022-11-04,متوسطة,منصة التوثيق الإلكتروني,اختراق في سلسلة الإمداد عبر مكوّن طرف ثالث (2022),تحقيق في مكوّن مورد يحتوي شيفرة غير موثوقة داخل بيئة الإنتاج. المرجع SOC-2022-7597 · الجهة المعنية: فريق الاستجابة للحوادث.,فريق الاستجابة للحوادث,مصعّد
INC-00091,2023-01-05,عالية,منصة المراسلات الرسمية,خطة الاستجابة الاستراتيجية لحوادث قطاع العمليات,خطة استراتيجية لتصعيد الحوادث وتوزيع الأدوار بين الفرق. المرجع SOC-2023-4644 · الجهة المعنية: فريق اختبار الاختراق.,فريق اختبار الاختراق,مغلق بعد المراجعة
INC-00092,2023-01-27,عالية,منصة التوثيق الإلكتروني,إساءة استخدام صلاحيات إدارية في منصة التوثيق الإلكتروني,تحقيق في استخدام حساب إداري للوصول إلى سجلات خارج نطاق العمل. المرجع SOC-2023-7398 · الجهة المعنية: مركز العمليات السيبرانية.,مركز العمليات السيبرانية,مصعّد
INC-00093,2021-06-04,متوسطة,شبكة الربط الحكومي,قضية احتيال إلكتروني على بوابة المدفوعات (2021),قضية احتيال قيد المتابعة مع الجهات المختصة وتقدير الخسارة. المرجع SOC-2021-2266 · الجهة المعنية: إدارة أمن المعلومات.,إدارة أمن المعلومات,قيد المراجعة
INC-00094,2019-03-09,عالية,منصة التوثيق الإلكتروني,محاولة اختراق أنظمة التحكم في مركز التحكم بالسكك الحديدية,رصد نشاط شبكة احتيال منظمة يستهدف أنظمة تحكم منشأة حيوية وطنية. المرجع SOC-2019-8050 · الجهة المعنية: إدارة المخاطر التقنية.,إدارة المخاطر التقنية,مصعّد
INC-00095,2020-02-23,حرجة,منصة التحليلات المؤسسية,اختراق شبكة ربط تخدم منشأة حيوية في نجران,وصول غير مصرح إلى شريحة شبكة تخدم منشأة حيوية وخطة العزل الفوري. المرجع SOC-2020-4508 · الجهة المعنية: إدارة حوكمة البيانات.,إدارة حوكمة البيانات,قيد المراجعة
INC-00096,2019-08-05,عالية,نظام التخطيط المؤسسي,رصد تحركات القوات في بيانات تتبع مسربة,ظهور بيانات تحركات القوات ضمن مجموعة بيانات مسربة قيد الفحص. المرجع SOC-2019-2908 · الجهة المعنية: إدارة المخاطر التقنية.,إدارة المخاطر التقنية,قيد المراجعة
INC-00097,2020-05-21,متوسطة,منصة تبادل البيانات الوطنية,تقييم الأثر الاستراتيجي لانقطاع منصة تبادل البيانات الوطنية,دراسة استراتيجية لأثر الانقطاع على الالتزامات التعاقدية. المرجع SOC-2020-5128 · الجهة المعنية: إدارة المخاطر التقنية.,إدارة المخاطر التقنية,مغلق
INC-00098,2024-08-20,منخفضة,نظام الأرشفة الإلكترونية,مخالفة خصوصية في مشاركة سجلات المستفيدين,مشاركة سجلات دون تطبيق ضوابط خصوصية المستفيدين. المرجع SOC-2024-7531 · الجهة المعنية: إدارة أمن المعلومات.,إدارة أمن المعلومات,قيد المعالجة
INC-00099,2025-08-08,عالية,منصة الاجتماعات المؤمّنة,هجوم فدية على منصة الاجتماعات المؤمّنة - ينبع,قضية ابتزاز إلكتروني قيد المعالجة مع تقييم أثر التوقف التشغيلي. المرجع SOC-2025-2194 · الجهة المعنية: مركز العمليات السيبرانية.,مركز العمليات السيبرانية,مغلق
INC-00100,2019-05-22,منخفضة,منصة التوثيق الإلكتروني,مشاركة مخطط الشبكة مع مورد دون تصريح,إرسال مخطط الشبكة الداخلية لمورد خارج قناة الاعتماد. المرجع SOC-2019-1316 · الجهة المعنية: إدارة أمن المعلومات.,إدارة أمن المعلومات,قيد المراجعة
INC-00101,2022-10-09,عالية,بوابة المستفيدين,حجب خدمة موزع على بوابة المستفيدين - مكة المكرمة,تحقيق في هجوم حجب خدمة أثّر على توفر المنصة وخطة الصد. المرجع SOC-2022-2026 · الجهة المعنية: إدارة حوكمة البيانات.,إدارة حوكمة البيانات,قيد المعالجة
INC-00102,2026-04-27,منخفضة,شبكة الربط الحكومي,إحصاءات جاهزية الأمن السيبراني المعلنة - قطاع الشراكات 2026,إحصاءات مجمّعة معلنة عن مؤشرات الجاهزية دون تفاصيل تشغيلية. المرجع SOC-2026-3313 · الجهة المعنية: إدارة أمن المعلومات.,إدارة أمن المعلومات,مغلق
INC-00103,2025-10-12,عالية,مركز البيانات الاحتياطي,خطة الاستجابة الاستراتيجية لحوادث قطاع الشراكات,خطة استراتيجية لتصعيد الحوادث وتوزيع الأدوار بين الفرق. المرجع SOC-2025-4644 · الجهة المعنية: إدارة استمرارية الأعمال.,إدارة استمرارية الأعمال,قيد المعالجة
INC-00104,2020-09-21,حرجة,نظام الأرشفة الإلكترونية,اشتباه تسريب مفاتيح التشفير الخاصة بنظام الأرشفة الإلكترونية,مؤشرات على كشف مفاتيح التشفير المستخدمة في حماية قنوات وطنية. المرجع SOC-2020-1334 · الجهة المعنية: فريق الاستجابة للحوادث.,فريق الاستجابة للحوادث,قيد المراجعة
INC-00105,2021-02-05,حرجة,منصة التحليلات المؤسسية,اختراق شبكة ربط تخدم منشأة حيوية في خميس مشيط,وصول غير مصرح إلى شريحة شبكة تخدم منشأة حيوية وخطة العزل الفوري. المرجع SOC-2021-7698 · الجهة المعنية: إدارة أمن المعلومات.,إدارة أمن المعلومات,مصعّد
INC-00106,2023-04-30,حرجة,شبكة الاتصالات الداخلية,اشتباه اختراق مرتبط بمواقع تخزين أسلحة خاضعة للرقابة,محاولة وصول إلى سجلات مواقع أسلحة ومواد خاضعة للرقابة. المرجع SOC-2023-9052 · الجهة المعنية: فريق اختبار الاختراق.,فريق اختبار الاختراق,قيد المعالجة
INC-00107,2025-12-12,عالية,نظام التحقق الرقمي,كشف بيانات اعتماد إدارية في مستودع شيفرة خارجي,تحقيق في نشر بيانات اعتماد تشغيلية بمستودع عام وإجراءات الإبطال. المرجع SOC-2025-2608 · الجهة المعنية: إدارة أمن المعلومات.,إدارة أمن المعلومات,مغلق
INC-00108,2025-02-19,متوسطة,منصة التحليلات المؤسسية,إساءة استخدام صلاحيات إدارية في منصة التحليلات المؤسسية,تحقيق في استخدام حساب إداري للوصول إلى سجلات خارج نطاق العمل. المرجع SOC-2025-7654 · الجهة المعنية: مركز العمليات السيبرانية.,مركز العمليات السيبرانية,مغلق بعد المراجعة
INC-00109,2024-06-10,متوسطة,منصة التوثيق الإلكتروني,اختراق في سلسلة الإمداد عبر مكوّن طرف ثالث (2024),تحقيق في مكوّن مورد يحتوي شيفرة غير موثوقة داخل بيئة الإنتاج. المرجع SOC-2024-8094 · الجهة المعنية: مركز العمليات السيبرانية.,مركز العمليات السيبرانية,مغلق بعد المراجعة
INC-00110,2023-10-07,متوسطة,بوابة المدفوعات الوطنية,محاولة وصول غير مصرح إلى مواقع تخزين النسخ الاحتياطية,محاولات متكررة للوصول إلى مواقع تخزين النسخ خارج ساعات العمل. المرجع SOC-2023-9909 · الجهة المعنية: وحدة الالتزام التنظيمي.,وحدة الالتزام التنظيمي,قيد المراجعة
INC-00111,2020-10-09,متوسطة,بوابة المستفيدين,إساءة استخدام صلاحيات إدارية في بوابة المستفيدين,تحقيق في استخدام حساب إداري للوصول إلى سجلات خارج نطاق العمل. المرجع SOC-2020-2946 · الجهة المعنية: إدارة المخاطر التقنية.,إدارة المخاطر التقنية,مغلق
INC-00112,2021-03-16,عالية,نظام إدارة الأصول التقنية,تسريب مستندات تفاوضية من نظام إدارة الأصول التقنية,تحقيق في تسريب مستندات ذات قيمة تنافسية إلى خارج الجهة. المرجع SOC-2021-5288 · الجهة المعنية: إدارة استمرارية الأعمال.,إدارة استمرارية الأعمال,مغلق بعد المراجعة
INC-00113,2022-03-05,متوسطة,منصة التوثيق الإلكتروني,قضية احتيال إلكتروني على بوابة المدفوعات (2022),قضية احتيال قيد المتابعة مع الجهات المختصة وتقدير الخسارة. المرجع SOC-2022-9457 · الجهة المعنية: إدارة أمن المعلومات.,إدارة أمن المعلومات,مغلق
INC-00114,2024-04-16,منخفضة,نظام إدارة العقود,مخالفة خصوصية في مشاركة سجلات المستفيدين,مشاركة سجلات دون تطبيق ضوابط خصوصية المستفيدين. المرجع SOC-2024-1467 · الجهة المعنية: فريق الاستجابة للحوادث.,فريق الاستجابة للحوادث,مصعّد
INC-00115,2026-06-06,حرجة,نظام التحقق الرقمي,تنسيق عمليات أمنية مشتركة بعد حادثة الرياض,إجراءات عمليات أمنية مشتركة مع جهات وطنية عقب الحادثة. المرجع SOC-2026-9010 · الجهة المعنية: وحدة الالتزام التنظيمي.,وحدة الالتزام التنظيمي,قيد المعالجة
INC-00116,2021-10-17,عالية,مركز البيانات الرئيسي,قضية احتيال إلكتروني على بوابة المدفوعات (2021),قضية احتيال قيد المتابعة مع الجهات المختصة وتقدير الخسارة. المرجع SOC-2021-5641 · الجهة المعنية: إدارة حوكمة البيانات.,إدارة حوكمة البيانات,قيد المعالجة
INC-00117,2021-10-26,متوسطة,نظام النسخ الاحتياطي المركزي,كشف بيانات اعتماد إدارية في مستودع شيفرة خارجي,تحقيق في نشر بيانات اعتماد تشغيلية بمستودع عام وإجراءات الإبطال. المرجع SOC-2021-6500 · الجهة المعنية: وحدة الالتزام التنظيمي.,وحدة الالتزام التنظيمي,مغلق
INC-00118,2025-09-25,متوسطة,شبكة الربط الحكومي,هجوم فدية على شبكة الربط الحكومي - ينبع,قضية ابتزاز إلكتروني قيد المعالجة مع تقييم أثر التوقف التشغيلي. المرجع SOC-2025-6636 · الجهة المعنية: فريق الاستجابة للحوادث.,فريق الاستجابة للحوادث,مغلق
INC-00119,2020-12-27,عالية,نظام إدارة الأصول التقنية,كشف بيانات اعتماد إدارية في مستودع شيفرة خارجي,تحقيق في نشر بيانات اعتماد تشغيلية بمستودع عام وإجراءات الإبطال. المرجع SOC-2020-9543 · الجهة المعنية: فريق الاستجابة للحوادث.,فريق الاستجابة للحوادث,قيد المراجعة
INC-00120,2024-08-24,عالية,منصة التوثيق الإلكتروني,محاولة وصول غير مصرح إلى مواقع تخزين النسخ الاحتياطية,محاولات متكررة للوصول إلى مواقع تخزين النسخ خارج ساعات العمل. المرجع SOC-2024-3780 · الجهة المعنية: وحدة الالتزام التنظيمي.,وحدة الالتزام التنظيمي,مغلق بعد المراجعة
INC-00121,2024-05-22,متوسطة,نظام إدارة الأصول التقنية,تسريب مستندات تفاوضية من نظام إدارة الأصول التقنية,تحقيق في تسريب مستندات ذات قيمة تنافسية إلى خارج الجهة. المرجع SOC-2024-4595 · الجهة المعنية: وحدة الالتزام التنظيمي.,وحدة الالتزام التنظيمي,قيد المعالجة
INC-00122,2024-05-03,متوسطة,بوابة المدفوعات الوطنية,هجوم فدية على بوابة المدفوعات الوطنية - سكاكا,قضية ابتزاز إلكتروني قيد المعالجة مع تقييم أثر التوقف التشغيلي. المرجع SOC-2024-7697 · الجهة المعنية: إدارة أمن المعلومات.,إدارة أمن المعلومات,قيد المعالجة
INC-00123,2020-09-18,عالية,منصة الاجتماعات المؤمّنة,ثغرة حقن أوامر في منصة الاجتماعات المؤمّنة,تحقيق فني في ثغرة مكتشفة وتقييم قابلية الاستغلال وخطة المعالجة. المرجع SOC-2020-4479 · الجهة المعنية: إدارة حوكمة البيانات.,إدارة حوكمة البيانات,قيد المعالجة
INC-00124,2023-04-23,عالية,شبكة الاتصالات الداخلية,اشتباه اختراق مرتبط بمواقع تخزين أسلحة خاضعة للرقابة,محاولة وصول إلى سجلات مواقع أسلحة ومواد خاضعة للرقابة. المرجع SOC-2023-3798 · الجهة المعنية: فريق اختبار الاختراق.,فريق اختبار الاختراق,قيد المراجعة
INC-00125,2022-03-17,متوسطة,بوابة الموردين الإلكترونية,ثغرة رفع صلاحيات في بوابة الموردين الإلكترونية,تحقيق فني في ثغرة مكتشفة وتقييم قابلية الاستغلال وخطة المعالجة. المرجع SOC-2022-3331 · الجهة المعنية: إدارة حوكمة البيانات.,إدارة حوكمة البيانات,مغلق
INC-00126,2021-08-30,عالية,منصة المراسلات الرسمية,تنسيق عمليات أمنية مشتركة بعد حادثة الطائف,إجراءات عمليات أمنية مشتركة مع جهات وطنية عقب الحادثة. المرجع SOC-2021-1494 · الجهة المعنية: إدارة المخاطر التقنية.,إدارة المخاطر التقنية,قيد المعالجة
INC-00127,2026-06-11,متوسطة,منصة المراسلات الرسمية,قضية احتيال إلكتروني على بوابة المدفوعات (2026),قضية احتيال قيد المتابعة مع الجهات المختصة وتقدير الخسارة. المرجع SOC-2026-3924 · الجهة المعنية: إدارة استمرارية الأعمال.,إدارة استمرارية الأعمال,مغلق
INC-00128,2019-10-18,عالية,شبكة الربط الحكومي,هجوم فدية على شبكة الربط الحكومي - جازان,قضية ابتزاز إلكتروني قيد المعالجة مع تقييم أثر التوقف التشغيلي. المرجع SOC-2019-2320 · الجهة المعنية: مركز العمليات السيبرانية.,مركز العمليات السيبرانية,مصعّد
INC-00129,2021-04-15,عالية,شبكة الربط الحكومي,ثغرة تجاوز مصادقة في شبكة الربط الحكومي,تحقيق فني في ثغرة مكتشفة وتقييم قابلية الاستغلال وخطة المعالجة. المرجع SOC-2021-5408 · الجهة المعنية: إدارة حوكمة البيانات.,إدارة حوكمة البيانات,مغلق بعد المراجعة
INC-00130,2025-02-13,متوسطة,نظام التخطيط المؤسسي,مراجعة ما بعد الحادثة لنظام التخطيط المؤسسي,مراجعة تفصيلية لأسباب جذرية وثغرات ضبط لم تُعالج بعد. المرجع SOC-2025-1293 · الجهة المعنية: إدارة أمن المعلومات.,إدارة أمن المعلومات,قيد المراجعة
INC-00131,2023-12-24,متوسطة,بوابة المدفوعات الوطنية,إساءة استخدام صلاحيات إدارية في بوابة المدفوعات الوطنية,تحقيق في استخدام حساب إداري للوصول إلى سجلات خارج نطاق العمل. المرجع SOC-2023-7646 · الجهة المعنية: إدارة أمن المعلومات.,إدارة أمن المعلومات,قيد المعالجة
INC-00132,2026-06-10,عالية,منصة التوثيق الإلكتروني,تقييم الأثر الاستراتيجي لانقطاع منصة التوثيق الإلكتروني,دراسة استراتيجية لأثر الانقطاع على الالتزامات التعاقدية. المرجع SOC-2026-7458 · الجهة المعنية: إدارة استمرارية الأعمال.,إدارة استمرارية الأعمال,قيد المعالجة
INC-00133,2024-03-28,منخفضة,منصة المراسلات الرسمية,إعلان تدريب توعوي لمنسوبي قطاع التحول الرقمي في خميس مشيط,إعلان عن برنامج تدريب توعوي مفتوح للتسجيل. المرجع SOC-2024-9060 · الجهة المعنية: إدارة حوكمة البيانات.,إدارة حوكمة البيانات,مصعّد
INC-00134,2022-11-16,عالية,مركز البيانات الاحتياطي,إنذار أمني بشأن منشأة نووي الاستخدام المدني في تبوك,إنذار تقني مرتبط بأنظمة منشأة نووي الاستخدام المدني. المرجع SOC-2022-5740 · الجهة المعنية: فريق الاستجابة للحوادث.,فريق الاستجابة للحوادث,مغلق بعد المراجعة
INC-00135,2025-09-21,متوسطة,مركز البيانات الرئيسي,مراجعة ما بعد الحادثة لمركز البيانات الرئيسي,مراجعة تفصيلية لأسباب جذرية وثغرات ضبط لم تُعالج بعد. المرجع SOC-2025-9202 · الجهة المعنية: إدارة المخاطر التقنية.,إدارة المخاطر التقنية,مصعّد
INC-00136,2024-12-05,متوسطة,بوابة الموردين الإلكترونية,هجوم فدية على بوابة الموردين الإلكترونية - سكاكا,قضية ابتزاز إلكتروني قيد المعالجة مع تقييم أثر التوقف التشغيلي. المرجع SOC-2024-4115 · الجهة المعنية: فريق الاستجابة للحوادث.,فريق الاستجابة للحوادث,قيد المراجعة
INC-00137,2025-06-08,متوسطة,منصة التحليلات المؤسسية,تسريب مستندات تفاوضية من منصة التحليلات المؤسسية,تحقيق في تسريب مستندات ذات قيمة تنافسية إلى خارج الجهة. المرجع SOC-2025-1358 · الجهة المعنية: إدارة استمرارية الأعمال.,إدارة استمرارية الأعمال,مصعّد
INC-00138,2020-02-13,عالية,شبكة الاتصالات الداخلية,إساءة استخدام صلاحيات إدارية في شبكة الاتصالات الداخلية,تحقيق في استخدام حساب إداري للوصول إلى سجلات خارج نطاق العمل. المرجع SOC-2020-9233 · الجهة المعنية: إدارة حوكمة البيانات.,إدارة حوكمة البيانات,مغلق
INC-00139,2021-08-10,منخفضة,منصة التوثيق الإلكتروني,بلاغ عن ضياع جهاز يحتوي بيانات هوية منسوبين,فقدان جهاز محمول يحتوي ملفات بها بيانات هوية وتواصل. المرجع SOC-2021-7080 · الجهة المعنية: فريق اختبار الاختراق.,فريق اختبار الاختراق,مغلق
INC-00140,2020-05-22,متوسطة,نظام إدارة العقود,نتائج اختبار اختراق نظام إدارة العقود - الربع الثاني 2020,تحقيق هجومي كشف مسارات ثغرة في سلسلة الإمداد قابلة للاستغلال. المرجع SOC-2020-9920 · الجهة المعنية: إدارة المخاطر التقنية.,إدارة المخاطر التقنية,مصعّد
INC-00141,2022-06-28,متوسطة,منصة الخدمات الحكومية الموحدة,تقييم الأثر الاستراتيجي لانقطاع منصة الخدمات الحكومية الموحدة,دراسة استراتيجية لأثر الانقطاع على الالتزامات التعاقدية. المرجع SOC-2022-6142 · الجهة المعنية: فريق اختبار الاختراق.,فريق اختبار الاختراق,مغلق
INC-00142,2022-03-16,عالية,نظام إدارة الأصول التقنية,هجوم فدية على نظام إدارة الأصول التقنية - جازان,قضية ابتزاز إلكتروني قيد المعالجة مع تقييم أثر التوقف التشغيلي. المرجع SOC-2022-4944 · الجهة المعنية: إدارة أمن المعلومات.,إدارة أمن المعلومات,مغلق بعد المراجعة
INC-00143,2023-01-26,عالية,نظام التخطيط المؤسسي,حجب خدمة موزع على نظام التخطيط المؤسسي - الطائف,تحقيق في هجوم حجب خدمة أثّر على توفر المنصة وخطة الصد. المرجع SOC-2023-6783 · الجهة المعنية: إدارة استمرارية الأعمال.,إدارة استمرارية الأعمال,قيد المعالجة
INC-00144,2020-06-23,متوسطة,منصة التوثيق الإلكتروني,حجب خدمة موزع على منصة التوثيق الإلكتروني - عرعر,تحقيق في هجوم حجب خدمة أثّر على توفر المنصة وخطة الصد. المرجع SOC-2020-7122 · الجهة المعنية: فريق اختبار الاختراق.,فريق اختبار الاختراق,قيد المعالجة
INC-00145,2025-06-26,متوسطة,مركز البيانات الرئيسي,مراجعة ما بعد الحادثة لمركز البيانات الرئيسي,مراجعة تفصيلية لأسباب جذرية وثغرات ضبط لم تُعالج بعد. المرجع SOC-2025-8832 · الجهة المعنية: إدارة أمن المعلومات.,إدارة أمن المعلومات,قيد المراجعة
INC-00146,2022-11-29,حرجة,منصة الخدمات الحكومية الموحدة,حادثة مساس بمتطلبات سيادة البيانات في منصة الخدمات الحكومية الموحدة,نقل بيانات خارج النطاق المصرح بما يخل بمتطلبات سيادة البيانات. المرجع SOC-2022-4420 · الجهة المعنية: مركز العمليات السيبرانية.,,قيد المراجعة
INC-00147,2026-04-15,عالية,منصة تبادل البيانات الوطنية,تنسيق عمليات أمنية مشتركة بعد حادثة جدة,إجراءات عمليات أمنية مشتركة مع جهات وطنية عقب الحادثة. المرجع SOC-2026-8894 · الجهة المعنية: وحدة الالتزام التنظيمي.,وحدة الالتزام التنظيمي,مغلق
INC-00148,2021-02-05,عالية,نظام التحقق الرقمي,كشف بيانات اعتماد إدارية في مستودع شيفرة خارجي,تحقيق في نشر بيانات اعتماد تشغيلية بمستودع عام وإجراءات الإبطال. المرجع SOC-2021-7735 · الجهة المعنية: فريق اختبار الاختراق.,فريق اختبار الاختراق,قيد المعالجة
INC-00149,2020-11-11,عالية,مركز البيانات الاحتياطي,مؤشرات اختراق مستمرة في شريحة الشبكة 81,نشاط مستمر غير مفسر داخل شريحة إنتاجية وخطة الاحتواء المرحلية. المرجع SOC-2020-5272 · الجهة المعنية: إدارة حوكمة البيانات.,إدارة حوكمة البيانات,مغلق بعد المراجعة
INC-00150,2023-05-02,عالية,شبكة الربط الحكومي,محاولة وصول غير مصرح إلى مواقع تخزين النسخ الاحتياطية,محاولات متكررة للوصول إلى مواقع تخزين النسخ خارج ساعات العمل. المرجع SOC-2023-7862 · الجهة المعنية: فريق الاستجابة للحوادث.,فريق الاستجابة للحوادث,مغلق
INC-00151,2019-06-29,متوسطة,نظام إدارة الهوية المركزي,ثغرة تنفيذ أوامر عن بُعد في نظام إدارة الهوية المركزي,تحقيق فني في ثغرة مكتشفة وتقييم قابلية الاستغلال وخطة المعالجة. المرجع SOC-2019-6939 · الجهة المعنية: إدارة حوكمة البيانات.,إدارة حوكمة البيانات,قيد المعالجة
INC-00152,2025-12-30,منخفضة,منصة المراسلات الرسمية,إعلان تدريب توعوي لمنسوبي قطاع العمليات في خميس مشيط,إعلان عن برنامج تدريب توعوي مفتوح للتسجيل. المرجع SOC-2025-8053 · الجهة المعنية: فريق اختبار الاختراق.,فريق اختبار الاختراق,مغلق بعد المراجعة
INC-00153,2019-11-27,عالية,بوابة المستفيدين,مراجعة ما بعد الحادثة لبوابة المستفيدين,مراجعة تفصيلية لأسباب جذرية وثغرات ضبط لم تُعالج بعد. المرجع SOC-2019-2211 · الجهة المعنية: وحدة الالتزام التنظيمي.,وحدة الالتزام التنظيمي,مغلق بعد المراجعة
INC-00154,2024-04-11,عالية,منصة الخدمات الحكومية الموحدة,كشف بيانات اعتماد إدارية في مستودع شيفرة خارجي,تحقيق في نشر بيانات اعتماد تشغيلية بمستودع عام وإجراءات الإبطال. المرجع SOC-2024-5909 · الجهة المعنية: وحدة الالتزام التنظيمي.,وحدة الالتزام التنظيمي,قيد المعالجة
INC-00155,2021-01-19,متوسطة,مركز البيانات الاحتياطي,نتائج اختبار اختراق مركز البيانات الاحتياطي - الربع الثالث 2021,تحقيق هجومي كشف مسارات إعدادات افتراضية غير آمنة قابلة للاستغلال. المرجع SOC-2021-5790 · الجهة المعنية: وحدة الالتزام التنظيمي.,وحدة الالتزام التنظيمي,قيد المراجعة
INC-00156,2020-08-09,متوسطة,منصة الخدمات الحكومية الموحدة,كشف بيانات اعتماد إدارية في مستودع شيفرة خارجي,تحقيق في نشر بيانات اعتماد تشغيلية بمستودع عام وإجراءات الإبطال. المرجع SOC-2020-8176 · الجهة المعنية: فريق الاستجابة للحوادث.,فريق الاستجابة للحوادث,قيد المعالجة
INC-00157,2020-01-25,عالية,بوابة الموردين الإلكترونية,محاولة وصول غير مصرح إلى مواقع تخزين النسخ الاحتياطية,محاولات متكررة للوصول إلى مواقع تخزين النسخ خارج ساعات العمل. المرجع SOC-2020-1354 · الجهة المعنية: مركز العمليات السيبرانية.,مركز العمليات السيبرانية,قيد المراجعة
INC-00158,2021-02-06,متوسطة,منصة تبادل البيانات الوطنية,حجب خدمة موزع على منصة تبادل البيانات الوطنية - الطائف,تحقيق في هجوم حجب خدمة أثّر على توفر المنصة وخطة الصد. المرجع SOC-2021-6845 · الجهة المعنية: إدارة استمرارية الأعمال.,إدارة استمرارية الأعمال,قيد المراجعة
INC-00159,2024-02-06,منخفضة,منصة المراسلات الرسمية,مذكرة داخلية عن ضبط صلاحيات منصة المراسلات الرسمية,مذكرة داخلية لتنظيم منح الصلاحيات ومراجعتها الدورية. المرجع SOC-2024-3654 · الجهة المعنية: مركز العمليات السيبرانية.,مركز العمليات السيبرانية,مصعّد
INC-00160,2025-03-19,متوسطة,منصة الاجتماعات المؤمّنة,مذكرة داخلية عن ضبط صلاحيات منصة الاجتماعات المؤمّنة,مذكرة داخلية لتنظيم منح الصلاحيات ومراجعتها الدورية. المرجع SOC-2025-4452 · الجهة المعنية: وحدة الالتزام التنظيمي.,وحدة الالتزام التنظيمي,مصعّد
INC-00161,2019-12-16,عالية,منصة الاجتماعات المؤمّنة,محاولة وصول غير مصرح إلى مواقع تخزين النسخ الاحتياطية,محاولات متكررة للوصول إلى مواقع تخزين النسخ خارج ساعات العمل. المرجع SOC-2019-6605 · الجهة المعنية: إدارة استمرارية الأعمال.,إدارة استمرارية الأعمال,قيد المراجعة
INC-00162,2020-07-11,عالية,بوابة المستفيدين,نتائج اختبار اختراق بوابة المستفيدين - الربع الثاني 2020,تحقيق هجومي كشف مسارات تخطي التحكم بالوصول قابلة للاستغلال. المرجع SOC-2020-5113 · الجهة المعنية: فريق الاستجابة للحوادث.,فريق الاستجابة للحوادث,مغلق بعد المراجعة
INC-00163,2020-01-27,متوسطة,منصة الخدمات الحكومية الموحدة,بلاغ عن ضياع جهاز يحتوي بيانات هوية منسوبين,فقدان جهاز محمول يحتوي ملفات بها بيانات هوية وتواصل. المرجع SOC-2020-8526 · الجهة المعنية: إدارة استمرارية الأعمال.,إدارة استمرارية الأعمال,قيد المعالجة
INC-00164,2026-06-10,حرجة,منصة التحليلات المؤسسية,إحاطة عاجلة للمركز الوطني بشأن حادثة الرياض,إحاطة تتضمن مؤشرات اختراق ومواقع تأثير لا يجوز تداولها. المرجع SOC-2026-1564 · الجهة المعنية: فريق الاستجابة للحوادث.,فريق الاستجابة للحوادث,مصعّد
INC-00165,2024-04-23,حرجة,مركز البيانات الاحتياطي,اشتباه تسريب مفاتيح التشفير الخاصة بمركز البيانات الاحتياطي,مؤشرات على كشف مفاتيح التشفير المستخدمة في حماية قنوات وطنية. المرجع SOC-2024-1614 · الجهة المعنية: فريق اختبار الاختراق.,فريق اختبار الاختراق,مصعّد
INC-00166,2022-11-01,متوسطة,منصة المراسلات الرسمية,قضية احتيال إلكتروني على بوابة المدفوعات (2022),قضية احتيال قيد المتابعة مع الجهات المختصة وتقدير الخسارة. المرجع SOC-2022-8323 · الجهة المعنية: إدارة استمرارية الأعمال.,إدارة استمرارية الأعمال,قيد المراجعة
INC-00167,2026-02-21,عالية,منصة الخدمات الحكومية الموحدة,نتائج اختبار اختراق منصة الخدمات الحكومية الموحدة - الربع الرابع 2026,تحقيق هجومي كشف مسارات إعدادات افتراضية غير آمنة قابلة للاستغلال. المرجع SOC-2026-7621 · الجهة المعنية: فريق اختبار الاختراق.,فريق اختبار الاختراق,قيد المعالجة
INC-00168,2024-07-01,عالية,نظام إدارة الهوية المركزي,تسريب مستندات تفاوضية من نظام إدارة الهوية المركزي,تحقيق في تسريب مستندات ذات قيمة تنافسية إلى خارج الجهة. المرجع SOC-2024-8967 · الجهة المعنية: فريق الاستجابة للحوادث.,,قيد المعالجة
INC-00169,2019-06-16,متوسطة,منصة الخدمات الحكومية الموحدة,تقييم الأثر الاستراتيجي لانقطاع منصة الخدمات الحكومية الموحدة,دراسة استراتيجية لأثر الانقطاع على الالتزامات التعاقدية. المرجع SOC-2019-9190 · الجهة المعنية: وحدة الالتزام التنظيمي.,وحدة الالتزام التنظيمي,مغلق
INC-00170,2021-07-20,عالية,بوابة المدفوعات الوطنية,إساءة استخدام صلاحيات إدارية في بوابة المدفوعات الوطنية,تحقيق في استخدام حساب إداري للوصول إلى سجلات خارج نطاق العمل. المرجع SOC-2021-6934 · الجهة المعنية: إدارة المخاطر التقنية.,إدارة المخاطر التقنية,مصعّد
INC-00171,2026-03-08,متوسطة,نظام الأرشفة الإلكترونية,تسريب مستندات تفاوضية من نظام الأرشفة الإلكترونية,تحقيق في تسريب مستندات ذات قيمة تنافسية إلى خارج الجهة. المرجع SOC-2026-1901 · الجهة المعنية: إدارة أمن المعلومات.,إدارة أمن المعلومات,قيد المراجعة
INC-00172,2022-11-03,عالية,مركز البيانات الرئيسي,تهديد بتعطيل منظومة ذات استخدام عسكري مساند,بلاغ عن استهداف منظومة عسكري الاستخدام مرتبطة بالجهة. المرجع SOC-2022-3177 · الجهة المعنية: إدارة المخاطر التقنية.,إدارة المخاطر التقنية,مغلق بعد المراجعة
INC-00173,2021-07-22,متوسطة,بوابة المستفيدين,محاولة وصول غير مصرح إلى مواقع تخزين النسخ الاحتياطية,محاولات متكررة للوصول إلى مواقع تخزين النسخ خارج ساعات العمل. المرجع SOC-2021-3412 · الجهة المعنية: فريق الاستجابة للحوادث.,فريق الاستجابة للحوادث,قيد المراجعة
INC-00174,2021-11-28,منخفضة,نظام التحقق الرقمي,إعلان تدريب توعوي لمنسوبي قطاع التحول الرقمي في الأحساء,إعلان عن برنامج تدريب توعوي مفتوح للتسجيل. المرجع SOC-2021-3455 · الجهة المعنية: فريق الاستجابة للحوادث.,فريق الاستجابة للحوادث,قيد المعالجة
INC-00175,2019-10-07,منخفضة,نظام إدارة الهوية المركزي,منشور توعوي عن التصيّد الإلكتروني - التخطيط والتطوير الربع الثالث 2019,منشور توعوي عام يشرح مؤشرات الرسائل المشبوهة للجمهور. المرجع SOC-2019-5873 · الجهة المعنية: فريق الاستجابة للحوادث.,فريق الاستجابة للحوادث,مغلق بعد المراجعة
INC-00176,2022-12-22,عالية,شبكة الربط الحكومي,حجب خدمة موزع على شبكة الربط الحكومي - أبها,تحقيق في هجوم حجب خدمة أثّر على توفر المنصة وخطة الصد. المرجع SOC-2022-9155 · الجهة المعنية: مركز العمليات السيبرانية.,مركز العمليات السيبرانية,مغلق بعد المراجعة
INC-00177,2025-03-19,عالية,مركز البيانات الاحتياطي,قضية احتيال إلكتروني على بوابة المدفوعات (2025),قضية احتيال قيد المتابعة مع الجهات المختصة وتقدير الخسارة. المرجع SOC-2025-3270 · الجهة المعنية: فريق اختبار الاختراق.,فريق اختبار الاختراق,قيد المعالجة
INC-00178,2019-01-22,متوسطة,نظام النسخ الاحتياطي المركزي,محاولة تصيّد موجهة لمنسوبي الموارد البشرية,رسائل تصيّد تطلب بيانات هوية ودخول من الموظفين. المرجع SOC-2019-9979 · الجهة المعنية: إدارة أمن المعلومات.,إدارة أمن المعلومات,مغلق بعد المراجعة
INC-00179,2024-08-02,عالية,نظام إدارة الهوية المركزي,تقييم الأثر الاستراتيجي لانقطاع نظام إدارة الهوية المركزي,دراسة استراتيجية لأثر الانقطاع على الالتزامات التعاقدية. المرجع SOC-2024-9613 · الجهة المعنية: إدارة استمرارية الأعمال.,إدارة استمرارية الأعمال,مصعّد
INC-00180,2023-07-06,عالية,نظام التحقق الرقمي,مراجعة ما بعد الحادثة لنظام التحقق الرقمي,مراجعة تفصيلية لأسباب جذرية وثغرات ضبط لم تُعالج بعد. المرجع SOC-2023-7148 · الجهة المعنية: فريق الاستجابة للحوادث.,فريق الاستجابة للحوادث,مصعّد
INC-00181,2025-11-21,عالية,منصة الاجتماعات المؤمّنة,إساءة استخدام صلاحيات إدارية في منصة الاجتماعات المؤمّنة,تحقيق في استخدام حساب إداري للوصول إلى سجلات خارج نطاق العمل. المرجع SOC-2025-3125 · الجهة المعنية: مركز العمليات السيبرانية.,مركز العمليات السيبرانية,مغلق
INC-00182,2026-03-30,متوسطة,بوابة المستفيدين,ثغرة إعدادات افتراضية غير آمنة في بوابة المستفيدين,تحقيق فني في ثغرة مكتشفة وتقييم قابلية الاستغلال وخطة المعالجة. المرجع SOC-2026-2586 · الجهة المعنية: وحدة الالتزام التنظيمي.,وحدة الالتزام التنظيمي,مغلق
INC-00183,2026-02-26,متوسطة,نظام التحقق الرقمي,نتائج اختبار اختراق نظام التحقق الرقمي - الربع الثاني 2026,تحقيق هجومي كشف مسارات تنفيذ أوامر عن بُعد قابلة للاستغلال. المرجع SOC-2026-2874 · الجهة المعنية: إدارة المخاطر التقنية.,إدارة المخاطر التقنية,قيد المراجعة
INC-00184,2022-12-13,متوسطة,مركز البيانات الرئيسي,تسريب مستندات تفاوضية من مركز البيانات الرئيسي,تحقيق في تسريب مستندات ذات قيمة تنافسية إلى خارج الجهة. المرجع SOC-2022-5076 · الجهة المعنية: وحدة الالتزام التنظيمي.,وحدة الالتزام التنظيمي,قيد المعالجة
INC-00185,2019-12-30,عالية,نظام إدارة الأصول التقنية,تقرير استخبارات تهديد عن حملة تستهدف نظام إدارة الأصول التقنية,تحليل استخبارات مصادر مفتوحة ومغلقة لحملة موجهة ضد جهات وطنية. المرجع SOC-2019-5787 · الجهة المعنية: إدارة استمرارية الأعمال.,إدارة استمرارية الأعمال,مغلق
INC-00186,2024-11-12,متوسطة,نظام التخطيط المؤسسي,حجب خدمة موزع على نظام التخطيط المؤسسي - جدة,تحقيق في هجوم حجب خدمة أثّر على توفر المنصة وخطة الصد. المرجع SOC-2024-4485 · الجهة المعنية: إدارة أمن المعلومات.,إدارة أمن المعلومات,مغلق
INC-00187,2020-05-31,عالية,شبكة الاتصالات الداخلية,اختراق في سلسلة الإمداد عبر مكوّن طرف ثالث (2020),تحقيق في مكوّن مورد يحتوي شيفرة غير موثوقة داخل بيئة الإنتاج. المرجع SOC-2020-9523 · الجهة المعنية: إدارة المخاطر التقنية.,إدارة المخاطر التقنية,قيد المعالجة
INC-00188,2023-06-19,عالية,بوابة المستفيدين,مؤشرات اختراق مستمرة في شريحة الشبكة 63,نشاط مستمر غير مفسر داخل شريحة إنتاجية وخطة الاحتواء المرحلية. المرجع SOC-2023-1544 · الجهة المعنية: مركز العمليات السيبرانية.,مركز العمليات السيبرانية,مصعّد
INC-00189,2023-07-18,متوسطة,منصة تبادل البيانات الوطنية,حجب خدمة موزع على منصة تبادل البيانات الوطنية - جازان,تحقيق في هجوم حجب خدمة أثّر على توفر المنصة وخطة الصد. المرجع SOC-2023-1016 · الجهة المعنية: وحدة الالتزام التنظيمي.,وحدة الالتزام التنظيمي,قيد المراجعة
INC-00190,2026-04-12,عالية,منصة الاجتماعات المؤمّنة,حجب خدمة موزع على منصة الاجتماعات المؤمّنة - عرعر,تحقيق في هجوم حجب خدمة أثّر على توفر المنصة وخطة الصد. المرجع SOC-2026-7522 · الجهة المعنية: إدارة استمرارية الأعمال.,إدارة استمرارية الأعمال,مغلق بعد المراجعة
INC-00191,2021-07-10,عالية,منصة التوثيق الإلكتروني,تقرير استخبارات تهديد عن حملة تستهدف منصة التوثيق الإلكتروني,تحليل استخبارات مصادر مفتوحة ومغلقة لحملة موجهة ضد جهات وطنية. المرجع SOC-2021-4686 · الجهة المعنية: مركز العمليات السيبرانية.,مركز العمليات السيبرانية,مصعّد
INC-00192,2021-09-02,عالية,بوابة المدفوعات الوطنية,مؤشرات اختراق مستمرة في شريحة الشبكة 13,نشاط مستمر غير مفسر داخل شريحة إنتاجية وخطة الاحتواء المرحلية. المرجع SOC-2021-3646 · الجهة المعنية: إدارة المخاطر التقنية.,إدارة المخاطر التقنية,قيد المراجعة
INC-00193,2019-07-21,منخفضة,منصة التوثيق الإلكتروني,إعلان تدريب توعوي لمنسوبي قطاع التحول الرقمي في الرياض,إعلان عن برنامج تدريب توعوي مفتوح للتسجيل. المرجع SOC-2019-2494 · الجهة المعنية: إدارة استمرارية الأعمال.,إدارة استمرارية الأعمال,مغلق بعد المراجعة
INC-00194,2025-10-12,متوسطة,نظام النسخ الاحتياطي المركزي,مراجعة ما بعد الحادثة لنظام النسخ الاحتياطي المركزي,مراجعة تفصيلية لأسباب جذرية وثغرات ضبط لم تُعالج بعد. المرجع SOC-2025-8908 · الجهة المعنية: وحدة الالتزام التنظيمي.,وحدة الالتزام التنظيمي,قيد المراجعة
INC-00195,2026-03-19,متوسطة,مركز البيانات الرئيسي,ثغرة ضعف في تشفير القنوات في مركز البيانات الرئيسي,تحقيق فني في ثغرة مكتشفة وتقييم قابلية الاستغلال وخطة المعالجة. المرجع SOC-2026-2587 · الجهة المعنية: إدارة استمرارية الأعمال.,إدارة استمرارية الأعمال,قيد المراجعة
INC-00196,2022-06-19,منخفضة,نظام الأرشفة الإلكترونية,منشور توعوي عن التصيّد الإلكتروني - التدقيق الداخلي الربع الأول 2022,منشور توعوي عام يشرح مؤشرات الرسائل المشبوهة للجمهور. المرجع SOC-2022-8461 · الجهة المعنية: إدارة حوكمة البيانات.,,قيد المعالجة
INC-00197,2022-12-26,متوسطة,مركز البيانات الاحتياطي,اختراق في سلسلة الإمداد عبر مكوّن طرف ثالث (2022),تحقيق في مكوّن مورد يحتوي شيفرة غير موثوقة داخل بيئة الإنتاج. المرجع SOC-2022-5635 · الجهة المعنية: إدارة أمن المعلومات.,إدارة أمن المعلومات,مغلق
INC-00198,2019-03-12,متوسطة,منصة الخدمات الحكومية الموحدة,كشف غير مقصود لبيانات شخصية في منصة الخدمات الحكومية الموحدة,إعداد خاطئ أدى لظهور بيانات شخصية لعدد محدود من المستفيدين. المرجع SOC-2019-7443 · الجهة المعنية: فريق اختبار الاختراق.,فريق اختبار الاختراق,مغلق بعد المراجعة
INC-00199,2019-05-15,عالية,منصة التحليلات المؤسسية,مؤشرات اختراق مستمرة في شريحة الشبكة 25,نشاط مستمر غير مفسر داخل شريحة إنتاجية وخطة الاحتواء المرحلية. المرجع SOC-2019-6021 · الجهة المعنية: فريق اختبار الاختراق.,فريق اختبار الاختراق,مصعّد
INC-00200,2022-06-16,متوسطة,مركز البيانات الرئيسي,إساءة استخدام صلاحيات إدارية في مركز البيانات الرئيسي,تحقيق في استخدام حساب إداري للوصول إلى سجلات خارج نطاق العمل. المرجع SOC-2022-2290 · الجهة المعنية: مركز العمليات السيبرانية.,مركز العمليات السيبرانية,مصعّد
INC-00201,2024-07-23,متوسطة,بوابة الموردين الإلكترونية,هجوم فدية على بوابة الموردين الإلكترونية - جازان,قضية ابتزاز إلكتروني قيد المعالجة مع تقييم أثر التوقف التشغيلي. المرجع SOC-2024-1217 · الجهة المعنية: إدارة المخاطر التقنية.,إدارة المخاطر التقنية,قيد المراجعة
INC-00202,2021-08-05,عالية,بوابة المدفوعات الوطنية,هجوم فدية على بوابة المدفوعات الوطنية - سكاكا,قضية ابتزاز إلكتروني قيد المعالجة مع تقييم أثر التوقف التشغيلي. المرجع SOC-2021-4539 · الجهة المعنية: فريق الاستجابة للحوادث.,فريق الاستجابة للحوادث,قيد المراجعة
INC-00203,2023-09-09,عالية,نظام النسخ الاحتياطي المركزي,محاولة وصول غير مصرح إلى مواقع تخزين النسخ الاحتياطية,محاولات متكررة للوصول إلى مواقع تخزين النسخ خارج ساعات العمل. المرجع SOC-2023-1177 · الجهة المعنية: إدارة استمرارية الأعمال.,إدارة استمرارية الأعمال,قيد المعالجة
INC-00204,2023-10-31,عالية,منصة التحليلات المؤسسية,نتائج اختبار اختراق منصة التحليلات المؤسسية - الربع الثالث 2023,تحقيق هجومي كشف مسارات ثغرة في سلسلة الإمداد قابلة للاستغلال. المرجع SOC-2023-1289 · الجهة المعنية: إدارة حوكمة البيانات.,إدارة حوكمة البيانات,مغلق بعد المراجعة
INC-00205,2024-04-27,عالية,منصة الخدمات الحكومية الموحدة,حجب خدمة موزع على منصة الخدمات الحكومية الموحدة - تبوك,تحقيق في هجوم حجب خدمة أثّر على توفر المنصة وخطة الصد. المرجع SOC-2024-2361 · الجهة المعنية: فريق اختبار الاختراق.,فريق اختبار الاختراق,مغلق بعد المراجعة
INC-00206,2019-02-08,متوسطة,منصة تبادل البيانات الوطنية,كشف بيانات اعتماد إدارية في مستودع شيفرة خارجي,تحقيق في نشر بيانات اعتماد تشغيلية بمستودع عام وإجراءات الإبطال. المرجع SOC-2019-9821 · الجهة المعنية: وحدة الالتزام التنظيمي.,وحدة الالتزام التنظيمي,مصعّد
INC-00207,2025-11-07,متوسطة,مركز البيانات الرئيسي,محاولة وصول غير مصرح إلى مواقع تخزين النسخ الاحتياطية,محاولات متكررة للوصول إلى مواقع تخزين النسخ خارج ساعات العمل. المرجع SOC-2025-1264 · الجهة المعنية: وحدة الالتزام التنظيمي.,وحدة الالتزام التنظيمي,مغلق بعد المراجعة
INC-00208,2023-01-25,متوسطة,مركز البيانات الاحتياطي,كشف بيانات اعتماد إدارية في مستودع شيفرة خارجي,تحقيق في نشر بيانات اعتماد تشغيلية بمستودع عام وإجراءات الإبطال. المرجع SOC-2023-9284 · الجهة المعنية: مركز العمليات السيبرانية.,مركز العمليات السيبرانية,قيد المعالجة
INC-00209,2026-03-29,متوسطة,شبكة الاتصالات الداخلية,مشاركة مخطط الشبكة مع مورد دون تصريح,إرسال مخطط الشبكة الداخلية لمورد خارج قناة الاعتماد. المرجع SOC-2026-7125 · الجهة المعنية: فريق الاستجابة للحوادث.,فريق الاستجابة للحوادث,مغلق بعد المراجعة
INC-00210,2026-06-07,متوسطة,نظام إدارة العقود,قضية احتيال إلكتروني على بوابة المدفوعات (2026),قضية احتيال قيد المتابعة مع الجهات المختصة وتقدير الخسارة. المرجع SOC-2026-8368 · الجهة المعنية: فريق اختبار الاختراق.,فريق اختبار الاختراق,مغلق بعد المراجعة
INC-00211,2025-06-25,عالية,منصة التوثيق الإلكتروني,اختراق في سلسلة الإمداد عبر مكوّن طرف ثالث (2025),تحقيق في مكوّن مورد يحتوي شيفرة غير موثوقة داخل بيئة الإنتاج. المرجع SOC-2025-1146 · الجهة المعنية: إدارة حوكمة البيانات.,إدارة حوكمة البيانات,مصعّد
INC-00212,2023-03-22,منخفضة,بوابة المدفوعات الوطنية,إعلان تدريب توعوي لمنسوبي قطاع التقنية والمشاريع في الدمام,إعلان عن برنامج تدريب توعوي مفتوح للتسجيل. المرجع SOC-2023-9165 · الجهة المعنية: فريق اختبار الاختراق.,فريق اختبار الاختراق,مصعّد
INC-00213,2021-05-06,متوسطة,منصة الاجتماعات المؤمّنة,خطة الاستجابة الاستراتيجية لحوادث قطاع التقنية والمشاريع,خطة استراتيجية لتصعيد الحوادث وتوزيع الأدوار بين الفرق. المرجع SOC-2021-7998 · الجهة المعنية: وحدة الالتزام التنظيمي.,وحدة الالتزام التنظيمي,مغلق بعد المراجعة
INC-00214,2022-09-01,متوسطة,منصة التحليلات المؤسسية,حجب خدمة موزع على منصة التحليلات المؤسسية - الطائف,تحقيق في هجوم حجب خدمة أثّر على توفر المنصة وخطة الصد. المرجع SOC-2022-6436 · الجهة المعنية: فريق الاستجابة للحوادث.,فريق الاستجابة للحوادث,قيد المراجعة
INC-00215,2022-11-17,متوسطة,نظام النسخ الاحتياطي المركزي,خطة الاستجابة الاستراتيجية لحوادث قطاع الخدمات الرقمية,خطة استراتيجية لتصعيد الحوادث وتوزيع الأدوار بين الفرق. المرجع SOC-2022-5170 · الجهة المعنية: إدارة استمرارية الأعمال.,إدارة استمرارية الأعمال,قيد المراجعة
INC-00216,2023-07-22,عالية,نظام النسخ الاحتياطي المركزي,هجوم فدية على نظام النسخ الاحتياطي المركزي - نجران,قضية ابتزاز إلكتروني قيد المعالجة مع تقييم أثر التوقف التشغيلي. المرجع SOC-2023-2121 · الجهة المعنية: وحدة الالتزام التنظيمي.,وحدة الالتزام التنظيمي,مصعّد
INC-00217,2019-03-01,منخفضة,مركز البيانات الرئيسي,إحصاءات جاهزية الأمن السيبراني المعلنة - قطاع التحول الرقمي 2019,إحصاءات مجمّعة معلنة عن مؤشرات الجاهزية دون تفاصيل تشغيلية. المرجع SOC-2019-5416 · الجهة المعنية: فريق الاستجابة للحوادث.,,قيد المراجعة
INC-00218,2025-04-06,متوسطة,شبكة الربط الحكومي,محاولة وصول غير مصرح إلى مواقع تخزين النسخ الاحتياطية,محاولات متكررة للوصول إلى مواقع تخزين النسخ خارج ساعات العمل. المرجع SOC-2025-8088 · الجهة المعنية: مركز العمليات السيبرانية.,مركز العمليات السيبرانية,قيد المراجعة
INC-00219,2020-06-24,متوسطة,نظام النسخ الاحتياطي المركزي,هجوم فدية على نظام النسخ الاحتياطي المركزي - الأحساء,قضية ابتزاز إلكتروني قيد المعالجة مع تقييم أثر التوقف التشغيلي. المرجع SOC-2020-3304 · الجهة المعنية: إدارة أمن المعلومات.,إدارة أمن المعلومات,قيد المراجعة
INC-00220,2021-01-05,متوسطة,شبكة الربط الحكومي,مراجعة ما بعد الحادثة لشبكة الربط الحكومي,مراجعة تفصيلية لأسباب جذرية وثغرات ضبط لم تُعالج بعد. المرجع SOC-2021-1152 · الجهة المعنية: إدارة أمن المعلومات.,إدارة أمن المعلومات,مصعّد
INC-00221,2024-10-27,متوسطة,مركز البيانات الاحتياطي,تقييم الأثر الاستراتيجي لانقطاع مركز البيانات الاحتياطي,دراسة استراتيجية لأثر الانقطاع على الالتزامات التعاقدية. المرجع SOC-2024-6354 · الجهة المعنية: فريق اختبار الاختراق.,فريق اختبار الاختراق,مصعّد
INC-00222,2021-07-20,متوسطة,نظام التحقق الرقمي,حجب خدمة موزع على نظام التحقق الرقمي - أبها,تحقيق في هجوم حجب خدمة أثّر على توفر المنصة وخطة الصد. المرجع SOC-2021-8561 · الجهة المعنية: فريق الاستجابة للحوادث.,فريق الاستجابة للحوادث,قيد المراجعة
INC-00223,2024-10-23,عالية,نظام الأرشفة الإلكترونية,تسريب مستندات تفاوضية من نظام الأرشفة الإلكترونية,تحقيق في تسريب مستندات ذات قيمة تنافسية إلى خارج الجهة. المرجع SOC-2024-9159 · الجهة المعنية: مركز العمليات السيبرانية.,مركز العمليات السيبرانية,مصعّد
INC-00224,2025-07-04,عالية,نظام إدارة الأصول التقنية,حجب خدمة موزع على نظام إدارة الأصول التقنية - الرياض,تحقيق في هجوم حجب خدمة أثّر على توفر المنصة وخطة الصد. المرجع SOC-2025-1365 · الجهة المعنية: فريق الاستجابة للحوادث.,فريق الاستجابة للحوادث,مصعّد
INC-00225,2024-08-04,متوسطة,منصة الخدمات الحكومية الموحدة,محاولة وصول غير مصرح إلى مواقع تخزين النسخ الاحتياطية,محاولات متكررة للوصول إلى مواقع تخزين النسخ خارج ساعات العمل. المرجع SOC-2024-1199 · الجهة المعنية: إدارة أمن المعلومات.,إدارة أمن المعلومات,مغلق
INC-00226,2025-08-07,عالية,نظام التحقق الرقمي,اختراق في سلسلة الإمداد عبر مكوّن طرف ثالث (2025),تحقيق في مكوّن مورد يحتوي شيفرة غير موثوقة داخل بيئة الإنتاج. المرجع SOC-2025-5369 · الجهة المعنية: إدارة أمن المعلومات.,إدارة أمن المعلومات,مغلق
INC-00227,2024-06-21,حرجة,منصة الاجتماعات المؤمّنة,تنسيق عمليات أمنية مشتركة بعد حادثة الخبر,إجراءات عمليات أمنية مشتركة مع جهات وطنية عقب الحادثة. المرجع SOC-2024-9758 · الجهة المعنية: إدارة استمرارية الأعمال.,إدارة استمرارية الأعمال,مصعّد
INC-00228,2021-03-25,متوسطة,بوابة المدفوعات الوطنية,حجب خدمة موزع على بوابة المدفوعات الوطنية - سكاكا,تحقيق في هجوم حجب خدمة أثّر على توفر المنصة وخطة الصد. المرجع SOC-2021-6723 · الجهة المعنية: إدارة حوكمة البيانات.,إدارة حوكمة البيانات,مغلق بعد المراجعة
INC-00229,2023-05-06,متوسطة,بوابة المدفوعات الوطنية,تقييم الأثر الاستراتيجي لانقطاع بوابة المدفوعات الوطنية,دراسة استراتيجية لأثر الانقطاع على الالتزامات التعاقدية. المرجع SOC-2023-7248 · الجهة المعنية: إدارة أمن المعلومات.,إدارة أمن المعلومات,مصعّد
INC-00230,2022-01-08,متوسطة,بوابة المستفيدين,قضية احتيال إلكتروني على بوابة المدفوعات (2022),قضية احتيال قيد المتابعة مع الجهات المختصة وتقدير الخسارة. المرجع SOC-2022-3617 · الجهة المعنية: فريق اختبار الاختراق.,فريق اختبار الاختراق,قيد المراجعة
INC-00231,2025-12-15,حرجة,منصة التحليلات المؤسسية,اشتباه اختراق مرتبط بمواقع تخزين أسلحة خاضعة للرقابة,محاولة وصول إلى سجلات مواقع أسلحة ومواد خاضعة للرقابة. المرجع SOC-2025-1290 · الجهة المعنية: إدارة استمرارية الأعمال.,إدارة استمرارية الأعمال,مغلق بعد المراجعة
INC-00232,2020-07-10,متوسطة,نظام النسخ الاحتياطي المركزي,تسريب مستندات تفاوضية من نظام النسخ الاحتياطي المركزي,تحقيق في تسريب مستندات ذات قيمة تنافسية إلى خارج الجهة. المرجع SOC-2020-6450 · الجهة المعنية: إدارة استمرارية الأعمال.,إدارة استمرارية الأعمال,مغلق
INC-00233,2024-10-24,متوسطة,شبكة الاتصالات الداخلية,مذكرة داخلية عن ضبط صلاحيات شبكة الاتصالات الداخلية,مذكرة داخلية لتنظيم منح الصلاحيات ومراجعتها الدورية. المرجع SOC-2024-1475 · الجهة المعنية: فريق الاستجابة للحوادث.,فريق الاستجابة للحوادث,مغلق
INC-00234,2026-03-29,عالية,منصة الاجتماعات المؤمّنة,اشتباه اختراق مرتبط بمواقع تخزين أسلحة خاضعة للرقابة,محاولة وصول إلى سجلات مواقع أسلحة ومواد خاضعة للرقابة. المرجع SOC-2026-7478 · الجهة المعنية: مركز العمليات السيبرانية.,مركز العمليات السيبرانية,مغلق بعد المراجعة
INC-00235,2021-08-16,عالية,مركز البيانات الاحتياطي,قضية احتيال إلكتروني على بوابة المدفوعات (2021),قضية احتيال قيد المتابعة مع الجهات المختصة وتقدير الخسارة. المرجع SOC-2021-6393 · الجهة المعنية: إدارة حوكمة البيانات.,إدارة حوكمة البيانات,قيد المعالجة
INC-00236,2025-02-24,حرجة,نظام النسخ الاحتياطي المركزي,إحاطة عاجلة للمركز الوطني بشأن حادثة بريدة,إحاطة تتضمن مؤشرات اختراق ومواقع تأثير لا يجوز تداولها. المرجع SOC-2025-6158 · الجهة المعنية: إدارة أمن المعلومات.,إدارة أمن المعلومات,قيد المعالجة
INC-00237,2026-06-15,منخفضة,شبكة الاتصالات الداخلية,تصريح عن اكتمال تحديث أمني في شبكة الاتصالات الداخلية - 2026,تصريح رسمي عن اكتمال التحديث دون كشف تفاصيل فنية. المرجع SOC-2026-8535 · الجهة المعنية: إدارة أمن المعلومات.,إدارة أمن المعلومات,قيد المراجعة
INC-00238,2020-12-26,متوسطة,نظام إدارة العقود,خطة الاستجابة الاستراتيجية لحوادث قطاع الخدمات الرقمية,خطة استراتيجية لتصعيد الحوادث وتوزيع الأدوار بين الفرق. المرجع SOC-2020-7592 · الجهة المعنية: إدارة أمن المعلومات.,إدارة أمن المعلومات,قيد المعالجة
INC-00239,2019-06-17,منخفضة,نظام التخطيط المؤسسي,إعلان تدريب توعوي لمنسوبي قطاع الشراكات في نجران,إعلان عن برنامج تدريب توعوي مفتوح للتسجيل. المرجع SOC-2019-8106 · الجهة المعنية: فريق الاستجابة للحوادث.,فريق الاستجابة للحوادث,قيد المعالجة
INC-00240,2021-05-28,عالية,نظام إدارة الأصول التقنية,اشتباه تسريب مفاتيح التشفير الخاصة بنظام إدارة الأصول التقنية,مؤشرات على كشف مفاتيح التشفير المستخدمة في حماية قنوات وطنية. المرجع SOC-2021-3187 · الجهة المعنية: إدارة استمرارية الأعمال.,إدارة استمرارية الأعمال,مغلق
INC-00241,2021-05-11,عالية,نظام الأرشفة الإلكترونية,إساءة استخدام صلاحيات إدارية في نظام الأرشفة الإلكترونية,تحقيق في استخدام حساب إداري للوصول إلى سجلات خارج نطاق العمل. المرجع SOC-2021-3876 · الجهة المعنية: إدارة استمرارية الأعمال.,إدارة استمرارية الأعمال,قيد المراجعة
INC-00242,2023-11-15,عالية,نظام التحقق الرقمي,نتائج اختبار اختراق نظام التحقق الرقمي - الربع الأول 2023,تحقيق هجومي كشف مسارات إعدادات افتراضية غير آمنة قابلة للاستغلال. المرجع SOC-2023-9325 · الجهة المعنية: فريق اختبار الاختراق.,فريق اختبار الاختراق,قيد المراجعة
INC-00243,2020-10-14,منخفضة,منصة الخدمات الحكومية الموحدة,إحصاءات جاهزية الأمن السيبراني المعلنة - قطاع التحول الرقمي 2020,إحصاءات مجمّعة معلنة عن مؤشرات الجاهزية دون تفاصيل تشغيلية. المرجع SOC-2020-7859 · الجهة المعنية: إدارة استمرارية الأعمال.,إدارة استمرارية الأعمال,مغلق
INC-00244,2022-02-01,عالية,بوابة المدفوعات الوطنية,تقرير استخبارات تهديد عن حملة تستهدف بوابة المدفوعات الوطنية,تحليل استخبارات مصادر مفتوحة ومغلقة لحملة موجهة ضد جهات وطنية. المرجع SOC-2022-3115 · الجهة المعنية: فريق اختبار الاختراق.,فريق اختبار الاختراق,مغلق
INC-00245,2019-09-19,متوسطة,نظام إدارة الهوية المركزي,خطة الاستجابة الاستراتيجية لحوادث قطاع الشراكات,خطة استراتيجية لتصعيد الحوادث وتوزيع الأدوار بين الفرق. المرجع SOC-2019-8507 · الجهة المعنية: فريق اختبار الاختراق.,فريق اختبار الاختراق,قيد المراجعة
INC-00246,2023-10-29,حرجة,نظام إدارة العقود,تهديد بتعطيل منظومة ذات استخدام عسكري مساند,بلاغ عن استهداف منظومة عسكري الاستخدام مرتبطة بالجهة. المرجع SOC-2023-1109 · الجهة المعنية: وحدة الالتزام التنظيمي.,وحدة الالتزام التنظيمي,مغلق
INC-00247,2019-04-09,عالية,نظام التحقق الرقمي,خطة الاستجابة الاستراتيجية لحوادث قطاع الأعمال المؤسسية,خطة استراتيجية لتصعيد الحوادث وتوزيع الأدوار بين الفرق. المرجع SOC-2019-7650 · الجهة المعنية: فريق اختبار الاختراق.,فريق اختبار الاختراق,قيد المعالجة
INC-00248,2023-02-25,منخفضة,منصة التحليلات المؤسسية,مخالفة خصوصية في مشاركة سجلات المستفيدين,مشاركة سجلات دون تطبيق ضوابط خصوصية المستفيدين. المرجع SOC-2023-3610 · الجهة المعنية: مركز العمليات السيبرانية.,مركز العمليات السيبرانية,مغلق بعد المراجعة
INC-00249,2023-04-27,متوسطة,نظام النسخ الاحتياطي المركزي,تسريب مستندات تفاوضية من نظام النسخ الاحتياطي المركزي,تحقيق في تسريب مستندات ذات قيمة تنافسية إلى خارج الجهة. المرجع SOC-2023-2165 · الجهة المعنية: إدارة المخاطر التقنية.,إدارة المخاطر التقنية,قيد المعالجة
INC-00250,2026-01-30,متوسطة,نظام التحقق الرقمي,حجب خدمة موزع على نظام التحقق الرقمي - جازان,تحقيق في هجوم حجب خدمة أثّر على توفر المنصة وخطة الصد. المرجع SOC-2026-5246 · الجهة المعنية: إدارة استمرارية الأعمال.,إدارة استمرارية الأعمال,مغلق بعد المراجعة
INC-00251,2026-05-11,عالية,منصة الخدمات الحكومية الموحدة,حجب خدمة موزع على منصة الخدمات الحكومية الموحدة - الأحساء,تحقيق في هجوم حجب خدمة أثّر على توفر المنصة وخطة الصد. المرجع SOC-2026-9920 · الجهة المعنية: وحدة الالتزام التنظيمي.,وحدة الالتزام التنظيمي,قيد المراجعة
INC-00252,2019-06-26,عالية,نظام التخطيط المؤسسي,محاولة وصول غير مصرح إلى مواقع تخزين النسخ الاحتياطية,محاولات متكررة للوصول إلى مواقع تخزين النسخ خارج ساعات العمل. المرجع SOC-2019-1935 · الجهة المعنية: إدارة أمن المعلومات.,إدارة أمن المعلومات,مغلق بعد المراجعة
INC-00253,2023-02-10,عالية,نظام إدارة الهوية المركزي,إحاطة عاجلة للمركز الوطني بشأن حادثة نجران,إحاطة تتضمن مؤشرات اختراق ومواقع تأثير لا يجوز تداولها. المرجع SOC-2023-4049 · الجهة المعنية: إدارة حوكمة البيانات.,إدارة حوكمة البيانات,قيد المراجعة
INC-00254,2023-11-08,عالية,بوابة المستفيدين,اختراق في سلسلة الإمداد عبر مكوّن طرف ثالث (2023),تحقيق في مكوّن مورد يحتوي شيفرة غير موثوقة داخل بيئة الإنتاج. المرجع SOC-2023-1546 · الجهة المعنية: إدارة المخاطر التقنية.,إدارة المخاطر التقنية,مصعّد
INC-00255,2025-09-13,منخفضة,منصة تبادل البيانات الوطنية,تصريح عن اكتمال تحديث أمني في منصة تبادل البيانات الوطنية - 2025,تصريح رسمي عن اكتمال التحديث دون كشف تفاصيل فنية. المرجع SOC-2025-5662 · الجهة المعنية: فريق الاستجابة للحوادث.,فريق الاستجابة للحوادث,مغلق
INC-00256,2023-08-04,منخفضة,شبكة الربط الحكومي,منشور توعوي عن التصيّد الإلكتروني - الشؤون القانونية الربع الثالث 2023,منشور توعوي عام يشرح مؤشرات الرسائل المشبوهة للجمهور. المرجع SOC-2023-3571 · الجهة المعنية: فريق اختبار الاختراق.,فريق اختبار الاختراق,قيد المراجعة
INC-00257,2025-04-27,متوسطة,بوابة المدفوعات الوطنية,مؤشرات اختراق مستمرة في شريحة الشبكة 120,نشاط مستمر غير مفسر داخل شريحة إنتاجية وخطة الاحتواء المرحلية. المرجع SOC-2025-1618 · الجهة المعنية: فريق اختبار الاختراق.,فريق اختبار الاختراق,مصعّد
INC-00258,2021-08-03,عالية,بوابة الموردين الإلكترونية,نتائج اختبار اختراق بوابة الموردين الإلكترونية - الربع الثاني 2021,تحقيق هجومي كشف مسارات ثغرة في سلسلة الإمداد قابلة للاستغلال. المرجع SOC-2021-4882 · الجهة المعنية: إدارة استمرارية الأعمال.,إدارة استمرارية الأعمال,مصعّد
INC-00259,2022-03-08,عالية,شبكة الربط الحكومي,حجب خدمة موزع على شبكة الربط الحكومي - المدينة المنورة,تحقيق في هجوم حجب خدمة أثّر على توفر المنصة وخطة الصد. المرجع SOC-2022-2312 · الجهة المعنية: فريق اختبار الاختراق.,فريق اختبار الاختراق,قيد المعالجة
INC-00260,2021-05-09,متوسطة,منصة المراسلات الرسمية,مراجعة ما بعد الحادثة لمنصة المراسلات الرسمية,مراجعة تفصيلية لأسباب جذرية وثغرات ضبط لم تُعالج بعد. المرجع SOC-2021-4258 · الجهة المعنية: إدارة حوكمة البيانات.,إدارة حوكمة البيانات,مغلق
INC-00261,2020-12-22,منخفضة,بوابة الموردين الإلكترونية,كشف غير مقصود لبيانات شخصية في بوابة الموردين الإلكترونية,إعداد خاطئ أدى لظهور بيانات شخصية لعدد محدود من المستفيدين. المرجع SOC-2020-2905 · الجهة المعنية: إدارة استمرارية الأعمال.,إدارة استمرارية الأعمال,مصعّد
INC-00262,2021-03-22,متوسطة,بوابة المستفيدين,محاولة تصيّد موجهة لمنسوبي الموارد البشرية,رسائل تصيّد تطلب بيانات هوية ودخول من الموظفين. المرجع SOC-2021-8802 · الجهة المعنية: إدارة المخاطر التقنية.,إدارة المخاطر التقنية,مصعّد
INC-00263,2021-09-26,متوسطة,نظام التخطيط المؤسسي,خطة الاستجابة الاستراتيجية لحوادث قطاع البنية التحتية,خطة استراتيجية لتصعيد الحوادث وتوزيع الأدوار بين الفرق. المرجع SOC-2021-7756 · الجهة المعنية: فريق اختبار الاختراق.,فريق اختبار الاختراق,مغلق
INC-00264,2019-05-03,عالية,مركز البيانات الاحتياطي,خطة الاستجابة الاستراتيجية لحوادث قطاع الحلول الحكومية,خطة استراتيجية لتصعيد الحوادث وتوزيع الأدوار بين الفرق. المرجع SOC-2019-6819 · الجهة المعنية: مركز العمليات السيبرانية.,مركز العمليات السيبرانية,مصعّد
INC-00265,2023-01-05,عالية,شبكة الربط الحكومي,مراجعة ما بعد الحادثة لشبكة الربط الحكومي,مراجعة تفصيلية لأسباب جذرية وثغرات ضبط لم تُعالج بعد. المرجع SOC-2023-3005 · الجهة المعنية: إدارة المخاطر التقنية.,إدارة المخاطر التقنية,مغلق
INC-00266,2023-11-28,متوسطة,منصة التوثيق الإلكتروني,نتائج اختبار اختراق منصة التوثيق الإلكتروني - الربع الثاني 2023,تحقيق هجومي كشف مسارات تنفيذ أوامر عن بُعد قابلة للاستغلال. المرجع SOC-2023-5875 · الجهة المعنية: إدارة أمن المعلومات.,إدارة أمن المعلومات,قيد المراجعة
INC-00267,2020-08-23,حرجة,شبكة الاتصالات الداخلية,رصد تحركات القوات في بيانات تتبع مسربة,ظهور بيانات تحركات القوات ضمن مجموعة بيانات مسربة قيد الفحص. المرجع SOC-2020-4606 · الجهة المعنية: إدارة أمن المعلومات.,إدارة أمن المعلومات,قيد المراجعة
INC-00268,2025-08-20,عالية,نظام التخطيط المؤسسي,مراجعة ما بعد الحادثة لنظام التخطيط المؤسسي,مراجعة تفصيلية لأسباب جذرية وثغرات ضبط لم تُعالج بعد. المرجع SOC-2025-6971 · الجهة المعنية: إدارة حوكمة البيانات.,إدارة حوكمة البيانات,مغلق
INC-00269,2020-10-28,متوسطة,بوابة المدفوعات الوطنية,نتائج اختبار اختراق بوابة المدفوعات الوطنية - الربع الأول 2020,تحقيق هجومي كشف مسارات ثغرة في سلسلة الإمداد قابلة للاستغلال. المرجع SOC-2020-4951 · الجهة المعنية: إدارة استمرارية الأعمال.,إدارة استمرارية الأعمال,مصعّد
INC-00270,2022-08-09,عالية,منصة تبادل البيانات الوطنية,إحاطة عاجلة للمركز الوطني بشأن حادثة الأحساء,إحاطة تتضمن مؤشرات اختراق ومواقع تأثير لا يجوز تداولها. المرجع SOC-2022-7292 · الجهة المعنية: إدارة أمن المعلومات.,إدارة أمن المعلومات,مغلق
INC-00271,2023-06-20,متوسطة,بوابة الموردين الإلكترونية,نتائج اختبار اختراق بوابة الموردين الإلكترونية - الربع الأول 2023,تحقيق هجومي كشف مسارات ضعف في تشفير القنوات قابلة للاستغلال. المرجع SOC-2023-4195 · الجهة المعنية: إدارة المخاطر التقنية.,إدارة المخاطر التقنية,مصعّد
INC-00272,2024-07-17,منخفضة,منصة التوثيق الإلكتروني,تصريح عن اكتمال تحديث أمني في منصة التوثيق الإلكتروني - 2024,تصريح رسمي عن اكتمال التحديث دون كشف تفاصيل فنية. المرجع SOC-2024-6886 · الجهة المعنية: وحدة الالتزام التنظيمي.,وحدة الالتزام التنظيمي,قيد المراجعة
INC-00273,2023-01-15,منخفضة,منصة تبادل البيانات الوطنية,كشف غير مقصود لبيانات شخصية في منصة تبادل البيانات الوطنية,إعداد خاطئ أدى لظهور بيانات شخصية لعدد محدود من المستفيدين. المرجع SOC-2023-3118 · الجهة المعنية: فريق الاستجابة للحوادث.,فريق الاستجابة للحوادث,قيد المراجعة
INC-00274,2023-10-05,عالية,منصة تبادل البيانات الوطنية,مؤشرات اختراق مستمرة في شريحة الشبكة 143,نشاط مستمر غير مفسر داخل شريحة إنتاجية وخطة الاحتواء المرحلية. المرجع SOC-2023-2310 · الجهة المعنية: وحدة الالتزام التنظيمي.,وحدة الالتزام التنظيمي,مغلق بعد المراجعة
INC-00275,2020-07-17,عالية,مركز البيانات الاحتياطي,تسريب مستندات تفاوضية من مركز البيانات الاحتياطي,تحقيق في تسريب مستندات ذات قيمة تنافسية إلى خارج الجهة. المرجع SOC-2020-3954 · الجهة المعنية: فريق اختبار الاختراق.,فريق اختبار الاختراق,مصعّد
INC-00276,2025-08-29,حرجة,منصة تبادل البيانات الوطنية,رصد تحركات القوات في بيانات تتبع مسربة,ظهور بيانات تحركات القوات ضمن مجموعة بيانات مسربة قيد الفحص. المرجع SOC-2025-1893 · الجهة المعنية: إدارة حوكمة البيانات.,إدارة حوكمة البيانات,قيد المعالجة
INC-00277,2025-10-27,حرجة,نظام إدارة الهوية المركزي,إنذار أمني بشأن منشأة نووي الاستخدام المدني في حائل,إنذار تقني مرتبط بأنظمة منشأة نووي الاستخدام المدني. المرجع SOC-2025-7932 · الجهة المعنية: إدارة حوكمة البيانات.,إدارة حوكمة البيانات,مغلق بعد المراجعة
INC-00278,2019-06-01,عالية,منصة تبادل البيانات الوطنية,اختراق شبكة ربط تخدم منشأة حيوية في جدة,وصول غير مصرح إلى شريحة شبكة تخدم منشأة حيوية وخطة العزل الفوري. المرجع SOC-2019-5380 · الجهة المعنية: وحدة الالتزام التنظيمي.,وحدة الالتزام التنظيمي,قيد المعالجة
INC-00279,2026-02-08,متوسطة,نظام التخطيط المؤسسي,مؤشرات اختراق مستمرة في شريحة الشبكة 244,نشاط مستمر غير مفسر داخل شريحة إنتاجية وخطة الاحتواء المرحلية. المرجع SOC-2026-2262 · الجهة المعنية: إدارة حوكمة البيانات.,إدارة حوكمة البيانات,مصعّد
INC-00280,2022-09-21,عالية,شبكة الاتصالات الداخلية,تقييم الأثر الاستراتيجي لانقطاع شبكة الاتصالات الداخلية,دراسة استراتيجية لأثر الانقطاع على الالتزامات التعاقدية. المرجع SOC-2022-4587 · الجهة المعنية: إدارة استمرارية الأعمال.,إدارة استمرارية الأعمال,مصعّد
INC-00281,2019-11-02,عالية,نظام التحقق الرقمي,حادثة مساس بمتطلبات سيادة البيانات في نظام التحقق الرقمي,نقل بيانات خارج النطاق المصرح بما يخل بمتطلبات سيادة البيانات. المرجع SOC-2019-3168 · الجهة المعنية: إدارة المخاطر التقنية.,إدارة المخاطر التقنية,مصعّد
INC-00282,2025-06-09,متوسطة,نظام التخطيط المؤسسي,اختراق في سلسلة الإمداد عبر مكوّن طرف ثالث (2025),تحقيق في مكوّن مورد يحتوي شيفرة غير موثوقة داخل بيئة الإنتاج. المرجع SOC-2025-3707 · الجهة المعنية: فريق الاستجابة للحوادث.,فريق الاستجابة للحوادث,مغلق
INC-00283,2020-08-03,عالية,منصة التوثيق الإلكتروني,نتائج اختبار اختراق منصة التوثيق الإلكتروني - الربع الرابع 2020,تحقيق هجومي كشف مسارات تجاوز مصادقة قابلة للاستغلال. المرجع SOC-2020-5388 · الجهة المعنية: وحدة الالتزام التنظيمي.,وحدة الالتزام التنظيمي,مصعّد
INC-00284,2024-09-24,حرجة,نظام النسخ الاحتياطي المركزي,إحاطة عاجلة للمركز الوطني بشأن حادثة سكاكا,إحاطة تتضمن مؤشرات اختراق ومواقع تأثير لا يجوز تداولها. المرجع SOC-2024-8364 · الجهة المعنية: فريق الاستجابة للحوادث.,فريق الاستجابة للحوادث,مغلق بعد المراجعة
INC-00285,2019-02-17,عالية,نظام النسخ الاحتياطي المركزي,اختراق في سلسلة الإمداد عبر مكوّن طرف ثالث (2019),تحقيق في مكوّن مورد يحتوي شيفرة غير موثوقة داخل بيئة الإنتاج. المرجع SOC-2019-2456 · الجهة المعنية: إدارة أمن المعلومات.,إدارة أمن المعلومات,قيد المراجعة
INC-00286,2024-07-30,متوسطة,مركز البيانات الرئيسي,قضية احتيال إلكتروني على بوابة المدفوعات (2024),قضية احتيال قيد المتابعة مع الجهات المختصة وتقدير الخسارة. المرجع SOC-2024-2469 · الجهة المعنية: فريق اختبار الاختراق.,فريق اختبار الاختراق,قيد المعالجة
INC-00287,2022-07-05,متوسطة,بوابة المدفوعات الوطنية,تقييم الأثر الاستراتيجي لانقطاع بوابة المدفوعات الوطنية,دراسة استراتيجية لأثر الانقطاع على الالتزامات التعاقدية. المرجع SOC-2022-6874 · الجهة المعنية: إدارة المخاطر التقنية.,إدارة المخاطر التقنية,قيد المعالجة
INC-00288,2025-09-10,متوسطة,بوابة المدفوعات الوطنية,محاولة وصول غير مصرح إلى مواقع تخزين النسخ الاحتياطية,محاولات متكررة للوصول إلى مواقع تخزين النسخ خارج ساعات العمل. المرجع SOC-2025-7289 · الجهة المعنية: فريق الاستجابة للحوادث.,فريق الاستجابة للحوادث,مغلق بعد المراجعة
INC-00289,2021-11-27,عالية,مركز البيانات الاحتياطي,حجب خدمة موزع على مركز البيانات الاحتياطي - حائل,تحقيق في هجوم حجب خدمة أثّر على توفر المنصة وخطة الصد. المرجع SOC-2021-6408 · الجهة المعنية: فريق اختبار الاختراق.,فريق اختبار الاختراق,مغلق
INC-00290,2025-01-23,منخفضة,منصة التحليلات المؤسسية,إحصاءات جاهزية الأمن السيبراني المعلنة - قطاع الخدمات الرقمية 2025,إحصاءات مجمّعة معلنة عن مؤشرات الجاهزية دون تفاصيل تشغيلية. المرجع SOC-2025-9504 · الجهة المعنية: فريق اختبار الاختراق.,فريق اختبار الاختراق,مغلق بعد المراجعة
INC-00291,2021-08-21,عالية,بوابة الموردين الإلكترونية,تسريب مستندات تفاوضية من بوابة الموردين الإلكترونية,تحقيق في تسريب مستندات ذات قيمة تنافسية إلى خارج الجهة. المرجع SOC-2021-7741 · الجهة المعنية: إدارة استمرارية الأعمال.,إدارة استمرارية الأعمال,قيد المعالجة
INC-00292,2023-10-25,منخفضة,بوابة المدفوعات الوطنية,إعلان تدريب توعوي لمنسوبي قطاع التقنية والمشاريع في القطيف,إعلان عن برنامج تدريب توعوي مفتوح للتسجيل. المرجع SOC-2023-5050 · الجهة المعنية: إدارة المخاطر التقنية.,إدارة المخاطر التقنية,قيد المعالجة
INC-00293,2026-01-03,منخفضة,شبكة الاتصالات الداخلية,إعلان تدريب توعوي لمنسوبي قطاع الشراكات في جدة,إعلان عن برنامج تدريب توعوي مفتوح للتسجيل. المرجع SOC-2026-1719 · الجهة المعنية: فريق الاستجابة للحوادث.,فريق الاستجابة للحوادث,مغلق
INC-00294,2025-07-05,عالية,بوابة المدفوعات الوطنية,إساءة استخدام صلاحيات إدارية في بوابة المدفوعات الوطنية,تحقيق في استخدام حساب إداري للوصول إلى سجلات خارج نطاق العمل. المرجع SOC-2025-5436 · الجهة المعنية: فريق اختبار الاختراق.,فريق اختبار الاختراق,مغلق
INC-00295,2024-04-04,متوسطة,منصة المراسلات الرسمية,مراجعة ما بعد الحادثة لمنصة المراسلات الرسمية,مراجعة تفصيلية لأسباب جذرية وثغرات ضبط لم تُعالج بعد. المرجع SOC-2024-9042 · الجهة المعنية: فريق الاستجابة للحوادث.,فريق الاستجابة للحوادث,مغلق
INC-00296,2025-05-04,عالية,بوابة الموردين الإلكترونية,هجوم فدية على بوابة الموردين الإلكترونية - الخبر,قضية ابتزاز إلكتروني قيد المعالجة مع تقييم أثر التوقف التشغيلي. المرجع SOC-2025-8289 · الجهة المعنية: وحدة الالتزام التنظيمي.,وحدة الالتزام التنظيمي,مصعّد
INC-00297,2025-01-17,متوسطة,منصة التحليلات المؤسسية,إساءة استخدام صلاحيات إدارية في منصة التحليلات المؤسسية,تحقيق في استخدام حساب إداري للوصول إلى سجلات خارج نطاق العمل. المرجع SOC-2025-8710 · الجهة المعنية: إدارة استمرارية الأعمال.,إدارة استمرارية الأعمال,قيد المراجعة
INC-00298,2026-03-25,متوسطة,مركز البيانات الاحتياطي,حجب خدمة موزع على مركز البيانات الاحتياطي - مكة المكرمة,تحقيق في هجوم حجب خدمة أثّر على توفر المنصة وخطة الصد. المرجع SOC-2026-7369 · الجهة المعنية: إدارة استمرارية الأعمال.,إدارة استمرارية الأعمال,مصعّد
INC-00299,2025-09-30,عالية,مركز البيانات الاحتياطي,نتائج اختبار اختراق مركز البيانات الاحتياطي - الربع الأول 2025,تحقيق هجومي كشف مسارات ثغرة في سلسلة الإمداد قابلة للاستغلال. المرجع SOC-2025-2454 · الجهة المعنية: إدارة أمن المعلومات.,إدارة أمن المعلومات,مصعّد
INC-00300,2022-04-16,منخفضة,نظام إدارة العقود,منشور توعوي عن التصيّد الإلكتروني - الاتصال المؤسسي الربع الثالث 2022,منشور توعوي عام يشرح مؤشرات الرسائل المشبوهة للجمهور. المرجع SOC-2022-5380 · الجهة المعنية: مركز العمليات السيبرانية.,مركز العمليات السيبرانية,مغلق
INC-00301,2026-04-04,متوسطة,نظام التخطيط المؤسسي,إساءة استخدام صلاحيات إدارية في نظام التخطيط المؤسسي,تحقيق في استخدام حساب إداري للوصول إلى سجلات خارج نطاق العمل. المرجع SOC-2026-3354 · الجهة المعنية: إدارة أمن المعلومات.,إدارة أمن المعلومات,مصعّد
INC-00302,2019-12-09,عالية,نظام التحقق الرقمي,مراجعة ما بعد الحادثة لنظام التحقق الرقمي,مراجعة تفصيلية لأسباب جذرية وثغرات ضبط لم تُعالج بعد. المرجع SOC-2019-6287 · الجهة المعنية: إدارة المخاطر التقنية.,إدارة المخاطر التقنية,قيد المراجعة
INC-00303,2026-01-09,متوسطة,منصة الخدمات الحكومية الموحدة,هجوم فدية على منصة الخدمات الحكومية الموحدة - ينبع,قضية ابتزاز إلكتروني قيد المعالجة مع تقييم أثر التوقف التشغيلي. المرجع SOC-2026-1237 · الجهة المعنية: وحدة الالتزام التنظيمي.,وحدة الالتزام التنظيمي,قيد المراجعة
INC-00304,2023-04-23,متوسطة,نظام التحقق الرقمي,تقييم الأثر الاستراتيجي لانقطاع نظام التحقق الرقمي,دراسة استراتيجية لأثر الانقطاع على الالتزامات التعاقدية. المرجع SOC-2023-2501 · الجهة المعنية: مركز العمليات السيبرانية.,,قيد المعالجة
INC-00305,2022-03-21,متوسطة,منصة التحليلات المؤسسية,كشف بيانات اعتماد إدارية في مستودع شيفرة خارجي,تحقيق في نشر بيانات اعتماد تشغيلية بمستودع عام وإجراءات الإبطال. المرجع SOC-2022-5012 · الجهة المعنية: إدارة المخاطر التقنية.,إدارة المخاطر التقنية,مغلق بعد المراجعة
INC-00306,2020-09-15,عالية,مركز البيانات الرئيسي,كشف بيانات اعتماد إدارية في مستودع شيفرة خارجي,تحقيق في نشر بيانات اعتماد تشغيلية بمستودع عام وإجراءات الإبطال. المرجع SOC-2020-5411 · الجهة المعنية: وحدة الالتزام التنظيمي.,وحدة الالتزام التنظيمي,قيد المراجعة
INC-00307,2020-02-26,عالية,نظام التحقق الرقمي,مراجعة ما بعد الحادثة لنظام التحقق الرقمي,مراجعة تفصيلية لأسباب جذرية وثغرات ضبط لم تُعالج بعد. المرجع SOC-2020-1899 · الجهة المعنية: إدارة حوكمة البيانات.,إدارة حوكمة البيانات,مغلق
INC-00308,2021-03-29,عالية,منصة التحليلات المؤسسية,تقييم الأثر الاستراتيجي لانقطاع منصة التحليلات المؤسسية,دراسة استراتيجية لأثر الانقطاع على الالتزامات التعاقدية. المرجع SOC-2021-6358 · الجهة المعنية: فريق اختبار الاختراق.,فريق اختبار الاختراق,مغلق بعد المراجعة
INC-00309,2019-01-15,متوسطة,مركز البيانات الرئيسي,هجوم فدية على مركز البيانات الرئيسي - بريدة,قضية ابتزاز إلكتروني قيد المعالجة مع تقييم أثر التوقف التشغيلي. المرجع SOC-2019-7440 · الجهة المعنية: فريق الاستجابة للحوادث.,فريق الاستجابة للحوادث,مصعّد
INC-00310,2023-08-06,عالية,نظام النسخ الاحتياطي المركزي,حجب خدمة موزع على نظام النسخ الاحتياطي المركزي - الرياض,تحقيق في هجوم حجب خدمة أثّر على توفر المنصة وخطة الصد. المرجع SOC-2023-5175 · الجهة المعنية: إدارة المخاطر التقنية.,إدارة المخاطر التقنية,قيد المراجعة
INC-00311,2023-03-14,حرجة,نظام إدارة الهوية المركزي,اختراق شبكة ربط تخدم منشأة حيوية في الجبيل,وصول غير مصرح إلى شريحة شبكة تخدم منشأة حيوية وخطة العزل الفوري. المرجع SOC-2023-5295 · الجهة المعنية: إدارة المخاطر التقنية.,إدارة المخاطر التقنية,قيد المعالجة
INC-00312,2020-01-28,عالية,مركز البيانات الاحتياطي,اختراق في سلسلة الإمداد عبر مكوّن طرف ثالث (2020),تحقيق في مكوّن مورد يحتوي شيفرة غير موثوقة داخل بيئة الإنتاج. المرجع SOC-2020-3322 · الجهة المعنية: إدارة أمن المعلومات.,إدارة أمن المعلومات,قيد المعالجة
INC-00313,2022-07-12,متوسطة,نظام إدارة الأصول التقنية,إساءة استخدام صلاحيات إدارية في نظام إدارة الأصول التقنية,تحقيق في استخدام حساب إداري للوصول إلى سجلات خارج نطاق العمل. المرجع SOC-2022-6942 · الجهة المعنية: إدارة أمن المعلومات.,إدارة أمن المعلومات,قيد المعالجة
INC-00314,2026-04-05,متوسطة,نظام التخطيط المؤسسي,كشف بيانات اعتماد إدارية في مستودع شيفرة خارجي,تحقيق في نشر بيانات اعتماد تشغيلية بمستودع عام وإجراءات الإبطال. المرجع SOC-2026-4301 · الجهة المعنية: إدارة استمرارية الأعمال.,إدارة استمرارية الأعمال,مصعّد
INC-00315,2026-03-24,حرجة,نظام الأرشفة الإلكترونية,رصد تحركات القوات في بيانات تتبع مسربة,ظهور بيانات تحركات القوات ضمن مجموعة بيانات مسربة قيد الفحص. المرجع SOC-2026-9821 · الجهة المعنية: إدارة استمرارية الأعمال.,إدارة استمرارية الأعمال,قيد المراجعة
INC-00316,2023-08-07,متوسطة,منصة الاجتماعات المؤمّنة,خطة الاستجابة الاستراتيجية لحوادث قطاع التقنية والمشاريع,خطة استراتيجية لتصعيد الحوادث وتوزيع الأدوار بين الفرق. المرجع SOC-2023-3487 · الجهة المعنية: فريق الاستجابة للحوادث.,فريق الاستجابة للحوادث,قيد المعالجة
INC-00317,2019-08-27,عالية,نظام التخطيط المؤسسي,خطة الاستجابة الاستراتيجية لحوادث قطاع البنية التحتية,خطة استراتيجية لتصعيد الحوادث وتوزيع الأدوار بين الفرق. المرجع SOC-2019-4619 · الجهة المعنية: إدارة أمن المعلومات.,إدارة أمن المعلومات,قيد المراجعة
INC-00318,2019-10-10,متوسطة,مركز البيانات الاحتياطي,قضية احتيال إلكتروني على بوابة المدفوعات (2019),قضية احتيال قيد المتابعة مع الجهات المختصة وتقدير الخسارة. المرجع SOC-2019-9808 · الجهة المعنية: مركز العمليات السيبرانية.,مركز العمليات السيبرانية,مغلق بعد المراجعة
INC-00319,2022-04-04,حرجة,منصة تبادل البيانات الوطنية,رصد تحركات القوات في بيانات تتبع مسربة,ظهور بيانات تحركات القوات ضمن مجموعة بيانات مسربة قيد الفحص. المرجع SOC-2022-8147 · الجهة المعنية: وحدة الالتزام التنظيمي.,وحدة الالتزام التنظيمي,قيد المراجعة
INC-00320,2026-06-01,متوسطة,نظام النسخ الاحتياطي المركزي,محاولة وصول غير مصرح إلى مواقع تخزين النسخ الاحتياطية,محاولات متكررة للوصول إلى مواقع تخزين النسخ خارج ساعات العمل. المرجع SOC-2026-2540 · الجهة المعنية: إدارة المخاطر التقنية.,إدارة المخاطر التقنية,قيد المعالجة
INC-00321,2022-06-12,عالية,نظام الأرشفة الإلكترونية,مراجعة ما بعد الحادثة لنظام الأرشفة الإلكترونية,مراجعة تفصيلية لأسباب جذرية وثغرات ضبط لم تُعالج بعد. المرجع SOC-2022-7315 · الجهة المعنية: فريق الاستجابة للحوادث.,فريق الاستجابة للحوادث,قيد المراجعة
INC-00322,2019-06-12,متوسطة,نظام التحقق الرقمي,محاولة وصول غير مصرح إلى مواقع تخزين النسخ الاحتياطية,محاولات متكررة للوصول إلى مواقع تخزين النسخ خارج ساعات العمل. المرجع SOC-2019-4134 · الجهة المعنية: فريق اختبار الاختراق.,فريق اختبار الاختراق,مغلق
INC-00323,2021-08-16,متوسطة,نظام التحقق الرقمي,مؤشرات اختراق مستمرة في شريحة الشبكة 132,نشاط مستمر غير مفسر داخل شريحة إنتاجية وخطة الاحتواء المرحلية. المرجع SOC-2021-4621 · الجهة المعنية: إدارة حوكمة البيانات.,إدارة حوكمة البيانات,قيد المراجعة
INC-00324,2025-01-06,عالية,نظام التخطيط المؤسسي,ثغرة إعدادات افتراضية غير آمنة في نظام التخطيط المؤسسي,تحقيق فني في ثغرة مكتشفة وتقييم قابلية الاستغلال وخطة المعالجة. المرجع SOC-2025-3033 · الجهة المعنية: فريق اختبار الاختراق.,فريق اختبار الاختراق,قيد المراجعة
INC-00325,2025-11-25,عالية,منصة التحليلات المؤسسية,قضية احتيال إلكتروني على بوابة المدفوعات (2025),قضية احتيال قيد المتابعة مع الجهات المختصة وتقدير الخسارة. المرجع SOC-2025-8241 · الجهة المعنية: إدارة المخاطر التقنية.,إدارة المخاطر التقنية,مصعّد
INC-00326,2024-10-19,عالية,نظام إدارة الأصول التقنية,تسريب مستندات تفاوضية من نظام إدارة الأصول التقنية,تحقيق في تسريب مستندات ذات قيمة تنافسية إلى خارج الجهة. المرجع SOC-2024-4953 · الجهة المعنية: إدارة حوكمة البيانات.,إدارة حوكمة البيانات,مغلق بعد المراجعة
INC-00327,2024-11-02,متوسطة,نظام النسخ الاحتياطي المركزي,إساءة استخدام صلاحيات إدارية في نظام النسخ الاحتياطي المركزي,تحقيق في استخدام حساب إداري للوصول إلى سجلات خارج نطاق العمل. المرجع SOC-2024-9201 · الجهة المعنية: إدارة حوكمة البيانات.,إدارة حوكمة البيانات,مغلق بعد المراجعة
INC-00328,2025-03-26,متوسطة,بوابة المستفيدين,نتائج اختبار اختراق بوابة المستفيدين - الربع الأول 2025,تحقيق هجومي كشف مسارات كشف بيانات حساسة قابلة للاستغلال. المرجع SOC-2025-3508 · الجهة المعنية: مركز العمليات السيبرانية.,مركز العمليات السيبرانية,قيد المراجعة
INC-00329,2023-08-20,عالية,منصة تبادل البيانات الوطنية,إساءة استخدام صلاحيات إدارية في منصة تبادل البيانات الوطنية,تحقيق في استخدام حساب إداري للوصول إلى سجلات خارج نطاق العمل. المرجع SOC-2023-7533 · الجهة المعنية: فريق اختبار الاختراق.,فريق اختبار الاختراق,قيد المراجعة
INC-00330,2020-12-08,متوسطة,مركز البيانات الرئيسي,هجوم فدية على مركز البيانات الرئيسي - القطيف,قضية ابتزاز إلكتروني قيد المعالجة مع تقييم أثر التوقف التشغيلي. المرجع SOC-2020-3031 · الجهة المعنية: إدارة أمن المعلومات.,,قيد المعالجة
INC-00331,2020-10-15,حرجة,نظام التخطيط المؤسسي,تقرير استخبارات تهديد عن حملة تستهدف نظام التخطيط المؤسسي,تحليل استخبارات مصادر مفتوحة ومغلقة لحملة موجهة ضد جهات وطنية. المرجع SOC-2020-5768 · الجهة المعنية: وحدة الالتزام التنظيمي.,وحدة الالتزام التنظيمي,قيد المعالجة
INC-00332,2020-07-21,عالية,شبكة الاتصالات الداخلية,نتائج اختبار اختراق شبكة الاتصالات الداخلية - الربع الثالث 2020,تحقيق هجومي كشف مسارات تخطي التحكم بالوصول قابلة للاستغلال. المرجع SOC-2020-2790 · الجهة المعنية: إدارة استمرارية الأعمال.,إدارة استمرارية الأعمال,مغلق
INC-00333,2025-10-16,متوسطة,نظام التحقق الرقمي,إساءة استخدام صلاحيات إدارية في نظام التحقق الرقمي,تحقيق في استخدام حساب إداري للوصول إلى سجلات خارج نطاق العمل. المرجع SOC-2025-1748 · الجهة المعنية: مركز العمليات السيبرانية.,مركز العمليات السيبرانية,قيد المعالجة
INC-00334,2021-02-18,منخفضة,مركز البيانات الرئيسي,تصريح عن اكتمال تحديث أمني في مركز البيانات الرئيسي - 2021,تصريح رسمي عن اكتمال التحديث دون كشف تفاصيل فنية. المرجع SOC-2021-3815 · الجهة المعنية: إدارة استمرارية الأعمال.,إدارة استمرارية الأعمال,مغلق بعد المراجعة
INC-00335,2024-04-19,متوسطة,نظام التحقق الرقمي,إساءة استخدام صلاحيات إدارية في نظام التحقق الرقمي,تحقيق في استخدام حساب إداري للوصول إلى سجلات خارج نطاق العمل. المرجع SOC-2024-3893 · الجهة المعنية: إدارة استمرارية الأعمال.,إدارة استمرارية الأعمال,قيد المراجعة
INC-00336,2024-03-02,عالية,بوابة المستفيدين,تقييم الأثر الاستراتيجي لانقطاع بوابة المستفيدين,دراسة استراتيجية لأثر الانقطاع على الالتزامات التعاقدية. المرجع SOC-2024-7458 · الجهة المعنية: إدارة المخاطر التقنية.,إدارة المخاطر التقنية,قيد المعالجة
INC-00337,2019-09-27,متوسطة,نظام الأرشفة الإلكترونية,تسريب مستندات تفاوضية من نظام الأرشفة الإلكترونية,تحقيق في تسريب مستندات ذات قيمة تنافسية إلى خارج الجهة. المرجع SOC-2019-2591 · الجهة المعنية: إدارة أمن المعلومات.,إدارة أمن المعلومات,قيد المعالجة
INC-00338,2021-09-03,عالية,نظام إدارة الهوية المركزي,نتائج اختبار اختراق نظام إدارة الهوية المركزي - الربع الثاني 2021,تحقيق هجومي كشف مسارات رفع صلاحيات قابلة للاستغلال. المرجع SOC-2021-8512 · الجهة المعنية: فريق اختبار الاختراق.,فريق اختبار الاختراق,قيد المراجعة
INC-00339,2021-08-04,متوسطة,منصة التوثيق الإلكتروني,خطة الاستجابة الاستراتيجية لحوادث قطاع العمليات,خطة استراتيجية لتصعيد الحوادث وتوزيع الأدوار بين الفرق. المرجع SOC-2021-9984 · الجهة المعنية: مركز العمليات السيبرانية.,مركز العمليات السيبرانية,قيد المراجعة
INC-00340,2021-02-24,عالية,نظام إدارة الأصول التقنية,تسريب مستندات تفاوضية من نظام إدارة الأصول التقنية,تحقيق في تسريب مستندات ذات قيمة تنافسية إلى خارج الجهة. المرجع SOC-2021-9282 · الجهة المعنية: إدارة استمرارية الأعمال.,إدارة استمرارية الأعمال,مغلق بعد المراجعة
INC-00341,2021-08-23,متوسطة,نظام التخطيط المؤسسي,تقييم الأثر الاستراتيجي لانقطاع نظام التخطيط المؤسسي,دراسة استراتيجية لأثر الانقطاع على الالتزامات التعاقدية. المرجع SOC-2021-1085 · الجهة المعنية: مركز العمليات السيبرانية.,مركز العمليات السيبرانية,مغلق
INC-00342,2026-01-28,عالية,منصة المراسلات الرسمية,نتائج اختبار اختراق منصة المراسلات الرسمية - الربع الثالث 2026,تحقيق هجومي كشف مسارات ضعف في تشفير القنوات قابلة للاستغلال. المرجع SOC-2026-5129 · الجهة المعنية: وحدة الالتزام التنظيمي.,وحدة الالتزام التنظيمي,مصعّد
INC-00343,2019-02-02,متوسطة,نظام التحقق الرقمي,مراجعة ما بعد الحادثة لنظام التحقق الرقمي,مراجعة تفصيلية لأسباب جذرية وثغرات ضبط لم تُعالج بعد. المرجع SOC-2019-3835 · الجهة المعنية: فريق الاستجابة للحوادث.,فريق الاستجابة للحوادث,مغلق
INC-00344,2020-05-14,عالية,مركز البيانات الاحتياطي,هجوم فدية على مركز البيانات الاحتياطي - ينبع,قضية ابتزاز إلكتروني قيد المعالجة مع تقييم أثر التوقف التشغيلي. المرجع SOC-2020-4963 · الجهة المعنية: إدارة أمن المعلومات.,إدارة أمن المعلومات,مصعّد
INC-00345,2023-05-24,متوسطة,نظام إدارة الهوية المركزي,تقييم الأثر الاستراتيجي لانقطاع نظام إدارة الهوية المركزي,دراسة استراتيجية لأثر الانقطاع على الالتزامات التعاقدية. المرجع SOC-2023-3781 · الجهة المعنية: إدارة حوكمة البيانات.,إدارة حوكمة البيانات,قيد المعالجة
INC-00346,2025-07-11,عالية,بوابة المدفوعات الوطنية,تقرير استخبارات تهديد عن حملة تستهدف بوابة المدفوعات الوطنية,تحليل استخبارات مصادر مفتوحة ومغلقة لحملة موجهة ضد جهات وطنية. المرجع SOC-2025-4021 · الجهة المعنية: وحدة الالتزام التنظيمي.,وحدة الالتزام التنظيمي,قيد المعالجة
INC-00347,2021-12-09,منخفضة,منصة الاجتماعات المؤمّنة,مشاركة مخطط الشبكة مع مورد دون تصريح,إرسال مخطط الشبكة الداخلية لمورد خارج قناة الاعتماد. المرجع SOC-2021-2315 · الجهة المعنية: وحدة الالتزام التنظيمي.,وحدة الالتزام التنظيمي,مصعّد
INC-00348,2021-10-23,منخفضة,شبكة الربط الحكومي,إحصاءات جاهزية الأمن السيبراني المعلنة - قطاع التحول الرقمي 2021,إحصاءات مجمّعة معلنة عن مؤشرات الجاهزية دون تفاصيل تشغيلية. المرجع SOC-2021-6464 · الجهة المعنية: وحدة الالتزام التنظيمي.,وحدة الالتزام التنظيمي,مغلق
INC-00349,2023-03-27,متوسطة,منصة الاجتماعات المؤمّنة,مراجعة ما بعد الحادثة لمنصة الاجتماعات المؤمّنة,مراجعة تفصيلية لأسباب جذرية وثغرات ضبط لم تُعالج بعد. المرجع SOC-2023-2995 · الجهة المعنية: إدارة حوكمة البيانات.,إدارة حوكمة البيانات,مغلق بعد المراجعة
INC-00350,2019-10-20,عالية,منصة الاجتماعات المؤمّنة,تقييم الأثر الاستراتيجي لانقطاع منصة الاجتماعات المؤمّنة,دراسة استراتيجية لأثر الانقطاع على الالتزامات التعاقدية. المرجع SOC-2019-4334 · الجهة المعنية: إدارة استمرارية الأعمال.,إدارة استمرارية الأعمال,مغلق بعد المراجعة
INC-00351,2020-12-06,متوسطة,منصة المراسلات الرسمية,خطة الاستجابة الاستراتيجية لحوادث قطاع الحلول الحكومية,خطة استراتيجية لتصعيد الحوادث وتوزيع الأدوار بين الفرق. المرجع SOC-2020-3535 · الجهة المعنية: إدارة استمرارية الأعمال.,إدارة استمرارية الأعمال,مغلق
INC-00352,2023-08-03,عالية,نظام إدارة الأصول التقنية,كشف بيانات اعتماد إدارية في مستودع شيفرة خارجي,تحقيق في نشر بيانات اعتماد تشغيلية بمستودع عام وإجراءات الإبطال. المرجع SOC-2023-3468 · الجهة المعنية: فريق الاستجابة للحوادث.,فريق الاستجابة للحوادث,مغلق بعد المراجعة
INC-00353,2025-08-31,عالية,نظام إدارة الأصول التقنية,محاولة وصول غير مصرح إلى مواقع تخزين النسخ الاحتياطية,محاولات متكررة للوصول إلى مواقع تخزين النسخ خارج ساعات العمل. المرجع SOC-2025-9263 · الجهة المعنية: فريق اختبار الاختراق.,فريق اختبار الاختراق,مصعّد
INC-00354,2021-03-08,عالية,منصة المراسلات الرسمية,تهديد بتعطيل منظومة ذات استخدام عسكري مساند,بلاغ عن استهداف منظومة عسكري الاستخدام مرتبطة بالجهة. المرجع SOC-2021-9252 · الجهة المعنية: إدارة المخاطر التقنية.,إدارة المخاطر التقنية,مغلق
INC-00355,2025-05-04,متوسطة,منصة الاجتماعات المؤمّنة,ثغرة تخطي التحكم بالوصول في منصة الاجتماعات المؤمّنة,تحقيق فني في ثغرة مكتشفة وتقييم قابلية الاستغلال وخطة المعالجة. المرجع SOC-2025-4872 · الجهة المعنية: إدارة المخاطر التقنية.,إدارة المخاطر التقنية,مغلق
INC-00356,2022-04-22,متوسطة,نظام الأرشفة الإلكترونية,تسريب مستندات تفاوضية من نظام الأرشفة الإلكترونية,تحقيق في تسريب مستندات ذات قيمة تنافسية إلى خارج الجهة. المرجع SOC-2022-2004 · الجهة المعنية: إدارة أمن المعلومات.,إدارة أمن المعلومات,مغلق
INC-00357,2020-02-09,عالية,بوابة المدفوعات الوطنية,تسريب مستندات تفاوضية من بوابة المدفوعات الوطنية,تحقيق في تسريب مستندات ذات قيمة تنافسية إلى خارج الجهة. المرجع SOC-2020-5177 · الجهة المعنية: إدارة حوكمة البيانات.,إدارة حوكمة البيانات,قيد المراجعة
INC-00358,2023-04-30,منخفضة,نظام إدارة العقود,إعلان تدريب توعوي لمنسوبي قطاع التقنية والمشاريع في مكة المكرمة,إعلان عن برنامج تدريب توعوي مفتوح للتسجيل. المرجع SOC-2023-6851 · الجهة المعنية: إدارة حوكمة البيانات.,إدارة حوكمة البيانات,قيد المعالجة
INC-00359,2021-02-04,عالية,نظام إدارة العقود,كشف بيانات اعتماد إدارية في مستودع شيفرة خارجي,تحقيق في نشر بيانات اعتماد تشغيلية بمستودع عام وإجراءات الإبطال. المرجع SOC-2021-6872 · الجهة المعنية: فريق اختبار الاختراق.,فريق اختبار الاختراق,مغلق بعد المراجعة
INC-00360,2021-12-30,متوسطة,منصة المراسلات الرسمية,إساءة استخدام صلاحيات إدارية في منصة المراسلات الرسمية,تحقيق في استخدام حساب إداري للوصول إلى سجلات خارج نطاق العمل. المرجع SOC-2021-7303 · الجهة المعنية: وحدة الالتزام التنظيمي.,وحدة الالتزام التنظيمي,قيد المعالجة
INC-00361,2025-06-08,متوسطة,بوابة الموردين الإلكترونية,خطة الاستجابة الاستراتيجية لحوادث قطاع الحلول الحكومية,خطة استراتيجية لتصعيد الحوادث وتوزيع الأدوار بين الفرق. المرجع SOC-2025-4641 · الجهة المعنية: إدارة حوكمة البيانات.,إدارة حوكمة البيانات,مصعّد
INC-00362,2022-06-30,عالية,منصة التحليلات المؤسسية,اشتباه اختراق مرتبط بمواقع تخزين أسلحة خاضعة للرقابة,محاولة وصول إلى سجلات مواقع أسلحة ومواد خاضعة للرقابة. المرجع SOC-2022-1709 · الجهة المعنية: فريق اختبار الاختراق.,فريق اختبار الاختراق,مغلق
INC-00363,2019-03-18,منخفضة,نظام التحقق الرقمي,محاولة تصيّد موجهة لمنسوبي الخدمات المساندة,رسائل تصيّد تطلب بيانات هوية ودخول من الموظفين. المرجع SOC-2019-2579 · الجهة المعنية: إدارة حوكمة البيانات.,إدارة حوكمة البيانات,مغلق
INC-00364,2024-11-23,منخفضة,بوابة المستفيدين,بلاغ عن ضياع جهاز يحتوي بيانات هوية منسوبين,فقدان جهاز محمول يحتوي ملفات بها بيانات هوية وتواصل. المرجع SOC-2024-6430 · الجهة المعنية: وحدة الالتزام التنظيمي.,وحدة الالتزام التنظيمي,مغلق بعد المراجعة
INC-00365,2022-06-11,متوسطة,نظام التخطيط المؤسسي,محاولة وصول غير مصرح إلى مواقع تخزين النسخ الاحتياطية,محاولات متكررة للوصول إلى مواقع تخزين النسخ خارج ساعات العمل. المرجع SOC-2022-5546 · الجهة المعنية: مركز العمليات السيبرانية.,مركز العمليات السيبرانية,قيد المراجعة
INC-00366,2025-06-15,منخفضة,نظام إدارة الأصول التقنية,مخالفة خصوصية في مشاركة سجلات المستفيدين,مشاركة سجلات دون تطبيق ضوابط خصوصية المستفيدين. المرجع SOC-2025-1231 · الجهة المعنية: إدارة أمن المعلومات.,إدارة أمن المعلومات,مغلق بعد المراجعة
INC-00367,2022-04-28,عالية,نظام النسخ الاحتياطي المركزي,نتائج اختبار اختراق نظام النسخ الاحتياطي المركزي - الربع الثالث 2022,تحقيق هجومي كشف مسارات ثغرة في سلسلة الإمداد قابلة للاستغلال. المرجع SOC-2022-5721 · الجهة المعنية: فريق الاستجابة للحوادث.,فريق الاستجابة للحوادث,قيد المراجعة
INC-00368,2019-12-23,متوسطة,مركز البيانات الاحتياطي,كشف غير مقصود لبيانات شخصية في مركز البيانات الاحتياطي,إعداد خاطئ أدى لظهور بيانات شخصية لعدد محدود من المستفيدين. المرجع SOC-2019-5465 · الجهة المعنية: فريق اختبار الاختراق.,,مغلق
INC-00369,2025-07-09,عالية,منصة المراسلات الرسمية,اختراق في سلسلة الإمداد عبر مكوّن طرف ثالث (2025),تحقيق في مكوّن مورد يحتوي شيفرة غير موثوقة داخل بيئة الإنتاج. المرجع SOC-2025-2017 · الجهة المعنية: إدارة استمرارية الأعمال.,إدارة استمرارية الأعمال,قيد المعالجة
INC-00370,2023-03-01,عالية,منصة الخدمات الحكومية الموحدة,ثغرة حقن أوامر في منصة الخدمات الحكومية الموحدة,تحقيق فني في ثغرة مكتشفة وتقييم قابلية الاستغلال وخطة المعالجة. المرجع SOC-2023-9127 · الجهة المعنية: إدارة استمرارية الأعمال.,إدارة استمرارية الأعمال,مصعّد
INC-00371,2021-03-20,منخفضة,بوابة الموردين الإلكترونية,منشور توعوي عن التصيّد الإلكتروني - المشتريات الربع الأول 2021,منشور توعوي عام يشرح مؤشرات الرسائل المشبوهة للجمهور. المرجع SOC-2021-4123 · الجهة المعنية: إدارة المخاطر التقنية.,إدارة المخاطر التقنية,قيد المراجعة
INC-00372,2021-04-10,منخفضة,نظام التحقق الرقمي,إعلان تدريب توعوي لمنسوبي قطاع الأعمال المؤسسية في نجران,إعلان عن برنامج تدريب توعوي مفتوح للتسجيل. المرجع SOC-2021-3594 · الجهة المعنية: فريق الاستجابة للحوادث.,فريق الاستجابة للحوادث,قيد المعالجة
INC-00373,2021-11-10,متوسطة,نظام إدارة العقود,اختراق في سلسلة الإمداد عبر مكوّن طرف ثالث (2021),تحقيق في مكوّن مورد يحتوي شيفرة غير موثوقة داخل بيئة الإنتاج. المرجع SOC-2021-5794 · الجهة المعنية: فريق الاستجابة للحوادث.,فريق الاستجابة للحوادث,قيد المعالجة
INC-00374,2022-04-11,عالية,منصة تبادل البيانات الوطنية,محاولة وصول غير مصرح إلى مواقع تخزين النسخ الاحتياطية,محاولات متكررة للوصول إلى مواقع تخزين النسخ خارج ساعات العمل. المرجع SOC-2022-9197 · الجهة المعنية: إدارة أمن المعلومات.,,مصعّد
INC-00375,2019-07-05,متوسطة,منصة الخدمات الحكومية الموحدة,محاولة وصول غير مصرح إلى مواقع تخزين النسخ الاحتياطية,محاولات متكررة للوصول إلى مواقع تخزين النسخ خارج ساعات العمل. المرجع SOC-2019-9774 · الجهة المعنية: إدارة استمرارية الأعمال.,إدارة استمرارية الأعمال,مصعّد
INC-00376,2024-02-17,متوسطة,منصة الاجتماعات المؤمّنة,هجوم فدية على منصة الاجتماعات المؤمّنة - جازان,قضية ابتزاز إلكتروني قيد المعالجة مع تقييم أثر التوقف التشغيلي. المرجع SOC-2024-8569 · الجهة المعنية: إدارة المخاطر التقنية.,إدارة المخاطر التقنية,قيد المراجعة
INC-00377,2021-08-14,عالية,نظام الأرشفة الإلكترونية,مراجعة ما بعد الحادثة لنظام الأرشفة الإلكترونية,مراجعة تفصيلية لأسباب جذرية وثغرات ضبط لم تُعالج بعد. المرجع SOC-2021-7151 · الجهة المعنية: إدارة استمرارية الأعمال.,إدارة استمرارية الأعمال,قيد المعالجة
INC-00378,2025-07-04,متوسطة,نظام التحقق الرقمي,محاولة وصول غير مصرح إلى مواقع تخزين النسخ الاحتياطية,محاولات متكررة للوصول إلى مواقع تخزين النسخ خارج ساعات العمل. المرجع SOC-2025-1390 · الجهة المعنية: فريق الاستجابة للحوادث.,فريق الاستجابة للحوادث,قيد المعالجة
INC-00379,2020-07-30,حرجة,نظام إدارة الأصول التقنية,تقرير استخبارات تهديد عن حملة تستهدف نظام إدارة الأصول التقنية,تحليل استخبارات مصادر مفتوحة ومغلقة لحملة موجهة ضد جهات وطنية. المرجع SOC-2020-4323 · الجهة المعنية: فريق اختبار الاختراق.,فريق اختبار الاختراق,مغلق بعد المراجعة
INC-00380,2019-11-07,حرجة,بوابة المدفوعات الوطنية,رصد تحركات القوات في بيانات تتبع مسربة,ظهور بيانات تحركات القوات ضمن مجموعة بيانات مسربة قيد الفحص. المرجع SOC-2019-3753 · الجهة المعنية: إدارة استمرارية الأعمال.,إدارة استمرارية الأعمال,مغلق بعد المراجعة
INC-00381,2022-01-01,متوسطة,منصة الخدمات الحكومية الموحدة,ثغرة تنفيذ أوامر عن بُعد في منصة الخدمات الحكومية الموحدة,تحقيق فني في ثغرة مكتشفة وتقييم قابلية الاستغلال وخطة المعالجة. المرجع SOC-2022-6162 · الجهة المعنية: وحدة الالتزام التنظيمي.,وحدة الالتزام التنظيمي,مغلق
INC-00382,2019-11-07,عالية,بوابة المدفوعات الوطنية,ثغرة رفع صلاحيات في بوابة المدفوعات الوطنية,تحقيق فني في ثغرة مكتشفة وتقييم قابلية الاستغلال وخطة المعالجة. المرجع SOC-2019-4616 · الجهة المعنية: فريق الاستجابة للحوادث.,فريق الاستجابة للحوادث,قيد المعالجة
INC-00383,2020-04-13,عالية,نظام الأرشفة الإلكترونية,محاولة وصول غير مصرح إلى مواقع تخزين النسخ الاحتياطية,محاولات متكررة للوصول إلى مواقع تخزين النسخ خارج ساعات العمل. المرجع SOC-2020-7787 · الجهة المعنية: مركز العمليات السيبرانية.,مركز العمليات السيبرانية,قيد المراجعة
INC-00384,2020-06-23,عالية,نظام الأرشفة الإلكترونية,حجب خدمة موزع على نظام الأرشفة الإلكترونية - الرياض,تحقيق في هجوم حجب خدمة أثّر على توفر المنصة وخطة الصد. المرجع SOC-2020-4598 · الجهة المعنية: إدارة المخاطر التقنية.,إدارة المخاطر التقنية,مغلق بعد المراجعة
INC-00385,2022-01-28,عالية,شبكة الاتصالات الداخلية,خطة الاستجابة الاستراتيجية لحوادث قطاع الشراكات,خطة استراتيجية لتصعيد الحوادث وتوزيع الأدوار بين الفرق. المرجع SOC-2022-1930 · الجهة المعنية: إدارة المخاطر التقنية.,إدارة المخاطر التقنية,مصعّد
INC-00386,2019-05-18,منخفضة,نظام إدارة الهوية المركزي,محاولة تصيّد موجهة لمنسوبي المشتريات,رسائل تصيّد تطلب بيانات هوية ودخول من الموظفين. المرجع SOC-2019-4246 · الجهة المعنية: إدارة حوكمة البيانات.,إدارة حوكمة البيانات,مصعّد
INC-00387,2025-11-24,عالية,بوابة المدفوعات الوطنية,تقييم الأثر الاستراتيجي لانقطاع بوابة المدفوعات الوطنية,دراسة استراتيجية لأثر الانقطاع على الالتزامات التعاقدية. المرجع SOC-2025-9374 · الجهة المعنية: إدارة المخاطر التقنية.,إدارة المخاطر التقنية,مغلق
INC-00388,2021-11-14,متوسطة,نظام الأرشفة الإلكترونية,اختراق في سلسلة الإمداد عبر مكوّن طرف ثالث (2021),تحقيق في مكوّن مورد يحتوي شيفرة غير موثوقة داخل بيئة الإنتاج. المرجع SOC-2021-6772 · الجهة المعنية: إدارة استمرارية الأعمال.,إدارة استمرارية الأعمال,مغلق
INC-00389,2024-05-22,منخفضة,شبكة الاتصالات الداخلية,تصريح عن اكتمال تحديث أمني في شبكة الاتصالات الداخلية - 2024,تصريح رسمي عن اكتمال التحديث دون كشف تفاصيل فنية. المرجع SOC-2024-1177 · الجهة المعنية: مركز العمليات السيبرانية.,مركز العمليات السيبرانية,مغلق
INC-00390,2020-09-03,منخفضة,نظام الأرشفة الإلكترونية,مشاركة مخطط الشبكة مع مورد دون تصريح,إرسال مخطط الشبكة الداخلية لمورد خارج قناة الاعتماد. المرجع SOC-2020-6499 · الجهة المعنية: فريق الاستجابة للحوادث.,فريق الاستجابة للحوادث,قيد المعالجة
INC-00391,2022-06-08,متوسطة,نظام إدارة الأصول التقنية,محاولة وصول غير مصرح إلى مواقع تخزين النسخ الاحتياطية,محاولات متكررة للوصول إلى مواقع تخزين النسخ خارج ساعات العمل. المرجع SOC-2022-8331 · الجهة المعنية: مركز العمليات السيبرانية.,,مصعّد
INC-00392,2024-08-15,حرجة,بوابة المدفوعات الوطنية,تهديد بتعطيل منظومة ذات استخدام عسكري مساند,بلاغ عن استهداف منظومة عسكري الاستخدام مرتبطة بالجهة. المرجع SOC-2024-5879 · الجهة المعنية: وحدة الالتزام التنظيمي.,,قيد المعالجة
INC-00393,2026-04-22,متوسطة,نظام النسخ الاحتياطي المركزي,نتائج اختبار اختراق نظام النسخ الاحتياطي المركزي - الربع الثالث 2026,تحقيق هجومي كشف مسارات ضعف في تشفير القنوات قابلة للاستغلال. المرجع SOC-2026-9468 · الجهة المعنية: إدارة المخاطر التقنية.,إدارة المخاطر التقنية,مغلق
INC-00394,2025-08-06,عالية,منصة الخدمات الحكومية الموحدة,محاولة وصول غير مصرح إلى مواقع تخزين النسخ الاحتياطية,محاولات متكررة للوصول إلى مواقع تخزين النسخ خارج ساعات العمل. المرجع SOC-2025-9286 · الجهة المعنية: إدارة المخاطر التقنية.,إدارة المخاطر التقنية,قيد المعالجة
INC-00395,2026-04-26,منخفضة,نظام النسخ الاحتياطي المركزي,تصريح عن اكتمال تحديث أمني في نظام النسخ الاحتياطي المركزي - 2026,تصريح رسمي عن اكتمال التحديث دون كشف تفاصيل فنية. المرجع SOC-2026-7516 · الجهة المعنية: إدارة أمن المعلومات.,إدارة أمن المعلومات,قيد المعالجة
INC-00396,2024-02-23,عالية,بوابة المدفوعات الوطنية,حجب خدمة موزع على بوابة المدفوعات الوطنية - بريدة,تحقيق في هجوم حجب خدمة أثّر على توفر المنصة وخطة الصد. المرجع SOC-2024-5827 · الجهة المعنية: مركز العمليات السيبرانية.,مركز العمليات السيبرانية,قيد المراجعة
INC-00397,2023-06-20,منخفضة,منصة التوثيق الإلكتروني,إحصاءات جاهزية الأمن السيبراني المعلنة - قطاع الأعمال المؤسسية 2023,إحصاءات مجمّعة معلنة عن مؤشرات الجاهزية دون تفاصيل تشغيلية. المرجع SOC-2023-5708 · الجهة المعنية: إدارة المخاطر التقنية.,إدارة المخاطر التقنية,قيد المعالجة
INC-00398,2019-12-01,متوسطة,بوابة المستفيدين,هجوم فدية على بوابة المستفيدين - بريدة,قضية ابتزاز إلكتروني قيد المعالجة مع تقييم أثر التوقف التشغيلي. المرجع SOC-2019-8740 · الجهة المعنية: إدارة أمن المعلومات.,إدارة أمن المعلومات,مغلق
INC-00399,2020-04-15,عالية,نظام التخطيط المؤسسي,ثغرة ثغرة في سلسلة الإمداد في نظام التخطيط المؤسسي,تحقيق فني في ثغرة مكتشفة وتقييم قابلية الاستغلال وخطة المعالجة. المرجع SOC-2020-1167 · الجهة المعنية: إدارة حوكمة البيانات.,إدارة حوكمة البيانات,مغلق بعد المراجعة
INC-00400,2020-05-06,متوسطة,نظام النسخ الاحتياطي المركزي,تسريب مستندات تفاوضية من نظام النسخ الاحتياطي المركزي,تحقيق في تسريب مستندات ذات قيمة تنافسية إلى خارج الجهة. المرجع SOC-2020-8563 · الجهة المعنية: فريق الاستجابة للحوادث.,فريق الاستجابة للحوادث,قيد المراجعة
INC-00401,2026-02-12,متوسطة,بوابة المدفوعات الوطنية,مذكرة داخلية عن ضبط صلاحيات بوابة المدفوعات الوطنية,مذكرة داخلية لتنظيم منح الصلاحيات ومراجعتها الدورية. المرجع SOC-2026-2840 · الجهة المعنية: فريق اختبار الاختراق.,فريق اختبار الاختراق,مغلق
INC-00402,2021-10-03,عالية,منصة الخدمات الحكومية الموحدة,محاولة وصول غير مصرح إلى مواقع تخزين النسخ الاحتياطية,محاولات متكررة للوصول إلى مواقع تخزين النسخ خارج ساعات العمل. المرجع SOC-2021-1787 · الجهة المعنية: إدارة استمرارية الأعمال.,إدارة استمرارية الأعمال,قيد المعالجة
INC-00403,2025-04-04,متوسطة,مركز البيانات الرئيسي,إساءة استخدام صلاحيات إدارية في مركز البيانات الرئيسي,تحقيق في استخدام حساب إداري للوصول إلى سجلات خارج نطاق العمل. المرجع SOC-2025-5701 · الجهة المعنية: فريق اختبار الاختراق.,فريق اختبار الاختراق,مصعّد
INC-00404,2022-01-12,منخفضة,مركز البيانات الرئيسي,مخالفة خصوصية في مشاركة سجلات المستفيدين,مشاركة سجلات دون تطبيق ضوابط خصوصية المستفيدين. المرجع SOC-2022-5483 · الجهة المعنية: إدارة حوكمة البيانات.,إدارة حوكمة البيانات,قيد المعالجة
INC-00405,2025-08-03,عالية,مركز البيانات الرئيسي,تقييم الأثر الاستراتيجي لانقطاع مركز البيانات الرئيسي,دراسة استراتيجية لأثر الانقطاع على الالتزامات التعاقدية. المرجع SOC-2025-4581 · الجهة المعنية: إدارة أمن المعلومات.,إدارة أمن المعلومات,قيد المعالجة
INC-00406,2023-02-04,عالية,نظام إدارة الهوية المركزي,كشف بيانات اعتماد إدارية في مستودع شيفرة خارجي,تحقيق في نشر بيانات اعتماد تشغيلية بمستودع عام وإجراءات الإبطال. المرجع SOC-2023-8370 · الجهة المعنية: فريق اختبار الاختراق.,فريق اختبار الاختراق,قيد المعالجة
INC-00407,2026-06-16,متوسطة,بوابة المستفيدين,قضية احتيال إلكتروني على بوابة المدفوعات (2026),قضية احتيال قيد المتابعة مع الجهات المختصة وتقدير الخسارة. المرجع SOC-2026-5387 · الجهة المعنية: فريق اختبار الاختراق.,فريق اختبار الاختراق,مغلق
INC-00408,2022-06-11,عالية,نظام الأرشفة الإلكترونية,ثغرة حقن أوامر في نظام الأرشفة الإلكترونية,تحقيق فني في ثغرة مكتشفة وتقييم قابلية الاستغلال وخطة المعالجة. المرجع SOC-2022-7114 · الجهة المعنية: فريق الاستجابة للحوادث.,,قيد المعالجة
INC-00409,2019-05-12,حرجة,نظام النسخ الاحتياطي المركزي,اشتباه اختراق مرتبط بمواقع تخزين أسلحة خاضعة للرقابة,محاولة وصول إلى سجلات مواقع أسلحة ومواد خاضعة للرقابة. المرجع SOC-2019-1059 · الجهة المعنية: إدارة المخاطر التقنية.,إدارة المخاطر التقنية,مغلق
INC-00410,2022-05-04,عالية,بوابة المستفيدين,قضية احتيال إلكتروني على بوابة المدفوعات (2022),قضية احتيال قيد المتابعة مع الجهات المختصة وتقدير الخسارة. المرجع SOC-2022-8378 · الجهة المعنية: إدارة استمرارية الأعمال.,إدارة استمرارية الأعمال,مصعّد
INC-00411,2023-10-12,منخفضة,بوابة المدفوعات الوطنية,مذكرة داخلية عن ضبط صلاحيات بوابة المدفوعات الوطنية,مذكرة داخلية لتنظيم منح الصلاحيات ومراجعتها الدورية. المرجع SOC-2023-5911 · الجهة المعنية: مركز العمليات السيبرانية.,مركز العمليات السيبرانية,مغلق بعد المراجعة
INC-00412,2026-05-15,عالية,نظام الأرشفة الإلكترونية,نتائج اختبار اختراق نظام الأرشفة الإلكترونية - الربع الرابع 2026,تحقيق هجومي كشف مسارات رفع صلاحيات قابلة للاستغلال. المرجع SOC-2026-5991 · الجهة المعنية: وحدة الالتزام التنظيمي.,وحدة الالتزام التنظيمي,مصعّد
INC-00413,2024-09-09,متوسطة,مركز البيانات الرئيسي,كشف بيانات اعتماد إدارية في مستودع شيفرة خارجي,تحقيق في نشر بيانات اعتماد تشغيلية بمستودع عام وإجراءات الإبطال. المرجع SOC-2024-8659 · الجهة المعنية: إدارة المخاطر التقنية.,إدارة المخاطر التقنية,مغلق
INC-00414,2019-04-13,متوسطة,نظام الأرشفة الإلكترونية,حجب خدمة موزع على نظام الأرشفة الإلكترونية - الدمام,تحقيق في هجوم حجب خدمة أثّر على توفر المنصة وخطة الصد. المرجع SOC-2019-1860 · الجهة المعنية: مركز العمليات السيبرانية.,مركز العمليات السيبرانية,مصعّد
INC-00415,2021-09-19,متوسطة,مركز البيانات الاحتياطي,تقييم الأثر الاستراتيجي لانقطاع مركز البيانات الاحتياطي,دراسة استراتيجية لأثر الانقطاع على الالتزامات التعاقدية. المرجع SOC-2021-9397 · الجهة المعنية: فريق اختبار الاختراق.,فريق اختبار الاختراق,مصعّد
INC-00416,2026-05-07,منخفضة,مركز البيانات الاحتياطي,بلاغ عن ضياع جهاز يحتوي بيانات هوية منسوبين,فقدان جهاز محمول يحتوي ملفات بها بيانات هوية وتواصل. المرجع SOC-2026-7870 · الجهة المعنية: إدارة المخاطر التقنية.,إدارة المخاطر التقنية,مغلق
INC-00417,2019-04-17,متوسطة,منصة التوثيق الإلكتروني,مخالفة خصوصية في مشاركة سجلات المستفيدين,مشاركة سجلات دون تطبيق ضوابط خصوصية المستفيدين. المرجع SOC-2019-4969 · الجهة المعنية: إدارة أمن المعلومات.,إدارة أمن المعلومات,مغلق بعد المراجعة
INC-00418,2022-11-10,حرجة,نظام إدارة الأصول التقنية,تنسيق عمليات أمنية مشتركة بعد حادثة الرياض,إجراءات عمليات أمنية مشتركة مع جهات وطنية عقب الحادثة. المرجع SOC-2022-6681 · الجهة المعنية: إدارة حوكمة البيانات.,إدارة حوكمة البيانات,مغلق بعد المراجعة
INC-00419,2020-05-25,عالية,نظام التحقق الرقمي,إساءة استخدام صلاحيات إدارية في نظام التحقق الرقمي,تحقيق في استخدام حساب إداري للوصول إلى سجلات خارج نطاق العمل. المرجع SOC-2020-7617 · الجهة المعنية: إدارة أمن المعلومات.,إدارة أمن المعلومات,مصعّد
INC-00420,2026-04-09,عالية,شبكة الاتصالات الداخلية,خطة الاستجابة الاستراتيجية لحوادث قطاع الشراكات,خطة استراتيجية لتصعيد الحوادث وتوزيع الأدوار بين الفرق. المرجع SOC-2026-9684 · الجهة المعنية: فريق اختبار الاختراق.,فريق اختبار الاختراق,مغلق بعد المراجعة
INC-00421,2022-05-04,متوسطة,منصة المراسلات الرسمية,كشف بيانات اعتماد إدارية في مستودع شيفرة خارجي,تحقيق في نشر بيانات اعتماد تشغيلية بمستودع عام وإجراءات الإبطال. المرجع SOC-2022-2467 · الجهة المعنية: إدارة المخاطر التقنية.,إدارة المخاطر التقنية,قيد المراجعة
INC-00422,2019-04-22,منخفضة,منصة الخدمات الحكومية الموحدة,إعلان تدريب توعوي لمنسوبي قطاع الأعمال المؤسسية في تبوك,إعلان عن برنامج تدريب توعوي مفتوح للتسجيل. المرجع SOC-2019-2234 · الجهة المعنية: إدارة استمرارية الأعمال.,إدارة استمرارية الأعمال,مصعّد
INC-00423,2024-09-17,عالية,نظام إدارة العقود,مؤشرات اختراق مستمرة في شريحة الشبكة 166,نشاط مستمر غير مفسر داخل شريحة إنتاجية وخطة الاحتواء المرحلية. المرجع SOC-2024-9157 · الجهة المعنية: مركز العمليات السيبرانية.,مركز العمليات السيبرانية,قيد المعالجة
INC-00424,2022-01-08,عالية,منصة التحليلات المؤسسية,مؤشرات اختراق مستمرة في شريحة الشبكة 40,نشاط مستمر غير مفسر داخل شريحة إنتاجية وخطة الاحتواء المرحلية. المرجع SOC-2022-1343 · الجهة المعنية: إدارة حوكمة البيانات.,إدارة حوكمة البيانات,مغلق
INC-00425,2025-02-05,متوسطة,منصة الاجتماعات المؤمّنة,مراجعة ما بعد الحادثة لمنصة الاجتماعات المؤمّنة,مراجعة تفصيلية لأسباب جذرية وثغرات ضبط لم تُعالج بعد. المرجع SOC-2025-6707 · الجهة المعنية: مركز العمليات السيبرانية.,مركز العمليات السيبرانية,مصعّد
INC-00426,2026-04-06,حرجة,نظام النسخ الاحتياطي المركزي,اشتباه تسريب مفاتيح التشفير الخاصة بنظام النسخ الاحتياطي المركزي,مؤشرات على كشف مفاتيح التشفير المستخدمة في حماية قنوات وطنية. المرجع SOC-2026-7080 · الجهة المعنية: وحدة الالتزام التنظيمي.,وحدة الالتزام التنظيمي,قيد المعالجة
INC-00427,2020-06-12,متوسطة,نظام التحقق الرقمي,مخالفة خصوصية في مشاركة سجلات المستفيدين,مشاركة سجلات دون تطبيق ضوابط خصوصية المستفيدين. المرجع SOC-2020-5893 · الجهة المعنية: إدارة أمن المعلومات.,إدارة أمن المعلومات,مغلق بعد المراجعة
INC-00428,2021-09-20,عالية,بوابة المدفوعات الوطنية,تهديد بتعطيل منظومة ذات استخدام عسكري مساند,بلاغ عن استهداف منظومة عسكري الاستخدام مرتبطة بالجهة. المرجع SOC-2021-3556 · الجهة المعنية: إدارة أمن المعلومات.,إدارة أمن المعلومات,مغلق
INC-00429,2020-05-13,منخفضة,بوابة المستفيدين,مشاركة مخطط الشبكة مع مورد دون تصريح,إرسال مخطط الشبكة الداخلية لمورد خارج قناة الاعتماد. المرجع SOC-2020-5936 · الجهة المعنية: إدارة المخاطر التقنية.,إدارة المخاطر التقنية,مغلق
INC-00430,2025-07-02,عالية,منصة المراسلات الرسمية,ثغرة تجاوز مصادقة في منصة المراسلات الرسمية,تحقيق فني في ثغرة مكتشفة وتقييم قابلية الاستغلال وخطة المعالجة. المرجع SOC-2025-1473 · الجهة المعنية: إدارة استمرارية الأعمال.,إدارة استمرارية الأعمال,مغلق
INC-00431,2020-04-29,منخفضة,بوابة المدفوعات الوطنية,تصريح عن اكتمال تحديث أمني في بوابة المدفوعات الوطنية - 2020,تصريح رسمي عن اكتمال التحديث دون كشف تفاصيل فنية. المرجع SOC-2020-5111 · الجهة المعنية: إدارة حوكمة البيانات.,إدارة حوكمة البيانات,قيد المراجعة
INC-00432,2026-04-16,عالية,نظام إدارة الأصول التقنية,اشتباه اختراق مرتبط بمواقع تخزين أسلحة خاضعة للرقابة,محاولة وصول إلى سجلات مواقع أسلحة ومواد خاضعة للرقابة. المرجع SOC-2026-1813 · الجهة المعنية: وحدة الالتزام التنظيمي.,وحدة الالتزام التنظيمي,مغلق بعد المراجعة
INC-00433,2019-03-18,متوسطة,منصة تبادل البيانات الوطنية,إساءة استخدام صلاحيات إدارية في منصة تبادل البيانات الوطنية,تحقيق في استخدام حساب إداري للوصول إلى سجلات خارج نطاق العمل. المرجع SOC-2019-6095 · الجهة المعنية: مركز العمليات السيبرانية.,مركز العمليات السيبرانية,مصعّد
INC-00434,2024-03-29,متوسطة,بوابة المستفيدين,محاولة تصيّد موجهة لمنسوبي إدارة المخاطر,رسائل تصيّد تطلب بيانات هوية ودخول من الموظفين. المرجع SOC-2024-2357 · الجهة المعنية: فريق اختبار الاختراق.,فريق اختبار الاختراق,مصعّد
INC-00435,2020-01-01,عالية,نظام النسخ الاحتياطي المركزي,حجب خدمة موزع على نظام النسخ الاحتياطي المركزي - سكاكا,تحقيق في هجوم حجب خدمة أثّر على توفر المنصة وخطة الصد. المرجع SOC-2020-3789 · الجهة المعنية: مركز العمليات السيبرانية.,مركز العمليات السيبرانية,مغلق
INC-00436,2025-12-06,متوسطة,مركز البيانات الرئيسي,اختراق في سلسلة الإمداد عبر مكوّن طرف ثالث (2025),تحقيق في مكوّن مورد يحتوي شيفرة غير موثوقة داخل بيئة الإنتاج. المرجع SOC-2025-8943 · الجهة المعنية: إدارة استمرارية الأعمال.,إدارة استمرارية الأعمال,مصعّد
INC-00437,2024-04-26,متوسطة,بوابة المستفيدين,ثغرة تجاوز مصادقة في بوابة المستفيدين,تحقيق فني في ثغرة مكتشفة وتقييم قابلية الاستغلال وخطة المعالجة. المرجع SOC-2024-2981 · الجهة المعنية: فريق الاستجابة للحوادث.,فريق الاستجابة للحوادث,مصعّد
INC-00438,2025-10-04,متوسطة,مركز البيانات الرئيسي,كشف بيانات اعتماد إدارية في مستودع شيفرة خارجي,تحقيق في نشر بيانات اعتماد تشغيلية بمستودع عام وإجراءات الإبطال. المرجع SOC-2025-8141 · الجهة المعنية: إدارة أمن المعلومات.,إدارة أمن المعلومات,مغلق
INC-00439,2024-11-08,متوسطة,منصة الاجتماعات المؤمّنة,مخالفة خصوصية في مشاركة سجلات المستفيدين,مشاركة سجلات دون تطبيق ضوابط خصوصية المستفيدين. المرجع SOC-2024-3063 · الجهة المعنية: فريق اختبار الاختراق.,فريق اختبار الاختراق,قيد المراجعة
INC-00440,2020-05-26,متوسطة,منصة المراسلات الرسمية,ثغرة إعدادات افتراضية غير آمنة في منصة المراسلات الرسمية,تحقيق فني في ثغرة مكتشفة وتقييم قابلية الاستغلال وخطة المعالجة. المرجع SOC-2020-5979 · الجهة المعنية: وحدة الالتزام التنظيمي.,وحدة الالتزام التنظيمي,قيد المراجعة
INC-00441,2022-10-22,حرجة,نظام إدارة الهوية المركزي,تقرير استخبارات تهديد عن حملة تستهدف نظام إدارة الهوية المركزي,تحليل استخبارات مصادر مفتوحة ومغلقة لحملة موجهة ضد جهات وطنية. المرجع SOC-2022-9175 · الجهة المعنية: إدارة المخاطر التقنية.,إدارة المخاطر التقنية,مصعّد
INC-00442,2020-09-27,متوسطة,بوابة المستفيدين,كشف بيانات اعتماد إدارية في مستودع شيفرة خارجي,تحقيق في نشر بيانات اعتماد تشغيلية بمستودع عام وإجراءات الإبطال. المرجع SOC-2020-5021 · الجهة المعنية: إدارة أمن المعلومات.,إدارة أمن المعلومات,مغلق
INC-00443,2026-03-18,منخفضة,نظام التحقق الرقمي,كشف غير مقصود لبيانات شخصية في نظام التحقق الرقمي,إعداد خاطئ أدى لظهور بيانات شخصية لعدد محدود من المستفيدين. المرجع SOC-2026-7774 · الجهة المعنية: إدارة حوكمة البيانات.,إدارة حوكمة البيانات,قيد المراجعة
INC-00444,2023-08-14,عالية,منصة التوثيق الإلكتروني,هجوم فدية على منصة التوثيق الإلكتروني - الرياض,قضية ابتزاز إلكتروني قيد المعالجة مع تقييم أثر التوقف التشغيلي. المرجع SOC-2023-3131 · الجهة المعنية: فريق الاستجابة للحوادث.,فريق الاستجابة للحوادث,مغلق بعد المراجعة
INC-00445,2023-01-17,متوسطة,منصة التحليلات المؤسسية,مذكرة داخلية عن ضبط صلاحيات منصة التحليلات المؤسسية,مذكرة داخلية لتنظيم منح الصلاحيات ومراجعتها الدورية. المرجع SOC-2023-1310 · الجهة المعنية: إدارة أمن المعلومات.,إدارة أمن المعلومات,مصعّد
INC-00446,2025-10-05,متوسطة,بوابة المدفوعات الوطنية,حجب خدمة موزع على بوابة المدفوعات الوطنية - الخبر,تحقيق في هجوم حجب خدمة أثّر على توفر المنصة وخطة الصد. المرجع SOC-2025-2818 · الجهة المعنية: إدارة استمرارية الأعمال.,إدارة استمرارية الأعمال,مغلق بعد المراجعة
INC-00447,2024-02-16,عالية,منصة التوثيق الإلكتروني,تقييم الأثر الاستراتيجي لانقطاع منصة التوثيق الإلكتروني,دراسة استراتيجية لأثر الانقطاع على الالتزامات التعاقدية. المرجع SOC-2024-7685 · الجهة المعنية: إدارة استمرارية الأعمال.,إدارة استمرارية الأعمال,مغلق بعد المراجعة
INC-00448,2023-10-10,منخفضة,بوابة المدفوعات الوطنية,مشاركة مخطط الشبكة مع مورد دون تصريح,إرسال مخطط الشبكة الداخلية لمورد خارج قناة الاعتماد. المرجع SOC-2023-7605 · الجهة المعنية: إدارة المخاطر التقنية.,,مغلق بعد المراجعة
INC-00449,2025-07-20,متوسطة,مركز البيانات الرئيسي,نتائج اختبار اختراق مركز البيانات الرئيسي - الربع الأول 2025,تحقيق هجومي كشف مسارات تخطي التحكم بالوصول قابلة للاستغلال. المرجع SOC-2025-1493 · الجهة المعنية: إدارة أمن المعلومات.,إدارة أمن المعلومات,مغلق
INC-00450,2025-06-10,منخفضة,منصة الخدمات الحكومية الموحدة,تصريح عن اكتمال تحديث أمني في منصة الخدمات الحكومية الموحدة - 2025,تصريح رسمي عن اكتمال التحديث دون كشف تفاصيل فنية. المرجع SOC-2025-8635 · الجهة المعنية: إدارة استمرارية الأعمال.,إدارة استمرارية الأعمال,قيد المعالجة
INC-00451,2021-05-24,متوسطة,بوابة الموردين الإلكترونية,مذكرة داخلية عن ضبط صلاحيات بوابة الموردين الإلكترونية,مذكرة داخلية لتنظيم منح الصلاحيات ومراجعتها الدورية. المرجع SOC-2021-4431 · الجهة المعنية: وحدة الالتزام التنظيمي.,وحدة الالتزام التنظيمي,قيد المراجعة
INC-00452,2020-02-01,عالية,منصة التوثيق الإلكتروني,ثغرة ضعف في تشفير القنوات في منصة التوثيق الإلكتروني,تحقيق فني في ثغرة مكتشفة وتقييم قابلية الاستغلال وخطة المعالجة. المرجع SOC-2020-2951 · الجهة المعنية: إدارة حوكمة البيانات.,إدارة حوكمة البيانات,قيد المعالجة
INC-00453,2022-07-18,متوسطة,نظام التخطيط المؤسسي,تسريب مستندات تفاوضية من نظام التخطيط المؤسسي,تحقيق في تسريب مستندات ذات قيمة تنافسية إلى خارج الجهة. المرجع SOC-2022-8460 · الجهة المعنية: فريق الاستجابة للحوادث.,فريق الاستجابة للحوادث,مغلق
INC-00454,2020-10-27,عالية,نظام إدارة العقود,ثغرة كشف بيانات حساسة في نظام إدارة العقود,تحقيق فني في ثغرة مكتشفة وتقييم قابلية الاستغلال وخطة المعالجة. المرجع SOC-2020-4909 · الجهة المعنية: إدارة حوكمة البيانات.,إدارة حوكمة البيانات,مغلق
INC-00455,2021-07-02,متوسطة,نظام التخطيط المؤسسي,اختراق في سلسلة الإمداد عبر مكوّن طرف ثالث (2021),تحقيق في مكوّن مورد يحتوي شيفرة غير موثوقة داخل بيئة الإنتاج. المرجع SOC-2021-9062 · الجهة المعنية: إدارة المخاطر التقنية.,إدارة المخاطر التقنية,مغلق
INC-00456,2025-01-10,عالية,مركز البيانات الاحتياطي,هجوم فدية على مركز البيانات الاحتياطي - الطائف,قضية ابتزاز إلكتروني قيد المعالجة مع تقييم أثر التوقف التشغيلي. المرجع SOC-2025-6907 · الجهة المعنية: فريق الاستجابة للحوادث.,فريق الاستجابة للحوادث,قيد المعالجة
INC-00457,2019-02-06,متوسطة,نظام إدارة العقود,مراجعة ما بعد الحادثة لنظام إدارة العقود,مراجعة تفصيلية لأسباب جذرية وثغرات ضبط لم تُعالج بعد. المرجع SOC-2019-6348 · الجهة المعنية: إدارة استمرارية الأعمال.,إدارة استمرارية الأعمال,قيد المعالجة
INC-00458,2021-10-22,عالية,منصة تبادل البيانات الوطنية,كشف بيانات اعتماد إدارية في مستودع شيفرة خارجي,تحقيق في نشر بيانات اعتماد تشغيلية بمستودع عام وإجراءات الإبطال. المرجع SOC-2021-1241 · الجهة المعنية: إدارة حوكمة البيانات.,إدارة حوكمة البيانات,مغلق بعد المراجعة
INC-00459,2020-10-27,متوسطة,نظام إدارة الأصول التقنية,إساءة استخدام صلاحيات إدارية في نظام إدارة الأصول التقنية,تحقيق في استخدام حساب إداري للوصول إلى سجلات خارج نطاق العمل. المرجع SOC-2020-5284 · الجهة المعنية: فريق اختبار الاختراق.,فريق اختبار الاختراق,مغلق بعد المراجعة
INC-00460,2022-01-07,عالية,مركز البيانات الاحتياطي,ثغرة إعدادات افتراضية غير آمنة في مركز البيانات الاحتياطي,تحقيق فني في ثغرة مكتشفة وتقييم قابلية الاستغلال وخطة المعالجة. المرجع SOC-2022-7287 · الجهة المعنية: إدارة استمرارية الأعمال.,إدارة استمرارية الأعمال,مصعّد
INC-00461,2019-04-24,عالية,منصة الاجتماعات المؤمّنة,هجوم فدية على منصة الاجتماعات المؤمّنة - خميس مشيط,قضية ابتزاز إلكتروني قيد المعالجة مع تقييم أثر التوقف التشغيلي. المرجع SOC-2019-7993 · الجهة المعنية: مركز العمليات السيبرانية.,مركز العمليات السيبرانية,مغلق
INC-00462,2019-11-25,متوسطة,منصة تبادل البيانات الوطنية,مراجعة ما بعد الحادثة لمنصة تبادل البيانات الوطنية,مراجعة تفصيلية لأسباب جذرية وثغرات ضبط لم تُعالج بعد. المرجع SOC-2019-7228 · الجهة المعنية: فريق اختبار الاختراق.,فريق اختبار الاختراق,قيد المراجعة
INC-00463,2021-07-11,متوسطة,نظام التخطيط المؤسسي,قضية احتيال إلكتروني على بوابة المدفوعات (2021),قضية احتيال قيد المتابعة مع الجهات المختصة وتقدير الخسارة. المرجع SOC-2021-3896 · الجهة المعنية: وحدة الالتزام التنظيمي.,وحدة الالتزام التنظيمي,قيد المراجعة
INC-00464,2023-04-28,عالية,شبكة الربط الحكومي,اختراق في سلسلة الإمداد عبر مكوّن طرف ثالث (2023),تحقيق في مكوّن مورد يحتوي شيفرة غير موثوقة داخل بيئة الإنتاج. المرجع SOC-2023-6792 · الجهة المعنية: فريق الاستجابة للحوادث.,فريق الاستجابة للحوادث,مصعّد
INC-00465,2024-07-20,حرجة,نظام الأرشفة الإلكترونية,اشتباه تسريب مفاتيح التشفير الخاصة بنظام الأرشفة الإلكترونية,مؤشرات على كشف مفاتيح التشفير المستخدمة في حماية قنوات وطنية. المرجع SOC-2024-6241 · الجهة المعنية: مركز العمليات السيبرانية.,مركز العمليات السيبرانية,قيد المراجعة
INC-00466,2022-02-01,متوسطة,منصة التوثيق الإلكتروني,هجوم فدية على منصة التوثيق الإلكتروني - سكاكا,قضية ابتزاز إلكتروني قيد المعالجة مع تقييم أثر التوقف التشغيلي. المرجع SOC-2022-7675 · الجهة المعنية: فريق اختبار الاختراق.,فريق اختبار الاختراق,مصعّد
INC-00467,2026-03-09,متوسطة,نظام إدارة الهوية المركزي,مؤشرات اختراق مستمرة في شريحة الشبكة 227,نشاط مستمر غير مفسر داخل شريحة إنتاجية وخطة الاحتواء المرحلية. المرجع SOC-2026-5702 · الجهة المعنية: فريق اختبار الاختراق.,فريق اختبار الاختراق,قيد المعالجة
INC-00468,2019-03-10,عالية,نظام التخطيط المؤسسي,نتائج اختبار اختراق نظام التخطيط المؤسسي - الربع الثالث 2019,تحقيق هجومي كشف مسارات حقن أوامر قابلة للاستغلال. المرجع SOC-2019-1588 · الجهة المعنية: فريق اختبار الاختراق.,فريق اختبار الاختراق,قيد المعالجة
INC-00469,2019-12-17,متوسطة,بوابة المستفيدين,نتائج اختبار اختراق بوابة المستفيدين - الربع الثالث 2019,تحقيق هجومي كشف مسارات تنفيذ أوامر عن بُعد قابلة للاستغلال. المرجع SOC-2019-2997 · الجهة المعنية: فريق الاستجابة للحوادث.,فريق الاستجابة للحوادث,قيد المراجعة
INC-00470,2025-01-15,عالية,منصة الاجتماعات المؤمّنة,تقييم الأثر الاستراتيجي لانقطاع منصة الاجتماعات المؤمّنة,دراسة استراتيجية لأثر الانقطاع على الالتزامات التعاقدية. المرجع SOC-2025-3422 · الجهة المعنية: وحدة الالتزام التنظيمي.,وحدة الالتزام التنظيمي,مصعّد
INC-00471,2021-07-07,عالية,منصة التوثيق الإلكتروني,رصد تحركات القوات في بيانات تتبع مسربة,ظهور بيانات تحركات القوات ضمن مجموعة بيانات مسربة قيد الفحص. المرجع SOC-2021-6389 · الجهة المعنية: مركز العمليات السيبرانية.,مركز العمليات السيبرانية,قيد المراجعة
INC-00472,2022-12-16,عالية,نظام التحقق الرقمي,حجب خدمة موزع على نظام التحقق الرقمي - بريدة,تحقيق في هجوم حجب خدمة أثّر على توفر المنصة وخطة الصد. المرجع SOC-2022-1042 · الجهة المعنية: فريق الاستجابة للحوادث.,فريق الاستجابة للحوادث,قيد المعالجة
INC-00473,2024-11-05,عالية,بوابة المستفيدين,هجوم فدية على بوابة المستفيدين - بريدة,قضية ابتزاز إلكتروني قيد المعالجة مع تقييم أثر التوقف التشغيلي. المرجع SOC-2024-6855 · الجهة المعنية: إدارة المخاطر التقنية.,إدارة المخاطر التقنية,مغلق
INC-00474,2025-03-25,عالية,نظام إدارة العقود,نتائج اختبار اختراق نظام إدارة العقود - الربع الثاني 2025,تحقيق هجومي كشف مسارات إعدادات افتراضية غير آمنة قابلة للاستغلال. المرجع SOC-2025-7816 · الجهة المعنية: إدارة استمرارية الأعمال.,إدارة استمرارية الأعمال,مصعّد
INC-00475,2023-02-15,عالية,بوابة الموردين الإلكترونية,كشف بيانات اعتماد إدارية في مستودع شيفرة خارجي,تحقيق في نشر بيانات اعتماد تشغيلية بمستودع عام وإجراءات الإبطال. المرجع SOC-2023-3119 · الجهة المعنية: إدارة حوكمة البيانات.,إدارة حوكمة البيانات,قيد المراجعة
INC-00476,2026-03-22,عالية,منصة التحليلات المؤسسية,حجب خدمة موزع على منصة التحليلات المؤسسية - أبها,تحقيق في هجوم حجب خدمة أثّر على توفر المنصة وخطة الصد. المرجع SOC-2026-4031 · الجهة المعنية: فريق اختبار الاختراق.,فريق اختبار الاختراق,مغلق بعد المراجعة
INC-00477,2019-10-02,عالية,بوابة المدفوعات الوطنية,محاولة اختراق أنظمة التحكم في مصفاة بترولية,رصد نشاط جهة تهديد مدعومة يستهدف أنظمة تحكم منشأة حيوية وطنية. المرجع SOC-2019-9498 · الجهة المعنية: فريق اختبار الاختراق.,فريق اختبار الاختراق,قيد المعالجة
INC-00478,2019-03-12,عالية,بوابة المستفيدين,مراجعة ما بعد الحادثة لبوابة المستفيدين,مراجعة تفصيلية لأسباب جذرية وثغرات ضبط لم تُعالج بعد. المرجع SOC-2019-4056 · الجهة المعنية: إدارة حوكمة البيانات.,إدارة حوكمة البيانات,قيد المعالجة
INC-00479,2023-08-25,عالية,نظام إدارة الهوية المركزي,كشف بيانات اعتماد إدارية في مستودع شيفرة خارجي,تحقيق في نشر بيانات اعتماد تشغيلية بمستودع عام وإجراءات الإبطال. المرجع SOC-2023-9179 · الجهة المعنية: فريق الاستجابة للحوادث.,فريق الاستجابة للحوادث,قيد المراجعة
INC-00480,2023-06-10,متوسطة,نظام إدارة الهوية المركزي,اختراق في سلسلة الإمداد عبر مكوّن طرف ثالث (2023),تحقيق في مكوّن مورد يحتوي شيفرة غير موثوقة داخل بيئة الإنتاج. المرجع SOC-2023-7063 · الجهة المعنية: فريق الاستجابة للحوادث.,فريق الاستجابة للحوادث,مغلق بعد المراجعة
INC-00481,2020-10-05,عالية,نظام التحقق الرقمي,مؤشرات اختراق مستمرة في شريحة الشبكة 57,نشاط مستمر غير مفسر داخل شريحة إنتاجية وخطة الاحتواء المرحلية. المرجع SOC-2020-9863 · الجهة المعنية: فريق الاستجابة للحوادث.,فريق الاستجابة للحوادث,مغلق
INC-00482,2024-02-16,متوسطة,مركز البيانات الرئيسي,تقييم الأثر الاستراتيجي لانقطاع مركز البيانات الرئيسي,دراسة استراتيجية لأثر الانقطاع على الالتزامات التعاقدية. المرجع SOC-2024-2060 · الجهة المعنية: إدارة استمرارية الأعمال.,إدارة استمرارية الأعمال,مصعّد
INC-00483,2021-05-16,عالية,نظام إدارة الهوية المركزي,محاولة وصول غير مصرح إلى مواقع تخزين النسخ الاحتياطية,محاولات متكررة للوصول إلى مواقع تخزين النسخ خارج ساعات العمل. المرجع SOC-2021-7654 · الجهة المعنية: مركز العمليات السيبرانية.,مركز العمليات السيبرانية,مغلق بعد المراجعة
INC-00484,2021-10-07,عالية,نظام النسخ الاحتياطي المركزي,إساءة استخدام صلاحيات إدارية في نظام النسخ الاحتياطي المركزي,تحقيق في استخدام حساب إداري للوصول إلى سجلات خارج نطاق العمل. المرجع SOC-2021-6235 · الجهة المعنية: فريق اختبار الاختراق.,فريق اختبار الاختراق,قيد المراجعة
INC-00485,2021-09-17,متوسطة,شبكة الربط الحكومي,نتائج اختبار اختراق شبكة الربط الحكومي - الربع الثالث 2021,تحقيق هجومي كشف مسارات تجاوز مصادقة قابلة للاستغلال. المرجع SOC-2021-9267 · الجهة المعنية: إدارة حوكمة البيانات.,إدارة حوكمة البيانات,مغلق
INC-00486,2020-05-01,عالية,نظام الأرشفة الإلكترونية,قضية احتيال إلكتروني على بوابة المدفوعات (2020),قضية احتيال قيد المتابعة مع الجهات المختصة وتقدير الخسارة. المرجع SOC-2020-3842 · الجهة المعنية: إدارة المخاطر التقنية.,إدارة المخاطر التقنية,مصعّد
INC-00487,2025-11-13,متوسطة,نظام إدارة العقود,مخالفة خصوصية في مشاركة سجلات المستفيدين,مشاركة سجلات دون تطبيق ضوابط خصوصية المستفيدين. المرجع SOC-2025-7981 · الجهة المعنية: فريق الاستجابة للحوادث.,فريق الاستجابة للحوادث,مغلق بعد المراجعة
INC-00488,2021-10-16,عالية,نظام النسخ الاحتياطي المركزي,إساءة استخدام صلاحيات إدارية في نظام النسخ الاحتياطي المركزي,تحقيق في استخدام حساب إداري للوصول إلى سجلات خارج نطاق العمل. المرجع SOC-2021-9532 · الجهة المعنية: وحدة الالتزام التنظيمي.,وحدة الالتزام التنظيمي,مصعّد
INC-00489,2024-09-04,متوسطة,بوابة المستفيدين,ثغرة ضعف في تشفير القنوات في بوابة المستفيدين,تحقيق فني في ثغرة مكتشفة وتقييم قابلية الاستغلال وخطة المعالجة. المرجع SOC-2024-4289 · الجهة المعنية: وحدة الالتزام التنظيمي.,وحدة الالتزام التنظيمي,مصعّد
INC-00490,2023-08-18,متوسطة,مركز البيانات الرئيسي,مراجعة ما بعد الحادثة لمركز البيانات الرئيسي,مراجعة تفصيلية لأسباب جذرية وثغرات ضبط لم تُعالج بعد. المرجع SOC-2023-6436 · الجهة المعنية: إدارة المخاطر التقنية.,إدارة المخاطر التقنية,مصعّد
INC-00491,2019-09-04,متوسطة,نظام التخطيط المؤسسي,كشف بيانات اعتماد إدارية في مستودع شيفرة خارجي,تحقيق في نشر بيانات اعتماد تشغيلية بمستودع عام وإجراءات الإبطال. المرجع SOC-2019-7371 · الجهة المعنية: مركز العمليات السيبرانية.,مركز العمليات السيبرانية,قيد المراجعة
INC-00492,2021-12-30,متوسطة,منصة التحليلات المؤسسية,هجوم فدية على منصة التحليلات المؤسسية - الجبيل,قضية ابتزاز إلكتروني قيد المعالجة مع تقييم أثر التوقف التشغيلي. المرجع SOC-2021-3334 · الجهة المعنية: إدارة المخاطر التقنية.,إدارة المخاطر التقنية,مغلق
INC-00493,2022-09-03,متوسطة,نظام إدارة الأصول التقنية,اختراق في سلسلة الإمداد عبر مكوّن طرف ثالث (2022),تحقيق في مكوّن مورد يحتوي شيفرة غير موثوقة داخل بيئة الإنتاج. المرجع SOC-2022-4386 · الجهة المعنية: وحدة الالتزام التنظيمي.,وحدة الالتزام التنظيمي,مصعّد
INC-00494,2019-07-21,عالية,نظام إدارة الهوية المركزي,اختراق شبكة ربط تخدم منشأة حيوية في أبها,وصول غير مصرح إلى شريحة شبكة تخدم منشأة حيوية وخطة العزل الفوري. المرجع SOC-2019-5896 · الجهة المعنية: فريق الاستجابة للحوادث.,فريق الاستجابة للحوادث,مصعّد
INC-00495,2020-09-14,متوسطة,منصة التوثيق الإلكتروني,كشف بيانات اعتماد إدارية في مستودع شيفرة خارجي,تحقيق في نشر بيانات اعتماد تشغيلية بمستودع عام وإجراءات الإبطال. المرجع SOC-2020-7145 · الجهة المعنية: فريق الاستجابة للحوادث.,فريق الاستجابة للحوادث,قيد المعالجة
INC-00496,2019-02-02,عالية,منصة المراسلات الرسمية,اشتباه اختراق مرتبط بمواقع تخزين أسلحة خاضعة للرقابة,محاولة وصول إلى سجلات مواقع أسلحة ومواد خاضعة للرقابة. المرجع SOC-2019-6468 · الجهة المعنية: فريق اختبار الاختراق.,فريق اختبار الاختراق,قيد المراجعة
INC-00497,2024-09-21,عالية,بوابة المستفيدين,هجوم فدية على بوابة المستفيدين - الجبيل,قضية ابتزاز إلكتروني قيد المعالجة مع تقييم أثر التوقف التشغيلي. المرجع SOC-2024-1758 · الجهة المعنية: وحدة الالتزام التنظيمي.,وحدة الالتزام التنظيمي,قيد المعالجة
INC-00498,2025-04-14,متوسطة,منصة المراسلات الرسمية,كشف غير مقصود لبيانات شخصية في منصة المراسلات الرسمية,إعداد خاطئ أدى لظهور بيانات شخصية لعدد محدود من المستفيدين. المرجع SOC-2025-4659 · الجهة المعنية: إدارة حوكمة البيانات.,إدارة حوكمة البيانات,مصعّد
INC-00499,2019-12-23,متوسطة,منصة الاجتماعات المؤمّنة,كشف بيانات اعتماد إدارية في مستودع شيفرة خارجي,تحقيق في نشر بيانات اعتماد تشغيلية بمستودع عام وإجراءات الإبطال. المرجع SOC-2019-4164 · الجهة المعنية: مركز العمليات السيبرانية.,مركز العمليات السيبرانية,قيد المراجعة
INC-00500,2023-02-24,عالية,منصة التحليلات المؤسسية,خطة الاستجابة الاستراتيجية لحوادث قطاع الحلول الحكومية,خطة استراتيجية لتصعيد الحوادث وتوزيع الأدوار بين الفرق. المرجع SOC-2023-4168 · الجهة المعنية: إدارة أمن المعلومات.,إدارة أمن المعلومات,مصعّد
INC-00501,2022-07-26,متوسطة,نظام إدارة الهوية المركزي,محاولة تصيّد موجهة لمنسوبي إدارة المخاطر,رسائل تصيّد تطلب بيانات هوية ودخول من الموظفين. المرجع SOC-2022-5696 · الجهة المعنية: إدارة استمرارية الأعمال.,إدارة استمرارية الأعمال,مصعّد
INC-00502,2020-01-02,عالية,نظام إدارة الأصول التقنية,نتائج اختبار اختراق نظام إدارة الأصول التقنية - الربع الثاني 2020,تحقيق هجومي كشف مسارات إعدادات افتراضية غير آمنة قابلة للاستغلال. المرجع SOC-2020-8519 · الجهة المعنية: إدارة استمرارية الأعمال.,إدارة استمرارية الأعمال,قيد المراجعة
INC-00503,2022-12-01,متوسطة,بوابة المستفيدين,هجوم فدية على بوابة المستفيدين - عرعر,قضية ابتزاز إلكتروني قيد المعالجة مع تقييم أثر التوقف التشغيلي. المرجع SOC-2022-3181 · الجهة المعنية: إدارة استمرارية الأعمال.,إدارة استمرارية الأعمال,قيد المراجعة
INC-00504,2019-04-05,عالية,شبكة الاتصالات الداخلية,تسريب مستندات تفاوضية من شبكة الاتصالات الداخلية,تحقيق في تسريب مستندات ذات قيمة تنافسية إلى خارج الجهة. المرجع SOC-2019-4578 · الجهة المعنية: إدارة أمن المعلومات.,إدارة أمن المعلومات,قيد المراجعة
INC-00505,2025-12-15,عالية,شبكة الاتصالات الداخلية,محاولة وصول غير مصرح إلى مواقع تخزين النسخ الاحتياطية,محاولات متكررة للوصول إلى مواقع تخزين النسخ خارج ساعات العمل. المرجع SOC-2025-1147 · الجهة المعنية: إدارة استمرارية الأعمال.,إدارة استمرارية الأعمال,مغلق بعد المراجعة
INC-00506,2022-02-25,متوسطة,نظام التحقق الرقمي,محاولة تصيّد موجهة لمنسوبي المالية,رسائل تصيّد تطلب بيانات هوية ودخول من الموظفين. المرجع SOC-2022-3607 · الجهة المعنية: وحدة الالتزام التنظيمي.,وحدة الالتزام التنظيمي,مغلق
INC-00507,2023-05-27,متوسطة,منصة التحليلات المؤسسية,محاولة وصول غير مصرح إلى مواقع تخزين النسخ الاحتياطية,محاولات متكررة للوصول إلى مواقع تخزين النسخ خارج ساعات العمل. المرجع SOC-2023-6837 · الجهة المعنية: مركز العمليات السيبرانية.,مركز العمليات السيبرانية,مغلق
INC-00508,2020-02-14,عالية,نظام إدارة الأصول التقنية,نتائج اختبار اختراق نظام إدارة الأصول التقنية - الربع الرابع 2020,تحقيق هجومي كشف مسارات ضعف في تشفير القنوات قابلة للاستغلال. المرجع SOC-2020-3942 · الجهة المعنية: مركز العمليات السيبرانية.,مركز العمليات السيبرانية,مغلق
INC-00509,2020-02-19,عالية,مركز البيانات الاحتياطي,حجب خدمة موزع على مركز البيانات الاحتياطي - المدينة المنورة,تحقيق في هجوم حجب خدمة أثّر على توفر المنصة وخطة الصد. المرجع SOC-2020-9002 · الجهة المعنية: إدارة أمن المعلومات.,إدارة أمن المعلومات,مغلق بعد المراجعة
INC-00510,2025-07-19,عالية,نظام التحقق الرقمي,ثغرة رفع صلاحيات في نظام التحقق الرقمي,تحقيق فني في ثغرة مكتشفة وتقييم قابلية الاستغلال وخطة المعالجة. المرجع SOC-2025-4774 · الجهة المعنية: إدارة حوكمة البيانات.,إدارة حوكمة البيانات,مصعّد
INC-00511,2021-01-14,عالية,منصة الخدمات الحكومية الموحدة,تسريب مستندات تفاوضية من منصة الخدمات الحكومية الموحدة,تحقيق في تسريب مستندات ذات قيمة تنافسية إلى خارج الجهة. المرجع SOC-2021-3375 · الجهة المعنية: إدارة أمن المعلومات.,إدارة أمن المعلومات,قيد المراجعة
INC-00512,2025-10-21,منخفضة,منصة التوثيق الإلكتروني,إحصاءات جاهزية الأمن السيبراني المعلنة - قطاع الحلول الحكومية 2025,إحصاءات مجمّعة معلنة عن مؤشرات الجاهزية دون تفاصيل تشغيلية. المرجع SOC-2025-9798 · الجهة المعنية: إدارة استمرارية الأعمال.,إدارة استمرارية الأعمال,قيد المراجعة
INC-00513,2020-10-11,حرجة,نظام الأرشفة الإلكترونية,تهديد بتعطيل منظومة ذات استخدام عسكري مساند,بلاغ عن استهداف منظومة عسكري الاستخدام مرتبطة بالجهة. المرجع SOC-2020-6309 · الجهة المعنية: إدارة المخاطر التقنية.,إدارة المخاطر التقنية,مغلق بعد المراجعة
INC-00514,2025-10-25,منخفضة,نظام إدارة الهوية المركزي,مذكرة داخلية عن ضبط صلاحيات نظام إدارة الهوية المركزي,مذكرة داخلية لتنظيم منح الصلاحيات ومراجعتها الدورية. المرجع SOC-2025-1425 · الجهة المعنية: فريق اختبار الاختراق.,فريق اختبار الاختراق,قيد المراجعة
INC-00515,2020-06-01,عالية,منصة الاجتماعات المؤمّنة,مراجعة ما بعد الحادثة لمنصة الاجتماعات المؤمّنة,مراجعة تفصيلية لأسباب جذرية وثغرات ضبط لم تُعالج بعد. المرجع SOC-2020-7824 · الجهة المعنية: مركز العمليات السيبرانية.,مركز العمليات السيبرانية,قيد المعالجة
INC-00516,2026-01-21,عالية,شبكة الاتصالات الداخلية,حجب خدمة موزع على شبكة الاتصالات الداخلية - تبوك,تحقيق في هجوم حجب خدمة أثّر على توفر المنصة وخطة الصد. المرجع SOC-2026-1870 · الجهة المعنية: إدارة حوكمة البيانات.,إدارة حوكمة البيانات,مصعّد
INC-00517,2020-06-14,متوسطة,نظام النسخ الاحتياطي المركزي,مراجعة ما بعد الحادثة لنظام النسخ الاحتياطي المركزي,مراجعة تفصيلية لأسباب جذرية وثغرات ضبط لم تُعالج بعد. المرجع SOC-2020-2954 · الجهة المعنية: وحدة الالتزام التنظيمي.,وحدة الالتزام التنظيمي,مصعّد
INC-00518,2019-07-16,حرجة,منصة المراسلات الرسمية,تهديد بتعطيل منظومة ذات استخدام عسكري مساند,بلاغ عن استهداف منظومة عسكري الاستخدام مرتبطة بالجهة. المرجع SOC-2019-4407 · الجهة المعنية: إدارة أمن المعلومات.,إدارة أمن المعلومات,قيد المعالجة
INC-00519,2022-07-14,عالية,منصة التحليلات المؤسسية,إساءة استخدام صلاحيات إدارية في منصة التحليلات المؤسسية,تحقيق في استخدام حساب إداري للوصول إلى سجلات خارج نطاق العمل. المرجع SOC-2022-2816 · الجهة المعنية: إدارة استمرارية الأعمال.,إدارة استمرارية الأعمال,مغلق
INC-00520,2022-02-04,حرجة,نظام النسخ الاحتياطي المركزي,تهديد بتعطيل منظومة ذات استخدام عسكري مساند,بلاغ عن استهداف منظومة عسكري الاستخدام مرتبطة بالجهة. المرجع SOC-2022-3672 · الجهة المعنية: مركز العمليات السيبرانية.,مركز العمليات السيبرانية,قيد المراجعة
INC-00521,2024-10-26,عالية,مركز البيانات الاحتياطي,قضية احتيال إلكتروني على بوابة المدفوعات (2024),قضية احتيال قيد المتابعة مع الجهات المختصة وتقدير الخسارة. المرجع SOC-2024-3664 · الجهة المعنية: فريق الاستجابة للحوادث.,فريق الاستجابة للحوادث,مغلق
INC-00522,2020-07-09,عالية,مركز البيانات الاحتياطي,اختراق في سلسلة الإمداد عبر مكوّن طرف ثالث (2020),تحقيق في مكوّن مورد يحتوي شيفرة غير موثوقة داخل بيئة الإنتاج. المرجع SOC-2020-5272 · الجهة المعنية: إدارة أمن المعلومات.,إدارة أمن المعلومات,مصعّد
INC-00523,2021-12-20,متوسطة,منصة تبادل البيانات الوطنية,مراجعة ما بعد الحادثة لمنصة تبادل البيانات الوطنية,مراجعة تفصيلية لأسباب جذرية وثغرات ضبط لم تُعالج بعد. المرجع SOC-2021-4507 · الجهة المعنية: إدارة حوكمة البيانات.,إدارة حوكمة البيانات,مصعّد
INC-00524,2020-05-28,حرجة,شبكة الربط الحكومي,حادثة رقم NSI-2020-254 - تصنيف اللجنة العليا,حادثة مصعّدة للجنة العليا لارتباطها بمواقع وطنية محددة. المرجع SOC-2020-4500 · الجهة المعنية: فريق الاستجابة للحوادث.,فريق الاستجابة للحوادث,مصعّد
INC-00525,2020-01-10,متوسطة,نظام إدارة الهوية المركزي,خطة الاستجابة الاستراتيجية لحوادث قطاع الشراكات,خطة استراتيجية لتصعيد الحوادث وتوزيع الأدوار بين الفرق. المرجع SOC-2020-2056 · الجهة المعنية: إدارة أمن المعلومات.,,مصعّد
INC-00526,2024-10-10,متوسطة,بوابة المستفيدين,محاولة وصول غير مصرح إلى مواقع تخزين النسخ الاحتياطية,محاولات متكررة للوصول إلى مواقع تخزين النسخ خارج ساعات العمل. المرجع SOC-2024-9092 · الجهة المعنية: فريق اختبار الاختراق.,فريق اختبار الاختراق,مغلق
INC-00527,2019-04-26,منخفضة,نظام إدارة العقود,إعلان تدريب توعوي لمنسوبي قطاع الحلول الحكومية في الخبر,إعلان عن برنامج تدريب توعوي مفتوح للتسجيل. المرجع SOC-2019-1139 · الجهة المعنية: فريق الاستجابة للحوادث.,فريق الاستجابة للحوادث,قيد المعالجة
INC-00528,2022-02-10,متوسطة,منصة الخدمات الحكومية الموحدة,اختراق في سلسلة الإمداد عبر مكوّن طرف ثالث (2022),تحقيق في مكوّن مورد يحتوي شيفرة غير موثوقة داخل بيئة الإنتاج. المرجع SOC-2022-2359 · الجهة المعنية: إدارة أمن المعلومات.,إدارة أمن المعلومات,قيد المراجعة
INC-00529,2021-05-04,منخفضة,منصة تبادل البيانات الوطنية,مشاركة مخطط الشبكة مع مورد دون تصريح,إرسال مخطط الشبكة الداخلية لمورد خارج قناة الاعتماد. المرجع SOC-2021-7128 · الجهة المعنية: فريق اختبار الاختراق.,فريق اختبار الاختراق,قيد المعالجة
INC-00530,2021-07-26,منخفضة,مركز البيانات الرئيسي,منشور توعوي عن التصيّد الإلكتروني - التخطيط والتطوير الربع الأول 2021,منشور توعوي عام يشرح مؤشرات الرسائل المشبوهة للجمهور. المرجع SOC-2021-4459 · الجهة المعنية: إدارة حوكمة البيانات.,إدارة حوكمة البيانات,مغلق بعد المراجعة
INC-00531,2025-10-09,متوسطة,نظام التخطيط المؤسسي,تقييم الأثر الاستراتيجي لانقطاع نظام التخطيط المؤسسي,دراسة استراتيجية لأثر الانقطاع على الالتزامات التعاقدية. المرجع SOC-2025-7059 · الجهة المعنية: إدارة استمرارية الأعمال.,إدارة استمرارية الأعمال,قيد المراجعة
INC-00532,2026-05-21,عالية,نظام التخطيط المؤسسي,إساءة استخدام صلاحيات إدارية في نظام التخطيط المؤسسي,تحقيق في استخدام حساب إداري للوصول إلى سجلات خارج نطاق العمل. المرجع SOC-2026-6299 · الجهة المعنية: إدارة استمرارية الأعمال.,إدارة استمرارية الأعمال,مصعّد
INC-00533,2024-11-20,حرجة,نظام إدارة العقود,إحاطة عاجلة للمركز الوطني بشأن حادثة نجران,إحاطة تتضمن مؤشرات اختراق ومواقع تأثير لا يجوز تداولها. المرجع SOC-2024-7690 · الجهة المعنية: إدارة حوكمة البيانات.,إدارة حوكمة البيانات,قيد المراجعة
INC-00534,2020-09-12,متوسطة,شبكة الاتصالات الداخلية,كشف بيانات اعتماد إدارية في مستودع شيفرة خارجي,تحقيق في نشر بيانات اعتماد تشغيلية بمستودع عام وإجراءات الإبطال. المرجع SOC-2020-2950 · الجهة المعنية: إدارة المخاطر التقنية.,إدارة المخاطر التقنية,قيد المراجعة
INC-00535,2022-11-14,عالية,شبكة الربط الحكومي,رصد تحركات القوات في بيانات تتبع مسربة,ظهور بيانات تحركات القوات ضمن مجموعة بيانات مسربة قيد الفحص. المرجع SOC-2022-7459 · الجهة المعنية: إدارة المخاطر التقنية.,إدارة المخاطر التقنية,قيد المراجعة
INC-00536,2021-08-02,عالية,مركز البيانات الاحتياطي,حادثة مساس بمتطلبات سيادة البيانات في مركز البيانات الاحتياطي,نقل بيانات خارج النطاق المصرح بما يخل بمتطلبات سيادة البيانات. المرجع SOC-2021-7425 · الجهة المعنية: وحدة الالتزام التنظيمي.,وحدة الالتزام التنظيمي,مصعّد
INC-00537,2019-08-29,متوسطة,بوابة الموردين الإلكترونية,تسريب مستندات تفاوضية من بوابة الموردين الإلكترونية,تحقيق في تسريب مستندات ذات قيمة تنافسية إلى خارج الجهة. المرجع SOC-2019-5222 · الجهة المعنية: إدارة حوكمة البيانات.,إدارة حوكمة البيانات,مغلق بعد المراجعة
INC-00538,2020-12-12,عالية,نظام إدارة العقود,اختراق شبكة ربط تخدم منشأة حيوية في الخبر,وصول غير مصرح إلى شريحة شبكة تخدم منشأة حيوية وخطة العزل الفوري. المرجع SOC-2020-7024 · الجهة المعنية: إدارة حوكمة البيانات.,إدارة حوكمة البيانات,مصعّد
INC-00539,2023-01-17,متوسطة,نظام التخطيط المؤسسي,مراجعة ما بعد الحادثة لنظام التخطيط المؤسسي,مراجعة تفصيلية لأسباب جذرية وثغرات ضبط لم تُعالج بعد. المرجع SOC-2023-6131 · الجهة المعنية: وحدة الالتزام التنظيمي.,وحدة الالتزام التنظيمي,مصعّد
INC-00540,2019-10-25,متوسطة,منصة التحليلات المؤسسية,كشف بيانات اعتماد إدارية في مستودع شيفرة خارجي,تحقيق في نشر بيانات اعتماد تشغيلية بمستودع عام وإجراءات الإبطال. المرجع SOC-2019-1267 · الجهة المعنية: مركز العمليات السيبرانية.,مركز العمليات السيبرانية,قيد المراجعة
INC-00541,2021-08-05,متوسطة,شبكة الاتصالات الداخلية,مخالفة خصوصية في مشاركة سجلات المستفيدين,مشاركة سجلات دون تطبيق ضوابط خصوصية المستفيدين. المرجع SOC-2021-1665 · الجهة المعنية: إدارة حوكمة البيانات.,إدارة حوكمة البيانات,مغلق
INC-00542,2024-08-13,عالية,نظام التحقق الرقمي,ثغرة إعدادات افتراضية غير آمنة في نظام التحقق الرقمي,تحقيق فني في ثغرة مكتشفة وتقييم قابلية الاستغلال وخطة المعالجة. المرجع SOC-2024-7459 · الجهة المعنية: إدارة المخاطر التقنية.,إدارة المخاطر التقنية,مغلق
INC-00543,2019-06-27,عالية,منصة التوثيق الإلكتروني,حجب خدمة موزع على منصة التوثيق الإلكتروني - القطيف,تحقيق في هجوم حجب خدمة أثّر على توفر المنصة وخطة الصد. المرجع SOC-2019-8867 · الجهة المعنية: مركز العمليات السيبرانية.,مركز العمليات السيبرانية,مغلق بعد المراجعة
INC-00544,2024-10-18,منخفضة,بوابة المدفوعات الوطنية,مخالفة خصوصية في مشاركة سجلات المستفيدين,مشاركة سجلات دون تطبيق ضوابط خصوصية المستفيدين. المرجع SOC-2024-6532 · الجهة المعنية: إدارة أمن المعلومات.,إدارة أمن المعلومات,قيد المعالجة
INC-00545,2019-09-29,عالية,منصة المراسلات الرسمية,اختراق في سلسلة الإمداد عبر مكوّن طرف ثالث (2019),تحقيق في مكوّن مورد يحتوي شيفرة غير موثوقة داخل بيئة الإنتاج. المرجع SOC-2019-2902 · الجهة المعنية: فريق اختبار الاختراق.,فريق اختبار الاختراق,مغلق
INC-00546,2024-06-17,متوسطة,بوابة المدفوعات الوطنية,حجب خدمة موزع على بوابة المدفوعات الوطنية - الدمام,تحقيق في هجوم حجب خدمة أثّر على توفر المنصة وخطة الصد. المرجع SOC-2024-1520 · الجهة المعنية: إدارة حوكمة البيانات.,إدارة حوكمة البيانات,قيد المراجعة
INC-00547,2022-05-11,عالية,نظام النسخ الاحتياطي المركزي,مؤشرات اختراق مستمرة في شريحة الشبكة 157,نشاط مستمر غير مفسر داخل شريحة إنتاجية وخطة الاحتواء المرحلية. المرجع SOC-2022-5662 · الجهة المعنية: فريق الاستجابة للحوادث.,فريق الاستجابة للحوادث,مغلق بعد المراجعة
INC-00548,2019-02-10,منخفضة,مركز البيانات الرئيسي,مشاركة مخطط الشبكة مع مورد دون تصريح,إرسال مخطط الشبكة الداخلية لمورد خارج قناة الاعتماد. المرجع SOC-2019-9155 · الجهة المعنية: إدارة أمن المعلومات.,إدارة أمن المعلومات,مغلق بعد المراجعة
INC-00549,2020-07-14,عالية,نظام التخطيط المؤسسي,ثغرة تنفيذ أوامر عن بُعد في نظام التخطيط المؤسسي,تحقيق فني في ثغرة مكتشفة وتقييم قابلية الاستغلال وخطة المعالجة. المرجع SOC-2020-9794 · الجهة المعنية: إدارة استمرارية الأعمال.,إدارة استمرارية الأعمال,قيد المراجعة
INC-00550,2021-08-11,متوسطة,مركز البيانات الرئيسي,مراجعة ما بعد الحادثة لمركز البيانات الرئيسي,مراجعة تفصيلية لأسباب جذرية وثغرات ضبط لم تُعالج بعد. المرجع SOC-2021-3644 · الجهة المعنية: إدارة حوكمة البيانات.,إدارة حوكمة البيانات,مغلق
INC-00551,2023-07-10,متوسطة,نظام إدارة العقود,اختراق في سلسلة الإمداد عبر مكوّن طرف ثالث (2023),تحقيق في مكوّن مورد يحتوي شيفرة غير موثوقة داخل بيئة الإنتاج. المرجع SOC-2023-3625 · الجهة المعنية: إدارة حوكمة البيانات.,إدارة حوكمة البيانات,مغلق
INC-00552,2019-11-30,عالية,منصة المراسلات الرسمية,تقييم الأثر الاستراتيجي لانقطاع منصة المراسلات الرسمية,دراسة استراتيجية لأثر الانقطاع على الالتزامات التعاقدية. المرجع SOC-2019-3516 · الجهة المعنية: فريق اختبار الاختراق.,فريق اختبار الاختراق,قيد المعالجة
INC-00553,2022-09-19,متوسطة,نظام إدارة الهوية المركزي,تسريب مستندات تفاوضية من نظام إدارة الهوية المركزي,تحقيق في تسريب مستندات ذات قيمة تنافسية إلى خارج الجهة. المرجع SOC-2022-4102 · الجهة المعنية: مركز العمليات السيبرانية.,مركز العمليات السيبرانية,قيد المراجعة
INC-00554,2026-01-13,متوسطة,منصة التحليلات المؤسسية,هجوم فدية على منصة التحليلات المؤسسية - تبوك,قضية ابتزاز إلكتروني قيد المعالجة مع تقييم أثر التوقف التشغيلي. المرجع SOC-2026-8999 · الجهة المعنية: فريق اختبار الاختراق.,فريق اختبار الاختراق,مغلق بعد المراجعة
INC-00555,2021-09-25,عالية,منصة المراسلات الرسمية,كشف بيانات اعتماد إدارية في مستودع شيفرة خارجي,تحقيق في نشر بيانات اعتماد تشغيلية بمستودع عام وإجراءات الإبطال. المرجع SOC-2021-4480 · الجهة المعنية: فريق اختبار الاختراق.,فريق اختبار الاختراق,مغلق
INC-00556,2023-10-13,عالية,منصة الخدمات الحكومية الموحدة,قضية احتيال إلكتروني على بوابة المدفوعات (2023),قضية احتيال قيد المتابعة مع الجهات المختصة وتقدير الخسارة. المرجع SOC-2023-1187 · الجهة المعنية: إدارة أمن المعلومات.,إدارة أمن المعلومات,مغلق
INC-00557,2024-11-15,عالية,نظام التحقق الرقمي,تنسيق عمليات أمنية مشتركة بعد حادثة الخبر,إجراءات عمليات أمنية مشتركة مع جهات وطنية عقب الحادثة. المرجع SOC-2024-7695 · الجهة المعنية: فريق الاستجابة للحوادث.,فريق الاستجابة للحوادث,قيد المعالجة
INC-00558,2025-11-03,عالية,منصة الخدمات الحكومية الموحدة,كشف بيانات اعتماد إدارية في مستودع شيفرة خارجي,تحقيق في نشر بيانات اعتماد تشغيلية بمستودع عام وإجراءات الإبطال. المرجع SOC-2025-3001 · الجهة المعنية: فريق اختبار الاختراق.,فريق اختبار الاختراق,قيد المعالجة
INC-00559,2021-06-23,متوسطة,منصة الاجتماعات المؤمّنة,تسريب مستندات تفاوضية من منصة الاجتماعات المؤمّنة,تحقيق في تسريب مستندات ذات قيمة تنافسية إلى خارج الجهة. المرجع SOC-2021-9503 · الجهة المعنية: فريق الاستجابة للحوادث.,فريق الاستجابة للحوادث,مغلق بعد المراجعة
INC-00560,2021-05-07,عالية,شبكة الاتصالات الداخلية,قضية احتيال إلكتروني على بوابة المدفوعات (2021),قضية احتيال قيد المتابعة مع الجهات المختصة وتقدير الخسارة. المرجع SOC-2021-4720 · الجهة المعنية: وحدة الالتزام التنظيمي.,وحدة الالتزام التنظيمي,قيد المعالجة
INC-00561,2021-11-28,عالية,نظام النسخ الاحتياطي المركزي,تقييم الأثر الاستراتيجي لانقطاع نظام النسخ الاحتياطي المركزي,دراسة استراتيجية لأثر الانقطاع على الالتزامات التعاقدية. المرجع SOC-2021-2123 · الجهة المعنية: إدارة حوكمة البيانات.,إدارة حوكمة البيانات,مغلق
INC-00562,2019-05-29,منخفضة,بوابة المدفوعات الوطنية,مذكرة داخلية عن ضبط صلاحيات بوابة المدفوعات الوطنية,مذكرة داخلية لتنظيم منح الصلاحيات ومراجعتها الدورية. المرجع SOC-2019-8334 · الجهة المعنية: إدارة المخاطر التقنية.,إدارة المخاطر التقنية,قيد المعالجة
INC-00563,2022-01-06,متوسطة,مركز البيانات الاحتياطي,كشف بيانات اعتماد إدارية في مستودع شيفرة خارجي,تحقيق في نشر بيانات اعتماد تشغيلية بمستودع عام وإجراءات الإبطال. المرجع SOC-2022-9869 · الجهة المعنية: وحدة الالتزام التنظيمي.,وحدة الالتزام التنظيمي,مصعّد
INC-00564,2020-11-10,حرجة,منصة تبادل البيانات الوطنية,تهديد بتعطيل منظومة ذات استخدام عسكري مساند,بلاغ عن استهداف منظومة عسكري الاستخدام مرتبطة بالجهة. المرجع SOC-2020-7878 · الجهة المعنية: إدارة حوكمة البيانات.,إدارة حوكمة البيانات,قيد المعالجة
INC-00565,2024-01-06,متوسطة,نظام إدارة الهوية المركزي,ثغرة ضعف في تشفير القنوات في نظام إدارة الهوية المركزي,تحقيق فني في ثغرة مكتشفة وتقييم قابلية الاستغلال وخطة المعالجة. المرجع SOC-2024-9891 · الجهة المعنية: إدارة استمرارية الأعمال.,إدارة استمرارية الأعمال,مغلق بعد المراجعة
INC-00566,2026-06-10,عالية,مركز البيانات الرئيسي,مراجعة ما بعد الحادثة لمركز البيانات الرئيسي,مراجعة تفصيلية لأسباب جذرية وثغرات ضبط لم تُعالج بعد. المرجع SOC-2026-8887 · الجهة المعنية: إدارة حوكمة البيانات.,إدارة حوكمة البيانات,مصعّد
INC-00567,2025-07-18,عالية,بوابة الموردين الإلكترونية,تقييم الأثر الاستراتيجي لانقطاع بوابة الموردين الإلكترونية,دراسة استراتيجية لأثر الانقطاع على الالتزامات التعاقدية. المرجع SOC-2025-1293 · الجهة المعنية: مركز العمليات السيبرانية.,مركز العمليات السيبرانية,قيد المراجعة
INC-00568,2025-06-25,عالية,مركز البيانات الاحتياطي,كشف بيانات اعتماد إدارية في مستودع شيفرة خارجي,تحقيق في نشر بيانات اعتماد تشغيلية بمستودع عام وإجراءات الإبطال. المرجع SOC-2025-6100 · الجهة المعنية: وحدة الالتزام التنظيمي.,وحدة الالتزام التنظيمي,قيد المعالجة
INC-00569,2024-12-29,منخفضة,نظام الأرشفة الإلكترونية,محاولة تصيّد موجهة لمنسوبي الشؤون القانونية,رسائل تصيّد تطلب بيانات هوية ودخول من الموظفين. المرجع SOC-2024-7354 · الجهة المعنية: وحدة الالتزام التنظيمي.,وحدة الالتزام التنظيمي,قيد المراجعة
INC-00570,2022-03-20,متوسطة,مركز البيانات الرئيسي,ثغرة ثغرة في سلسلة الإمداد في مركز البيانات الرئيسي,تحقيق فني في ثغرة مكتشفة وتقييم قابلية الاستغلال وخطة المعالجة. المرجع SOC-2022-5741 · الجهة المعنية: فريق الاستجابة للحوادث.,فريق الاستجابة للحوادث,قيد المراجعة
INC-00571,2021-04-10,عالية,منصة التحليلات المؤسسية,مؤشرات اختراق مستمرة في شريحة الشبكة 145,نشاط مستمر غير مفسر داخل شريحة إنتاجية وخطة الاحتواء المرحلية. المرجع SOC-2021-8070 · الجهة المعنية: إدارة حوكمة البيانات.,إدارة حوكمة البيانات,قيد المعالجة
INC-00572,2023-05-16,منخفضة,نظام إدارة الهوية المركزي,مشاركة مخطط الشبكة مع مورد دون تصريح,إرسال مخطط الشبكة الداخلية لمورد خارج قناة الاعتماد. المرجع SOC-2023-4604 · الجهة المعنية: فريق اختبار الاختراق.,فريق اختبار الاختراق,مغلق
INC-00573,2023-11-30,متوسطة,نظام التخطيط المؤسسي,قضية احتيال إلكتروني على بوابة المدفوعات (2023),قضية احتيال قيد المتابعة مع الجهات المختصة وتقدير الخسارة. المرجع SOC-2023-6292 · الجهة المعنية: إدارة حوكمة البيانات.,إدارة حوكمة البيانات,قيد المراجعة
INC-00574,2023-08-10,منخفضة,نظام التخطيط المؤسسي,تصريح عن اكتمال تحديث أمني في نظام التخطيط المؤسسي - 2023,تصريح رسمي عن اكتمال التحديث دون كشف تفاصيل فنية. المرجع SOC-2023-5045 · الجهة المعنية: إدارة حوكمة البيانات.,إدارة حوكمة البيانات,مصعّد
INC-00575,2021-02-09,متوسطة,مركز البيانات الرئيسي,ثغرة حقن أوامر في مركز البيانات الرئيسي,تحقيق فني في ثغرة مكتشفة وتقييم قابلية الاستغلال وخطة المعالجة. المرجع SOC-2021-8523 · الجهة المعنية: فريق الاستجابة للحوادث.,فريق الاستجابة للحوادث,مغلق
INC-00576,2023-04-24,متوسطة,نظام التحقق الرقمي,حجب خدمة موزع على نظام التحقق الرقمي - نجران,تحقيق في هجوم حجب خدمة أثّر على توفر المنصة وخطة الصد. المرجع SOC-2023-1849 · الجهة المعنية: فريق الاستجابة للحوادث.,فريق الاستجابة للحوادث,مغلق
INC-00577,2023-07-29,منخفضة,بوابة الموردين الإلكترونية,منشور توعوي عن التصيّد الإلكتروني - الاتصال المؤسسي الربع الأول 2023,منشور توعوي عام يشرح مؤشرات الرسائل المشبوهة للجمهور. المرجع SOC-2023-9409 · الجهة المعنية: وحدة الالتزام التنظيمي.,وحدة الالتزام التنظيمي,مصعّد
INC-00578,2019-01-28,متوسطة,نظام الأرشفة الإلكترونية,كشف غير مقصود لبيانات شخصية في نظام الأرشفة الإلكترونية,إعداد خاطئ أدى لظهور بيانات شخصية لعدد محدود من المستفيدين. المرجع SOC-2019-5528 · الجهة المعنية: إدارة المخاطر التقنية.,إدارة المخاطر التقنية,قيد المعالجة
INC-00579,2026-05-20,عالية,نظام التخطيط المؤسسي,نتائج اختبار اختراق نظام التخطيط المؤسسي - الربع الأول 2026,تحقيق هجومي كشف مسارات تخطي التحكم بالوصول قابلة للاستغلال. المرجع SOC-2026-3972 · الجهة المعنية: فريق اختبار الاختراق.,فريق اختبار الاختراق,قيد المراجعة
INC-00580,2024-08-24,عالية,بوابة المستفيدين,مراجعة ما بعد الحادثة لبوابة المستفيدين,مراجعة تفصيلية لأسباب جذرية وثغرات ضبط لم تُعالج بعد. المرجع SOC-2024-7387 · الجهة المعنية: مركز العمليات السيبرانية.,مركز العمليات السيبرانية,قيد المراجعة
INC-00581,2022-11-03,متوسطة,منصة الاجتماعات المؤمّنة,قضية احتيال إلكتروني على بوابة المدفوعات (2022),قضية احتيال قيد المتابعة مع الجهات المختصة وتقدير الخسارة. المرجع SOC-2022-9383 · الجهة المعنية: إدارة المخاطر التقنية.,إدارة المخاطر التقنية,مصعّد
INC-00582,2024-12-11,عالية,نظام الأرشفة الإلكترونية,كشف بيانات اعتماد إدارية في مستودع شيفرة خارجي,تحقيق في نشر بيانات اعتماد تشغيلية بمستودع عام وإجراءات الإبطال. المرجع SOC-2024-4065 · الجهة المعنية: فريق اختبار الاختراق.,فريق اختبار الاختراق,قيد المعالجة
INC-00583,2022-12-19,حرجة,بوابة الموردين الإلكترونية,حادثة رقم NSI-2022-780 - تصنيف اللجنة العليا,حادثة مصعّدة للجنة العليا لارتباطها بمواقع وطنية محددة. المرجع SOC-2022-1176 · الجهة المعنية: إدارة حوكمة البيانات.,إدارة حوكمة البيانات,مغلق بعد المراجعة
INC-00584,2026-01-17,منخفضة,منصة التوثيق الإلكتروني,كشف غير مقصود لبيانات شخصية في منصة التوثيق الإلكتروني,إعداد خاطئ أدى لظهور بيانات شخصية لعدد محدود من المستفيدين. المرجع SOC-2026-2227 · الجهة المعنية: فريق الاستجابة للحوادث.,فريق الاستجابة للحوادث,مغلق بعد المراجعة
INC-00585,2021-06-02,متوسطة,منصة الخدمات الحكومية الموحدة,محاولة تصيّد موجهة لمنسوبي التخطيط والتطوير,رسائل تصيّد تطلب بيانات هوية ودخول من الموظفين. المرجع SOC-2021-9991 · الجهة المعنية: فريق الاستجابة للحوادث.,فريق الاستجابة للحوادث,قيد المعالجة
INC-00586,2024-04-27,عالية,نظام التخطيط المؤسسي,ثغرة رفع صلاحيات في نظام التخطيط المؤسسي,تحقيق فني في ثغرة مكتشفة وتقييم قابلية الاستغلال وخطة المعالجة. المرجع SOC-2024-3077 · الجهة المعنية: مركز العمليات السيبرانية.,مركز العمليات السيبرانية,مغلق
INC-00587,2022-01-17,عالية,مركز البيانات الرئيسي,خطة الاستجابة الاستراتيجية لحوادث قطاع البنية التحتية,خطة استراتيجية لتصعيد الحوادث وتوزيع الأدوار بين الفرق. المرجع SOC-2022-3213 · الجهة المعنية: وحدة الالتزام التنظيمي.,وحدة الالتزام التنظيمي,مصعّد
INC-00588,2025-01-20,متوسطة,منصة التحليلات المؤسسية,اختراق في سلسلة الإمداد عبر مكوّن طرف ثالث (2025),تحقيق في مكوّن مورد يحتوي شيفرة غير موثوقة داخل بيئة الإنتاج. المرجع SOC-2025-9787 · الجهة المعنية: فريق اختبار الاختراق.,فريق اختبار الاختراق,قيد المعالجة
INC-00589,2023-09-14,عالية,منصة تبادل البيانات الوطنية,تهديد بتعطيل منظومة ذات استخدام عسكري مساند,بلاغ عن استهداف منظومة عسكري الاستخدام مرتبطة بالجهة. المرجع SOC-2023-4582 · الجهة المعنية: إدارة استمرارية الأعمال.,إدارة استمرارية الأعمال,قيد المراجعة
INC-00590,2020-02-13,عالية,منصة التوثيق الإلكتروني,محاولة وصول غير مصرح إلى مواقع تخزين النسخ الاحتياطية,محاولات متكررة للوصول إلى مواقع تخزين النسخ خارج ساعات العمل. المرجع SOC-2020-3485 · الجهة المعنية: إدارة أمن المعلومات.,إدارة أمن المعلومات,قيد المراجعة
INC-00591,2025-04-10,عالية,شبكة الربط الحكومي,كشف بيانات اعتماد إدارية في مستودع شيفرة خارجي,تحقيق في نشر بيانات اعتماد تشغيلية بمستودع عام وإجراءات الإبطال. المرجع SOC-2025-1543 · الجهة المعنية: فريق الاستجابة للحوادث.,فريق الاستجابة للحوادث,قيد المراجعة
INC-00592,2024-11-03,متوسطة,نظام إدارة الهوية المركزي,تقييم الأثر الاستراتيجي لانقطاع نظام إدارة الهوية المركزي,دراسة استراتيجية لأثر الانقطاع على الالتزامات التعاقدية. المرجع SOC-2024-5203 · الجهة المعنية: مركز العمليات السيبرانية.,مركز العمليات السيبرانية,مصعّد
INC-00593,2024-04-27,متوسطة,شبكة الاتصالات الداخلية,بلاغ عن ضياع جهاز يحتوي بيانات هوية منسوبين,فقدان جهاز محمول يحتوي ملفات بها بيانات هوية وتواصل. المرجع SOC-2024-5761 · الجهة المعنية: فريق الاستجابة للحوادث.,فريق الاستجابة للحوادث,قيد المعالجة
INC-00594,2021-04-09,متوسطة,نظام إدارة العقود,خطة الاستجابة الاستراتيجية لحوادث قطاع الخدمات الرقمية,خطة استراتيجية لتصعيد الحوادث وتوزيع الأدوار بين الفرق. المرجع SOC-2021-2162 · الجهة المعنية: مركز العمليات السيبرانية.,مركز العمليات السيبرانية,قيد المراجعة
INC-00595,2020-05-10,حرجة,نظام إدارة العقود,حادثة مساس بمتطلبات سيادة البيانات في نظام إدارة العقود,نقل بيانات خارج النطاق المصرح بما يخل بمتطلبات سيادة البيانات. المرجع SOC-2020-2391 · الجهة المعنية: إدارة حوكمة البيانات.,إدارة حوكمة البيانات,مغلق بعد المراجعة
INC-00596,2022-05-24,عالية,نظام إدارة العقود,إساءة استخدام صلاحيات إدارية في نظام إدارة العقود,تحقيق في استخدام حساب إداري للوصول إلى سجلات خارج نطاق العمل. المرجع SOC-2022-7050 · الجهة المعنية: وحدة الالتزام التنظيمي.,وحدة الالتزام التنظيمي,مغلق بعد المراجعة
INC-00597,2022-03-13,حرجة,منصة الاجتماعات المؤمّنة,حادثة مساس بمتطلبات سيادة البيانات في منصة الاجتماعات المؤمّنة,نقل بيانات خارج النطاق المصرح بما يخل بمتطلبات سيادة البيانات. المرجع SOC-2022-6389 · الجهة المعنية: فريق الاستجابة للحوادث.,فريق الاستجابة للحوادث,مصعّد
INC-00598,2024-03-19,متوسطة,شبكة الربط الحكومي,إساءة استخدام صلاحيات إدارية في شبكة الربط الحكومي,تحقيق في استخدام حساب إداري للوصول إلى سجلات خارج نطاق العمل. المرجع SOC-2024-2945 · الجهة المعنية: إدارة المخاطر التقنية.,إدارة المخاطر التقنية,مصعّد
INC-00599,2025-04-07,منخفضة,نظام إدارة الهوية المركزي,محاولة تصيّد موجهة لمنسوبي التخطيط والتطوير,رسائل تصيّد تطلب بيانات هوية ودخول من الموظفين. المرجع SOC-2025-2161 · الجهة المعنية: مركز العمليات السيبرانية.,مركز العمليات السيبرانية,مصعّد
INC-00600,2019-06-02,عالية,مركز البيانات الاحتياطي,اختراق في سلسلة الإمداد عبر مكوّن طرف ثالث (2019),تحقيق في مكوّن مورد يحتوي شيفرة غير موثوقة داخل بيئة الإنتاج. المرجع SOC-2019-9331 · الجهة المعنية: مركز العمليات السيبرانية.,مركز العمليات السيبرانية,قيد المعالجة
INC-00601,2020-11-25,عالية,مركز البيانات الاحتياطي,اختراق شبكة ربط تخدم منشأة حيوية في أبها,وصول غير مصرح إلى شريحة شبكة تخدم منشأة حيوية وخطة العزل الفوري. المرجع SOC-2020-3028 · الجهة المعنية: مركز العمليات السيبرانية.,مركز العمليات السيبرانية,مصعّد
INC-00602,2019-08-25,متوسطة,مركز البيانات الرئيسي,محاولة وصول غير مصرح إلى مواقع تخزين النسخ الاحتياطية,محاولات متكررة للوصول إلى مواقع تخزين النسخ خارج ساعات العمل. المرجع SOC-2019-7496 · الجهة المعنية: إدارة المخاطر التقنية.,إدارة المخاطر التقنية,مغلق
INC-00603,2023-04-08,عالية,مركز البيانات الاحتياطي,حجب خدمة موزع على مركز البيانات الاحتياطي - الطائف,تحقيق في هجوم حجب خدمة أثّر على توفر المنصة وخطة الصد. المرجع SOC-2023-9311 · الجهة المعنية: إدارة أمن المعلومات.,إدارة أمن المعلومات,قيد المعالجة
INC-00604,2026-04-27,حرجة,نظام التخطيط المؤسسي,إحاطة عاجلة للمركز الوطني بشأن حادثة خميس مشيط,إحاطة تتضمن مؤشرات اختراق ومواقع تأثير لا يجوز تداولها. المرجع SOC-2026-7042 · الجهة المعنية: فريق الاستجابة للحوادث.,فريق الاستجابة للحوادث,مغلق
INC-00605,2019-06-03,عالية,شبكة الربط الحكومي,تقرير استخبارات تهديد عن حملة تستهدف شبكة الربط الحكومي,تحليل استخبارات مصادر مفتوحة ومغلقة لحملة موجهة ضد جهات وطنية. المرجع SOC-2019-7104 · الجهة المعنية: إدارة المخاطر التقنية.,إدارة المخاطر التقنية,قيد المراجعة
INC-00606,2020-04-09,عالية,شبكة الاتصالات الداخلية,اشتباه تسريب مفاتيح التشفير الخاصة بشبكة الاتصالات الداخلية,مؤشرات على كشف مفاتيح التشفير المستخدمة في حماية قنوات وطنية. المرجع SOC-2020-6944 · الجهة المعنية: إدارة المخاطر التقنية.,إدارة المخاطر التقنية,مغلق بعد المراجعة
INC-00607,2021-06-11,متوسطة,نظام إدارة الأصول التقنية,مشاركة مخطط الشبكة مع مورد دون تصريح,إرسال مخطط الشبكة الداخلية لمورد خارج قناة الاعتماد. المرجع SOC-2021-8649 · الجهة المعنية: إدارة أمن المعلومات.,إدارة أمن المعلومات,مصعّد
INC-00608,2023-06-03,متوسطة,شبكة الربط الحكومي,قضية احتيال إلكتروني على بوابة المدفوعات (2023),قضية احتيال قيد المتابعة مع الجهات المختصة وتقدير الخسارة. المرجع SOC-2023-2311 · الجهة المعنية: فريق اختبار الاختراق.,فريق اختبار الاختراق,مصعّد
INC-00609,2024-02-04,عالية,بوابة المدفوعات الوطنية,قضية احتيال إلكتروني على بوابة المدفوعات (2024),قضية احتيال قيد المتابعة مع الجهات المختصة وتقدير الخسارة. المرجع SOC-2024-8028 · الجهة المعنية: فريق الاستجابة للحوادث.,فريق الاستجابة للحوادث,مغلق
INC-00610,2020-10-02,عالية,منصة الاجتماعات المؤمّنة,خطة الاستجابة الاستراتيجية لحوادث قطاع الأعمال المؤسسية,خطة استراتيجية لتصعيد الحوادث وتوزيع الأدوار بين الفرق. المرجع SOC-2020-3137 · الجهة المعنية: إدارة أمن المعلومات.,إدارة أمن المعلومات,مغلق
INC-00611,2022-03-26,متوسطة,نظام النسخ الاحتياطي المركزي,قضية احتيال إلكتروني على بوابة المدفوعات (2022),قضية احتيال قيد المتابعة مع الجهات المختصة وتقدير الخسارة. المرجع SOC-2022-4772 · الجهة المعنية: إدارة أمن المعلومات.,إدارة أمن المعلومات,قيد المراجعة
INC-00612,2025-02-01,عالية,شبكة الربط الحكومي,كشف بيانات اعتماد إدارية في مستودع شيفرة خارجي,تحقيق في نشر بيانات اعتماد تشغيلية بمستودع عام وإجراءات الإبطال. المرجع SOC-2025-3593 · الجهة المعنية: فريق اختبار الاختراق.,فريق اختبار الاختراق,مغلق
INC-00613,2023-12-03,متوسطة,نظام التخطيط المؤسسي,محاولة تصيّد موجهة لمنسوبي المشتريات,رسائل تصيّد تطلب بيانات هوية ودخول من الموظفين. المرجع SOC-2023-1512 · الجهة المعنية: مركز العمليات السيبرانية.,مركز العمليات السيبرانية,مغلق
INC-00614,2023-04-20,عالية,منصة تبادل البيانات الوطنية,مراجعة ما بعد الحادثة لمنصة تبادل البيانات الوطنية,مراجعة تفصيلية لأسباب جذرية وثغرات ضبط لم تُعالج بعد. المرجع SOC-2023-3533 · الجهة المعنية: إدارة حوكمة البيانات.,إدارة حوكمة البيانات,مغلق
INC-00615,2019-10-01,متوسطة,مركز البيانات الرئيسي,اختراق في سلسلة الإمداد عبر مكوّن طرف ثالث (2019),تحقيق في مكوّن مورد يحتوي شيفرة غير موثوقة داخل بيئة الإنتاج. المرجع SOC-2019-5608 · الجهة المعنية: فريق الاستجابة للحوادث.,فريق الاستجابة للحوادث,مغلق بعد المراجعة
INC-00616,2023-04-02,عالية,نظام التخطيط المؤسسي,هجوم فدية على نظام التخطيط المؤسسي - عرعر,قضية ابتزاز إلكتروني قيد المعالجة مع تقييم أثر التوقف التشغيلي. المرجع SOC-2023-2908 · الجهة المعنية: وحدة الالتزام التنظيمي.,وحدة الالتزام التنظيمي,مغلق
INC-00617,2021-07-02,حرجة,بوابة المستفيدين,تنسيق عمليات أمنية مشتركة بعد حادثة بريدة,إجراءات عمليات أمنية مشتركة مع جهات وطنية عقب الحادثة. المرجع SOC-2021-9234 · الجهة المعنية: إدارة المخاطر التقنية.,إدارة المخاطر التقنية,مغلق
INC-00618,2019-09-05,متوسطة,نظام إدارة الأصول التقنية,مراجعة ما بعد الحادثة لنظام إدارة الأصول التقنية,مراجعة تفصيلية لأسباب جذرية وثغرات ضبط لم تُعالج بعد. المرجع SOC-2019-4469 · الجهة المعنية: مركز العمليات السيبرانية.,مركز العمليات السيبرانية,قيد المراجعة
INC-00619,2021-06-03,عالية,بوابة المستفيدين,حجب خدمة موزع على بوابة المستفيدين - الدمام,تحقيق في هجوم حجب خدمة أثّر على توفر المنصة وخطة الصد. المرجع SOC-2021-9824 · الجهة المعنية: إدارة أمن المعلومات.,إدارة أمن المعلومات,قيد المراجعة
INC-00620,2020-03-08,متوسطة,نظام إدارة الأصول التقنية,ثغرة حقن أوامر في نظام إدارة الأصول التقنية,تحقيق فني في ثغرة مكتشفة وتقييم قابلية الاستغلال وخطة المعالجة. المرجع SOC-2020-3043 · الجهة المعنية: فريق الاستجابة للحوادث.,فريق الاستجابة للحوادث,قيد المراجعة
INC-00621,2026-01-07,متوسطة,نظام التخطيط المؤسسي,قضية احتيال إلكتروني على بوابة المدفوعات (2026),قضية احتيال قيد المتابعة مع الجهات المختصة وتقدير الخسارة. المرجع SOC-2026-7300 · الجهة المعنية: إدارة أمن المعلومات.,إدارة أمن المعلومات,قيد المعالجة
INC-00622,2019-12-18,عالية,بوابة الموردين الإلكترونية,تقييم الأثر الاستراتيجي لانقطاع بوابة الموردين الإلكترونية,دراسة استراتيجية لأثر الانقطاع على الالتزامات التعاقدية. المرجع SOC-2019-6664 · الجهة المعنية: مركز العمليات السيبرانية.,مركز العمليات السيبرانية,مصعّد
INC-00623,2022-03-19,متوسطة,نظام التخطيط المؤسسي,إساءة استخدام صلاحيات إدارية في نظام التخطيط المؤسسي,تحقيق في استخدام حساب إداري للوصول إلى سجلات خارج نطاق العمل. المرجع SOC-2022-9405 · الجهة المعنية: إدارة المخاطر التقنية.,إدارة المخاطر التقنية,مغلق بعد المراجعة
INC-00624,2023-12-26,متوسطة,بوابة الموردين الإلكترونية,قضية احتيال إلكتروني على بوابة المدفوعات (2023),قضية احتيال قيد المتابعة مع الجهات المختصة وتقدير الخسارة. المرجع SOC-2023-6764 · الجهة المعنية: إدارة استمرارية الأعمال.,إدارة استمرارية الأعمال,مغلق بعد المراجعة
INC-00625,2020-12-21,متوسطة,شبكة الاتصالات الداخلية,مراجعة ما بعد الحادثة لشبكة الاتصالات الداخلية,مراجعة تفصيلية لأسباب جذرية وثغرات ضبط لم تُعالج بعد. المرجع SOC-2020-3475 · الجهة المعنية: إدارة المخاطر التقنية.,إدارة المخاطر التقنية,مغلق
INC-00626,2022-06-02,متوسطة,منصة التوثيق الإلكتروني,قضية احتيال إلكتروني على بوابة المدفوعات (2022),قضية احتيال قيد المتابعة مع الجهات المختصة وتقدير الخسارة. المرجع SOC-2022-4282 · الجهة المعنية: فريق الاستجابة للحوادث.,فريق الاستجابة للحوادث,مصعّد
INC-00627,2021-08-10,عالية,مركز البيانات الرئيسي,رصد تحركات القوات في بيانات تتبع مسربة,ظهور بيانات تحركات القوات ضمن مجموعة بيانات مسربة قيد الفحص. المرجع SOC-2021-4050 · الجهة المعنية: وحدة الالتزام التنظيمي.,وحدة الالتزام التنظيمي,مغلق
INC-00628,2025-12-15,متوسطة,بوابة المستفيدين,تسريب مستندات تفاوضية من بوابة المستفيدين,تحقيق في تسريب مستندات ذات قيمة تنافسية إلى خارج الجهة. المرجع SOC-2025-6259 · الجهة المعنية: وحدة الالتزام التنظيمي.,وحدة الالتزام التنظيمي,مغلق
INC-00629,2022-09-28,متوسطة,نظام إدارة العقود,تسريب مستندات تفاوضية من نظام إدارة العقود,تحقيق في تسريب مستندات ذات قيمة تنافسية إلى خارج الجهة. المرجع SOC-2022-4518 · الجهة المعنية: فريق الاستجابة للحوادث.,فريق الاستجابة للحوادث,قيد المعالجة
INC-00630,2021-01-12,عالية,بوابة المدفوعات الوطنية,اختراق شبكة ربط تخدم منشأة حيوية في الأحساء,وصول غير مصرح إلى شريحة شبكة تخدم منشأة حيوية وخطة العزل الفوري. المرجع SOC-2021-7652 · الجهة المعنية: فريق اختبار الاختراق.,فريق اختبار الاختراق,مغلق بعد المراجعة
INC-00631,2019-02-08,متوسطة,منصة الخدمات الحكومية الموحدة,إساءة استخدام صلاحيات إدارية في منصة الخدمات الحكومية الموحدة,تحقيق في استخدام حساب إداري للوصول إلى سجلات خارج نطاق العمل. المرجع SOC-2019-5025 · الجهة المعنية: فريق اختبار الاختراق.,فريق اختبار الاختراق,مصعّد
INC-00632,2026-01-13,منخفضة,نظام إدارة الهوية المركزي,محاولة تصيّد موجهة لمنسوبي التشغيل,رسائل تصيّد تطلب بيانات هوية ودخول من الموظفين. المرجع SOC-2026-6324 · الجهة المعنية: إدارة استمرارية الأعمال.,إدارة استمرارية الأعمال,قيد المعالجة
INC-00633,2020-07-24,متوسطة,شبكة الاتصالات الداخلية,نتائج اختبار اختراق شبكة الاتصالات الداخلية - الربع الثالث 2020,تحقيق هجومي كشف مسارات ثغرة في سلسلة الإمداد قابلة للاستغلال. المرجع SOC-2020-5267 · الجهة المعنية: إدارة أمن المعلومات.,إدارة أمن المعلومات,قيد المعالجة
INC-00634,2025-10-02,عالية,منصة المراسلات الرسمية,نتائج اختبار اختراق منصة المراسلات الرسمية - الربع الأول 2025,تحقيق هجومي كشف مسارات إعدادات افتراضية غير آمنة قابلة للاستغلال. المرجع SOC-2025-5446 · الجهة المعنية: مركز العمليات السيبرانية.,مركز العمليات السيبرانية,قيد المعالجة
INC-00635,2021-03-27,متوسطة,نظام التحقق الرقمي,قضية احتيال إلكتروني على بوابة المدفوعات (2021),قضية احتيال قيد المتابعة مع الجهات المختصة وتقدير الخسارة. المرجع SOC-2021-3640 · الجهة المعنية: مركز العمليات السيبرانية.,مركز العمليات السيبرانية,قيد المعالجة
INC-00636,2025-08-27,عالية,منصة التحليلات المؤسسية,قضية احتيال إلكتروني على بوابة المدفوعات (2025),قضية احتيال قيد المتابعة مع الجهات المختصة وتقدير الخسارة. المرجع SOC-2025-2969 · الجهة المعنية: إدارة المخاطر التقنية.,إدارة المخاطر التقنية,مغلق
INC-00637,2023-06-27,متوسطة,مركز البيانات الاحتياطي,كشف غير مقصود لبيانات شخصية في مركز البيانات الاحتياطي,إعداد خاطئ أدى لظهور بيانات شخصية لعدد محدود من المستفيدين. المرجع SOC-2023-4078 · الجهة المعنية: فريق اختبار الاختراق.,فريق اختبار الاختراق,قيد المعالجة
INC-00638,2020-11-24,عالية,مركز البيانات الرئيسي,ثغرة تجاوز مصادقة في مركز البيانات الرئيسي,تحقيق فني في ثغرة مكتشفة وتقييم قابلية الاستغلال وخطة المعالجة. المرجع SOC-2020-1406 · الجهة المعنية: فريق اختبار الاختراق.,فريق اختبار الاختراق,قيد المراجعة
INC-00639,2023-04-07,متوسطة,بوابة الموردين الإلكترونية,خطة الاستجابة الاستراتيجية لحوادث قطاع البنية التحتية,خطة استراتيجية لتصعيد الحوادث وتوزيع الأدوار بين الفرق. المرجع SOC-2023-9380 · الجهة المعنية: إدارة حوكمة البيانات.,إدارة حوكمة البيانات,مغلق بعد المراجعة
INC-00640,2025-05-19,متوسطة,شبكة الربط الحكومي,إساءة استخدام صلاحيات إدارية في شبكة الربط الحكومي,تحقيق في استخدام حساب إداري للوصول إلى سجلات خارج نطاق العمل. المرجع SOC-2025-3046 · الجهة المعنية: مركز العمليات السيبرانية.,مركز العمليات السيبرانية,مغلق
INC-00641,2020-12-07,متوسطة,بوابة الموردين الإلكترونية,تسريب مستندات تفاوضية من بوابة الموردين الإلكترونية,تحقيق في تسريب مستندات ذات قيمة تنافسية إلى خارج الجهة. المرجع SOC-2020-7340 · الجهة المعنية: فريق اختبار الاختراق.,فريق اختبار الاختراق,مصعّد
INC-00642,2023-11-12,عالية,بوابة الموردين الإلكترونية,ثغرة تجاوز مصادقة في بوابة الموردين الإلكترونية,تحقيق فني في ثغرة مكتشفة وتقييم قابلية الاستغلال وخطة المعالجة. المرجع SOC-2023-2859 · الجهة المعنية: فريق الاستجابة للحوادث.,فريق الاستجابة للحوادث,مغلق بعد المراجعة
INC-00643,2023-07-17,عالية,نظام التخطيط المؤسسي,رصد تحركات القوات في بيانات تتبع مسربة,ظهور بيانات تحركات القوات ضمن مجموعة بيانات مسربة قيد الفحص. المرجع SOC-2023-7575 · الجهة المعنية: إدارة حوكمة البيانات.,إدارة حوكمة البيانات,مصعّد
INC-00644,2024-12-14,متوسطة,شبكة الربط الحكومي,إساءة استخدام صلاحيات إدارية في شبكة الربط الحكومي,تحقيق في استخدام حساب إداري للوصول إلى سجلات خارج نطاق العمل. المرجع SOC-2024-2402 · الجهة المعنية: وحدة الالتزام التنظيمي.,وحدة الالتزام التنظيمي,مصعّد
INC-00645,2025-02-10,عالية,منصة التحليلات المؤسسية,محاولة وصول غير مصرح إلى مواقع تخزين النسخ الاحتياطية,محاولات متكررة للوصول إلى مواقع تخزين النسخ خارج ساعات العمل. المرجع SOC-2025-2280 · الجهة المعنية: إدارة حوكمة البيانات.,إدارة حوكمة البيانات,مصعّد
INC-00646,2026-02-25,عالية,مركز البيانات الاحتياطي,اختراق شبكة ربط تخدم منشأة حيوية في جازان,وصول غير مصرح إلى شريحة شبكة تخدم منشأة حيوية وخطة العزل الفوري. المرجع SOC-2026-8928 · الجهة المعنية: إدارة أمن المعلومات.,إدارة أمن المعلومات,مصعّد
INC-00647,2022-10-12,متوسطة,نظام الأرشفة الإلكترونية,نتائج اختبار اختراق نظام الأرشفة الإلكترونية - الربع الثالث 2022,تحقيق هجومي كشف مسارات إعدادات افتراضية غير آمنة قابلة للاستغلال. المرجع SOC-2022-1951 · الجهة المعنية: إدارة المخاطر التقنية.,إدارة المخاطر التقنية,مغلق
INC-00648,2020-12-15,عالية,نظام التحقق الرقمي,حادثة رقم NSI-2020-552 - تصنيف اللجنة العليا,حادثة مصعّدة للجنة العليا لارتباطها بمواقع وطنية محددة. المرجع SOC-2020-9215 · الجهة المعنية: فريق الاستجابة للحوادث.,فريق الاستجابة للحوادث,قيد المراجعة
INC-00649,2024-11-21,حرجة,بوابة الموردين الإلكترونية,اشتباه اختراق مرتبط بمواقع تخزين أسلحة خاضعة للرقابة,محاولة وصول إلى سجلات مواقع أسلحة ومواد خاضعة للرقابة. المرجع SOC-2024-6802 · الجهة المعنية: وحدة الالتزام التنظيمي.,وحدة الالتزام التنظيمي,مغلق
INC-00650,2026-05-22,عالية,شبكة الربط الحكومي,اختراق في سلسلة الإمداد عبر مكوّن طرف ثالث (2026),تحقيق في مكوّن مورد يحتوي شيفرة غير موثوقة داخل بيئة الإنتاج. المرجع SOC-2026-4859 · الجهة المعنية: إدارة حوكمة البيانات.,إدارة حوكمة البيانات,مغلق
INC-00651,2023-07-01,عالية,نظام التخطيط المؤسسي,خطة الاستجابة الاستراتيجية لحوادث قطاع الخدمات الرقمية,خطة استراتيجية لتصعيد الحوادث وتوزيع الأدوار بين الفرق. المرجع SOC-2023-7523 · الجهة المعنية: إدارة المخاطر التقنية.,إدارة المخاطر التقنية,قيد المراجعة
INC-00652,2026-05-14,عالية,نظام التخطيط المؤسسي,نتائج اختبار اختراق نظام التخطيط المؤسسي - الربع الأول 2026,تحقيق هجومي كشف مسارات تنفيذ أوامر عن بُعد قابلة للاستغلال. المرجع SOC-2026-7940 · الجهة المعنية: وحدة الالتزام التنظيمي.,وحدة الالتزام التنظيمي,قيد المعالجة
INC-00653,2026-03-17,عالية,مركز البيانات الرئيسي,إساءة استخدام صلاحيات إدارية في مركز البيانات الرئيسي,تحقيق في استخدام حساب إداري للوصول إلى سجلات خارج نطاق العمل. المرجع SOC-2026-1743 · الجهة المعنية: مركز العمليات السيبرانية.,مركز العمليات السيبرانية,قيد المراجعة
INC-00654,2019-02-11,عالية,منصة التحليلات المؤسسية,رصد تحركات القوات في بيانات تتبع مسربة,ظهور بيانات تحركات القوات ضمن مجموعة بيانات مسربة قيد الفحص. المرجع SOC-2019-2384 · الجهة المعنية: فريق اختبار الاختراق.,فريق اختبار الاختراق,مصعّد
INC-00655,2025-04-16,متوسطة,بوابة المستفيدين,هجوم فدية على بوابة المستفيدين - حائل,قضية ابتزاز إلكتروني قيد المعالجة مع تقييم أثر التوقف التشغيلي. المرجع SOC-2025-4889 · الجهة المعنية: إدارة استمرارية الأعمال.,إدارة استمرارية الأعمال,مصعّد
INC-00656,2025-10-18,متوسطة,منصة تبادل البيانات الوطنية,مؤشرات اختراق مستمرة في شريحة الشبكة 148,نشاط مستمر غير مفسر داخل شريحة إنتاجية وخطة الاحتواء المرحلية. المرجع SOC-2025-1742 · الجهة المعنية: إدارة أمن المعلومات.,إدارة أمن المعلومات,قيد المراجعة
INC-00657,2024-08-06,عالية,بوابة الموردين الإلكترونية,هجوم فدية على بوابة الموردين الإلكترونية - الدمام,قضية ابتزاز إلكتروني قيد المعالجة مع تقييم أثر التوقف التشغيلي. المرجع SOC-2024-1143 · الجهة المعنية: وحدة الالتزام التنظيمي.,وحدة الالتزام التنظيمي,مصعّد
INC-00658,2023-11-01,منخفضة,شبكة الربط الحكومي,إعلان تدريب توعوي لمنسوبي قطاع الأعمال المؤسسية في الطائف,إعلان عن برنامج تدريب توعوي مفتوح للتسجيل. المرجع SOC-2023-5556 · الجهة المعنية: إدارة استمرارية الأعمال.,إدارة استمرارية الأعمال,مصعّد
INC-00659,2022-07-30,حرجة,نظام إدارة الأصول التقنية,رصد تحركات القوات في بيانات تتبع مسربة,ظهور بيانات تحركات القوات ضمن مجموعة بيانات مسربة قيد الفحص. المرجع SOC-2022-8724 · الجهة المعنية: إدارة المخاطر التقنية.,إدارة المخاطر التقنية,مغلق
INC-00660,2025-09-14,متوسطة,نظام الأرشفة الإلكترونية,مراجعة ما بعد الحادثة لنظام الأرشفة الإلكترونية,مراجعة تفصيلية لأسباب جذرية وثغرات ضبط لم تُعالج بعد. المرجع SOC-2025-2146 · الجهة المعنية: إدارة استمرارية الأعمال.,إدارة استمرارية الأعمال,مغلق بعد المراجعة
INC-00661,2021-12-14,عالية,نظام التحقق الرقمي,كشف بيانات اعتماد إدارية في مستودع شيفرة خارجي,تحقيق في نشر بيانات اعتماد تشغيلية بمستودع عام وإجراءات الإبطال. المرجع SOC-2021-6706 · الجهة المعنية: إدارة أمن المعلومات.,إدارة أمن المعلومات,مغلق بعد المراجعة
INC-00662,2020-05-30,عالية,نظام التخطيط المؤسسي,نتائج اختبار اختراق نظام التخطيط المؤسسي - الربع الأول 2020,تحقيق هجومي كشف مسارات رفع صلاحيات قابلة للاستغلال. المرجع SOC-2020-4522 · الجهة المعنية: وحدة الالتزام التنظيمي.,وحدة الالتزام التنظيمي,قيد المراجعة
INC-00663,2022-03-08,عالية,منصة المراسلات الرسمية,مراجعة ما بعد الحادثة لمنصة المراسلات الرسمية,مراجعة تفصيلية لأسباب جذرية وثغرات ضبط لم تُعالج بعد. المرجع SOC-2022-4388 · الجهة المعنية: إدارة المخاطر التقنية.,إدارة المخاطر التقنية,قيد المراجعة
INC-00664,2020-10-18,متوسطة,مركز البيانات الرئيسي,تسريب مستندات تفاوضية من مركز البيانات الرئيسي,تحقيق في تسريب مستندات ذات قيمة تنافسية إلى خارج الجهة. المرجع SOC-2020-3730 · الجهة المعنية: فريق الاستجابة للحوادث.,فريق الاستجابة للحوادث,قيد المعالجة
INC-00665,2022-08-23,عالية,منصة الخدمات الحكومية الموحدة,اشتباه اختراق مرتبط بمواقع تخزين أسلحة خاضعة للرقابة,محاولة وصول إلى سجلات مواقع أسلحة ومواد خاضعة للرقابة. المرجع SOC-2022-4368 · الجهة المعنية: فريق اختبار الاختراق.,فريق اختبار الاختراق,مغلق
INC-00666,2022-10-24,منخفضة,نظام إدارة العقود,منشور توعوي عن التصيّد الإلكتروني - المالية الربع الرابع 2022,منشور توعوي عام يشرح مؤشرات الرسائل المشبوهة للجمهور. المرجع SOC-2022-2189 · الجهة المعنية: إدارة أمن المعلومات.,إدارة أمن المعلومات,مغلق
INC-00667,2019-03-17,متوسطة,منصة المراسلات الرسمية,تسريب مستندات تفاوضية من منصة المراسلات الرسمية,تحقيق في تسريب مستندات ذات قيمة تنافسية إلى خارج الجهة. المرجع SOC-2019-5396 · الجهة المعنية: إدارة أمن المعلومات.,إدارة أمن المعلومات,مصعّد
INC-00668,2025-06-06,عالية,نظام التخطيط المؤسسي,حجب خدمة موزع على نظام التخطيط المؤسسي - الدمام,تحقيق في هجوم حجب خدمة أثّر على توفر المنصة وخطة الصد. المرجع SOC-2025-3167 · الجهة المعنية: فريق الاستجابة للحوادث.,فريق الاستجابة للحوادث,قيد المعالجة
INC-00669,2022-06-14,حرجة,منصة التحليلات المؤسسية,رصد تحركات القوات في بيانات تتبع مسربة,ظهور بيانات تحركات القوات ضمن مجموعة بيانات مسربة قيد الفحص. المرجع SOC-2022-4531 · الجهة المعنية: فريق الاستجابة للحوادث.,فريق الاستجابة للحوادث,قيد المراجعة
INC-00670,2025-04-13,عالية,نظام إدارة العقود,محاولة وصول غير مصرح إلى مواقع تخزين النسخ الاحتياطية,محاولات متكررة للوصول إلى مواقع تخزين النسخ خارج ساعات العمل. المرجع SOC-2025-7086 · الجهة المعنية: وحدة الالتزام التنظيمي.,وحدة الالتزام التنظيمي,مصعّد
INC-00671,2024-11-23,عالية,بوابة المستفيدين,مؤشرات اختراق مستمرة في شريحة الشبكة 214,نشاط مستمر غير مفسر داخل شريحة إنتاجية وخطة الاحتواء المرحلية. المرجع SOC-2024-9671 · الجهة المعنية: إدارة أمن المعلومات.,إدارة أمن المعلومات,مغلق بعد المراجعة
INC-00672,2023-12-07,عالية,منصة التحليلات المؤسسية,تقييم الأثر الاستراتيجي لانقطاع منصة التحليلات المؤسسية,دراسة استراتيجية لأثر الانقطاع على الالتزامات التعاقدية. المرجع SOC-2023-4648 · الجهة المعنية: فريق اختبار الاختراق.,فريق اختبار الاختراق,قيد المراجعة
INC-00673,2024-07-26,متوسطة,منصة تبادل البيانات الوطنية,كشف بيانات اعتماد إدارية في مستودع شيفرة خارجي,تحقيق في نشر بيانات اعتماد تشغيلية بمستودع عام وإجراءات الإبطال. المرجع SOC-2024-5035 · الجهة المعنية: فريق اختبار الاختراق.,فريق اختبار الاختراق,قيد المراجعة
INC-00674,2019-08-15,عالية,منصة المراسلات الرسمية,حادثة مساس بمتطلبات سيادة البيانات في منصة المراسلات الرسمية,نقل بيانات خارج النطاق المصرح بما يخل بمتطلبات سيادة البيانات. المرجع SOC-2019-7131 · الجهة المعنية: مركز العمليات السيبرانية.,مركز العمليات السيبرانية,مصعّد
INC-00675,2021-06-28,منخفضة,بوابة المدفوعات الوطنية,مشاركة مخطط الشبكة مع مورد دون تصريح,إرسال مخطط الشبكة الداخلية لمورد خارج قناة الاعتماد. المرجع SOC-2021-9422 · الجهة المعنية: إدارة أمن المعلومات.,إدارة أمن المعلومات,قيد المراجعة
INC-00676,2021-10-27,عالية,نظام إدارة العقود,محاولة وصول غير مصرح إلى مواقع تخزين النسخ الاحتياطية,محاولات متكررة للوصول إلى مواقع تخزين النسخ خارج ساعات العمل. المرجع SOC-2021-6889 · الجهة المعنية: إدارة حوكمة البيانات.,إدارة حوكمة البيانات,قيد المراجعة
INC-00677,2020-03-22,عالية,نظام التحقق الرقمي,تسريب مستندات تفاوضية من نظام التحقق الرقمي,تحقيق في تسريب مستندات ذات قيمة تنافسية إلى خارج الجهة. المرجع SOC-2020-9469 · الجهة المعنية: فريق الاستجابة للحوادث.,فريق الاستجابة للحوادث,مغلق
INC-00678,2022-10-28,متوسطة,منصة التحليلات المؤسسية,قضية احتيال إلكتروني على بوابة المدفوعات (2022),قضية احتيال قيد المتابعة مع الجهات المختصة وتقدير الخسارة. المرجع SOC-2022-1480 · الجهة المعنية: فريق الاستجابة للحوادث.,فريق الاستجابة للحوادث,قيد المراجعة
INC-00679,2025-05-13,حرجة,مركز البيانات الاحتياطي,اشتباه تسريب مفاتيح التشفير الخاصة بمركز البيانات الاحتياطي,مؤشرات على كشف مفاتيح التشفير المستخدمة في حماية قنوات وطنية. المرجع SOC-2025-5416 · الجهة المعنية: مركز العمليات السيبرانية.,مركز العمليات السيبرانية,مغلق
INC-00680,2022-04-02,متوسطة,بوابة المدفوعات الوطنية,مراجعة ما بعد الحادثة لبوابة المدفوعات الوطنية,مراجعة تفصيلية لأسباب جذرية وثغرات ضبط لم تُعالج بعد. المرجع SOC-2022-2799 · الجهة المعنية: فريق الاستجابة للحوادث.,فريق الاستجابة للحوادث,قيد المعالجة
INC-00681,2022-10-14,عالية,شبكة الربط الحكومي,مراجعة ما بعد الحادثة لشبكة الربط الحكومي,مراجعة تفصيلية لأسباب جذرية وثغرات ضبط لم تُعالج بعد. المرجع SOC-2022-6528 · الجهة المعنية: فريق اختبار الاختراق.,فريق اختبار الاختراق,مصعّد
INC-00682,2020-08-07,عالية,منصة الخدمات الحكومية الموحدة,ثغرة إعدادات افتراضية غير آمنة في منصة الخدمات الحكومية الموحدة,تحقيق فني في ثغرة مكتشفة وتقييم قابلية الاستغلال وخطة المعالجة. المرجع SOC-2020-9258 · الجهة المعنية: إدارة حوكمة البيانات.,إدارة حوكمة البيانات,مغلق
INC-00683,2025-02-26,عالية,منصة الاجتماعات المؤمّنة,قضية احتيال إلكتروني على بوابة المدفوعات (2025),قضية احتيال قيد المتابعة مع الجهات المختصة وتقدير الخسارة. المرجع SOC-2025-4851 · الجهة المعنية: فريق اختبار الاختراق.,فريق اختبار الاختراق,قيد المعالجة
INC-00684,2019-04-20,عالية,مركز البيانات الاحتياطي,مراجعة ما بعد الحادثة لمركز البيانات الاحتياطي,مراجعة تفصيلية لأسباب جذرية وثغرات ضبط لم تُعالج بعد. المرجع SOC-2019-7922 · الجهة المعنية: إدارة أمن المعلومات.,إدارة أمن المعلومات,قيد المعالجة
INC-00685,2023-09-20,متوسطة,مركز البيانات الاحتياطي,محاولة وصول غير مصرح إلى مواقع تخزين النسخ الاحتياطية,محاولات متكررة للوصول إلى مواقع تخزين النسخ خارج ساعات العمل. المرجع SOC-2023-8503 · الجهة المعنية: إدارة حوكمة البيانات.,إدارة حوكمة البيانات,مغلق
INC-00686,2021-07-31,عالية,منصة الاجتماعات المؤمّنة,محاولة وصول غير مصرح إلى مواقع تخزين النسخ الاحتياطية,محاولات متكررة للوصول إلى مواقع تخزين النسخ خارج ساعات العمل. المرجع SOC-2021-6811 · الجهة المعنية: فريق اختبار الاختراق.,فريق اختبار الاختراق,مغلق بعد المراجعة
INC-00687,2026-02-12,عالية,منصة المراسلات الرسمية,مؤشرات اختراق مستمرة في شريحة الشبكة 174,نشاط مستمر غير مفسر داخل شريحة إنتاجية وخطة الاحتواء المرحلية. المرجع SOC-2026-2383 · الجهة المعنية: فريق اختبار الاختراق.,فريق اختبار الاختراق,قيد المراجعة
INC-00688,2019-05-09,عالية,منصة تبادل البيانات الوطنية,حادثة مساس بمتطلبات سيادة البيانات في منصة تبادل البيانات الوطنية,نقل بيانات خارج النطاق المصرح بما يخل بمتطلبات سيادة البيانات. المرجع SOC-2019-4292 · الجهة المعنية: إدارة المخاطر التقنية.,إدارة المخاطر التقنية,قيد المراجعة
INC-00689,2020-05-15,عالية,شبكة الربط الحكومي,حجب خدمة موزع على شبكة الربط الحكومي - الجبيل,تحقيق في هجوم حجب خدمة أثّر على توفر المنصة وخطة الصد. المرجع SOC-2020-4699 · الجهة المعنية: مركز العمليات السيبرانية.,مركز العمليات السيبرانية,قيد المعالجة
INC-00690,2019-01-15,عالية,مركز البيانات الاحتياطي,مراجعة ما بعد الحادثة لمركز البيانات الاحتياطي,مراجعة تفصيلية لأسباب جذرية وثغرات ضبط لم تُعالج بعد. المرجع SOC-2019-1174 · الجهة المعنية: إدارة المخاطر التقنية.,إدارة المخاطر التقنية,مصعّد
INC-00691,2021-03-10,عالية,منصة التوثيق الإلكتروني,محاولة اختراق أنظمة التحكم في مطار دولي,رصد نشاط جهة تهديد داخلية يستهدف أنظمة تحكم منشأة حيوية وطنية. المرجع SOC-2021-1762 · الجهة المعنية: إدارة أمن المعلومات.,إدارة أمن المعلومات,مغلق
INC-00692,2020-03-03,منخفضة,منصة التحليلات المؤسسية,إحصاءات جاهزية الأمن السيبراني المعلنة - قطاع التقنية والمشاريع 2020,إحصاءات مجمّعة معلنة عن مؤشرات الجاهزية دون تفاصيل تشغيلية. المرجع SOC-2020-3393 · الجهة المعنية: إدارة المخاطر التقنية.,إدارة المخاطر التقنية,مغلق
INC-00693,2021-08-30,حرجة,منصة التوثيق الإلكتروني,إنذار أمني بشأن منشأة نووي الاستخدام المدني في بريدة,إنذار تقني مرتبط بأنظمة منشأة نووي الاستخدام المدني. المرجع SOC-2021-9312 · الجهة المعنية: وحدة الالتزام التنظيمي.,وحدة الالتزام التنظيمي,مغلق
INC-00694,2019-05-03,عالية,نظام إدارة العقود,نتائج اختبار اختراق نظام إدارة العقود - الربع الأول 2019,تحقيق هجومي كشف مسارات رفع صلاحيات قابلة للاستغلال. المرجع SOC-2019-7068 · الجهة المعنية: إدارة المخاطر التقنية.,إدارة المخاطر التقنية,قيد المعالجة
INC-00695,2022-04-20,متوسطة,منصة التوثيق الإلكتروني,مؤشرات اختراق مستمرة في شريحة الشبكة 94,نشاط مستمر غير مفسر داخل شريحة إنتاجية وخطة الاحتواء المرحلية. المرجع SOC-2022-9961 · الجهة المعنية: إدارة حوكمة البيانات.,إدارة حوكمة البيانات,قيد المراجعة
INC-00696,2021-11-20,متوسطة,نظام إدارة العقود,ثغرة إعدادات افتراضية غير آمنة في نظام إدارة العقود,تحقيق فني في ثغرة مكتشفة وتقييم قابلية الاستغلال وخطة المعالجة. المرجع SOC-2021-4298 · الجهة المعنية: إدارة حوكمة البيانات.,إدارة حوكمة البيانات,قيد المعالجة
INC-00697,2020-07-24,متوسطة,بوابة المدفوعات الوطنية,اختراق في سلسلة الإمداد عبر مكوّن طرف ثالث (2020),تحقيق في مكوّن مورد يحتوي شيفرة غير موثوقة داخل بيئة الإنتاج. المرجع SOC-2020-6722 · الجهة المعنية: مركز العمليات السيبرانية.,مركز العمليات السيبرانية,مغلق بعد المراجعة
INC-00698,2023-07-28,عالية,نظام إدارة العقود,اختراق في سلسلة الإمداد عبر مكوّن طرف ثالث (2023),تحقيق في مكوّن مورد يحتوي شيفرة غير موثوقة داخل بيئة الإنتاج. المرجع SOC-2023-5962 · الجهة المعنية: إدارة حوكمة البيانات.,إدارة حوكمة البيانات,مغلق بعد المراجعة
INC-00699,2021-08-24,متوسطة,منصة التوثيق الإلكتروني,مؤشرات اختراق مستمرة في شريحة الشبكة 23,نشاط مستمر غير مفسر داخل شريحة إنتاجية وخطة الاحتواء المرحلية. المرجع SOC-2021-8279 · الجهة المعنية: مركز العمليات السيبرانية.,مركز العمليات السيبرانية,قيد المراجعة
INC-00700,2021-08-17,عالية,شبكة الاتصالات الداخلية,اشتباه تسريب مفاتيح التشفير الخاصة بشبكة الاتصالات الداخلية,مؤشرات على كشف مفاتيح التشفير المستخدمة في حماية قنوات وطنية. المرجع SOC-2021-2043 · الجهة المعنية: إدارة استمرارية الأعمال.,إدارة استمرارية الأعمال,مغلق بعد المراجعة
INC-00701,2019-04-16,منخفضة,مركز البيانات الاحتياطي,بلاغ عن ضياع جهاز يحتوي بيانات هوية منسوبين,فقدان جهاز محمول يحتوي ملفات بها بيانات هوية وتواصل. المرجع SOC-2019-8367 · الجهة المعنية: فريق اختبار الاختراق.,فريق اختبار الاختراق,قيد المراجعة
INC-00702,2020-07-30,عالية,شبكة الربط الحكومي,اختراق في سلسلة الإمداد عبر مكوّن طرف ثالث (2020),تحقيق في مكوّن مورد يحتوي شيفرة غير موثوقة داخل بيئة الإنتاج. المرجع SOC-2020-4293 · الجهة المعنية: فريق الاستجابة للحوادث.,فريق الاستجابة للحوادث,مغلق بعد المراجعة
INC-00703,2025-07-22,متوسطة,بوابة المدفوعات الوطنية,اختراق في سلسلة الإمداد عبر مكوّن طرف ثالث (2025),تحقيق في مكوّن مورد يحتوي شيفرة غير موثوقة داخل بيئة الإنتاج. المرجع SOC-2025-8774 · الجهة المعنية: إدارة أمن المعلومات.,إدارة أمن المعلومات,مغلق بعد المراجعة
INC-00704,2022-05-30,منخفضة,منصة الخدمات الحكومية الموحدة,تصريح عن اكتمال تحديث أمني في منصة الخدمات الحكومية الموحدة - 2022,تصريح رسمي عن اكتمال التحديث دون كشف تفاصيل فنية. المرجع SOC-2022-8111 · الجهة المعنية: فريق الاستجابة للحوادث.,فريق الاستجابة للحوادث,مغلق
INC-00705,2025-03-31,حرجة,نظام التحقق الرقمي,حادثة مساس بمتطلبات سيادة البيانات في نظام التحقق الرقمي,نقل بيانات خارج النطاق المصرح بما يخل بمتطلبات سيادة البيانات. المرجع SOC-2025-7146 · الجهة المعنية: فريق اختبار الاختراق.,فريق اختبار الاختراق,مغلق بعد المراجعة
INC-00706,2019-09-03,عالية,نظام إدارة العقود,تقرير استخبارات تهديد عن حملة تستهدف نظام إدارة العقود,تحليل استخبارات مصادر مفتوحة ومغلقة لحملة موجهة ضد جهات وطنية. المرجع SOC-2019-7055 · الجهة المعنية: وحدة الالتزام التنظيمي.,وحدة الالتزام التنظيمي,مغلق بعد المراجعة
INC-00707,2024-07-19,عالية,منصة تبادل البيانات الوطنية,مراجعة ما بعد الحادثة لمنصة تبادل البيانات الوطنية,مراجعة تفصيلية لأسباب جذرية وثغرات ضبط لم تُعالج بعد. المرجع SOC-2024-6699 · الجهة المعنية: إدارة أمن المعلومات.,إدارة أمن المعلومات,مغلق
INC-00708,2021-03-12,متوسطة,منصة تبادل البيانات الوطنية,مؤشرات اختراق مستمرة في شريحة الشبكة 105,نشاط مستمر غير مفسر داخل شريحة إنتاجية وخطة الاحتواء المرحلية. المرجع SOC-2021-1385 · الجهة المعنية: إدارة حوكمة البيانات.,إدارة حوكمة البيانات,قيد المراجعة
INC-00709,2021-10-22,حرجة,بوابة المستفيدين,تهديد بتعطيل منظومة ذات استخدام عسكري مساند,بلاغ عن استهداف منظومة عسكري الاستخدام مرتبطة بالجهة. المرجع SOC-2021-9644 · الجهة المعنية: إدارة أمن المعلومات.,إدارة أمن المعلومات,مغلق بعد المراجعة
INC-00710,2020-02-24,حرجة,شبكة الربط الحكومي,اشتباه اختراق مرتبط بمواقع تخزين أسلحة خاضعة للرقابة,محاولة وصول إلى سجلات مواقع أسلحة ومواد خاضعة للرقابة. المرجع SOC-2020-3519 · الجهة المعنية: فريق الاستجابة للحوادث.,فريق الاستجابة للحوادث,مصعّد
INC-00711,2025-08-02,حرجة,نظام الأرشفة الإلكترونية,حادثة رقم NSI-2025-207 - تصنيف اللجنة العليا,حادثة مصعّدة للجنة العليا لارتباطها بمواقع وطنية محددة. المرجع SOC-2025-7801 · الجهة المعنية: إدارة المخاطر التقنية.,إدارة المخاطر التقنية,قيد المعالجة
INC-00712,2019-02-07,عالية,نظام الأرشفة الإلكترونية,اختراق في سلسلة الإمداد عبر مكوّن طرف ثالث (2019),تحقيق في مكوّن مورد يحتوي شيفرة غير موثوقة داخل بيئة الإنتاج. المرجع SOC-2019-9731 · الجهة المعنية: إدارة أمن المعلومات.,إدارة أمن المعلومات,قيد المعالجة
INC-00713,2023-08-15,عالية,شبكة الربط الحكومي,هجوم فدية على شبكة الربط الحكومي - جازان,قضية ابتزاز إلكتروني قيد المعالجة مع تقييم أثر التوقف التشغيلي. المرجع SOC-2023-9937 · الجهة المعنية: فريق اختبار الاختراق.,فريق اختبار الاختراق,مغلق بعد المراجعة
INC-00714,2020-10-26,عالية,نظام النسخ الاحتياطي المركزي,مراجعة ما بعد الحادثة لنظام النسخ الاحتياطي المركزي,مراجعة تفصيلية لأسباب جذرية وثغرات ضبط لم تُعالج بعد. المرجع SOC-2020-1059 · الجهة المعنية: إدارة المخاطر التقنية.,إدارة المخاطر التقنية,مغلق بعد المراجعة
INC-00715,2023-08-14,عالية,منصة تبادل البيانات الوطنية,كشف بيانات اعتماد إدارية في مستودع شيفرة خارجي,تحقيق في نشر بيانات اعتماد تشغيلية بمستودع عام وإجراءات الإبطال. المرجع SOC-2023-8517 · الجهة المعنية: إدارة حوكمة البيانات.,إدارة حوكمة البيانات,مغلق
INC-00716,2021-06-17,عالية,شبكة الربط الحكومي,هجوم فدية على شبكة الربط الحكومي - جازان,قضية ابتزاز إلكتروني قيد المعالجة مع تقييم أثر التوقف التشغيلي. المرجع SOC-2021-9548 · الجهة المعنية: فريق اختبار الاختراق.,فريق اختبار الاختراق,قيد المعالجة
INC-00717,2020-02-08,متوسطة,منصة تبادل البيانات الوطنية,اختراق في سلسلة الإمداد عبر مكوّن طرف ثالث (2020),تحقيق في مكوّن مورد يحتوي شيفرة غير موثوقة داخل بيئة الإنتاج. المرجع SOC-2020-1051 · الجهة المعنية: وحدة الالتزام التنظيمي.,وحدة الالتزام التنظيمي,قيد المراجعة
INC-00718,2020-03-24,حرجة,نظام إدارة الهوية المركزي,محاولة اختراق أنظمة التحكم في محطة توليد كهربائي,رصد نشاط مجموعة تجسس إلكتروني يستهدف أنظمة تحكم منشأة حيوية وطنية. المرجع SOC-2020-9672 · الجهة المعنية: فريق الاستجابة للحوادث.,فريق الاستجابة للحوادث,قيد المراجعة
INC-00719,2024-10-30,متوسطة,نظام الأرشفة الإلكترونية,مراجعة ما بعد الحادثة لنظام الأرشفة الإلكترونية,مراجعة تفصيلية لأسباب جذرية وثغرات ضبط لم تُعالج بعد. المرجع SOC-2024-8784 · الجهة المعنية: وحدة الالتزام التنظيمي.,وحدة الالتزام التنظيمي,مصعّد
INC-00720,2021-10-07,منخفضة,نظام إدارة الهوية المركزي,مخالفة خصوصية في مشاركة سجلات المستفيدين,مشاركة سجلات دون تطبيق ضوابط خصوصية المستفيدين. المرجع SOC-2021-1582 · الجهة المعنية: إدارة أمن المعلومات.,إدارة أمن المعلومات,مصعّد
INC-00721,2023-10-03,حرجة,نظام النسخ الاحتياطي المركزي,اشتباه اختراق مرتبط بمواقع تخزين أسلحة خاضعة للرقابة,محاولة وصول إلى سجلات مواقع أسلحة ومواد خاضعة للرقابة. المرجع SOC-2023-8581 · الجهة المعنية: إدارة أمن المعلومات.,إدارة أمن المعلومات,مصعّد
INC-00722,2021-03-26,عالية,شبكة الاتصالات الداخلية,إساءة استخدام صلاحيات إدارية في شبكة الاتصالات الداخلية,تحقيق في استخدام حساب إداري للوصول إلى سجلات خارج نطاق العمل. المرجع SOC-2021-4092 · الجهة المعنية: إدارة حوكمة البيانات.,إدارة حوكمة البيانات,قيد المراجعة
INC-00723,2019-08-06,عالية,نظام الأرشفة الإلكترونية,تقييم الأثر الاستراتيجي لانقطاع نظام الأرشفة الإلكترونية,دراسة استراتيجية لأثر الانقطاع على الالتزامات التعاقدية. المرجع SOC-2019-4259 · الجهة المعنية: مركز العمليات السيبرانية.,مركز العمليات السيبرانية,قيد المراجعة
INC-00724,2025-07-05,عالية,مركز البيانات الاحتياطي,ثغرة ثغرة في سلسلة الإمداد في مركز البيانات الاحتياطي,تحقيق فني في ثغرة مكتشفة وتقييم قابلية الاستغلال وخطة المعالجة. المرجع SOC-2025-2130 · الجهة المعنية: إدارة حوكمة البيانات.,إدارة حوكمة البيانات,قيد المعالجة
INC-00725,2020-08-07,متوسطة,نظام التخطيط المؤسسي,مخالفة خصوصية في مشاركة سجلات المستفيدين,مشاركة سجلات دون تطبيق ضوابط خصوصية المستفيدين. المرجع SOC-2020-7141 · الجهة المعنية: إدارة حوكمة البيانات.,إدارة حوكمة البيانات,قيد المعالجة
INC-00726,2024-02-22,منخفضة,منصة الخدمات الحكومية الموحدة,إحصاءات جاهزية الأمن السيبراني المعلنة - قطاع الحلول الحكومية 2024,إحصاءات مجمّعة معلنة عن مؤشرات الجاهزية دون تفاصيل تشغيلية. المرجع SOC-2024-6854 · الجهة المعنية: وحدة الالتزام التنظيمي.,وحدة الالتزام التنظيمي,مصعّد
INC-00727,2023-01-20,حرجة,نظام التحقق الرقمي,إنذار أمني بشأن منشأة نووي الاستخدام المدني في خميس مشيط,إنذار تقني مرتبط بأنظمة منشأة نووي الاستخدام المدني. المرجع SOC-2023-8190 · الجهة المعنية: فريق اختبار الاختراق.,فريق اختبار الاختراق,مغلق بعد المراجعة
INC-00728,2023-09-20,عالية,مركز البيانات الرئيسي,تسريب مستندات تفاوضية من مركز البيانات الرئيسي,تحقيق في تسريب مستندات ذات قيمة تنافسية إلى خارج الجهة. المرجع SOC-2023-3670 · الجهة المعنية: فريق الاستجابة للحوادث.,فريق الاستجابة للحوادث,مصعّد
INC-00729,2025-11-27,عالية,بوابة المستفيدين,ثغرة ضعف في تشفير القنوات في بوابة المستفيدين,تحقيق فني في ثغرة مكتشفة وتقييم قابلية الاستغلال وخطة المعالجة. المرجع SOC-2025-2433 · الجهة المعنية: فريق الاستجابة للحوادث.,فريق الاستجابة للحوادث,قيد المعالجة
INC-00730,2020-04-29,عالية,منصة التوثيق الإلكتروني,تسريب مستندات تفاوضية من منصة التوثيق الإلكتروني,تحقيق في تسريب مستندات ذات قيمة تنافسية إلى خارج الجهة. المرجع SOC-2020-4840 · الجهة المعنية: وحدة الالتزام التنظيمي.,وحدة الالتزام التنظيمي,مغلق بعد المراجعة
INC-00731,2021-01-12,عالية,منصة تبادل البيانات الوطنية,خطة الاستجابة الاستراتيجية لحوادث قطاع الأعمال المؤسسية,خطة استراتيجية لتصعيد الحوادث وتوزيع الأدوار بين الفرق. المرجع SOC-2021-4433 · الجهة المعنية: وحدة الالتزام التنظيمي.,وحدة الالتزام التنظيمي,قيد المعالجة
INC-00732,2020-12-13,متوسطة,نظام التخطيط المؤسسي,كشف بيانات اعتماد إدارية في مستودع شيفرة خارجي,تحقيق في نشر بيانات اعتماد تشغيلية بمستودع عام وإجراءات الإبطال. المرجع SOC-2020-4037 · الجهة المعنية: إدارة حوكمة البيانات.,إدارة حوكمة البيانات,مصعّد
INC-00733,2021-01-04,عالية,بوابة المدفوعات الوطنية,تسريب مستندات تفاوضية من بوابة المدفوعات الوطنية,تحقيق في تسريب مستندات ذات قيمة تنافسية إلى خارج الجهة. المرجع SOC-2021-1599 · الجهة المعنية: فريق الاستجابة للحوادث.,فريق الاستجابة للحوادث,قيد المراجعة
INC-00734,2019-04-24,متوسطة,منصة المراسلات الرسمية,إساءة استخدام صلاحيات إدارية في منصة المراسلات الرسمية,تحقيق في استخدام حساب إداري للوصول إلى سجلات خارج نطاق العمل. المرجع SOC-2019-2512 · الجهة المعنية: فريق الاستجابة للحوادث.,فريق الاستجابة للحوادث,مغلق بعد المراجعة
INC-00735,2021-06-27,متوسطة,نظام إدارة الهوية المركزي,هجوم فدية على نظام إدارة الهوية المركزي - خميس مشيط,قضية ابتزاز إلكتروني قيد المعالجة مع تقييم أثر التوقف التشغيلي. المرجع SOC-2021-9606 · الجهة المعنية: إدارة المخاطر التقنية.,إدارة المخاطر التقنية,مصعّد
INC-00736,2022-07-01,منخفضة,مركز البيانات الاحتياطي,مذكرة داخلية عن ضبط صلاحيات مركز البيانات الاحتياطي,مذكرة داخلية لتنظيم منح الصلاحيات ومراجعتها الدورية. المرجع SOC-2022-4673 · الجهة المعنية: فريق الاستجابة للحوادث.,فريق الاستجابة للحوادث,مصعّد
INC-00737,2022-02-02,عالية,مركز البيانات الرئيسي,رصد تحركات القوات في بيانات تتبع مسربة,ظهور بيانات تحركات القوات ضمن مجموعة بيانات مسربة قيد الفحص. المرجع SOC-2022-4825 · الجهة المعنية: إدارة حوكمة البيانات.,إدارة حوكمة البيانات,مغلق
INC-00738,2026-05-30,عالية,نظام الأرشفة الإلكترونية,إساءة استخدام صلاحيات إدارية في نظام الأرشفة الإلكترونية,تحقيق في استخدام حساب إداري للوصول إلى سجلات خارج نطاق العمل. المرجع SOC-2026-9616 · الجهة المعنية: مركز العمليات السيبرانية.,مركز العمليات السيبرانية,مغلق بعد المراجعة
INC-00739,2022-01-28,منخفضة,نظام التحقق الرقمي,مذكرة داخلية عن ضبط صلاحيات نظام التحقق الرقمي,مذكرة داخلية لتنظيم منح الصلاحيات ومراجعتها الدورية. المرجع SOC-2022-5186 · الجهة المعنية: مركز العمليات السيبرانية.,مركز العمليات السيبرانية,قيد المراجعة
INC-00740,2020-04-18,متوسطة,منصة المراسلات الرسمية,حجب خدمة موزع على منصة المراسلات الرسمية - سكاكا,تحقيق في هجوم حجب خدمة أثّر على توفر المنصة وخطة الصد. المرجع SOC-2020-7458 · الجهة المعنية: إدارة حوكمة البيانات.,إدارة حوكمة البيانات,قيد المراجعة
INC-00741,2020-04-09,عالية,منصة الاجتماعات المؤمّنة,تسريب مستندات تفاوضية من منصة الاجتماعات المؤمّنة,تحقيق في تسريب مستندات ذات قيمة تنافسية إلى خارج الجهة. المرجع SOC-2020-1136 · الجهة المعنية: إدارة المخاطر التقنية.,إدارة المخاطر التقنية,قيد المعالجة
INC-00742,2022-08-21,عالية,نظام التحقق الرقمي,تقييم الأثر الاستراتيجي لانقطاع نظام التحقق الرقمي,دراسة استراتيجية لأثر الانقطاع على الالتزامات التعاقدية. المرجع SOC-2022-5286 · الجهة المعنية: إدارة أمن المعلومات.,إدارة أمن المعلومات,مصعّد
INC-00743,2019-03-19,متوسطة,مركز البيانات الاحتياطي,اختراق في سلسلة الإمداد عبر مكوّن طرف ثالث (2019),تحقيق في مكوّن مورد يحتوي شيفرة غير موثوقة داخل بيئة الإنتاج. المرجع SOC-2019-8747 · الجهة المعنية: فريق الاستجابة للحوادث.,فريق الاستجابة للحوادث,مغلق
INC-00744,2021-08-23,متوسطة,منصة الخدمات الحكومية الموحدة,مذكرة داخلية عن ضبط صلاحيات منصة الخدمات الحكومية الموحدة,مذكرة داخلية لتنظيم منح الصلاحيات ومراجعتها الدورية. المرجع SOC-2021-3721 · الجهة المعنية: فريق اختبار الاختراق.,فريق اختبار الاختراق,مصعّد
INC-00745,2024-06-09,عالية,نظام إدارة الأصول التقنية,خطة الاستجابة الاستراتيجية لحوادث قطاع الحلول الحكومية,خطة استراتيجية لتصعيد الحوادث وتوزيع الأدوار بين الفرق. المرجع SOC-2024-4001 · الجهة المعنية: إدارة أمن المعلومات.,إدارة أمن المعلومات,مغلق
INC-00746,2021-08-15,متوسطة,منصة المراسلات الرسمية,ثغرة ثغرة في سلسلة الإمداد في منصة المراسلات الرسمية,تحقيق فني في ثغرة مكتشفة وتقييم قابلية الاستغلال وخطة المعالجة. المرجع SOC-2021-1061 · الجهة المعنية: فريق اختبار الاختراق.,فريق اختبار الاختراق,مصعّد
INC-00747,2024-11-28,عالية,شبكة الاتصالات الداخلية,خطة الاستجابة الاستراتيجية لحوادث قطاع الحلول الحكومية,خطة استراتيجية لتصعيد الحوادث وتوزيع الأدوار بين الفرق. المرجع SOC-2024-1412 · الجهة المعنية: إدارة أمن المعلومات.,إدارة أمن المعلومات,قيد المعالجة
INC-00748,2020-10-05,منخفضة,منصة تبادل البيانات الوطنية,منشور توعوي عن التصيّد الإلكتروني - الخدمات المساندة الربع الثاني 2020,منشور توعوي عام يشرح مؤشرات الرسائل المشبوهة للجمهور. المرجع SOC-2020-3793 · الجهة المعنية: إدارة استمرارية الأعمال.,إدارة استمرارية الأعمال,مغلق بعد المراجعة
INC-00749,2023-03-31,متوسطة,مركز البيانات الاحتياطي,مؤشرات اختراق مستمرة في شريحة الشبكة 32,نشاط مستمر غير مفسر داخل شريحة إنتاجية وخطة الاحتواء المرحلية. المرجع SOC-2023-6178 · الجهة المعنية: إدارة أمن المعلومات.,إدارة أمن المعلومات,قيد المعالجة
INC-00750,2023-02-03,عالية,شبكة الاتصالات الداخلية,خطة الاستجابة الاستراتيجية لحوادث قطاع الحلول الحكومية,خطة استراتيجية لتصعيد الحوادث وتوزيع الأدوار بين الفرق. المرجع SOC-2023-7490 · الجهة المعنية: وحدة الالتزام التنظيمي.,وحدة الالتزام التنظيمي,مغلق
INC-00751,2022-06-21,حرجة,منصة الخدمات الحكومية الموحدة,اشتباه اختراق مرتبط بمواقع تخزين أسلحة خاضعة للرقابة,محاولة وصول إلى سجلات مواقع أسلحة ومواد خاضعة للرقابة. المرجع SOC-2022-9330 · الجهة المعنية: إدارة المخاطر التقنية.,إدارة المخاطر التقنية,قيد المراجعة
INC-00752,2024-07-14,عالية,منصة تبادل البيانات الوطنية,تقييم الأثر الاستراتيجي لانقطاع منصة تبادل البيانات الوطنية,دراسة استراتيجية لأثر الانقطاع على الالتزامات التعاقدية. المرجع SOC-2024-4475 · الجهة المعنية: وحدة الالتزام التنظيمي.,وحدة الالتزام التنظيمي,قيد المعالجة
INC-00753,2022-02-08,عالية,شبكة الاتصالات الداخلية,تسريب مستندات تفاوضية من شبكة الاتصالات الداخلية,تحقيق في تسريب مستندات ذات قيمة تنافسية إلى خارج الجهة. المرجع SOC-2022-2539 · الجهة المعنية: إدارة استمرارية الأعمال.,إدارة استمرارية الأعمال,مصعّد
INC-00754,2020-11-15,حرجة,نظام التخطيط المؤسسي,اشتباه تسريب مفاتيح التشفير الخاصة بنظام التخطيط المؤسسي,مؤشرات على كشف مفاتيح التشفير المستخدمة في حماية قنوات وطنية. المرجع SOC-2020-7641 · الجهة المعنية: إدارة المخاطر التقنية.,إدارة المخاطر التقنية,قيد المعالجة
INC-00755,2024-04-21,متوسطة,مركز البيانات الرئيسي,نتائج اختبار اختراق مركز البيانات الرئيسي - الربع الرابع 2024,تحقيق هجومي كشف مسارات تجاوز مصادقة قابلة للاستغلال. المرجع SOC-2024-6500 · الجهة المعنية: وحدة الالتزام التنظيمي.,وحدة الالتزام التنظيمي,قيد المعالجة
INC-00756,2019-08-20,متوسطة,منصة الاجتماعات المؤمّنة,نتائج اختبار اختراق منصة الاجتماعات المؤمّنة - الربع الأول 2019,تحقيق هجومي كشف مسارات تنفيذ أوامر عن بُعد قابلة للاستغلال. المرجع SOC-2019-3464 · الجهة المعنية: فريق اختبار الاختراق.,فريق اختبار الاختراق,مغلق بعد المراجعة
INC-00757,2024-08-30,متوسطة,منصة التحليلات المؤسسية,مشاركة مخطط الشبكة مع مورد دون تصريح,إرسال مخطط الشبكة الداخلية لمورد خارج قناة الاعتماد. المرجع SOC-2024-6680 · الجهة المعنية: إدارة المخاطر التقنية.,إدارة المخاطر التقنية,قيد المراجعة
INC-00758,2024-06-09,عالية,شبكة الاتصالات الداخلية,حادثة رقم NSI-2024-924 - تصنيف اللجنة العليا,حادثة مصعّدة للجنة العليا لارتباطها بمواقع وطنية محددة. المرجع SOC-2024-3038 · الجهة المعنية: فريق اختبار الاختراق.,,قيد المعالجة
INC-00759,2022-07-12,عالية,نظام إدارة الهوية المركزي,قضية احتيال إلكتروني على بوابة المدفوعات (2022),قضية احتيال قيد المتابعة مع الجهات المختصة وتقدير الخسارة. المرجع SOC-2022-8577 · الجهة المعنية: فريق اختبار الاختراق.,فريق اختبار الاختراق,مغلق بعد المراجعة
INC-00760,2025-12-12,عالية,نظام إدارة الأصول التقنية,إساءة استخدام صلاحيات إدارية في نظام إدارة الأصول التقنية,تحقيق في استخدام حساب إداري للوصول إلى سجلات خارج نطاق العمل. المرجع SOC-2025-8931 · الجهة المعنية: وحدة الالتزام التنظيمي.,وحدة الالتزام التنظيمي,مغلق بعد المراجعة
INC-00761,2020-12-11,متوسطة,بوابة الموردين الإلكترونية,إساءة استخدام صلاحيات إدارية في بوابة الموردين الإلكترونية,تحقيق في استخدام حساب إداري للوصول إلى سجلات خارج نطاق العمل. المرجع SOC-2020-5540 · الجهة المعنية: وحدة الالتزام التنظيمي.,وحدة الالتزام التنظيمي,مغلق بعد المراجعة
INC-00762,2022-12-04,متوسطة,نظام التحقق الرقمي,هجوم فدية على نظام التحقق الرقمي - عرعر,قضية ابتزاز إلكتروني قيد المعالجة مع تقييم أثر التوقف التشغيلي. المرجع SOC-2022-9341 · الجهة المعنية: إدارة المخاطر التقنية.,إدارة المخاطر التقنية,مصعّد
INC-00763,2023-09-16,عالية,منصة الخدمات الحكومية الموحدة,تقييم الأثر الاستراتيجي لانقطاع منصة الخدمات الحكومية الموحدة,دراسة استراتيجية لأثر الانقطاع على الالتزامات التعاقدية. المرجع SOC-2023-9790 · الجهة المعنية: مركز العمليات السيبرانية.,مركز العمليات السيبرانية,مصعّد
INC-00764,2020-06-18,عالية,بوابة المدفوعات الوطنية,هجوم فدية على بوابة المدفوعات الوطنية - بريدة,قضية ابتزاز إلكتروني قيد المعالجة مع تقييم أثر التوقف التشغيلي. المرجع SOC-2020-5795 · الجهة المعنية: فريق الاستجابة للحوادث.,فريق الاستجابة للحوادث,قيد المعالجة
INC-00765,2022-11-30,حرجة,بوابة المدفوعات الوطنية,حادثة رقم NSI-2022-383 - تصنيف اللجنة العليا,حادثة مصعّدة للجنة العليا لارتباطها بمواقع وطنية محددة. المرجع SOC-2022-5962 · الجهة المعنية: إدارة المخاطر التقنية.,إدارة المخاطر التقنية,قيد المعالجة
INC-00766,2024-09-08,متوسطة,منصة الخدمات الحكومية الموحدة,ثغرة حقن أوامر في منصة الخدمات الحكومية الموحدة,تحقيق فني في ثغرة مكتشفة وتقييم قابلية الاستغلال وخطة المعالجة. المرجع SOC-2024-6180 · الجهة المعنية: وحدة الالتزام التنظيمي.,وحدة الالتزام التنظيمي,قيد المراجعة
INC-00767,2024-06-15,متوسطة,نظام الأرشفة الإلكترونية,خطة الاستجابة الاستراتيجية لحوادث قطاع الأعمال المؤسسية,خطة استراتيجية لتصعيد الحوادث وتوزيع الأدوار بين الفرق. المرجع SOC-2024-1127 · الجهة المعنية: إدارة المخاطر التقنية.,إدارة المخاطر التقنية,مصعّد
INC-00768,2021-08-24,عالية,مركز البيانات الاحتياطي,إساءة استخدام صلاحيات إدارية في مركز البيانات الاحتياطي,تحقيق في استخدام حساب إداري للوصول إلى سجلات خارج نطاق العمل. المرجع SOC-2021-3366 · الجهة المعنية: فريق الاستجابة للحوادث.,فريق الاستجابة للحوادث,قيد المراجعة
INC-00769,2026-04-03,عالية,منصة الاجتماعات المؤمّنة,اشتباه تسريب مفاتيح التشفير الخاصة بمنصة الاجتماعات المؤمّنة,مؤشرات على كشف مفاتيح التشفير المستخدمة في حماية قنوات وطنية. المرجع SOC-2026-6544 · الجهة المعنية: إدارة استمرارية الأعمال.,إدارة استمرارية الأعمال,مصعّد
INC-00770,2025-07-29,عالية,شبكة الاتصالات الداخلية,نتائج اختبار اختراق شبكة الاتصالات الداخلية - الربع الثالث 2025,تحقيق هجومي كشف مسارات رفع صلاحيات قابلة للاستغلال. المرجع SOC-2025-4302 · الجهة المعنية: وحدة الالتزام التنظيمي.,وحدة الالتزام التنظيمي,قيد المعالجة
INC-00771,2024-10-31,متوسطة,نظام النسخ الاحتياطي المركزي,مشاركة مخطط الشبكة مع مورد دون تصريح,إرسال مخطط الشبكة الداخلية لمورد خارج قناة الاعتماد. المرجع SOC-2024-5115 · الجهة المعنية: مركز العمليات السيبرانية.,مركز العمليات السيبرانية,قيد المعالجة
INC-00772,2020-01-05,حرجة,نظام التحقق الرقمي,إحاطة عاجلة للمركز الوطني بشأن حادثة الجبيل,إحاطة تتضمن مؤشرات اختراق ومواقع تأثير لا يجوز تداولها. المرجع SOC-2020-6015 · الجهة المعنية: مركز العمليات السيبرانية.,,مصعّد
INC-00773,2019-08-18,عالية,منصة تبادل البيانات الوطنية,نتائج اختبار اختراق منصة تبادل البيانات الوطنية - الربع الثاني 2019,تحقيق هجومي كشف مسارات إعدادات افتراضية غير آمنة قابلة للاستغلال. المرجع SOC-2019-6413 · الجهة المعنية: فريق اختبار الاختراق.,فريق اختبار الاختراق,قيد المعالجة
INC-00774,2024-08-03,متوسطة,بوابة المستفيدين,كشف بيانات اعتماد إدارية في مستودع شيفرة خارجي,تحقيق في نشر بيانات اعتماد تشغيلية بمستودع عام وإجراءات الإبطال. المرجع SOC-2024-1885 · الجهة المعنية: وحدة الالتزام التنظيمي.,وحدة الالتزام التنظيمي,مغلق بعد المراجعة
INC-00775,2020-01-11,عالية,نظام إدارة العقود,مراجعة ما بعد الحادثة لنظام إدارة العقود,مراجعة تفصيلية لأسباب جذرية وثغرات ضبط لم تُعالج بعد. المرجع SOC-2020-2971 · الجهة المعنية: مركز العمليات السيبرانية.,مركز العمليات السيبرانية,مصعّد
INC-00776,2019-07-02,منخفضة,نظام إدارة الهوية المركزي,إعلان تدريب توعوي لمنسوبي قطاع التقنية والمشاريع في جدة,إعلان عن برنامج تدريب توعوي مفتوح للتسجيل. المرجع SOC-2019-9850 · الجهة المعنية: وحدة الالتزام التنظيمي.,وحدة الالتزام التنظيمي,مغلق
INC-00777,2022-12-14,متوسطة,مركز البيانات الاحتياطي,إساءة استخدام صلاحيات إدارية في مركز البيانات الاحتياطي,تحقيق في استخدام حساب إداري للوصول إلى سجلات خارج نطاق العمل. المرجع SOC-2022-7129 · الجهة المعنية: إدارة حوكمة البيانات.,إدارة حوكمة البيانات,قيد المراجعة
INC-00778,2022-04-08,عالية,نظام النسخ الاحتياطي المركزي,ثغرة تخطي التحكم بالوصول في نظام النسخ الاحتياطي المركزي,تحقيق فني في ثغرة مكتشفة وتقييم قابلية الاستغلال وخطة المعالجة. المرجع SOC-2022-5747 · الجهة المعنية: إدارة حوكمة البيانات.,إدارة حوكمة البيانات,مغلق بعد المراجعة
INC-00779,2023-10-04,حرجة,بوابة المدفوعات الوطنية,رصد تحركات القوات في بيانات تتبع مسربة,ظهور بيانات تحركات القوات ضمن مجموعة بيانات مسربة قيد الفحص. المرجع SOC-2023-5363 · الجهة المعنية: مركز العمليات السيبرانية.,مركز العمليات السيبرانية,مصعّد
INC-00780,2019-06-19,متوسطة,نظام إدارة الأصول التقنية,بلاغ عن ضياع جهاز يحتوي بيانات هوية منسوبين,فقدان جهاز محمول يحتوي ملفات بها بيانات هوية وتواصل. المرجع SOC-2019-6306 · الجهة المعنية: إدارة استمرارية الأعمال.,إدارة استمرارية الأعمال,قيد المعالجة
INC-00781,2020-07-15,متوسطة,نظام إدارة الهوية المركزي,مؤشرات اختراق مستمرة في شريحة الشبكة 48,نشاط مستمر غير مفسر داخل شريحة إنتاجية وخطة الاحتواء المرحلية. المرجع SOC-2020-5531 · الجهة المعنية: إدارة أمن المعلومات.,إدارة أمن المعلومات,مغلق
INC-00782,2025-04-14,عالية,شبكة الربط الحكومي,مراجعة ما بعد الحادثة لشبكة الربط الحكومي,مراجعة تفصيلية لأسباب جذرية وثغرات ضبط لم تُعالج بعد. المرجع SOC-2025-2374 · الجهة المعنية: إدارة أمن المعلومات.,إدارة أمن المعلومات,قيد المراجعة
INC-00783,2020-11-10,متوسطة,شبكة الربط الحكومي,إساءة استخدام صلاحيات إدارية في شبكة الربط الحكومي,تحقيق في استخدام حساب إداري للوصول إلى سجلات خارج نطاق العمل. المرجع SOC-2020-5919 · الجهة المعنية: فريق اختبار الاختراق.,فريق اختبار الاختراق,قيد المعالجة
INC-00784,2022-03-14,عالية,نظام إدارة العقود,تقييم الأثر الاستراتيجي لانقطاع نظام إدارة العقود,دراسة استراتيجية لأثر الانقطاع على الالتزامات التعاقدية. المرجع SOC-2022-8279 · الجهة المعنية: إدارة استمرارية الأعمال.,إدارة استمرارية الأعمال,مصعّد
INC-00785,2024-09-18,حرجة,شبكة الربط الحكومي,إنذار أمني بشأن منشأة نووي الاستخدام المدني في الجبيل,إنذار تقني مرتبط بأنظمة منشأة نووي الاستخدام المدني. المرجع SOC-2024-1722 · الجهة المعنية: إدارة المخاطر التقنية.,إدارة المخاطر التقنية,مغلق
INC-00786,2019-05-02,حرجة,منصة الاجتماعات المؤمّنة,حادثة مساس بمتطلبات سيادة البيانات في منصة الاجتماعات المؤمّنة,نقل بيانات خارج النطاق المصرح بما يخل بمتطلبات سيادة البيانات. المرجع SOC-2019-4550 · الجهة المعنية: إدارة حوكمة البيانات.,إدارة حوكمة البيانات,قيد المراجعة
INC-00787,2020-05-08,متوسطة,منصة الاجتماعات المؤمّنة,كشف بيانات اعتماد إدارية في مستودع شيفرة خارجي,تحقيق في نشر بيانات اعتماد تشغيلية بمستودع عام وإجراءات الإبطال. المرجع SOC-2020-1859 · الجهة المعنية: إدارة حوكمة البيانات.,إدارة حوكمة البيانات,مغلق
INC-00788,2023-07-26,عالية,منصة المراسلات الرسمية,حجب خدمة موزع على منصة المراسلات الرسمية - الطائف,تحقيق في هجوم حجب خدمة أثّر على توفر المنصة وخطة الصد. المرجع SOC-2023-3061 · الجهة المعنية: إدارة حوكمة البيانات.,إدارة حوكمة البيانات,قيد المراجعة
INC-00789,2019-06-03,عالية,منصة تبادل البيانات الوطنية,اشتباه تسريب مفاتيح التشفير الخاصة بمنصة تبادل البيانات الوطنية,مؤشرات على كشف مفاتيح التشفير المستخدمة في حماية قنوات وطنية. المرجع SOC-2019-8079 · الجهة المعنية: فريق اختبار الاختراق.,فريق اختبار الاختراق,مصعّد
INC-00790,2019-07-22,حرجة,منصة تبادل البيانات الوطنية,إحاطة عاجلة للمركز الوطني بشأن حادثة بريدة,إحاطة تتضمن مؤشرات اختراق ومواقع تأثير لا يجوز تداولها. المرجع SOC-2019-9256 · الجهة المعنية: وحدة الالتزام التنظيمي.,وحدة الالتزام التنظيمي,مغلق
INC-00791,2022-09-22,عالية,نظام الأرشفة الإلكترونية,قضية احتيال إلكتروني على بوابة المدفوعات (2022),قضية احتيال قيد المتابعة مع الجهات المختصة وتقدير الخسارة. المرجع SOC-2022-5388 · الجهة المعنية: وحدة الالتزام التنظيمي.,وحدة الالتزام التنظيمي,قيد المعالجة
INC-00792,2026-05-22,منخفضة,نظام النسخ الاحتياطي المركزي,مشاركة مخطط الشبكة مع مورد دون تصريح,إرسال مخطط الشبكة الداخلية لمورد خارج قناة الاعتماد. المرجع SOC-2026-6682 · الجهة المعنية: إدارة استمرارية الأعمال.,إدارة استمرارية الأعمال,قيد المراجعة
INC-00793,2024-01-30,متوسطة,منصة تبادل البيانات الوطنية,مشاركة مخطط الشبكة مع مورد دون تصريح,إرسال مخطط الشبكة الداخلية لمورد خارج قناة الاعتماد. المرجع SOC-2024-2821 · الجهة المعنية: فريق اختبار الاختراق.,فريق اختبار الاختراق,مغلق بعد المراجعة
INC-00794,2019-05-21,عالية,نظام الأرشفة الإلكترونية,إساءة استخدام صلاحيات إدارية في نظام الأرشفة الإلكترونية,تحقيق في استخدام حساب إداري للوصول إلى سجلات خارج نطاق العمل. المرجع SOC-2019-1842 · الجهة المعنية: فريق اختبار الاختراق.,فريق اختبار الاختراق,قيد المعالجة
INC-00795,2019-01-25,منخفضة,بوابة المدفوعات الوطنية,محاولة تصيّد موجهة لمنسوبي ضبط الجودة,رسائل تصيّد تطلب بيانات هوية ودخول من الموظفين. المرجع SOC-2019-1396 · الجهة المعنية: إدارة استمرارية الأعمال.,إدارة استمرارية الأعمال,مغلق
INC-00796,2026-04-22,متوسطة,مركز البيانات الرئيسي,كشف غير مقصود لبيانات شخصية في مركز البيانات الرئيسي,إعداد خاطئ أدى لظهور بيانات شخصية لعدد محدود من المستفيدين. المرجع SOC-2026-2939 · الجهة المعنية: فريق الاستجابة للحوادث.,فريق الاستجابة للحوادث,مغلق
INC-00797,2019-10-17,متوسطة,منصة الاجتماعات المؤمّنة,نتائج اختبار اختراق منصة الاجتماعات المؤمّنة - الربع الرابع 2019,تحقيق هجومي كشف مسارات تجاوز مصادقة قابلة للاستغلال. المرجع SOC-2019-5874 · الجهة المعنية: إدارة حوكمة البيانات.,إدارة حوكمة البيانات,مغلق
INC-00798,2019-02-22,عالية,نظام التحقق الرقمي,تسريب مستندات تفاوضية من نظام التحقق الرقمي,تحقيق في تسريب مستندات ذات قيمة تنافسية إلى خارج الجهة. المرجع SOC-2019-5058 · الجهة المعنية: مركز العمليات السيبرانية.,مركز العمليات السيبرانية,قيد المراجعة
INC-00799,2020-08-21,عالية,نظام التخطيط المؤسسي,كشف بيانات اعتماد إدارية في مستودع شيفرة خارجي,تحقيق في نشر بيانات اعتماد تشغيلية بمستودع عام وإجراءات الإبطال. المرجع SOC-2020-7781 · الجهة المعنية: إدارة أمن المعلومات.,إدارة أمن المعلومات,مغلق بعد المراجعة
INC-00800,2025-05-17,متوسطة,نظام التخطيط المؤسسي,هجوم فدية على نظام التخطيط المؤسسي - جازان,قضية ابتزاز إلكتروني قيد المعالجة مع تقييم أثر التوقف التشغيلي. المرجع SOC-2025-9082 · الجهة المعنية: مركز العمليات السيبرانية.,مركز العمليات السيبرانية,قيد المراجعة
INC-00801,2019-10-08,متوسطة,نظام إدارة الأصول التقنية,مذكرة داخلية عن ضبط صلاحيات نظام إدارة الأصول التقنية,مذكرة داخلية لتنظيم منح الصلاحيات ومراجعتها الدورية. المرجع SOC-2019-9308 · الجهة المعنية: إدارة أمن المعلومات.,إدارة أمن المعلومات,مغلق بعد المراجعة
INC-00802,2022-05-31,عالية,بوابة المستفيدين,محاولة وصول غير مصرح إلى مواقع تخزين النسخ الاحتياطية,محاولات متكررة للوصول إلى مواقع تخزين النسخ خارج ساعات العمل. المرجع SOC-2022-7435 · الجهة المعنية: فريق اختبار الاختراق.,فريق اختبار الاختراق,مغلق بعد المراجعة
INC-00803,2025-05-27,منخفضة,بوابة المدفوعات الوطنية,مخالفة خصوصية في مشاركة سجلات المستفيدين,مشاركة سجلات دون تطبيق ضوابط خصوصية المستفيدين. المرجع SOC-2025-6199 · الجهة المعنية: إدارة حوكمة البيانات.,إدارة حوكمة البيانات,قيد المراجعة
INC-00804,2023-06-25,عالية,بوابة المدفوعات الوطنية,حجب خدمة موزع على بوابة المدفوعات الوطنية - سكاكا,تحقيق في هجوم حجب خدمة أثّر على توفر المنصة وخطة الصد. المرجع SOC-2023-4982 · الجهة المعنية: فريق الاستجابة للحوادث.,,قيد المعالجة
INC-00805,2020-02-03,عالية,منصة التوثيق الإلكتروني,تقييم الأثر الاستراتيجي لانقطاع منصة التوثيق الإلكتروني,دراسة استراتيجية لأثر الانقطاع على الالتزامات التعاقدية. المرجع SOC-2020-3571 · الجهة المعنية: وحدة الالتزام التنظيمي.,وحدة الالتزام التنظيمي,قيد المراجعة
INC-00806,2023-04-17,متوسطة,نظام التحقق الرقمي,مذكرة داخلية عن ضبط صلاحيات نظام التحقق الرقمي,مذكرة داخلية لتنظيم منح الصلاحيات ومراجعتها الدورية. المرجع SOC-2023-1445 · الجهة المعنية: مركز العمليات السيبرانية.,مركز العمليات السيبرانية,قيد المراجعة
INC-00807,2019-06-02,متوسطة,شبكة الربط الحكومي,إساءة استخدام صلاحيات إدارية في شبكة الربط الحكومي,تحقيق في استخدام حساب إداري للوصول إلى سجلات خارج نطاق العمل. المرجع SOC-2019-1356 · الجهة المعنية: إدارة المخاطر التقنية.,إدارة المخاطر التقنية,قيد المراجعة
INC-00808,2026-01-23,عالية,بوابة الموردين الإلكترونية,تقييم الأثر الاستراتيجي لانقطاع بوابة الموردين الإلكترونية,دراسة استراتيجية لأثر الانقطاع على الالتزامات التعاقدية. المرجع SOC-2026-1627 · الجهة المعنية: إدارة استمرارية الأعمال.,إدارة استمرارية الأعمال,قيد المراجعة
INC-00809,2020-11-09,عالية,نظام الأرشفة الإلكترونية,تقييم الأثر الاستراتيجي لانقطاع نظام الأرشفة الإلكترونية,دراسة استراتيجية لأثر الانقطاع على الالتزامات التعاقدية. المرجع SOC-2020-7931 · الجهة المعنية: فريق اختبار الاختراق.,فريق اختبار الاختراق,مغلق بعد المراجعة
INC-00810,2019-03-03,متوسطة,شبكة الاتصالات الداخلية,مشاركة مخطط الشبكة مع مورد دون تصريح,إرسال مخطط الشبكة الداخلية لمورد خارج قناة الاعتماد. المرجع SOC-2019-7595 · الجهة المعنية: مركز العمليات السيبرانية.,مركز العمليات السيبرانية,مغلق بعد المراجعة
INC-00811,2020-05-06,عالية,مركز البيانات الاحتياطي,ثغرة ضعف في تشفير القنوات في مركز البيانات الاحتياطي,تحقيق فني في ثغرة مكتشفة وتقييم قابلية الاستغلال وخطة المعالجة. المرجع SOC-2020-2389 · الجهة المعنية: وحدة الالتزام التنظيمي.,وحدة الالتزام التنظيمي,قيد المراجعة
INC-00812,2020-04-18,عالية,شبكة الربط الحكومي,اشتباه تسريب مفاتيح التشفير الخاصة بشبكة الربط الحكومي,مؤشرات على كشف مفاتيح التشفير المستخدمة في حماية قنوات وطنية. المرجع SOC-2020-9662 · الجهة المعنية: مركز العمليات السيبرانية.,مركز العمليات السيبرانية,مغلق بعد المراجعة
INC-00813,2022-10-13,متوسطة,نظام إدارة الهوية المركزي,مخالفة خصوصية في مشاركة سجلات المستفيدين,مشاركة سجلات دون تطبيق ضوابط خصوصية المستفيدين. المرجع SOC-2022-6321 · الجهة المعنية: إدارة أمن المعلومات.,إدارة أمن المعلومات,قيد المعالجة
INC-00814,2019-06-08,عالية,منصة الاجتماعات المؤمّنة,نتائج اختبار اختراق منصة الاجتماعات المؤمّنة - الربع الأول 2019,تحقيق هجومي كشف مسارات رفع صلاحيات قابلة للاستغلال. المرجع SOC-2019-8652 · الجهة المعنية: إدارة حوكمة البيانات.,إدارة حوكمة البيانات,قيد المعالجة
INC-00815,2025-06-26,حرجة,نظام التخطيط المؤسسي,رصد تحركات القوات في بيانات تتبع مسربة,ظهور بيانات تحركات القوات ضمن مجموعة بيانات مسربة قيد الفحص. المرجع SOC-2025-2044 · الجهة المعنية: فريق الاستجابة للحوادث.,فريق الاستجابة للحوادث,مغلق
INC-00816,2024-11-10,عالية,نظام إدارة الهوية المركزي,مؤشرات اختراق مستمرة في شريحة الشبكة 75,نشاط مستمر غير مفسر داخل شريحة إنتاجية وخطة الاحتواء المرحلية. المرجع SOC-2024-3691 · الجهة المعنية: إدارة حوكمة البيانات.,إدارة حوكمة البيانات,قيد المراجعة
INC-00817,2024-03-16,متوسطة,بوابة المدفوعات الوطنية,تسريب مستندات تفاوضية من بوابة المدفوعات الوطنية,تحقيق في تسريب مستندات ذات قيمة تنافسية إلى خارج الجهة. المرجع SOC-2024-4964 · الجهة المعنية: وحدة الالتزام التنظيمي.,وحدة الالتزام التنظيمي,مصعّد
INC-00818,2024-09-11,عالية,نظام إدارة العقود,نتائج اختبار اختراق نظام إدارة العقود - الربع الأول 2024,تحقيق هجومي كشف مسارات تخطي التحكم بالوصول قابلة للاستغلال. المرجع SOC-2024-3031 · الجهة المعنية: إدارة المخاطر التقنية.,إدارة المخاطر التقنية,قيد المراجعة
INC-00819,2023-06-12,عالية,مركز البيانات الرئيسي,محاولة اختراق أنظمة التحكم في محطة توليد كهربائي,رصد نشاط شبكة احتيال منظمة يستهدف أنظمة تحكم منشأة حيوية وطنية. المرجع SOC-2023-5140 · الجهة المعنية: إدارة المخاطر التقنية.,إدارة المخاطر التقنية,مغلق بعد المراجعة
INC-00820,2020-04-10,عالية,نظام إدارة الأصول التقنية,ثغرة إعدادات افتراضية غير آمنة في نظام إدارة الأصول التقنية,تحقيق فني في ثغرة مكتشفة وتقييم قابلية الاستغلال وخطة المعالجة. المرجع SOC-2020-7907 · الجهة المعنية: إدارة أمن المعلومات.,إدارة أمن المعلومات,مصعّد
INC-00821,2025-06-04,عالية,منصة التحليلات المؤسسية,قضية احتيال إلكتروني على بوابة المدفوعات (2025),قضية احتيال قيد المتابعة مع الجهات المختصة وتقدير الخسارة. المرجع SOC-2025-5201 · الجهة المعنية: مركز العمليات السيبرانية.,مركز العمليات السيبرانية,مصعّد
INC-00822,2020-07-23,عالية,مركز البيانات الاحتياطي,تقييم الأثر الاستراتيجي لانقطاع مركز البيانات الاحتياطي,دراسة استراتيجية لأثر الانقطاع على الالتزامات التعاقدية. المرجع SOC-2020-7179 · الجهة المعنية: إدارة المخاطر التقنية.,,مغلق
INC-00823,2021-05-23,عالية,منصة التوثيق الإلكتروني,مراجعة ما بعد الحادثة لمنصة التوثيق الإلكتروني,مراجعة تفصيلية لأسباب جذرية وثغرات ضبط لم تُعالج بعد. المرجع SOC-2021-9424 · الجهة المعنية: إدارة حوكمة البيانات.,إدارة حوكمة البيانات,مغلق بعد المراجعة
INC-00824,2023-07-15,متوسطة,منصة التحليلات المؤسسية,كشف بيانات اعتماد إدارية في مستودع شيفرة خارجي,تحقيق في نشر بيانات اعتماد تشغيلية بمستودع عام وإجراءات الإبطال. المرجع SOC-2023-8361 · الجهة المعنية: فريق الاستجابة للحوادث.,فريق الاستجابة للحوادث,مغلق بعد المراجعة
INC-00825,2024-09-20,متوسطة,منصة المراسلات الرسمية,مؤشرات اختراق مستمرة في شريحة الشبكة 164,نشاط مستمر غير مفسر داخل شريحة إنتاجية وخطة الاحتواء المرحلية. المرجع SOC-2024-8574 · الجهة المعنية: مركز العمليات السيبرانية.,مركز العمليات السيبرانية,مغلق بعد المراجعة
INC-00826,2022-04-25,متوسطة,بوابة المستفيدين,كشف بيانات اعتماد إدارية في مستودع شيفرة خارجي,تحقيق في نشر بيانات اعتماد تشغيلية بمستودع عام وإجراءات الإبطال. المرجع SOC-2022-6063 · الجهة المعنية: وحدة الالتزام التنظيمي.,وحدة الالتزام التنظيمي,مصعّد
INC-00827,2020-11-13,عالية,شبكة الاتصالات الداخلية,كشف بيانات اعتماد إدارية في مستودع شيفرة خارجي,تحقيق في نشر بيانات اعتماد تشغيلية بمستودع عام وإجراءات الإبطال. المرجع SOC-2020-6011 · الجهة المعنية: إدارة المخاطر التقنية.,,قيد المعالجة
INC-00828,2022-02-11,متوسطة,نظام التحقق الرقمي,إساءة استخدام صلاحيات إدارية في نظام التحقق الرقمي,تحقيق في استخدام حساب إداري للوصول إلى سجلات خارج نطاق العمل. المرجع SOC-2022-1167 · الجهة المعنية: إدارة أمن المعلومات.,,مغلق بعد المراجعة
INC-00829,2025-08-03,متوسطة,نظام إدارة العقود,تسريب مستندات تفاوضية من نظام إدارة العقود,تحقيق في تسريب مستندات ذات قيمة تنافسية إلى خارج الجهة. المرجع SOC-2025-6079 · الجهة المعنية: إدارة استمرارية الأعمال.,إدارة استمرارية الأعمال,مغلق
INC-00830,2025-11-30,منخفضة,بوابة المستفيدين,تصريح عن اكتمال تحديث أمني في بوابة المستفيدين - 2025,تصريح رسمي عن اكتمال التحديث دون كشف تفاصيل فنية. المرجع SOC-2025-2657 · الجهة المعنية: مركز العمليات السيبرانية.,مركز العمليات السيبرانية,مغلق بعد المراجعة
INC-00831,2019-08-06,عالية,نظام إدارة الهوية المركزي,حجب خدمة موزع على نظام إدارة الهوية المركزي - المدينة المنورة,تحقيق في هجوم حجب خدمة أثّر على توفر المنصة وخطة الصد. المرجع SOC-2019-5405 · الجهة المعنية: فريق الاستجابة للحوادث.,فريق الاستجابة للحوادث,مغلق بعد المراجعة
INC-00832,2026-01-09,متوسطة,نظام الأرشفة الإلكترونية,نتائج اختبار اختراق نظام الأرشفة الإلكترونية - الربع الأول 2026,تحقيق هجومي كشف مسارات كشف بيانات حساسة قابلة للاستغلال. المرجع SOC-2026-8170 · الجهة المعنية: إدارة حوكمة البيانات.,إدارة حوكمة البيانات,مصعّد
INC-00833,2023-07-10,منخفضة,مركز البيانات الرئيسي,بلاغ عن ضياع جهاز يحتوي بيانات هوية منسوبين,فقدان جهاز محمول يحتوي ملفات بها بيانات هوية وتواصل. المرجع SOC-2023-1711 · الجهة المعنية: فريق الاستجابة للحوادث.,فريق الاستجابة للحوادث,قيد المراجعة
INC-00834,2024-05-19,متوسطة,نظام إدارة الأصول التقنية,مخالفة خصوصية في مشاركة سجلات المستفيدين,مشاركة سجلات دون تطبيق ضوابط خصوصية المستفيدين. المرجع SOC-2024-1260 · الجهة المعنية: إدارة أمن المعلومات.,,قيد المعالجة
INC-00835,2021-10-24,متوسطة,نظام إدارة العقود,إساءة استخدام صلاحيات إدارية في نظام إدارة العقود,تحقيق في استخدام حساب إداري للوصول إلى سجلات خارج نطاق العمل. المرجع SOC-2021-6289 · الجهة المعنية: فريق اختبار الاختراق.,فريق اختبار الاختراق,قيد المعالجة
INC-00836,2022-12-09,متوسطة,منصة التحليلات المؤسسية,مؤشرات اختراق مستمرة في شريحة الشبكة 57,نشاط مستمر غير مفسر داخل شريحة إنتاجية وخطة الاحتواء المرحلية. المرجع SOC-2022-4882 · الجهة المعنية: إدارة حوكمة البيانات.,إدارة حوكمة البيانات,قيد المعالجة
INC-00837,2022-03-31,متوسطة,بوابة الموردين الإلكترونية,مراجعة ما بعد الحادثة لبوابة الموردين الإلكترونية,مراجعة تفصيلية لأسباب جذرية وثغرات ضبط لم تُعالج بعد. المرجع SOC-2022-6421 · الجهة المعنية: إدارة أمن المعلومات.,إدارة أمن المعلومات,مغلق
INC-00838,2019-03-03,منخفضة,نظام التحقق الرقمي,كشف غير مقصود لبيانات شخصية في نظام التحقق الرقمي,إعداد خاطئ أدى لظهور بيانات شخصية لعدد محدود من المستفيدين. المرجع SOC-2019-5735 · الجهة المعنية: إدارة حوكمة البيانات.,إدارة حوكمة البيانات,قيد المعالجة
INC-00839,2023-01-03,عالية,منصة التوثيق الإلكتروني,محاولة وصول غير مصرح إلى مواقع تخزين النسخ الاحتياطية,محاولات متكررة للوصول إلى مواقع تخزين النسخ خارج ساعات العمل. المرجع SOC-2023-5238 · الجهة المعنية: إدارة المخاطر التقنية.,إدارة المخاطر التقنية,مصعّد
INC-00840,2026-04-08,حرجة,نظام إدارة الهوية المركزي,حادثة رقم NSI-2026-362 - تصنيف اللجنة العليا,حادثة مصعّدة للجنة العليا لارتباطها بمواقع وطنية محددة. المرجع SOC-2026-6725 · الجهة المعنية: إدارة المخاطر التقنية.,إدارة المخاطر التقنية,قيد المراجعة
INC-00841,2021-12-03,متوسطة,مركز البيانات الرئيسي,إساءة استخدام صلاحيات إدارية في مركز البيانات الرئيسي,تحقيق في استخدام حساب إداري للوصول إلى سجلات خارج نطاق العمل. المرجع SOC-2021-9809 · الجهة المعنية: إدارة أمن المعلومات.,إدارة أمن المعلومات,قيد المعالجة
INC-00842,2020-12-09,متوسطة,نظام التخطيط المؤسسي,هجوم فدية على نظام التخطيط المؤسسي - نجران,قضية ابتزاز إلكتروني قيد المعالجة مع تقييم أثر التوقف التشغيلي. المرجع SOC-2020-2128 · الجهة المعنية: وحدة الالتزام التنظيمي.,,مصعّد
INC-00843,2025-10-13,متوسطة,نظام التخطيط المؤسسي,محاولة وصول غير مصرح إلى مواقع تخزين النسخ الاحتياطية,محاولات متكررة للوصول إلى مواقع تخزين النسخ خارج ساعات العمل. المرجع SOC-2025-4786 · الجهة المعنية: إدارة استمرارية الأعمال.,إدارة استمرارية الأعمال,قيد المراجعة
INC-00844,2019-11-11,عالية,نظام التحقق الرقمي,إساءة استخدام صلاحيات إدارية في نظام التحقق الرقمي,تحقيق في استخدام حساب إداري للوصول إلى سجلات خارج نطاق العمل. المرجع SOC-2019-2056 · الجهة المعنية: وحدة الالتزام التنظيمي.,وحدة الالتزام التنظيمي,مصعّد
INC-00845,2019-09-23,حرجة,نظام الأرشفة الإلكترونية,تقرير استخبارات تهديد عن حملة تستهدف نظام الأرشفة الإلكترونية,تحليل استخبارات مصادر مفتوحة ومغلقة لحملة موجهة ضد جهات وطنية. المرجع SOC-2019-4448 · الجهة المعنية: إدارة حوكمة البيانات.,إدارة حوكمة البيانات,مغلق
INC-00846,2025-01-04,متوسطة,منصة تبادل البيانات الوطنية,إساءة استخدام صلاحيات إدارية في منصة تبادل البيانات الوطنية,تحقيق في استخدام حساب إداري للوصول إلى سجلات خارج نطاق العمل. المرجع SOC-2025-3189 · الجهة المعنية: فريق اختبار الاختراق.,فريق اختبار الاختراق,مغلق بعد المراجعة
INC-00847,2021-12-15,متوسطة,نظام إدارة الأصول التقنية,تسريب مستندات تفاوضية من نظام إدارة الأصول التقنية,تحقيق في تسريب مستندات ذات قيمة تنافسية إلى خارج الجهة. المرجع SOC-2021-5161 · الجهة المعنية: إدارة المخاطر التقنية.,إدارة المخاطر التقنية,مغلق بعد المراجعة
INC-00848,2023-02-14,متوسطة,نظام التخطيط المؤسسي,نتائج اختبار اختراق نظام التخطيط المؤسسي - الربع الرابع 2023,تحقيق هجومي كشف مسارات حقن أوامر قابلة للاستغلال. المرجع SOC-2023-6583 · الجهة المعنية: إدارة حوكمة البيانات.,إدارة حوكمة البيانات,قيد المعالجة
INC-00849,2024-01-11,متوسطة,نظام الأرشفة الإلكترونية,ثغرة إعدادات افتراضية غير آمنة في نظام الأرشفة الإلكترونية,تحقيق فني في ثغرة مكتشفة وتقييم قابلية الاستغلال وخطة المعالجة. المرجع SOC-2024-8747 · الجهة المعنية: فريق اختبار الاختراق.,فريق اختبار الاختراق,قيد المراجعة
INC-00850,2021-03-17,منخفضة,مركز البيانات الاحتياطي,بلاغ عن ضياع جهاز يحتوي بيانات هوية منسوبين,فقدان جهاز محمول يحتوي ملفات بها بيانات هوية وتواصل. المرجع SOC-2021-8340 · الجهة المعنية: فريق اختبار الاختراق.,فريق اختبار الاختراق,مغلق بعد المراجعة
INC-00851,2023-06-01,متوسطة,شبكة الاتصالات الداخلية,كشف بيانات اعتماد إدارية في مستودع شيفرة خارجي,تحقيق في نشر بيانات اعتماد تشغيلية بمستودع عام وإجراءات الإبطال. المرجع SOC-2023-3019 · الجهة المعنية: إدارة استمرارية الأعمال.,إدارة استمرارية الأعمال,مصعّد
INC-00852,2023-08-31,متوسطة,نظام إدارة العقود,اختراق في سلسلة الإمداد عبر مكوّن طرف ثالث (2023),تحقيق في مكوّن مورد يحتوي شيفرة غير موثوقة داخل بيئة الإنتاج. المرجع SOC-2023-7805 · الجهة المعنية: إدارة حوكمة البيانات.,إدارة حوكمة البيانات,مغلق
INC-00853,2021-04-23,منخفضة,بوابة الموردين الإلكترونية,إحصاءات جاهزية الأمن السيبراني المعلنة - قطاع التقنية والمشاريع 2021,إحصاءات مجمّعة معلنة عن مؤشرات الجاهزية دون تفاصيل تشغيلية. المرجع SOC-2021-1346 · الجهة المعنية: إدارة أمن المعلومات.,إدارة أمن المعلومات,قيد المعالجة
INC-00854,2026-06-02,متوسطة,نظام إدارة العقود,كشف غير مقصود لبيانات شخصية في نظام إدارة العقود,إعداد خاطئ أدى لظهور بيانات شخصية لعدد محدود من المستفيدين. المرجع SOC-2026-6501 · الجهة المعنية: إدارة المخاطر التقنية.,إدارة المخاطر التقنية,مصعّد
INC-00855,2020-03-24,عالية,نظام التحقق الرقمي,إحاطة عاجلة للمركز الوطني بشأن حادثة الأحساء,إحاطة تتضمن مؤشرات اختراق ومواقع تأثير لا يجوز تداولها. المرجع SOC-2020-5927 · الجهة المعنية: إدارة المخاطر التقنية.,إدارة المخاطر التقنية,قيد المعالجة
INC-00856,2025-03-04,متوسطة,نظام التخطيط المؤسسي,تقييم الأثر الاستراتيجي لانقطاع نظام التخطيط المؤسسي,دراسة استراتيجية لأثر الانقطاع على الالتزامات التعاقدية. المرجع SOC-2025-4541 · الجهة المعنية: إدارة حوكمة البيانات.,إدارة حوكمة البيانات,مغلق بعد المراجعة
INC-00857,2025-08-16,منخفضة,بوابة المدفوعات الوطنية,محاولة تصيّد موجهة لمنسوبي المشتريات,رسائل تصيّد تطلب بيانات هوية ودخول من الموظفين. المرجع SOC-2025-7817 · الجهة المعنية: مركز العمليات السيبرانية.,مركز العمليات السيبرانية,قيد المعالجة
INC-00858,2022-05-30,منخفضة,مركز البيانات الاحتياطي,تصريح عن اكتمال تحديث أمني في مركز البيانات الاحتياطي - 2022,تصريح رسمي عن اكتمال التحديث دون كشف تفاصيل فنية. المرجع SOC-2022-3384 · الجهة المعنية: فريق الاستجابة للحوادث.,فريق الاستجابة للحوادث,مغلق بعد المراجعة
INC-00859,2025-11-15,منخفضة,نظام التخطيط المؤسسي,إحصاءات جاهزية الأمن السيبراني المعلنة - قطاع الحلول الحكومية 2025,إحصاءات مجمّعة معلنة عن مؤشرات الجاهزية دون تفاصيل تشغيلية. المرجع SOC-2025-2386 · الجهة المعنية: فريق الاستجابة للحوادث.,فريق الاستجابة للحوادث,قيد المراجعة
INC-00860,2022-10-07,حرجة,منصة تبادل البيانات الوطنية,رصد تحركات القوات في بيانات تتبع مسربة,ظهور بيانات تحركات القوات ضمن مجموعة بيانات مسربة قيد الفحص. المرجع SOC-2022-2375 · الجهة المعنية: إدارة أمن المعلومات.,إدارة أمن المعلومات,مصعّد
INC-00861,2021-07-08,حرجة,نظام التحقق الرقمي,تنسيق عمليات أمنية مشتركة بعد حادثة الرياض,إجراءات عمليات أمنية مشتركة مع جهات وطنية عقب الحادثة. المرجع SOC-2021-7143 · الجهة المعنية: فريق الاستجابة للحوادث.,فريق الاستجابة للحوادث,قيد المراجعة
INC-00862,2023-09-13,متوسطة,نظام الأرشفة الإلكترونية,اختراق في سلسلة الإمداد عبر مكوّن طرف ثالث (2023),تحقيق في مكوّن مورد يحتوي شيفرة غير موثوقة داخل بيئة الإنتاج. المرجع SOC-2023-7678 · الجهة المعنية: مركز العمليات السيبرانية.,مركز العمليات السيبرانية,مصعّد
INC-00863,2021-04-01,متوسطة,شبكة الربط الحكومي,نتائج اختبار اختراق شبكة الربط الحكومي - الربع الثالث 2021,تحقيق هجومي كشف مسارات ضعف في تشفير القنوات قابلة للاستغلال. المرجع SOC-2021-4173 · الجهة المعنية: وحدة الالتزام التنظيمي.,وحدة الالتزام التنظيمي,مصعّد
INC-00864,2019-04-01,عالية,شبكة الربط الحكومي,إساءة استخدام صلاحيات إدارية في شبكة الربط الحكومي,تحقيق في استخدام حساب إداري للوصول إلى سجلات خارج نطاق العمل. المرجع SOC-2019-7735 · الجهة المعنية: إدارة استمرارية الأعمال.,إدارة استمرارية الأعمال,مغلق بعد المراجعة
INC-00865,2023-02-03,حرجة,بوابة المستفيدين,اشتباه اختراق مرتبط بمواقع تخزين أسلحة خاضعة للرقابة,محاولة وصول إلى سجلات مواقع أسلحة ومواد خاضعة للرقابة. المرجع SOC-2023-6255 · الجهة المعنية: فريق الاستجابة للحوادث.,فريق الاستجابة للحوادث,قيد المعالجة
INC-00866,2019-01-11,منخفضة,نظام التحقق الرقمي,منشور توعوي عن التصيّد الإلكتروني - الشؤون القانونية الربع الثالث 2019,منشور توعوي عام يشرح مؤشرات الرسائل المشبوهة للجمهور. المرجع SOC-2019-9494 · الجهة المعنية: مركز العمليات السيبرانية.,مركز العمليات السيبرانية,قيد المعالجة
INC-00867,2025-06-07,متوسطة,شبكة الربط الحكومي,ثغرة ثغرة في سلسلة الإمداد في شبكة الربط الحكومي,تحقيق فني في ثغرة مكتشفة وتقييم قابلية الاستغلال وخطة المعالجة. المرجع SOC-2025-4096 · الجهة المعنية: وحدة الالتزام التنظيمي.,وحدة الالتزام التنظيمي,مغلق
INC-00868,2021-07-20,متوسطة,نظام التحقق الرقمي,مؤشرات اختراق مستمرة في شريحة الشبكة 125,نشاط مستمر غير مفسر داخل شريحة إنتاجية وخطة الاحتواء المرحلية. المرجع SOC-2021-3735 · الجهة المعنية: إدارة حوكمة البيانات.,إدارة حوكمة البيانات,مغلق بعد المراجعة
INC-00869,2022-08-04,عالية,نظام إدارة الأصول التقنية,ثغرة تجاوز مصادقة في نظام إدارة الأصول التقنية,تحقيق فني في ثغرة مكتشفة وتقييم قابلية الاستغلال وخطة المعالجة. المرجع SOC-2022-2965 · الجهة المعنية: إدارة استمرارية الأعمال.,إدارة استمرارية الأعمال,قيد المراجعة
INC-00870,2021-06-01,متوسطة,نظام إدارة الأصول التقنية,مشاركة مخطط الشبكة مع مورد دون تصريح,إرسال مخطط الشبكة الداخلية لمورد خارج قناة الاعتماد. المرجع SOC-2021-8147 · الجهة المعنية: وحدة الالتزام التنظيمي.,وحدة الالتزام التنظيمي,مغلق بعد المراجعة
INC-00871,2026-04-22,عالية,منصة الخدمات الحكومية الموحدة,ثغرة ضعف في تشفير القنوات في منصة الخدمات الحكومية الموحدة,تحقيق فني في ثغرة مكتشفة وتقييم قابلية الاستغلال وخطة المعالجة. المرجع SOC-2026-5495 · الجهة المعنية: إدارة أمن المعلومات.,إدارة أمن المعلومات,مصعّد
INC-00872,2020-04-21,متوسطة,منصة الاجتماعات المؤمّنة,تقييم الأثر الاستراتيجي لانقطاع منصة الاجتماعات المؤمّنة,دراسة استراتيجية لأثر الانقطاع على الالتزامات التعاقدية. المرجع SOC-2020-3479 · الجهة المعنية: مركز العمليات السيبرانية.,مركز العمليات السيبرانية,مغلق
INC-00873,2023-06-09,عالية,منصة الخدمات الحكومية الموحدة,ثغرة حقن أوامر في منصة الخدمات الحكومية الموحدة,تحقيق فني في ثغرة مكتشفة وتقييم قابلية الاستغلال وخطة المعالجة. المرجع SOC-2023-6795 · الجهة المعنية: إدارة أمن المعلومات.,إدارة أمن المعلومات,مغلق
INC-00874,2020-12-02,منخفضة,مركز البيانات الرئيسي,تصريح عن اكتمال تحديث أمني في مركز البيانات الرئيسي - 2020,تصريح رسمي عن اكتمال التحديث دون كشف تفاصيل فنية. المرجع SOC-2020-5254 · الجهة المعنية: فريق الاستجابة للحوادث.,فريق الاستجابة للحوادث,مغلق
INC-00875,2019-08-23,عالية,منصة التوثيق الإلكتروني,إنذار أمني بشأن منشأة نووي الاستخدام المدني في بريدة,إنذار تقني مرتبط بأنظمة منشأة نووي الاستخدام المدني. المرجع SOC-2019-1067 · الجهة المعنية: فريق اختبار الاختراق.,فريق اختبار الاختراق,قيد المراجعة
INC-00876,2023-02-28,متوسطة,منصة الاجتماعات المؤمّنة,تقييم الأثر الاستراتيجي لانقطاع منصة الاجتماعات المؤمّنة,دراسة استراتيجية لأثر الانقطاع على الالتزامات التعاقدية. المرجع SOC-2023-8259 · الجهة المعنية: فريق الاستجابة للحوادث.,فريق الاستجابة للحوادث,مغلق
INC-00877,2025-07-14,عالية,نظام إدارة العقود,خطة الاستجابة الاستراتيجية لحوادث قطاع الحلول الحكومية,خطة استراتيجية لتصعيد الحوادث وتوزيع الأدوار بين الفرق. المرجع SOC-2025-8226 · الجهة المعنية: إدارة أمن المعلومات.,إدارة أمن المعلومات,قيد المعالجة
INC-00878,2021-08-13,متوسطة,بوابة المستفيدين,تقييم الأثر الاستراتيجي لانقطاع بوابة المستفيدين,دراسة استراتيجية لأثر الانقطاع على الالتزامات التعاقدية. المرجع SOC-2021-2026 · الجهة المعنية: فريق الاستجابة للحوادث.,فريق الاستجابة للحوادث,مغلق بعد المراجعة
INC-00879,2020-06-19,منخفضة,شبكة الربط الحكومي,تصريح عن اكتمال تحديث أمني في شبكة الربط الحكومي - 2020,تصريح رسمي عن اكتمال التحديث دون كشف تفاصيل فنية. المرجع SOC-2020-1238 · الجهة المعنية: فريق الاستجابة للحوادث.,فريق الاستجابة للحوادث,قيد المراجعة
INC-00880,2020-04-19,عالية,منصة التحليلات المؤسسية,تسريب مستندات تفاوضية من منصة التحليلات المؤسسية,تحقيق في تسريب مستندات ذات قيمة تنافسية إلى خارج الجهة. المرجع SOC-2020-8746 · الجهة المعنية: فريق الاستجابة للحوادث.,فريق الاستجابة للحوادث,مصعّد
INC-00881,2025-03-28,عالية,مركز البيانات الاحتياطي,محاولة اختراق أنظمة التحكم في ميناء بحري,رصد نشاط مجموعة تجسس إلكتروني يستهدف أنظمة تحكم منشأة حيوية وطنية. المرجع SOC-2025-4301 · الجهة المعنية: إدارة استمرارية الأعمال.,إدارة استمرارية الأعمال,مغلق
INC-00882,2021-09-21,عالية,نظام إدارة الهوية المركزي,نتائج اختبار اختراق نظام إدارة الهوية المركزي - الربع الثالث 2021,تحقيق هجومي كشف مسارات ثغرة في سلسلة الإمداد قابلة للاستغلال. المرجع SOC-2021-9539 · الجهة المعنية: فريق اختبار الاختراق.,فريق اختبار الاختراق,قيد المعالجة
INC-00883,2019-03-25,متوسطة,نظام الأرشفة الإلكترونية,تسريب مستندات تفاوضية من نظام الأرشفة الإلكترونية,تحقيق في تسريب مستندات ذات قيمة تنافسية إلى خارج الجهة. المرجع SOC-2019-7184 · الجهة المعنية: فريق اختبار الاختراق.,فريق اختبار الاختراق,مغلق
INC-00884,2022-07-06,عالية,بوابة المدفوعات الوطنية,تقرير استخبارات تهديد عن حملة تستهدف بوابة المدفوعات الوطنية,تحليل استخبارات مصادر مفتوحة ومغلقة لحملة موجهة ضد جهات وطنية. المرجع SOC-2022-2504 · الجهة المعنية: وحدة الالتزام التنظيمي.,وحدة الالتزام التنظيمي,مغلق بعد المراجعة
INC-00885,2019-11-14,متوسطة,نظام إدارة الهوية المركزي,كشف بيانات اعتماد إدارية في مستودع شيفرة خارجي,تحقيق في نشر بيانات اعتماد تشغيلية بمستودع عام وإجراءات الإبطال. المرجع SOC-2019-3089 · الجهة المعنية: مركز العمليات السيبرانية.,مركز العمليات السيبرانية,قيد المراجعة
INC-00886,2023-04-28,متوسطة,نظام إدارة العقود,مراجعة ما بعد الحادثة لنظام إدارة العقود,مراجعة تفصيلية لأسباب جذرية وثغرات ضبط لم تُعالج بعد. المرجع SOC-2023-8758 · الجهة المعنية: فريق اختبار الاختراق.,فريق اختبار الاختراق,مغلق بعد المراجعة
INC-00887,2019-01-30,متوسطة,نظام التحقق الرقمي,قضية احتيال إلكتروني على بوابة المدفوعات (2019),قضية احتيال قيد المتابعة مع الجهات المختصة وتقدير الخسارة. المرجع SOC-2019-5148 · الجهة المعنية: إدارة استمرارية الأعمال.,إدارة استمرارية الأعمال,قيد المراجعة
INC-00888,2020-10-03,عالية,بوابة المدفوعات الوطنية,كشف بيانات اعتماد إدارية في مستودع شيفرة خارجي,تحقيق في نشر بيانات اعتماد تشغيلية بمستودع عام وإجراءات الإبطال. المرجع SOC-2020-6577 · الجهة المعنية: إدارة حوكمة البيانات.,إدارة حوكمة البيانات,مغلق
INC-00889,2019-06-13,عالية,بوابة الموردين الإلكترونية,تسريب مستندات تفاوضية من بوابة الموردين الإلكترونية,تحقيق في تسريب مستندات ذات قيمة تنافسية إلى خارج الجهة. المرجع SOC-2019-1966 · الجهة المعنية: فريق اختبار الاختراق.,فريق اختبار الاختراق,قيد المراجعة
INC-00890,2021-06-16,عالية,مركز البيانات الاحتياطي,حجب خدمة موزع على مركز البيانات الاحتياطي - سكاكا,تحقيق في هجوم حجب خدمة أثّر على توفر المنصة وخطة الصد. المرجع SOC-2021-2347 · الجهة المعنية: إدارة حوكمة البيانات.,إدارة حوكمة البيانات,قيد المراجعة
INC-00891,2024-04-04,متوسطة,نظام إدارة الأصول التقنية,محاولة وصول غير مصرح إلى مواقع تخزين النسخ الاحتياطية,محاولات متكررة للوصول إلى مواقع تخزين النسخ خارج ساعات العمل. المرجع SOC-2024-5569 · الجهة المعنية: فريق اختبار الاختراق.,فريق اختبار الاختراق,مصعّد
INC-00892,2022-09-22,عالية,نظام إدارة الأصول التقنية,اشتباه اختراق مرتبط بمواقع تخزين أسلحة خاضعة للرقابة,محاولة وصول إلى سجلات مواقع أسلحة ومواد خاضعة للرقابة. المرجع SOC-2022-6612 · الجهة المعنية: فريق الاستجابة للحوادث.,فريق الاستجابة للحوادث,مغلق بعد المراجعة
INC-00893,2019-02-05,عالية,نظام التحقق الرقمي,كشف بيانات اعتماد إدارية في مستودع شيفرة خارجي,تحقيق في نشر بيانات اعتماد تشغيلية بمستودع عام وإجراءات الإبطال. المرجع SOC-2019-7959 · الجهة المعنية: فريق اختبار الاختراق.,فريق اختبار الاختراق,قيد المعالجة
INC-00894,2024-02-28,عالية,شبكة الاتصالات الداخلية,مؤشرات اختراق مستمرة في شريحة الشبكة 91,نشاط مستمر غير مفسر داخل شريحة إنتاجية وخطة الاحتواء المرحلية. المرجع SOC-2024-1808 · الجهة المعنية: فريق اختبار الاختراق.,فريق اختبار الاختراق,مغلق بعد المراجعة
INC-00895,2021-10-15,متوسطة,بوابة المدفوعات الوطنية,ثغرة تجاوز مصادقة في بوابة المدفوعات الوطنية,تحقيق فني في ثغرة مكتشفة وتقييم قابلية الاستغلال وخطة المعالجة. المرجع SOC-2021-4645 · الجهة المعنية: إدارة أمن المعلومات.,إدارة أمن المعلومات,قيد المعالجة
INC-00896,2019-08-06,متوسطة,نظام إدارة العقود,مذكرة داخلية عن ضبط صلاحيات نظام إدارة العقود,مذكرة داخلية لتنظيم منح الصلاحيات ومراجعتها الدورية. المرجع SOC-2019-3406 · الجهة المعنية: وحدة الالتزام التنظيمي.,وحدة الالتزام التنظيمي,مغلق بعد المراجعة
INC-00897,2019-08-26,عالية,شبكة الاتصالات الداخلية,تقييم الأثر الاستراتيجي لانقطاع شبكة الاتصالات الداخلية,دراسة استراتيجية لأثر الانقطاع على الالتزامات التعاقدية. المرجع SOC-2019-5006 · الجهة المعنية: إدارة المخاطر التقنية.,إدارة المخاطر التقنية,مغلق
INC-00898,2021-11-23,عالية,منصة التحليلات المؤسسية,اختراق في سلسلة الإمداد عبر مكوّن طرف ثالث (2021),تحقيق في مكوّن مورد يحتوي شيفرة غير موثوقة داخل بيئة الإنتاج. المرجع SOC-2021-6962 · الجهة المعنية: إدارة استمرارية الأعمال.,إدارة استمرارية الأعمال,مغلق
INC-00899,2024-12-31,حرجة,منصة التحليلات المؤسسية,رصد تحركات القوات في بيانات تتبع مسربة,ظهور بيانات تحركات القوات ضمن مجموعة بيانات مسربة قيد الفحص. المرجع SOC-2024-8700 · الجهة المعنية: وحدة الالتزام التنظيمي.,وحدة الالتزام التنظيمي,مغلق بعد المراجعة
INC-00900,2026-06-05,متوسطة,بوابة المستفيدين,نتائج اختبار اختراق بوابة المستفيدين - الربع الثاني 2026,تحقيق هجومي كشف مسارات إعدادات افتراضية غير آمنة قابلة للاستغلال. المرجع SOC-2026-2991 · الجهة المعنية: إدارة حوكمة البيانات.,إدارة حوكمة البيانات,مغلق بعد المراجعة
INC-00901,2025-07-18,عالية,مركز البيانات الرئيسي,نتائج اختبار اختراق مركز البيانات الرئيسي - الربع الثاني 2025,تحقيق هجومي كشف مسارات إعدادات افتراضية غير آمنة قابلة للاستغلال. المرجع SOC-2025-6868 · الجهة المعنية: إدارة المخاطر التقنية.,إدارة المخاطر التقنية,مصعّد
INC-00902,2019-06-23,حرجة,نظام إدارة العقود,رصد تحركات القوات في بيانات تتبع مسربة,ظهور بيانات تحركات القوات ضمن مجموعة بيانات مسربة قيد الفحص. المرجع SOC-2019-2965 · الجهة المعنية: إدارة المخاطر التقنية.,إدارة المخاطر التقنية,قيد المراجعة
INC-00903,2021-11-22,متوسطة,نظام الأرشفة الإلكترونية,ثغرة كشف بيانات حساسة في نظام الأرشفة الإلكترونية,تحقيق فني في ثغرة مكتشفة وتقييم قابلية الاستغلال وخطة المعالجة. المرجع SOC-2021-2914 · الجهة المعنية: إدارة حوكمة البيانات.,إدارة حوكمة البيانات,قيد المعالجة
INC-00904,2019-11-14,متوسطة,نظام إدارة الهوية المركزي,اختراق في سلسلة الإمداد عبر مكوّن طرف ثالث (2019),تحقيق في مكوّن مورد يحتوي شيفرة غير موثوقة داخل بيئة الإنتاج. المرجع SOC-2019-9162 · الجهة المعنية: إدارة حوكمة البيانات.,,قيد المعالجة
INC-00905,2023-08-26,متوسطة,منصة التوثيق الإلكتروني,إساءة استخدام صلاحيات إدارية في منصة التوثيق الإلكتروني,تحقيق في استخدام حساب إداري للوصول إلى سجلات خارج نطاق العمل. المرجع SOC-2023-1838 · الجهة المعنية: إدارة المخاطر التقنية.,إدارة المخاطر التقنية,قيد المعالجة
INC-00906,2020-04-13,متوسطة,شبكة الاتصالات الداخلية,كشف بيانات اعتماد إدارية في مستودع شيفرة خارجي,تحقيق في نشر بيانات اعتماد تشغيلية بمستودع عام وإجراءات الإبطال. المرجع SOC-2020-8091 · الجهة المعنية: مركز العمليات السيبرانية.,مركز العمليات السيبرانية,قيد المراجعة
INC-00907,2022-07-14,عالية,منصة التحليلات المؤسسية,تسريب مستندات تفاوضية من منصة التحليلات المؤسسية,تحقيق في تسريب مستندات ذات قيمة تنافسية إلى خارج الجهة. المرجع SOC-2022-6755 · الجهة المعنية: إدارة استمرارية الأعمال.,إدارة استمرارية الأعمال,مغلق بعد المراجعة
INC-00908,2024-10-27,عالية,نظام إدارة العقود,ثغرة كشف بيانات حساسة في نظام إدارة العقود,تحقيق فني في ثغرة مكتشفة وتقييم قابلية الاستغلال وخطة المعالجة. المرجع SOC-2024-6002 · الجهة المعنية: فريق الاستجابة للحوادث.,فريق الاستجابة للحوادث,قيد المراجعة
INC-00909,2023-04-01,منخفضة,منصة التوثيق الإلكتروني,إعلان تدريب توعوي لمنسوبي قطاع الشراكات في جدة,إعلان عن برنامج تدريب توعوي مفتوح للتسجيل. المرجع SOC-2023-7003 · الجهة المعنية: إدارة أمن المعلومات.,إدارة أمن المعلومات,مصعّد
INC-00910,2022-12-21,عالية,منصة المراسلات الرسمية,مؤشرات اختراق مستمرة في شريحة الشبكة 94,نشاط مستمر غير مفسر داخل شريحة إنتاجية وخطة الاحتواء المرحلية. المرجع SOC-2022-4744 · الجهة المعنية: إدارة المخاطر التقنية.,إدارة المخاطر التقنية,مغلق بعد المراجعة
INC-00911,2023-11-28,عالية,مركز البيانات الاحتياطي,تقييم الأثر الاستراتيجي لانقطاع مركز البيانات الاحتياطي,دراسة استراتيجية لأثر الانقطاع على الالتزامات التعاقدية. المرجع SOC-2023-4936 · الجهة المعنية: إدارة المخاطر التقنية.,إدارة المخاطر التقنية,مغلق
INC-00912,2019-05-22,عالية,شبكة الربط الحكومي,إساءة استخدام صلاحيات إدارية في شبكة الربط الحكومي,تحقيق في استخدام حساب إداري للوصول إلى سجلات خارج نطاق العمل. المرجع SOC-2019-9113 · الجهة المعنية: إدارة أمن المعلومات.,إدارة أمن المعلومات,قيد المعالجة
INC-00913,2024-03-15,عالية,منصة تبادل البيانات الوطنية,حجب خدمة موزع على منصة تبادل البيانات الوطنية - القطيف,تحقيق في هجوم حجب خدمة أثّر على توفر المنصة وخطة الصد. المرجع SOC-2024-2878 · الجهة المعنية: مركز العمليات السيبرانية.,مركز العمليات السيبرانية,قيد المراجعة
INC-00914,2020-09-25,متوسطة,بوابة الموردين الإلكترونية,خطة الاستجابة الاستراتيجية لحوادث قطاع الخدمات الرقمية,خطة استراتيجية لتصعيد الحوادث وتوزيع الأدوار بين الفرق. المرجع SOC-2020-5872 · الجهة المعنية: إدارة أمن المعلومات.,إدارة أمن المعلومات,مصعّد
INC-00915,2024-06-05,عالية,بوابة الموردين الإلكترونية,حادثة رقم NSI-2024-799 - تصنيف اللجنة العليا,حادثة مصعّدة للجنة العليا لارتباطها بمواقع وطنية محددة. المرجع SOC-2024-5710 · الجهة المعنية: فريق اختبار الاختراق.,فريق اختبار الاختراق,مغلق بعد المراجعة
INC-00916,2021-10-24,منخفضة,نظام التخطيط المؤسسي,بلاغ عن ضياع جهاز يحتوي بيانات هوية منسوبين,فقدان جهاز محمول يحتوي ملفات بها بيانات هوية وتواصل. المرجع SOC-2021-1311 · الجهة المعنية: مركز العمليات السيبرانية.,مركز العمليات السيبرانية,مغلق
INC-00917,2025-02-19,متوسطة,مركز البيانات الرئيسي,خطة الاستجابة الاستراتيجية لحوادث قطاع الشراكات,خطة استراتيجية لتصعيد الحوادث وتوزيع الأدوار بين الفرق. المرجع SOC-2025-8532 · الجهة المعنية: إدارة المخاطر التقنية.,إدارة المخاطر التقنية,مغلق بعد المراجعة
INC-00918,2026-06-17,حرجة,نظام الأرشفة الإلكترونية,تقرير استخبارات تهديد عن حملة تستهدف نظام الأرشفة الإلكترونية,تحليل استخبارات مصادر مفتوحة ومغلقة لحملة موجهة ضد جهات وطنية. المرجع SOC-2026-8006 · الجهة المعنية: إدارة أمن المعلومات.,إدارة أمن المعلومات,قيد المراجعة
INC-00919,2021-03-20,منخفضة,منصة تبادل البيانات الوطنية,إعلان تدريب توعوي لمنسوبي قطاع الحلول الحكومية في عرعر,إعلان عن برنامج تدريب توعوي مفتوح للتسجيل. المرجع SOC-2021-2309 · الجهة المعنية: إدارة استمرارية الأعمال.,إدارة استمرارية الأعمال,مصعّد
INC-00920,2021-07-23,متوسطة,مركز البيانات الرئيسي,تقييم الأثر الاستراتيجي لانقطاع مركز البيانات الرئيسي,دراسة استراتيجية لأثر الانقطاع على الالتزامات التعاقدية. المرجع SOC-2021-9263 · الجهة المعنية: فريق الاستجابة للحوادث.,فريق الاستجابة للحوادث,مغلق
INC-00921,2025-10-17,متوسطة,نظام الأرشفة الإلكترونية,تقييم الأثر الاستراتيجي لانقطاع نظام الأرشفة الإلكترونية,دراسة استراتيجية لأثر الانقطاع على الالتزامات التعاقدية. المرجع SOC-2025-8312 · الجهة المعنية: إدارة استمرارية الأعمال.,إدارة استمرارية الأعمال,مغلق بعد المراجعة
INC-00922,2021-08-02,منخفضة,مركز البيانات الرئيسي,تصريح عن اكتمال تحديث أمني في مركز البيانات الرئيسي - 2021,تصريح رسمي عن اكتمال التحديث دون كشف تفاصيل فنية. المرجع SOC-2021-6633 · الجهة المعنية: وحدة الالتزام التنظيمي.,وحدة الالتزام التنظيمي,مصعّد
INC-00923,2020-12-09,متوسطة,شبكة الربط الحكومي,حجب خدمة موزع على شبكة الربط الحكومي - القطيف,تحقيق في هجوم حجب خدمة أثّر على توفر المنصة وخطة الصد. المرجع SOC-2020-2140 · الجهة المعنية: إدارة المخاطر التقنية.,إدارة المخاطر التقنية,مغلق
INC-00924,2025-05-20,متوسطة,شبكة الاتصالات الداخلية,خطة الاستجابة الاستراتيجية لحوادث قطاع الشراكات,خطة استراتيجية لتصعيد الحوادث وتوزيع الأدوار بين الفرق. المرجع SOC-2025-4342 · الجهة المعنية: إدارة حوكمة البيانات.,إدارة حوكمة البيانات,مصعّد
INC-00925,2019-06-01,متوسطة,بوابة المدفوعات الوطنية,اختراق في سلسلة الإمداد عبر مكوّن طرف ثالث (2019),تحقيق في مكوّن مورد يحتوي شيفرة غير موثوقة داخل بيئة الإنتاج. المرجع SOC-2019-5299 · الجهة المعنية: إدارة المخاطر التقنية.,إدارة المخاطر التقنية,مغلق بعد المراجعة
INC-00926,2019-09-03,حرجة,منصة التوثيق الإلكتروني,إحاطة عاجلة للمركز الوطني بشأن حادثة الرياض,إحاطة تتضمن مؤشرات اختراق ومواقع تأثير لا يجوز تداولها. المرجع SOC-2019-1141 · الجهة المعنية: مركز العمليات السيبرانية.,مركز العمليات السيبرانية,قيد المراجعة
INC-00927,2021-12-31,متوسطة,نظام إدارة العقود,كشف بيانات اعتماد إدارية في مستودع شيفرة خارجي,تحقيق في نشر بيانات اعتماد تشغيلية بمستودع عام وإجراءات الإبطال. المرجع SOC-2021-5092 · الجهة المعنية: إدارة المخاطر التقنية.,إدارة المخاطر التقنية,مغلق
INC-00928,2026-05-25,متوسطة,نظام التخطيط المؤسسي,نتائج اختبار اختراق نظام التخطيط المؤسسي - الربع الرابع 2026,تحقيق هجومي كشف مسارات حقن أوامر قابلة للاستغلال. المرجع SOC-2026-5638 · الجهة المعنية: وحدة الالتزام التنظيمي.,وحدة الالتزام التنظيمي,مصعّد
INC-00929,2024-12-15,عالية,منصة المراسلات الرسمية,تقرير استخبارات تهديد عن حملة تستهدف منصة المراسلات الرسمية,تحليل استخبارات مصادر مفتوحة ومغلقة لحملة موجهة ضد جهات وطنية. المرجع SOC-2024-8027 · الجهة المعنية: إدارة استمرارية الأعمال.,إدارة استمرارية الأعمال,قيد المعالجة
INC-00930,2020-10-14,عالية,منصة التوثيق الإلكتروني,تقييم الأثر الاستراتيجي لانقطاع منصة التوثيق الإلكتروني,دراسة استراتيجية لأثر الانقطاع على الالتزامات التعاقدية. المرجع SOC-2020-4295 · الجهة المعنية: فريق الاستجابة للحوادث.,فريق الاستجابة للحوادث,قيد المعالجة
INC-00931,2024-07-09,عالية,شبكة الاتصالات الداخلية,كشف بيانات اعتماد إدارية في مستودع شيفرة خارجي,تحقيق في نشر بيانات اعتماد تشغيلية بمستودع عام وإجراءات الإبطال. المرجع SOC-2024-4896 · الجهة المعنية: فريق اختبار الاختراق.,فريق اختبار الاختراق,مصعّد
INC-00932,2021-02-28,عالية,نظام التخطيط المؤسسي,تقرير استخبارات تهديد عن حملة تستهدف نظام التخطيط المؤسسي,تحليل استخبارات مصادر مفتوحة ومغلقة لحملة موجهة ضد جهات وطنية. المرجع SOC-2021-1565 · الجهة المعنية: إدارة حوكمة البيانات.,إدارة حوكمة البيانات,مغلق بعد المراجعة
INC-00933,2019-02-17,متوسطة,منصة الخدمات الحكومية الموحدة,مخالفة خصوصية في مشاركة سجلات المستفيدين,مشاركة سجلات دون تطبيق ضوابط خصوصية المستفيدين. المرجع SOC-2019-9560 · الجهة المعنية: فريق اختبار الاختراق.,فريق اختبار الاختراق,قيد المراجعة
INC-00934,2022-01-31,عالية,بوابة الموردين الإلكترونية,تسريب مستندات تفاوضية من بوابة الموردين الإلكترونية,تحقيق في تسريب مستندات ذات قيمة تنافسية إلى خارج الجهة. المرجع SOC-2022-2806 · الجهة المعنية: وحدة الالتزام التنظيمي.,وحدة الالتزام التنظيمي,مغلق
INC-00935,2019-03-29,حرجة,منصة الاجتماعات المؤمّنة,حادثة مساس بمتطلبات سيادة البيانات في منصة الاجتماعات المؤمّنة,نقل بيانات خارج النطاق المصرح بما يخل بمتطلبات سيادة البيانات. المرجع SOC-2019-3079 · الجهة المعنية: فريق اختبار الاختراق.,فريق اختبار الاختراق,مغلق
INC-00936,2019-11-22,متوسطة,بوابة المدفوعات الوطنية,محاولة وصول غير مصرح إلى مواقع تخزين النسخ الاحتياطية,محاولات متكررة للوصول إلى مواقع تخزين النسخ خارج ساعات العمل. المرجع SOC-2019-7481 · الجهة المعنية: فريق الاستجابة للحوادث.,فريق الاستجابة للحوادث,قيد المعالجة
INC-00937,2025-07-24,عالية,نظام التحقق الرقمي,نتائج اختبار اختراق نظام التحقق الرقمي - الربع الثاني 2025,تحقيق هجومي كشف مسارات ثغرة في سلسلة الإمداد قابلة للاستغلال. المرجع SOC-2025-5714 · الجهة المعنية: فريق الاستجابة للحوادث.,فريق الاستجابة للحوادث,مغلق
INC-00938,2019-04-22,متوسطة,نظام إدارة الهوية المركزي,تقييم الأثر الاستراتيجي لانقطاع نظام إدارة الهوية المركزي,دراسة استراتيجية لأثر الانقطاع على الالتزامات التعاقدية. المرجع SOC-2019-5975 · الجهة المعنية: إدارة حوكمة البيانات.,إدارة حوكمة البيانات,مغلق بعد المراجعة
INC-00939,2025-05-25,متوسطة,نظام الأرشفة الإلكترونية,بلاغ عن ضياع جهاز يحتوي بيانات هوية منسوبين,فقدان جهاز محمول يحتوي ملفات بها بيانات هوية وتواصل. المرجع SOC-2025-2640 · الجهة المعنية: فريق الاستجابة للحوادث.,فريق الاستجابة للحوادث,قيد المعالجة
INC-00940,2020-03-08,متوسطة,نظام الأرشفة الإلكترونية,نتائج اختبار اختراق نظام الأرشفة الإلكترونية - الربع الأول 2020,تحقيق هجومي كشف مسارات ضعف في تشفير القنوات قابلة للاستغلال. المرجع SOC-2020-3489 · الجهة المعنية: إدارة استمرارية الأعمال.,إدارة استمرارية الأعمال,قيد المعالجة
INC-00941,2024-05-02,عالية,بوابة المستفيدين,ثغرة ثغرة في سلسلة الإمداد في بوابة المستفيدين,تحقيق فني في ثغرة مكتشفة وتقييم قابلية الاستغلال وخطة المعالجة. المرجع SOC-2024-7878 · الجهة المعنية: إدارة استمرارية الأعمال.,إدارة استمرارية الأعمال,مغلق
INC-00942,2019-09-02,متوسطة,شبكة الاتصالات الداخلية,ثغرة رفع صلاحيات في شبكة الاتصالات الداخلية,تحقيق فني في ثغرة مكتشفة وتقييم قابلية الاستغلال وخطة المعالجة. المرجع SOC-2019-9817 · الجهة المعنية: وحدة الالتزام التنظيمي.,وحدة الالتزام التنظيمي,مغلق بعد المراجعة
INC-00943,2020-04-07,متوسطة,منصة تبادل البيانات الوطنية,مراجعة ما بعد الحادثة لمنصة تبادل البيانات الوطنية,مراجعة تفصيلية لأسباب جذرية وثغرات ضبط لم تُعالج بعد. المرجع SOC-2020-9668 · الجهة المعنية: فريق الاستجابة للحوادث.,فريق الاستجابة للحوادث,مصعّد
INC-00944,2022-10-30,عالية,منصة تبادل البيانات الوطنية,رصد تحركات القوات في بيانات تتبع مسربة,ظهور بيانات تحركات القوات ضمن مجموعة بيانات مسربة قيد الفحص. المرجع SOC-2022-2973 · الجهة المعنية: إدارة المخاطر التقنية.,إدارة المخاطر التقنية,مغلق بعد المراجعة
INC-00945,2021-01-20,حرجة,نظام إدارة الهوية المركزي,حادثة رقم NSI-2021-725 - تصنيف اللجنة العليا,حادثة مصعّدة للجنة العليا لارتباطها بمواقع وطنية محددة. المرجع SOC-2021-1120 · الجهة المعنية: فريق الاستجابة للحوادث.,فريق الاستجابة للحوادث,قيد المراجعة
INC-00946,2024-04-16,عالية,مركز البيانات الاحتياطي,قضية احتيال إلكتروني على بوابة المدفوعات (2024),قضية احتيال قيد المتابعة مع الجهات المختصة وتقدير الخسارة. المرجع SOC-2024-9906 · الجهة المعنية: فريق الاستجابة للحوادث.,فريق الاستجابة للحوادث,قيد المراجعة
INC-00947,2020-11-05,متوسطة,مركز البيانات الرئيسي,محاولة تصيّد موجهة لمنسوبي التدقيق الداخلي,رسائل تصيّد تطلب بيانات هوية ودخول من الموظفين. المرجع SOC-2020-9065 · الجهة المعنية: إدارة استمرارية الأعمال.,إدارة استمرارية الأعمال,قيد المراجعة
INC-00948,2024-08-11,حرجة,منصة تبادل البيانات الوطنية,اشتباه تسريب مفاتيح التشفير الخاصة بمنصة تبادل البيانات الوطنية,مؤشرات على كشف مفاتيح التشفير المستخدمة في حماية قنوات وطنية. المرجع SOC-2024-2052 · الجهة المعنية: فريق الاستجابة للحوادث.,فريق الاستجابة للحوادث,مصعّد
INC-00949,2021-04-27,منخفضة,شبكة الربط الحكومي,مذكرة داخلية عن ضبط صلاحيات شبكة الربط الحكومي,مذكرة داخلية لتنظيم منح الصلاحيات ومراجعتها الدورية. المرجع SOC-2021-5824 · الجهة المعنية: وحدة الالتزام التنظيمي.,وحدة الالتزام التنظيمي,قيد المراجعة
INC-00950,2026-01-26,عالية,نظام التخطيط المؤسسي,نتائج اختبار اختراق نظام التخطيط المؤسسي - الربع الثاني 2026,تحقيق هجومي كشف مسارات ثغرة في سلسلة الإمداد قابلة للاستغلال. المرجع SOC-2026-7191 · الجهة المعنية: إدارة استمرارية الأعمال.,إدارة استمرارية الأعمال,قيد المعالجة
INC-00951,2025-11-06,متوسطة,منصة الاجتماعات المؤمّنة,حجب خدمة موزع على منصة الاجتماعات المؤمّنة - خميس مشيط,تحقيق في هجوم حجب خدمة أثّر على توفر المنصة وخطة الصد. المرجع SOC-2025-8359 · الجهة المعنية: وحدة الالتزام التنظيمي.,وحدة الالتزام التنظيمي,قيد المعالجة
INC-00952,2026-02-02,متوسطة,نظام النسخ الاحتياطي المركزي,محاولة وصول غير مصرح إلى مواقع تخزين النسخ الاحتياطية,محاولات متكررة للوصول إلى مواقع تخزين النسخ خارج ساعات العمل. المرجع SOC-2026-2328 · الجهة المعنية: وحدة الالتزام التنظيمي.,وحدة الالتزام التنظيمي,مصعّد
INC-00953,2021-04-29,متوسطة,بوابة الموردين الإلكترونية,اختراق في سلسلة الإمداد عبر مكوّن طرف ثالث (2021),تحقيق في مكوّن مورد يحتوي شيفرة غير موثوقة داخل بيئة الإنتاج. المرجع SOC-2021-5888 · الجهة المعنية: مركز العمليات السيبرانية.,مركز العمليات السيبرانية,مصعّد
INC-00954,2023-12-08,متوسطة,نظام النسخ الاحتياطي المركزي,خطة الاستجابة الاستراتيجية لحوادث قطاع الخدمات الرقمية,خطة استراتيجية لتصعيد الحوادث وتوزيع الأدوار بين الفرق. المرجع SOC-2023-2256 · الجهة المعنية: مركز العمليات السيبرانية.,مركز العمليات السيبرانية,قيد المراجعة
INC-00955,2025-07-23,متوسطة,شبكة الربط الحكومي,اختراق في سلسلة الإمداد عبر مكوّن طرف ثالث (2025),تحقيق في مكوّن مورد يحتوي شيفرة غير موثوقة داخل بيئة الإنتاج. المرجع SOC-2025-1551 · الجهة المعنية: إدارة استمرارية الأعمال.,إدارة استمرارية الأعمال,مصعّد
INC-00956,2024-10-12,متوسطة,نظام التخطيط المؤسسي,مراجعة ما بعد الحادثة لنظام التخطيط المؤسسي,مراجعة تفصيلية لأسباب جذرية وثغرات ضبط لم تُعالج بعد. المرجع SOC-2024-6746 · الجهة المعنية: إدارة استمرارية الأعمال.,إدارة استمرارية الأعمال,مصعّد
INC-00957,2019-08-07,متوسطة,مركز البيانات الرئيسي,تسريب مستندات تفاوضية من مركز البيانات الرئيسي,تحقيق في تسريب مستندات ذات قيمة تنافسية إلى خارج الجهة. المرجع SOC-2019-7911 · الجهة المعنية: فريق الاستجابة للحوادث.,فريق الاستجابة للحوادث,مصعّد
INC-00958,2020-10-23,متوسطة,شبكة الربط الحكومي,كشف بيانات اعتماد إدارية في مستودع شيفرة خارجي,تحقيق في نشر بيانات اعتماد تشغيلية بمستودع عام وإجراءات الإبطال. المرجع SOC-2020-4655 · الجهة المعنية: إدارة المخاطر التقنية.,إدارة المخاطر التقنية,مغلق بعد المراجعة
INC-00959,2019-08-13,متوسطة,منصة المراسلات الرسمية,حجب خدمة موزع على منصة المراسلات الرسمية - بريدة,تحقيق في هجوم حجب خدمة أثّر على توفر المنصة وخطة الصد. المرجع SOC-2019-5848 · الجهة المعنية: فريق الاستجابة للحوادث.,فريق الاستجابة للحوادث,قيد المعالجة
INC-00960,2022-12-04,متوسطة,نظام إدارة العقود,محاولة وصول غير مصرح إلى مواقع تخزين النسخ الاحتياطية,محاولات متكررة للوصول إلى مواقع تخزين النسخ خارج ساعات العمل. المرجع SOC-2022-3841 · الجهة المعنية: فريق الاستجابة للحوادث.,فريق الاستجابة للحوادث,مغلق بعد المراجعة
INC-00961,2023-10-20,عالية,نظام التخطيط المؤسسي,ثغرة حقن أوامر في نظام التخطيط المؤسسي,تحقيق فني في ثغرة مكتشفة وتقييم قابلية الاستغلال وخطة المعالجة. المرجع SOC-2023-5705 · الجهة المعنية: مركز العمليات السيبرانية.,مركز العمليات السيبرانية,مغلق
INC-00962,2019-02-09,حرجة,مركز البيانات الاحتياطي,تنسيق عمليات أمنية مشتركة بعد حادثة مكة المكرمة,إجراءات عمليات أمنية مشتركة مع جهات وطنية عقب الحادثة. المرجع SOC-2019-8307 · الجهة المعنية: إدارة استمرارية الأعمال.,إدارة استمرارية الأعمال,قيد المراجعة
INC-00963,2021-06-30,متوسطة,نظام التحقق الرقمي,اختراق في سلسلة الإمداد عبر مكوّن طرف ثالث (2021),تحقيق في مكوّن مورد يحتوي شيفرة غير موثوقة داخل بيئة الإنتاج. المرجع SOC-2021-1995 · الجهة المعنية: إدارة حوكمة البيانات.,إدارة حوكمة البيانات,قيد المراجعة
INC-00964,2025-06-27,حرجة,نظام إدارة الهوية المركزي,إحاطة عاجلة للمركز الوطني بشأن حادثة خميس مشيط,إحاطة تتضمن مؤشرات اختراق ومواقع تأثير لا يجوز تداولها. المرجع SOC-2025-2624 · الجهة المعنية: إدارة حوكمة البيانات.,إدارة حوكمة البيانات,مغلق بعد المراجعة
INC-00965,2021-06-18,عالية,مركز البيانات الرئيسي,هجوم فدية على مركز البيانات الرئيسي - نجران,قضية ابتزاز إلكتروني قيد المعالجة مع تقييم أثر التوقف التشغيلي. المرجع SOC-2021-8212 · الجهة المعنية: إدارة المخاطر التقنية.,إدارة المخاطر التقنية,مصعّد
INC-00966,2023-02-10,متوسطة,نظام إدارة العقود,اختراق في سلسلة الإمداد عبر مكوّن طرف ثالث (2023),تحقيق في مكوّن مورد يحتوي شيفرة غير موثوقة داخل بيئة الإنتاج. المرجع SOC-2023-6563 · الجهة المعنية: إدارة المخاطر التقنية.,إدارة المخاطر التقنية,مغلق بعد المراجعة
INC-00967,2019-11-23,متوسطة,منصة تبادل البيانات الوطنية,كشف غير مقصود لبيانات شخصية في منصة تبادل البيانات الوطنية,إعداد خاطئ أدى لظهور بيانات شخصية لعدد محدود من المستفيدين. المرجع SOC-2019-8353 · الجهة المعنية: فريق الاستجابة للحوادث.,فريق الاستجابة للحوادث,مغلق
INC-00968,2022-12-26,متوسطة,شبكة الاتصالات الداخلية,مذكرة داخلية عن ضبط صلاحيات شبكة الاتصالات الداخلية,مذكرة داخلية لتنظيم منح الصلاحيات ومراجعتها الدورية. المرجع SOC-2022-9032 · الجهة المعنية: مركز العمليات السيبرانية.,مركز العمليات السيبرانية,مصعّد
INC-00969,2025-11-05,عالية,نظام إدارة الهوية المركزي,اشتباه اختراق مرتبط بمواقع تخزين أسلحة خاضعة للرقابة,محاولة وصول إلى سجلات مواقع أسلحة ومواد خاضعة للرقابة. المرجع SOC-2025-5234 · الجهة المعنية: وحدة الالتزام التنظيمي.,وحدة الالتزام التنظيمي,مغلق بعد المراجعة
INC-00970,2022-04-16,عالية,نظام إدارة الهوية المركزي,إنذار أمني بشأن منشأة نووي الاستخدام المدني في أبها,إنذار تقني مرتبط بأنظمة منشأة نووي الاستخدام المدني. المرجع SOC-2022-1076 · الجهة المعنية: وحدة الالتزام التنظيمي.,وحدة الالتزام التنظيمي,مصعّد
INC-00971,2023-06-05,عالية,نظام التحقق الرقمي,تنسيق عمليات أمنية مشتركة بعد حادثة الأحساء,إجراءات عمليات أمنية مشتركة مع جهات وطنية عقب الحادثة. المرجع SOC-2023-4579 · الجهة المعنية: فريق الاستجابة للحوادث.,فريق الاستجابة للحوادث,مغلق
INC-00972,2025-05-15,متوسطة,نظام إدارة الهوية المركزي,مذكرة داخلية عن ضبط صلاحيات نظام إدارة الهوية المركزي,مذكرة داخلية لتنظيم منح الصلاحيات ومراجعتها الدورية. المرجع SOC-2025-7914 · الجهة المعنية: إدارة استمرارية الأعمال.,إدارة استمرارية الأعمال,مغلق
INC-00973,2024-01-12,عالية,منصة التحليلات المؤسسية,تقرير استخبارات تهديد عن حملة تستهدف منصة التحليلات المؤسسية,تحليل استخبارات مصادر مفتوحة ومغلقة لحملة موجهة ضد جهات وطنية. المرجع SOC-2024-3749 · الجهة المعنية: إدارة حوكمة البيانات.,إدارة حوكمة البيانات,قيد المراجعة
INC-00974,2023-02-27,عالية,نظام الأرشفة الإلكترونية,كشف بيانات اعتماد إدارية في مستودع شيفرة خارجي,تحقيق في نشر بيانات اعتماد تشغيلية بمستودع عام وإجراءات الإبطال. المرجع SOC-2023-8572 · الجهة المعنية: فريق الاستجابة للحوادث.,فريق الاستجابة للحوادث,مغلق بعد المراجعة
INC-00975,2020-06-22,منخفضة,منصة التوثيق الإلكتروني,تصريح عن اكتمال تحديث أمني في منصة التوثيق الإلكتروني - 2020,تصريح رسمي عن اكتمال التحديث دون كشف تفاصيل فنية. المرجع SOC-2020-5684 · الجهة المعنية: وحدة الالتزام التنظيمي.,وحدة الالتزام التنظيمي,قيد المراجعة
INC-00976,2026-03-06,عالية,نظام إدارة الهوية المركزي,حادثة مساس بمتطلبات سيادة البيانات في نظام إدارة الهوية المركزي,نقل بيانات خارج النطاق المصرح بما يخل بمتطلبات سيادة البيانات. المرجع SOC-2026-1158 · الجهة المعنية: فريق اختبار الاختراق.,فريق اختبار الاختراق,مغلق
INC-00977,2022-07-10,منخفضة,نظام التخطيط المؤسسي,بلاغ عن ضياع جهاز يحتوي بيانات هوية منسوبين,فقدان جهاز محمول يحتوي ملفات بها بيانات هوية وتواصل. المرجع SOC-2022-2723 · الجهة المعنية: إدارة حوكمة البيانات.,,قيد المعالجة
INC-00978,2026-01-02,متوسطة,منصة التحليلات المؤسسية,قضية احتيال إلكتروني على بوابة المدفوعات (2026),قضية احتيال قيد المتابعة مع الجهات المختصة وتقدير الخسارة. المرجع SOC-2026-1138 · الجهة المعنية: إدارة حوكمة البيانات.,إدارة حوكمة البيانات,مغلق
INC-00979,2024-09-20,متوسطة,شبكة الربط الحكومي,نتائج اختبار اختراق شبكة الربط الحكومي - الربع الثالث 2024,تحقيق هجومي كشف مسارات تخطي التحكم بالوصول قابلة للاستغلال. المرجع SOC-2024-9571 · الجهة المعنية: وحدة الالتزام التنظيمي.,وحدة الالتزام التنظيمي,مغلق
INC-00980,2020-07-18,متوسطة,نظام إدارة الأصول التقنية,ثغرة تجاوز مصادقة في نظام إدارة الأصول التقنية,تحقيق فني في ثغرة مكتشفة وتقييم قابلية الاستغلال وخطة المعالجة. المرجع SOC-2020-1042 · الجهة المعنية: إدارة حوكمة البيانات.,إدارة حوكمة البيانات,قيد المراجعة
INC-00981,2025-11-18,منخفضة,نظام التحقق الرقمي,مخالفة خصوصية في مشاركة سجلات المستفيدين,مشاركة سجلات دون تطبيق ضوابط خصوصية المستفيدين. المرجع SOC-2025-5398 · الجهة المعنية: مركز العمليات السيبرانية.,مركز العمليات السيبرانية,مغلق بعد المراجعة
INC-00982,2025-11-17,منخفضة,مركز البيانات الاحتياطي,منشور توعوي عن التصيّد الإلكتروني - الشؤون القانونية الربع الرابع 2025,منشور توعوي عام يشرح مؤشرات الرسائل المشبوهة للجمهور. المرجع SOC-2025-3291 · الجهة المعنية: إدارة المخاطر التقنية.,إدارة المخاطر التقنية,قيد المراجعة
INC-00983,2026-01-03,عالية,منصة التحليلات المؤسسية,تقييم الأثر الاستراتيجي لانقطاع منصة التحليلات المؤسسية,دراسة استراتيجية لأثر الانقطاع على الالتزامات التعاقدية. المرجع SOC-2026-9030 · الجهة المعنية: وحدة الالتزام التنظيمي.,وحدة الالتزام التنظيمي,مغلق بعد المراجعة
INC-00984,2019-11-10,متوسطة,منصة التحليلات المؤسسية,مؤشرات اختراق مستمرة في شريحة الشبكة 138,نشاط مستمر غير مفسر داخل شريحة إنتاجية وخطة الاحتواء المرحلية. المرجع SOC-2019-5504 · الجهة المعنية: إدارة حوكمة البيانات.,إدارة حوكمة البيانات,مغلق
INC-00985,2024-10-31,متوسطة,نظام التخطيط المؤسسي,ثغرة تخطي التحكم بالوصول في نظام التخطيط المؤسسي,تحقيق فني في ثغرة مكتشفة وتقييم قابلية الاستغلال وخطة المعالجة. المرجع SOC-2024-1836 · الجهة المعنية: وحدة الالتزام التنظيمي.,وحدة الالتزام التنظيمي,مغلق
INC-00986,2023-02-08,متوسطة,نظام النسخ الاحتياطي المركزي,اختراق في سلسلة الإمداد عبر مكوّن طرف ثالث (2023),تحقيق في مكوّن مورد يحتوي شيفرة غير موثوقة داخل بيئة الإنتاج. المرجع SOC-2023-6171 · الجهة المعنية: إدارة المخاطر التقنية.,إدارة المخاطر التقنية,قيد المعالجة
INC-00987,2026-03-14,متوسطة,نظام التخطيط المؤسسي,اختراق في سلسلة الإمداد عبر مكوّن طرف ثالث (2026),تحقيق في مكوّن مورد يحتوي شيفرة غير موثوقة داخل بيئة الإنتاج. المرجع SOC-2026-7631 · الجهة المعنية: إدارة أمن المعلومات.,إدارة أمن المعلومات,مصعّد
INC-00988,2025-10-31,منخفضة,نظام إدارة الهوية المركزي,إحصاءات جاهزية الأمن السيبراني المعلنة - قطاع الخدمات الرقمية 2025,إحصاءات مجمّعة معلنة عن مؤشرات الجاهزية دون تفاصيل تشغيلية. المرجع SOC-2025-8666 · الجهة المعنية: إدارة أمن المعلومات.,إدارة أمن المعلومات,مغلق
INC-00989,2022-09-28,عالية,نظام الأرشفة الإلكترونية,حجب خدمة موزع على نظام الأرشفة الإلكترونية - سكاكا,تحقيق في هجوم حجب خدمة أثّر على توفر المنصة وخطة الصد. المرجع SOC-2022-5822 · الجهة المعنية: إدارة أمن المعلومات.,إدارة أمن المعلومات,مغلق بعد المراجعة
INC-00990,2023-02-23,عالية,منصة المراسلات الرسمية,اختراق في سلسلة الإمداد عبر مكوّن طرف ثالث (2023),تحقيق في مكوّن مورد يحتوي شيفرة غير موثوقة داخل بيئة الإنتاج. المرجع SOC-2023-1625 · الجهة المعنية: إدارة حوكمة البيانات.,إدارة حوكمة البيانات,مصعّد
INC-00991,2019-03-20,متوسطة,منصة الاجتماعات المؤمّنة,حجب خدمة موزع على منصة الاجتماعات المؤمّنة - الأحساء,تحقيق في هجوم حجب خدمة أثّر على توفر المنصة وخطة الصد. المرجع SOC-2019-8811 · الجهة المعنية: إدارة حوكمة البيانات.,إدارة حوكمة البيانات,مصعّد
INC-00992,2020-02-16,متوسطة,نظام إدارة الأصول التقنية,بلاغ عن ضياع جهاز يحتوي بيانات هوية منسوبين,فقدان جهاز محمول يحتوي ملفات بها بيانات هوية وتواصل. المرجع SOC-2020-4934 · الجهة المعنية: إدارة استمرارية الأعمال.,إدارة استمرارية الأعمال,مغلق بعد المراجعة
INC-00993,2019-10-15,متوسطة,منصة المراسلات الرسمية,هجوم فدية على منصة المراسلات الرسمية - المدينة المنورة,قضية ابتزاز إلكتروني قيد المعالجة مع تقييم أثر التوقف التشغيلي. المرجع SOC-2019-3997 · الجهة المعنية: إدارة المخاطر التقنية.,إدارة المخاطر التقنية,مغلق بعد المراجعة
INC-00994,2022-06-23,عالية,بوابة المستفيدين,محاولة وصول غير مصرح إلى مواقع تخزين النسخ الاحتياطية,محاولات متكررة للوصول إلى مواقع تخزين النسخ خارج ساعات العمل. المرجع SOC-2022-5785 · الجهة المعنية: وحدة الالتزام التنظيمي.,وحدة الالتزام التنظيمي,مغلق بعد المراجعة
INC-00995,2024-08-07,متوسطة,نظام النسخ الاحتياطي المركزي,مشاركة مخطط الشبكة مع مورد دون تصريح,إرسال مخطط الشبكة الداخلية لمورد خارج قناة الاعتماد. المرجع SOC-2024-4239 · الجهة المعنية: فريق الاستجابة للحوادث.,فريق الاستجابة للحوادث,مغلق بعد المراجعة
INC-00996,2025-01-01,عالية,نظام التحقق الرقمي,هجوم فدية على نظام التحقق الرقمي - الأحساء,قضية ابتزاز إلكتروني قيد المعالجة مع تقييم أثر التوقف التشغيلي. المرجع SOC-2025-2947 · الجهة المعنية: إدارة استمرارية الأعمال.,إدارة استمرارية الأعمال,مغلق
INC-00997,2023-12-04,متوسطة,مركز البيانات الاحتياطي,هجوم فدية على مركز البيانات الاحتياطي - بريدة,قضية ابتزاز إلكتروني قيد المعالجة مع تقييم أثر التوقف التشغيلي. المرجع SOC-2023-1983 · الجهة المعنية: إدارة حوكمة البيانات.,إدارة حوكمة البيانات,قيد المعالجة
INC-00998,2022-09-18,متوسطة,منصة الاجتماعات المؤمّنة,مراجعة ما بعد الحادثة لمنصة الاجتماعات المؤمّنة,مراجعة تفصيلية لأسباب جذرية وثغرات ضبط لم تُعالج بعد. المرجع SOC-2022-6268 · الجهة المعنية: فريق الاستجابة للحوادث.,فريق الاستجابة للحوادث,مصعّد
INC-00999,2026-01-20,عالية,نظام إدارة العقود,ثغرة إعدادات افتراضية غير آمنة في نظام إدارة العقود,تحقيق فني في ثغرة مكتشفة وتقييم قابلية الاستغلال وخطة المعالجة. المرجع SOC-2026-7947 · الجهة المعنية: إدارة أمن المعلومات.,إدارة أمن المعلومات,مغلق بعد المراجعة
INC-01000,2019-09-07,عالية,مركز البيانات الاحتياطي,إنذار أمني بشأن منشأة نووي الاستخدام المدني في حائل,إنذار تقني مرتبط بأنظمة منشأة نووي الاستخدام المدني. المرجع SOC-2019-9556 · الجهة المعنية: مركز العمليات السيبرانية.,مركز العمليات السيبرانية,مغلق بعد المراجعة
INC-01001,2023-06-28,متوسطة,نظام التخطيط المؤسسي,محاولة وصول غير مصرح إلى مواقع تخزين النسخ الاحتياطية,محاولات متكررة للوصول إلى مواقع تخزين النسخ خارج ساعات العمل. المرجع SOC-2023-9681 · الجهة المعنية: وحدة الالتزام التنظيمي.,وحدة الالتزام التنظيمي,مصعّد
INC-01002,2019-05-17,متوسطة,منصة الاجتماعات المؤمّنة,خطة الاستجابة الاستراتيجية لحوادث قطاع العمليات,خطة استراتيجية لتصعيد الحوادث وتوزيع الأدوار بين الفرق. المرجع SOC-2019-9151 · الجهة المعنية: إدارة استمرارية الأعمال.,إدارة استمرارية الأعمال,قيد المراجعة
INC-01003,2025-07-05,عالية,نظام النسخ الاحتياطي المركزي,تقييم الأثر الاستراتيجي لانقطاع نظام النسخ الاحتياطي المركزي,دراسة استراتيجية لأثر الانقطاع على الالتزامات التعاقدية. المرجع SOC-2025-2566 · الجهة المعنية: فريق اختبار الاختراق.,فريق اختبار الاختراق,مغلق
INC-01004,2023-11-30,متوسطة,نظام التخطيط المؤسسي,قضية احتيال إلكتروني على بوابة المدفوعات (2023),قضية احتيال قيد المتابعة مع الجهات المختصة وتقدير الخسارة. المرجع SOC-2023-8878 · الجهة المعنية: فريق اختبار الاختراق.,,قيد المراجعة
INC-01005,2024-01-05,عالية,منصة تبادل البيانات الوطنية,خطة الاستجابة الاستراتيجية لحوادث قطاع الخدمات الرقمية,خطة استراتيجية لتصعيد الحوادث وتوزيع الأدوار بين الفرق. المرجع SOC-2024-4414 · الجهة المعنية: وحدة الالتزام التنظيمي.,وحدة الالتزام التنظيمي,مصعّد
INC-01006,2023-05-02,عالية,نظام الأرشفة الإلكترونية,تقييم الأثر الاستراتيجي لانقطاع نظام الأرشفة الإلكترونية,دراسة استراتيجية لأثر الانقطاع على الالتزامات التعاقدية. المرجع SOC-2023-1654 · الجهة المعنية: فريق الاستجابة للحوادث.,فريق الاستجابة للحوادث,قيد المعالجة
INC-01007,2025-12-27,متوسطة,منصة التوثيق الإلكتروني,ثغرة ثغرة في سلسلة الإمداد في منصة التوثيق الإلكتروني,تحقيق فني في ثغرة مكتشفة وتقييم قابلية الاستغلال وخطة المعالجة. المرجع SOC-2025-9914 · الجهة المعنية: فريق اختبار الاختراق.,فريق اختبار الاختراق,مغلق
INC-01008,2021-09-09,متوسطة,بوابة المدفوعات الوطنية,نتائج اختبار اختراق بوابة المدفوعات الوطنية - الربع الثاني 2021,تحقيق هجومي كشف مسارات ضعف في تشفير القنوات قابلة للاستغلال. المرجع SOC-2021-4848 · الجهة المعنية: إدارة المخاطر التقنية.,إدارة المخاطر التقنية,قيد المراجعة
INC-01009,2024-05-30,متوسطة,نظام إدارة العقود,خطة الاستجابة الاستراتيجية لحوادث قطاع التحول الرقمي,خطة استراتيجية لتصعيد الحوادث وتوزيع الأدوار بين الفرق. المرجع SOC-2024-7359 · الجهة المعنية: فريق الاستجابة للحوادث.,فريق الاستجابة للحوادث,مغلق بعد المراجعة
INC-01010,2025-04-21,متوسطة,نظام التحقق الرقمي,قضية احتيال إلكتروني على بوابة المدفوعات (2025),قضية احتيال قيد المتابعة مع الجهات المختصة وتقدير الخسارة. المرجع SOC-2025-2302 · الجهة المعنية: إدارة المخاطر التقنية.,إدارة المخاطر التقنية,قيد المراجعة
INC-01011,2020-08-02,متوسطة,شبكة الاتصالات الداخلية,نتائج اختبار اختراق شبكة الاتصالات الداخلية - الربع الرابع 2020,تحقيق هجومي كشف مسارات تجاوز مصادقة قابلة للاستغلال. المرجع SOC-2020-5758 · الجهة المعنية: فريق اختبار الاختراق.,فريق اختبار الاختراق,قيد المعالجة
INC-01012,2021-07-02,متوسطة,نظام إدارة العقود,اختراق في سلسلة الإمداد عبر مكوّن طرف ثالث (2021),تحقيق في مكوّن مورد يحتوي شيفرة غير موثوقة داخل بيئة الإنتاج. المرجع SOC-2021-5601 · الجهة المعنية: إدارة استمرارية الأعمال.,إدارة استمرارية الأعمال,مغلق بعد المراجعة
INC-01013,2025-04-09,متوسطة,شبكة الاتصالات الداخلية,خطة الاستجابة الاستراتيجية لحوادث قطاع الأعمال المؤسسية,خطة استراتيجية لتصعيد الحوادث وتوزيع الأدوار بين الفرق. المرجع SOC-2025-2573 · الجهة المعنية: إدارة استمرارية الأعمال.,إدارة استمرارية الأعمال,مغلق
INC-01014,2022-03-10,عالية,منصة التوثيق الإلكتروني,إساءة استخدام صلاحيات إدارية في منصة التوثيق الإلكتروني,تحقيق في استخدام حساب إداري للوصول إلى سجلات خارج نطاق العمل. المرجع SOC-2022-7852 · الجهة المعنية: فريق اختبار الاختراق.,فريق اختبار الاختراق,مغلق بعد المراجعة
INC-01015,2019-01-14,حرجة,شبكة الربط الحكومي,تهديد بتعطيل منظومة ذات استخدام عسكري مساند,بلاغ عن استهداف منظومة عسكري الاستخدام مرتبطة بالجهة. المرجع SOC-2019-9736 · الجهة المعنية: إدارة المخاطر التقنية.,إدارة المخاطر التقنية,مغلق
INC-01016,2021-05-27,متوسطة,مركز البيانات الرئيسي,اختراق في سلسلة الإمداد عبر مكوّن طرف ثالث (2021),تحقيق في مكوّن مورد يحتوي شيفرة غير موثوقة داخل بيئة الإنتاج. المرجع SOC-2021-7901 · الجهة المعنية: إدارة حوكمة البيانات.,إدارة حوكمة البيانات,مغلق بعد المراجعة
INC-01017,2021-05-30,عالية,نظام الأرشفة الإلكترونية,ثغرة تنفيذ أوامر عن بُعد في نظام الأرشفة الإلكترونية,تحقيق فني في ثغرة مكتشفة وتقييم قابلية الاستغلال وخطة المعالجة. المرجع SOC-2021-9868 · الجهة المعنية: فريق الاستجابة للحوادث.,فريق الاستجابة للحوادث,مغلق بعد المراجعة
INC-01018,2024-09-24,منخفضة,منصة الخدمات الحكومية الموحدة,محاولة تصيّد موجهة لمنسوبي ضبط الجودة,رسائل تصيّد تطلب بيانات هوية ودخول من الموظفين. المرجع SOC-2024-6057 · الجهة المعنية: مركز العمليات السيبرانية.,مركز العمليات السيبرانية,مغلق
INC-01019,2023-02-13,عالية,منصة الخدمات الحكومية الموحدة,كشف بيانات اعتماد إدارية في مستودع شيفرة خارجي,تحقيق في نشر بيانات اعتماد تشغيلية بمستودع عام وإجراءات الإبطال. المرجع SOC-2023-2906 · الجهة المعنية: إدارة حوكمة البيانات.,إدارة حوكمة البيانات,قيد المعالجة
INC-01020,2022-07-15,متوسطة,نظام إدارة الهوية المركزي,مخالفة خصوصية في مشاركة سجلات المستفيدين,مشاركة سجلات دون تطبيق ضوابط خصوصية المستفيدين. المرجع SOC-2022-2930 · الجهة المعنية: فريق اختبار الاختراق.,فريق اختبار الاختراق,مغلق بعد المراجعة
INC-01021,2026-04-22,عالية,نظام الأرشفة الإلكترونية,تهديد بتعطيل منظومة ذات استخدام عسكري مساند,بلاغ عن استهداف منظومة عسكري الاستخدام مرتبطة بالجهة. المرجع SOC-2026-7282 · الجهة المعنية: إدارة حوكمة البيانات.,إدارة حوكمة البيانات,قيد المعالجة
INC-01022,2023-05-07,متوسطة,منصة الخدمات الحكومية الموحدة,تسريب مستندات تفاوضية من منصة الخدمات الحكومية الموحدة,تحقيق في تسريب مستندات ذات قيمة تنافسية إلى خارج الجهة. المرجع SOC-2023-2718 · الجهة المعنية: إدارة حوكمة البيانات.,إدارة حوكمة البيانات,مغلق
INC-01023,2022-10-24,عالية,منصة الاجتماعات المؤمّنة,كشف بيانات اعتماد إدارية في مستودع شيفرة خارجي,تحقيق في نشر بيانات اعتماد تشغيلية بمستودع عام وإجراءات الإبطال. المرجع SOC-2022-4521 · الجهة المعنية: فريق اختبار الاختراق.,فريق اختبار الاختراق,مصعّد
INC-01024,2022-10-06,عالية,بوابة الموردين الإلكترونية,تسريب مستندات تفاوضية من بوابة الموردين الإلكترونية,تحقيق في تسريب مستندات ذات قيمة تنافسية إلى خارج الجهة. المرجع SOC-2022-8766 · الجهة المعنية: إدارة المخاطر التقنية.,إدارة المخاطر التقنية,مغلق
INC-01025,2022-01-13,متوسطة,بوابة الموردين الإلكترونية,محاولة وصول غير مصرح إلى مواقع تخزين النسخ الاحتياطية,محاولات متكررة للوصول إلى مواقع تخزين النسخ خارج ساعات العمل. المرجع SOC-2022-5647 · الجهة المعنية: إدارة حوكمة البيانات.,إدارة حوكمة البيانات,مصعّد
INC-01026,2025-05-18,متوسطة,مركز البيانات الاحتياطي,مؤشرات اختراق مستمرة في شريحة الشبكة 246,نشاط مستمر غير مفسر داخل شريحة إنتاجية وخطة الاحتواء المرحلية. المرجع SOC-2025-3648 · الجهة المعنية: إدارة أمن المعلومات.,إدارة أمن المعلومات,مغلق
INC-01027,2023-04-03,عالية,شبكة الربط الحكومي,مؤشرات اختراق مستمرة في شريحة الشبكة 28,نشاط مستمر غير مفسر داخل شريحة إنتاجية وخطة الاحتواء المرحلية. المرجع SOC-2023-3149 · الجهة المعنية: مركز العمليات السيبرانية.,,مغلق
INC-01028,2021-09-03,عالية,نظام إدارة العقود,تقييم الأثر الاستراتيجي لانقطاع نظام إدارة العقود,دراسة استراتيجية لأثر الانقطاع على الالتزامات التعاقدية. المرجع SOC-2021-4027 · الجهة المعنية: فريق اختبار الاختراق.,فريق اختبار الاختراق,مغلق بعد المراجعة
INC-01029,2021-02-26,منخفضة,منصة تبادل البيانات الوطنية,تصريح عن اكتمال تحديث أمني في منصة تبادل البيانات الوطنية - 2021,تصريح رسمي عن اكتمال التحديث دون كشف تفاصيل فنية. المرجع SOC-2021-9038 · الجهة المعنية: إدارة استمرارية الأعمال.,إدارة استمرارية الأعمال,مصعّد
INC-01030,2023-02-09,منخفضة,شبكة الاتصالات الداخلية,مخالفة خصوصية في مشاركة سجلات المستفيدين,مشاركة سجلات دون تطبيق ضوابط خصوصية المستفيدين. المرجع SOC-2023-2940 · الجهة المعنية: إدارة حوكمة البيانات.,إدارة حوكمة البيانات,مغلق
INC-01031,2023-09-12,متوسطة,منصة التحليلات المؤسسية,نتائج اختبار اختراق منصة التحليلات المؤسسية - الربع الثاني 2023,تحقيق هجومي كشف مسارات تخطي التحكم بالوصول قابلة للاستغلال. المرجع SOC-2023-3186 · الجهة المعنية: فريق اختبار الاختراق.,فريق اختبار الاختراق,قيد المراجعة
INC-01032,2025-05-20,حرجة,منصة تبادل البيانات الوطنية,اشتباه اختراق مرتبط بمواقع تخزين أسلحة خاضعة للرقابة,محاولة وصول إلى سجلات مواقع أسلحة ومواد خاضعة للرقابة. المرجع SOC-2025-9493 · الجهة المعنية: إدارة حوكمة البيانات.,إدارة حوكمة البيانات,مغلق
INC-01033,2025-05-13,عالية,بوابة المدفوعات الوطنية,كشف بيانات اعتماد إدارية في مستودع شيفرة خارجي,تحقيق في نشر بيانات اعتماد تشغيلية بمستودع عام وإجراءات الإبطال. المرجع SOC-2025-9257 · الجهة المعنية: إدارة أمن المعلومات.,إدارة أمن المعلومات,مغلق
INC-01034,2024-07-31,عالية,بوابة المدفوعات الوطنية,تقرير استخبارات تهديد عن حملة تستهدف بوابة المدفوعات الوطنية,تحليل استخبارات مصادر مفتوحة ومغلقة لحملة موجهة ضد جهات وطنية. المرجع SOC-2024-2053 · الجهة المعنية: إدارة حوكمة البيانات.,إدارة حوكمة البيانات,قيد المعالجة
INC-01035,2025-03-08,عالية,نظام إدارة الأصول التقنية,اختراق في سلسلة الإمداد عبر مكوّن طرف ثالث (2025),تحقيق في مكوّن مورد يحتوي شيفرة غير موثوقة داخل بيئة الإنتاج. المرجع SOC-2025-8329 · الجهة المعنية: فريق اختبار الاختراق.,فريق اختبار الاختراق,مصعّد
INC-01036,2019-12-09,متوسطة,بوابة المدفوعات الوطنية,خطة الاستجابة الاستراتيجية لحوادث قطاع الحلول الحكومية,خطة استراتيجية لتصعيد الحوادث وتوزيع الأدوار بين الفرق. المرجع SOC-2019-7007 · الجهة المعنية: فريق اختبار الاختراق.,فريق اختبار الاختراق,قيد المراجعة
INC-01037,2023-09-14,متوسطة,نظام التخطيط المؤسسي,مراجعة ما بعد الحادثة لنظام التخطيط المؤسسي,مراجعة تفصيلية لأسباب جذرية وثغرات ضبط لم تُعالج بعد. المرجع SOC-2023-9165 · الجهة المعنية: وحدة الالتزام التنظيمي.,وحدة الالتزام التنظيمي,قيد المراجعة
INC-01038,2020-08-26,متوسطة,نظام إدارة الأصول التقنية,مراجعة ما بعد الحادثة لنظام إدارة الأصول التقنية,مراجعة تفصيلية لأسباب جذرية وثغرات ضبط لم تُعالج بعد. المرجع SOC-2020-8368 · الجهة المعنية: مركز العمليات السيبرانية.,مركز العمليات السيبرانية,قيد المراجعة
INC-01039,2025-05-02,منخفضة,شبكة الربط الحكومي,كشف غير مقصود لبيانات شخصية في شبكة الربط الحكومي,إعداد خاطئ أدى لظهور بيانات شخصية لعدد محدود من المستفيدين. المرجع SOC-2025-7362 · الجهة المعنية: فريق اختبار الاختراق.,فريق اختبار الاختراق,قيد المراجعة
INC-01040,2019-11-28,حرجة,نظام النسخ الاحتياطي المركزي,رصد تحركات القوات في بيانات تتبع مسربة,ظهور بيانات تحركات القوات ضمن مجموعة بيانات مسربة قيد الفحص. المرجع SOC-2019-3529 · الجهة المعنية: فريق الاستجابة للحوادث.,فريق الاستجابة للحوادث,مغلق
INC-01041,2022-03-05,حرجة,نظام إدارة الأصول التقنية,تهديد بتعطيل منظومة ذات استخدام عسكري مساند,بلاغ عن استهداف منظومة عسكري الاستخدام مرتبطة بالجهة. المرجع SOC-2022-1232 · الجهة المعنية: إدارة أمن المعلومات.,إدارة أمن المعلومات,مصعّد
INC-01042,2020-12-22,متوسطة,نظام النسخ الاحتياطي المركزي,بلاغ عن ضياع جهاز يحتوي بيانات هوية منسوبين,فقدان جهاز محمول يحتوي ملفات بها بيانات هوية وتواصل. المرجع SOC-2020-1958 · الجهة المعنية: مركز العمليات السيبرانية.,مركز العمليات السيبرانية,مغلق
INC-01043,2023-01-02,متوسطة,نظام التحقق الرقمي,ثغرة إعدادات افتراضية غير آمنة في نظام التحقق الرقمي,تحقيق فني في ثغرة مكتشفة وتقييم قابلية الاستغلال وخطة المعالجة. المرجع SOC-2023-9279 · الجهة المعنية: فريق اختبار الاختراق.,فريق اختبار الاختراق,قيد المراجعة
INC-01044,2024-11-16,متوسطة,مركز البيانات الاحتياطي,ثغرة رفع صلاحيات في مركز البيانات الاحتياطي,تحقيق فني في ثغرة مكتشفة وتقييم قابلية الاستغلال وخطة المعالجة. المرجع SOC-2024-7061 · الجهة المعنية: وحدة الالتزام التنظيمي.,وحدة الالتزام التنظيمي,مغلق بعد المراجعة
INC-01045,2020-12-03,حرجة,منصة الاجتماعات المؤمّنة,حادثة مساس بمتطلبات سيادة البيانات في منصة الاجتماعات المؤمّنة,نقل بيانات خارج النطاق المصرح بما يخل بمتطلبات سيادة البيانات. المرجع SOC-2020-2984 · الجهة المعنية: إدارة أمن المعلومات.,إدارة أمن المعلومات,قيد المراجعة
INC-01046,2022-07-15,عالية,نظام الأرشفة الإلكترونية,قضية احتيال إلكتروني على بوابة المدفوعات (2022),قضية احتيال قيد المتابعة مع الجهات المختصة وتقدير الخسارة. المرجع SOC-2022-8232 · الجهة المعنية: فريق الاستجابة للحوادث.,فريق الاستجابة للحوادث,قيد المعالجة
INC-01047,2025-02-07,متوسطة,نظام النسخ الاحتياطي المركزي,تقييم الأثر الاستراتيجي لانقطاع نظام النسخ الاحتياطي المركزي,دراسة استراتيجية لأثر الانقطاع على الالتزامات التعاقدية. المرجع SOC-2025-6146 · الجهة المعنية: مركز العمليات السيبرانية.,مركز العمليات السيبرانية,مصعّد
INC-01048,2024-12-20,عالية,بوابة المستفيدين,تقييم الأثر الاستراتيجي لانقطاع بوابة المستفيدين,دراسة استراتيجية لأثر الانقطاع على الالتزامات التعاقدية. المرجع SOC-2024-3870 · الجهة المعنية: مركز العمليات السيبرانية.,مركز العمليات السيبرانية,قيد المعالجة
INC-01049,2024-09-05,منخفضة,نظام إدارة العقود,إحصاءات جاهزية الأمن السيبراني المعلنة - قطاع التقنية والمشاريع 2024,إحصاءات مجمّعة معلنة عن مؤشرات الجاهزية دون تفاصيل تشغيلية. المرجع SOC-2024-2698 · الجهة المعنية: فريق اختبار الاختراق.,فريق اختبار الاختراق,قيد المعالجة
INC-01050,2021-01-21,متوسطة,نظام الأرشفة الإلكترونية,تسريب مستندات تفاوضية من نظام الأرشفة الإلكترونية,تحقيق في تسريب مستندات ذات قيمة تنافسية إلى خارج الجهة. المرجع SOC-2021-1569 · الجهة المعنية: إدارة أمن المعلومات.,إدارة أمن المعلومات,قيد المعالجة
INC-01051,2021-06-12,منخفضة,منصة الخدمات الحكومية الموحدة,مشاركة مخطط الشبكة مع مورد دون تصريح,إرسال مخطط الشبكة الداخلية لمورد خارج قناة الاعتماد. المرجع SOC-2021-8624 · الجهة المعنية: إدارة أمن المعلومات.,إدارة أمن المعلومات,مغلق
INC-01052,2023-12-25,متوسطة,نظام الأرشفة الإلكترونية,مؤشرات اختراق مستمرة في شريحة الشبكة 102,نشاط مستمر غير مفسر داخل شريحة إنتاجية وخطة الاحتواء المرحلية. المرجع SOC-2023-3158 · الجهة المعنية: فريق الاستجابة للحوادث.,فريق الاستجابة للحوادث,مغلق بعد المراجعة
INC-01053,2020-03-03,عالية,منصة المراسلات الرسمية,تقييم الأثر الاستراتيجي لانقطاع منصة المراسلات الرسمية,دراسة استراتيجية لأثر الانقطاع على الالتزامات التعاقدية. المرجع SOC-2020-9906 · الجهة المعنية: إدارة حوكمة البيانات.,إدارة حوكمة البيانات,مصعّد
INC-01054,2022-08-28,متوسطة,منصة الخدمات الحكومية الموحدة,مذكرة داخلية عن ضبط صلاحيات منصة الخدمات الحكومية الموحدة,مذكرة داخلية لتنظيم منح الصلاحيات ومراجعتها الدورية. المرجع SOC-2022-6123 · الجهة المعنية: فريق اختبار الاختراق.,فريق اختبار الاختراق,قيد المعالجة
INC-01055,2025-06-28,متوسطة,شبكة الربط الحكومي,نتائج اختبار اختراق شبكة الربط الحكومي - الربع الثاني 2025,تحقيق هجومي كشف مسارات تنفيذ أوامر عن بُعد قابلة للاستغلال. المرجع SOC-2025-5121 · الجهة المعنية: إدارة أمن المعلومات.,إدارة أمن المعلومات,مغلق بعد المراجعة
INC-01056,2022-06-26,متوسطة,بوابة المستفيدين,مراجعة ما بعد الحادثة لبوابة المستفيدين,مراجعة تفصيلية لأسباب جذرية وثغرات ضبط لم تُعالج بعد. المرجع SOC-2022-1539 · الجهة المعنية: وحدة الالتزام التنظيمي.,وحدة الالتزام التنظيمي,مصعّد
INC-01057,2019-06-20,عالية,منصة الاجتماعات المؤمّنة,مؤشرات اختراق مستمرة في شريحة الشبكة 194,نشاط مستمر غير مفسر داخل شريحة إنتاجية وخطة الاحتواء المرحلية. المرجع SOC-2019-8140 · الجهة المعنية: إدارة المخاطر التقنية.,إدارة المخاطر التقنية,مصعّد
INC-01058,2022-04-04,عالية,نظام إدارة الهوية المركزي,كشف بيانات اعتماد إدارية في مستودع شيفرة خارجي,تحقيق في نشر بيانات اعتماد تشغيلية بمستودع عام وإجراءات الإبطال. المرجع SOC-2022-3034 · الجهة المعنية: فريق الاستجابة للحوادث.,فريق الاستجابة للحوادث,قيد المعالجة
INC-01059,2020-07-14,عالية,مركز البيانات الاحتياطي,خطة الاستجابة الاستراتيجية لحوادث قطاع البنية التحتية,خطة استراتيجية لتصعيد الحوادث وتوزيع الأدوار بين الفرق. المرجع SOC-2020-7502 · الجهة المعنية: إدارة أمن المعلومات.,إدارة أمن المعلومات,مصعّد
INC-01060,2021-07-18,متوسطة,بوابة المستفيدين,مؤشرات اختراق مستمرة في شريحة الشبكة 146,نشاط مستمر غير مفسر داخل شريحة إنتاجية وخطة الاحتواء المرحلية. المرجع SOC-2021-9064 · الجهة المعنية: إدارة استمرارية الأعمال.,إدارة استمرارية الأعمال,قيد المراجعة
INC-01061,2020-11-26,متوسطة,منصة المراسلات الرسمية,محاولة وصول غير مصرح إلى مواقع تخزين النسخ الاحتياطية,محاولات متكررة للوصول إلى مواقع تخزين النسخ خارج ساعات العمل. المرجع SOC-2020-2592 · الجهة المعنية: إدارة المخاطر التقنية.,إدارة المخاطر التقنية,مغلق بعد المراجعة
INC-01062,2023-07-13,عالية,نظام الأرشفة الإلكترونية,مراجعة ما بعد الحادثة لنظام الأرشفة الإلكترونية,مراجعة تفصيلية لأسباب جذرية وثغرات ضبط لم تُعالج بعد. المرجع SOC-2023-7529 · الجهة المعنية: إدارة المخاطر التقنية.,إدارة المخاطر التقنية,مصعّد
INC-01063,2022-01-07,عالية,نظام التخطيط المؤسسي,ثغرة رفع صلاحيات في نظام التخطيط المؤسسي,تحقيق فني في ثغرة مكتشفة وتقييم قابلية الاستغلال وخطة المعالجة. المرجع SOC-2022-8923 · الجهة المعنية: إدارة استمرارية الأعمال.,إدارة استمرارية الأعمال,قيد المعالجة
INC-01064,2022-09-07,منخفضة,نظام النسخ الاحتياطي المركزي,مذكرة داخلية عن ضبط صلاحيات نظام النسخ الاحتياطي المركزي,مذكرة داخلية لتنظيم منح الصلاحيات ومراجعتها الدورية. المرجع SOC-2022-5160 · الجهة المعنية: مركز العمليات السيبرانية.,مركز العمليات السيبرانية,قيد المعالجة
INC-01065,2020-03-30,عالية,نظام إدارة الأصول التقنية,حادثة رقم NSI-2020-429 - تصنيف اللجنة العليا,حادثة مصعّدة للجنة العليا لارتباطها بمواقع وطنية محددة. المرجع SOC-2020-5445 · الجهة المعنية: فريق الاستجابة للحوادث.,فريق الاستجابة للحوادث,قيد المراجعة
INC-01066,2023-01-05,متوسطة,منصة تبادل البيانات الوطنية,كشف بيانات اعتماد إدارية في مستودع شيفرة خارجي,تحقيق في نشر بيانات اعتماد تشغيلية بمستودع عام وإجراءات الإبطال. المرجع SOC-2023-7886 · الجهة المعنية: وحدة الالتزام التنظيمي.,وحدة الالتزام التنظيمي,مغلق بعد المراجعة
INC-01067,2024-04-06,عالية,منصة التوثيق الإلكتروني,إساءة استخدام صلاحيات إدارية في منصة التوثيق الإلكتروني,تحقيق في استخدام حساب إداري للوصول إلى سجلات خارج نطاق العمل. المرجع SOC-2024-1856 · الجهة المعنية: إدارة حوكمة البيانات.,إدارة حوكمة البيانات,قيد المراجعة
INC-01068,2022-01-21,متوسطة,بوابة المدفوعات الوطنية,محاولة تصيّد موجهة لمنسوبي الخدمات المساندة,رسائل تصيّد تطلب بيانات هوية ودخول من الموظفين. المرجع SOC-2022-6578 · الجهة المعنية: إدارة المخاطر التقنية.,إدارة المخاطر التقنية,مصعّد
INC-01069,2022-10-04,عالية,شبكة الربط الحكومي,قضية احتيال إلكتروني على بوابة المدفوعات (2022),قضية احتيال قيد المتابعة مع الجهات المختصة وتقدير الخسارة. المرجع SOC-2022-5763 · الجهة المعنية: فريق الاستجابة للحوادث.,فريق الاستجابة للحوادث,قيد المراجعة
INC-01070,2024-09-07,متوسطة,مركز البيانات الرئيسي,مؤشرات اختراق مستمرة في شريحة الشبكة 107,نشاط مستمر غير مفسر داخل شريحة إنتاجية وخطة الاحتواء المرحلية. المرجع SOC-2024-7826 · الجهة المعنية: إدارة المخاطر التقنية.,إدارة المخاطر التقنية,قيد المعالجة
INC-01071,2020-08-31,متوسطة,بوابة الموردين الإلكترونية,قضية احتيال إلكتروني على بوابة المدفوعات (2020),قضية احتيال قيد المتابعة مع الجهات المختصة وتقدير الخسارة. المرجع SOC-2020-1003 · الجهة المعنية: إدارة أمن المعلومات.,إدارة أمن المعلومات,قيد المراجعة
INC-01072,2023-06-26,عالية,نظام النسخ الاحتياطي المركزي,ثغرة تخطي التحكم بالوصول في نظام النسخ الاحتياطي المركزي,تحقيق فني في ثغرة مكتشفة وتقييم قابلية الاستغلال وخطة المعالجة. المرجع SOC-2023-7862 · الجهة المعنية: إدارة استمرارية الأعمال.,إدارة استمرارية الأعمال,مغلق بعد المراجعة
INC-01073,2023-11-21,متوسطة,بوابة المستفيدين,بلاغ عن ضياع جهاز يحتوي بيانات هوية منسوبين,فقدان جهاز محمول يحتوي ملفات بها بيانات هوية وتواصل. المرجع SOC-2023-3428 · الجهة المعنية: فريق اختبار الاختراق.,فريق اختبار الاختراق,قيد المراجعة
INC-01074,2019-12-15,متوسطة,نظام إدارة العقود,محاولة وصول غير مصرح إلى مواقع تخزين النسخ الاحتياطية,محاولات متكررة للوصول إلى مواقع تخزين النسخ خارج ساعات العمل. المرجع SOC-2019-5345 · الجهة المعنية: إدارة المخاطر التقنية.,إدارة المخاطر التقنية,قيد المعالجة
INC-01075,2020-05-14,عالية,منصة الخدمات الحكومية الموحدة,ثغرة كشف بيانات حساسة في منصة الخدمات الحكومية الموحدة,تحقيق فني في ثغرة مكتشفة وتقييم قابلية الاستغلال وخطة المعالجة. المرجع SOC-2020-9082 · الجهة المعنية: فريق اختبار الاختراق.,فريق اختبار الاختراق,مغلق بعد المراجعة
INC-01076,2024-09-22,عالية,بوابة المدفوعات الوطنية,تسريب مستندات تفاوضية من بوابة المدفوعات الوطنية,تحقيق في تسريب مستندات ذات قيمة تنافسية إلى خارج الجهة. المرجع SOC-2024-8848 · الجهة المعنية: مركز العمليات السيبرانية.,مركز العمليات السيبرانية,قيد المعالجة
INC-01077,2021-11-11,عالية,مركز البيانات الاحتياطي,مراجعة ما بعد الحادثة لمركز البيانات الاحتياطي,مراجعة تفصيلية لأسباب جذرية وثغرات ضبط لم تُعالج بعد. المرجع SOC-2021-6353 · الجهة المعنية: إدارة أمن المعلومات.,إدارة أمن المعلومات,مغلق
INC-01078,2024-01-17,عالية,نظام التحقق الرقمي,مراجعة ما بعد الحادثة لنظام التحقق الرقمي,مراجعة تفصيلية لأسباب جذرية وثغرات ضبط لم تُعالج بعد. المرجع SOC-2024-8233 · الجهة المعنية: إدارة المخاطر التقنية.,إدارة المخاطر التقنية,قيد المعالجة
INC-01079,2026-04-09,عالية,نظام إدارة الهوية المركزي,نتائج اختبار اختراق نظام إدارة الهوية المركزي - الربع الأول 2026,تحقيق هجومي كشف مسارات حقن أوامر قابلة للاستغلال. المرجع SOC-2026-2270 · الجهة المعنية: مركز العمليات السيبرانية.,مركز العمليات السيبرانية,قيد المراجعة
INC-01080,2023-10-19,عالية,منصة الاجتماعات المؤمّنة,كشف بيانات اعتماد إدارية في مستودع شيفرة خارجي,تحقيق في نشر بيانات اعتماد تشغيلية بمستودع عام وإجراءات الإبطال. المرجع SOC-2023-4437 · الجهة المعنية: إدارة أمن المعلومات.,إدارة أمن المعلومات,قيد المراجعة
INC-01081,2024-08-29,حرجة,شبكة الربط الحكومي,إحاطة عاجلة للمركز الوطني بشأن حادثة عرعر,إحاطة تتضمن مؤشرات اختراق ومواقع تأثير لا يجوز تداولها. المرجع SOC-2024-6104 · الجهة المعنية: فريق اختبار الاختراق.,فريق اختبار الاختراق,مغلق
INC-01082,2019-05-05,متوسطة,نظام إدارة الهوية المركزي,مؤشرات اختراق مستمرة في شريحة الشبكة 63,نشاط مستمر غير مفسر داخل شريحة إنتاجية وخطة الاحتواء المرحلية. المرجع SOC-2019-4696 · الجهة المعنية: وحدة الالتزام التنظيمي.,وحدة الالتزام التنظيمي,مصعّد
INC-01083,2023-12-17,عالية,بوابة المدفوعات الوطنية,هجوم فدية على بوابة المدفوعات الوطنية - تبوك,قضية ابتزاز إلكتروني قيد المعالجة مع تقييم أثر التوقف التشغيلي. المرجع SOC-2023-2489 · الجهة المعنية: فريق الاستجابة للحوادث.,فريق الاستجابة للحوادث,مغلق بعد المراجعة
INC-01084,2019-09-16,متوسطة,منصة الاجتماعات المؤمّنة,مراجعة ما بعد الحادثة لمنصة الاجتماعات المؤمّنة,مراجعة تفصيلية لأسباب جذرية وثغرات ضبط لم تُعالج بعد. المرجع SOC-2019-5471 · الجهة المعنية: فريق اختبار الاختراق.,فريق اختبار الاختراق,مغلق
INC-01085,2023-04-28,عالية,شبكة الربط الحكومي,تقييم الأثر الاستراتيجي لانقطاع شبكة الربط الحكومي,دراسة استراتيجية لأثر الانقطاع على الالتزامات التعاقدية. المرجع SOC-2023-7316 · الجهة المعنية: إدارة أمن المعلومات.,إدارة أمن المعلومات,قيد المراجعة
INC-01086,2019-12-03,حرجة,نظام إدارة العقود,اختراق شبكة ربط تخدم منشأة حيوية في الرياض,وصول غير مصرح إلى شريحة شبكة تخدم منشأة حيوية وخطة العزل الفوري. المرجع SOC-2019-7448 · الجهة المعنية: إدارة أمن المعلومات.,إدارة أمن المعلومات,مغلق بعد المراجعة
INC-01087,2025-08-04,عالية,بوابة المدفوعات الوطنية,قضية احتيال إلكتروني على بوابة المدفوعات (2025),قضية احتيال قيد المتابعة مع الجهات المختصة وتقدير الخسارة. المرجع SOC-2025-3967 · الجهة المعنية: إدارة المخاطر التقنية.,إدارة المخاطر التقنية,مصعّد
INC-01088,2024-04-24,عالية,منصة الخدمات الحكومية الموحدة,ثغرة تخطي التحكم بالوصول في منصة الخدمات الحكومية الموحدة,تحقيق فني في ثغرة مكتشفة وتقييم قابلية الاستغلال وخطة المعالجة. المرجع SOC-2024-9244 · الجهة المعنية: إدارة المخاطر التقنية.,إدارة المخاطر التقنية,مغلق
INC-01089,2021-09-26,عالية,شبكة الاتصالات الداخلية,نتائج اختبار اختراق شبكة الاتصالات الداخلية - الربع الثالث 2021,تحقيق هجومي كشف مسارات ثغرة في سلسلة الإمداد قابلة للاستغلال. المرجع SOC-2021-6856 · الجهة المعنية: إدارة المخاطر التقنية.,إدارة المخاطر التقنية,مصعّد
INC-01090,2022-03-22,عالية,نظام التخطيط المؤسسي,محاولة وصول غير مصرح إلى مواقع تخزين النسخ الاحتياطية,محاولات متكررة للوصول إلى مواقع تخزين النسخ خارج ساعات العمل. المرجع SOC-2022-8668 · الجهة المعنية: إدارة استمرارية الأعمال.,إدارة استمرارية الأعمال,مصعّد
INC-01091,2022-02-20,عالية,بوابة المدفوعات الوطنية,حجب خدمة موزع على بوابة المدفوعات الوطنية - الخبر,تحقيق في هجوم حجب خدمة أثّر على توفر المنصة وخطة الصد. المرجع SOC-2022-7338 · الجهة المعنية: فريق الاستجابة للحوادث.,فريق الاستجابة للحوادث,مصعّد
INC-01092,2022-05-02,متوسطة,نظام الأرشفة الإلكترونية,مؤشرات اختراق مستمرة في شريحة الشبكة 26,نشاط مستمر غير مفسر داخل شريحة إنتاجية وخطة الاحتواء المرحلية. المرجع SOC-2022-6335 · الجهة المعنية: مركز العمليات السيبرانية.,مركز العمليات السيبرانية,مصعّد
INC-01093,2020-04-23,منخفضة,نظام التخطيط المؤسسي,تصريح عن اكتمال تحديث أمني في نظام التخطيط المؤسسي - 2020,تصريح رسمي عن اكتمال التحديث دون كشف تفاصيل فنية. المرجع SOC-2020-8343 · الجهة المعنية: فريق الاستجابة للحوادث.,فريق الاستجابة للحوادث,مغلق بعد المراجعة
INC-01094,2020-07-13,متوسطة,مركز البيانات الرئيسي,خطة الاستجابة الاستراتيجية لحوادث قطاع الشراكات,خطة استراتيجية لتصعيد الحوادث وتوزيع الأدوار بين الفرق. المرجع SOC-2020-6918 · الجهة المعنية: فريق الاستجابة للحوادث.,فريق الاستجابة للحوادث,مغلق
INC-01095,2024-01-23,عالية,منصة تبادل البيانات الوطنية,إساءة استخدام صلاحيات إدارية في منصة تبادل البيانات الوطنية,تحقيق في استخدام حساب إداري للوصول إلى سجلات خارج نطاق العمل. المرجع SOC-2024-6366 · الجهة المعنية: إدارة استمرارية الأعمال.,إدارة استمرارية الأعمال,مصعّد
INC-01096,2022-06-05,حرجة,نظام التخطيط المؤسسي,تهديد بتعطيل منظومة ذات استخدام عسكري مساند,بلاغ عن استهداف منظومة عسكري الاستخدام مرتبطة بالجهة. المرجع SOC-2022-2360 · الجهة المعنية: إدارة أمن المعلومات.,إدارة أمن المعلومات,قيد المعالجة
INC-01097,2024-05-20,متوسطة,نظام التحقق الرقمي,كشف بيانات اعتماد إدارية في مستودع شيفرة خارجي,تحقيق في نشر بيانات اعتماد تشغيلية بمستودع عام وإجراءات الإبطال. المرجع SOC-2024-8365 · الجهة المعنية: إدارة أمن المعلومات.,إدارة أمن المعلومات,قيد المراجعة
INC-01098,2022-09-28,متوسطة,بوابة المستفيدين,محاولة وصول غير مصرح إلى مواقع تخزين النسخ الاحتياطية,محاولات متكررة للوصول إلى مواقع تخزين النسخ خارج ساعات العمل. المرجع SOC-2022-9315 · الجهة المعنية: فريق اختبار الاختراق.,فريق اختبار الاختراق,مصعّد
INC-01099,2025-09-04,متوسطة,نظام إدارة العقود,مؤشرات اختراق مستمرة في شريحة الشبكة 161,نشاط مستمر غير مفسر داخل شريحة إنتاجية وخطة الاحتواء المرحلية. المرجع SOC-2025-7940 · الجهة المعنية: مركز العمليات السيبرانية.,مركز العمليات السيبرانية,مصعّد
INC-01100,2019-08-15,متوسطة,شبكة الربط الحكومي,ثغرة تنفيذ أوامر عن بُعد في شبكة الربط الحكومي,تحقيق فني في ثغرة مكتشفة وتقييم قابلية الاستغلال وخطة المعالجة. المرجع SOC-2019-4629 · الجهة المعنية: إدارة حوكمة البيانات.,إدارة حوكمة البيانات,مصعّد
INC-01101,2022-06-11,عالية,نظام الأرشفة الإلكترونية,اختراق في سلسلة الإمداد عبر مكوّن طرف ثالث (2022),تحقيق في مكوّن مورد يحتوي شيفرة غير موثوقة داخل بيئة الإنتاج. المرجع SOC-2022-5719 · الجهة المعنية: إدارة حوكمة البيانات.,إدارة حوكمة البيانات,مغلق بعد المراجعة
INC-01102,2021-03-13,متوسطة,منصة تبادل البيانات الوطنية,مؤشرات اختراق مستمرة في شريحة الشبكة 50,نشاط مستمر غير مفسر داخل شريحة إنتاجية وخطة الاحتواء المرحلية. المرجع SOC-2021-7120 · الجهة المعنية: إدارة حوكمة البيانات.,إدارة حوكمة البيانات,مغلق
INC-01103,2019-02-12,متوسطة,نظام التحقق الرقمي,خطة الاستجابة الاستراتيجية لحوادث قطاع التقنية والمشاريع,خطة استراتيجية لتصعيد الحوادث وتوزيع الأدوار بين الفرق. المرجع SOC-2019-8860 · الجهة المعنية: وحدة الالتزام التنظيمي.,وحدة الالتزام التنظيمي,قيد المراجعة
INC-01104,2020-09-03,عالية,نظام التخطيط المؤسسي,حجب خدمة موزع على نظام التخطيط المؤسسي - حائل,تحقيق في هجوم حجب خدمة أثّر على توفر المنصة وخطة الصد. المرجع SOC-2020-2163 · الجهة المعنية: فريق اختبار الاختراق.,فريق اختبار الاختراق,قيد المراجعة
INC-01105,2023-01-30,منخفضة,بوابة المستفيدين,كشف غير مقصود لبيانات شخصية في بوابة المستفيدين,إعداد خاطئ أدى لظهور بيانات شخصية لعدد محدود من المستفيدين. المرجع SOC-2023-1332 · الجهة المعنية: إدارة استمرارية الأعمال.,إدارة استمرارية الأعمال,قيد المعالجة
INC-01106,2025-08-09,عالية,بوابة المستفيدين,ثغرة إعدادات افتراضية غير آمنة في بوابة المستفيدين,تحقيق فني في ثغرة مكتشفة وتقييم قابلية الاستغلال وخطة المعالجة. المرجع SOC-2025-4531 · الجهة المعنية: فريق الاستجابة للحوادث.,فريق الاستجابة للحوادث,قيد المراجعة
INC-01107,2026-04-15,متوسطة,مركز البيانات الرئيسي,مذكرة داخلية عن ضبط صلاحيات مركز البيانات الرئيسي,مذكرة داخلية لتنظيم منح الصلاحيات ومراجعتها الدورية. المرجع SOC-2026-4899 · الجهة المعنية: إدارة أمن المعلومات.,إدارة أمن المعلومات,قيد المعالجة
INC-01108,2024-10-09,متوسطة,منصة المراسلات الرسمية,كشف بيانات اعتماد إدارية في مستودع شيفرة خارجي,تحقيق في نشر بيانات اعتماد تشغيلية بمستودع عام وإجراءات الإبطال. المرجع SOC-2024-7293 · الجهة المعنية: مركز العمليات السيبرانية.,مركز العمليات السيبرانية,قيد المعالجة
INC-01109,2023-04-15,عالية,بوابة الموردين الإلكترونية,تقييم الأثر الاستراتيجي لانقطاع بوابة الموردين الإلكترونية,دراسة استراتيجية لأثر الانقطاع على الالتزامات التعاقدية. المرجع SOC-2023-2386 · الجهة المعنية: إدارة استمرارية الأعمال.,إدارة استمرارية الأعمال,مغلق بعد المراجعة
INC-01110,2024-10-14,عالية,منصة المراسلات الرسمية,حادثة مساس بمتطلبات سيادة البيانات في منصة المراسلات الرسمية,نقل بيانات خارج النطاق المصرح بما يخل بمتطلبات سيادة البيانات. المرجع SOC-2024-4863 · الجهة المعنية: إدارة المخاطر التقنية.,إدارة المخاطر التقنية,قيد المعالجة
INC-01111,2019-11-15,عالية,منصة المراسلات الرسمية,تقييم الأثر الاستراتيجي لانقطاع منصة المراسلات الرسمية,دراسة استراتيجية لأثر الانقطاع على الالتزامات التعاقدية. المرجع SOC-2019-2627 · الجهة المعنية: فريق اختبار الاختراق.,فريق اختبار الاختراق,مغلق بعد المراجعة
INC-01112,2025-09-23,حرجة,بوابة المستفيدين,حادثة مساس بمتطلبات سيادة البيانات في بوابة المستفيدين,نقل بيانات خارج النطاق المصرح بما يخل بمتطلبات سيادة البيانات. المرجع SOC-2025-8460 · الجهة المعنية: إدارة المخاطر التقنية.,إدارة المخاطر التقنية,قيد المعالجة
INC-01113,2023-03-01,عالية,شبكة الاتصالات الداخلية,محاولة اختراق أنظمة التحكم في محطة تحلية مياه,رصد نشاط مجموعة تجسس إلكتروني يستهدف أنظمة تحكم منشأة حيوية وطنية. المرجع SOC-2023-3665 · الجهة المعنية: وحدة الالتزام التنظيمي.,وحدة الالتزام التنظيمي,قيد المعالجة
INC-01114,2026-06-03,متوسطة,نظام إدارة الأصول التقنية,نتائج اختبار اختراق نظام إدارة الأصول التقنية - الربع الثاني 2026,تحقيق هجومي كشف مسارات تنفيذ أوامر عن بُعد قابلة للاستغلال. المرجع SOC-2026-5582 · الجهة المعنية: إدارة حوكمة البيانات.,إدارة حوكمة البيانات,مغلق
INC-01115,2023-07-03,منخفضة,مركز البيانات الاحتياطي,منشور توعوي عن التصيّد الإلكتروني - الخدمات المساندة الربع الأول 2023,منشور توعوي عام يشرح مؤشرات الرسائل المشبوهة للجمهور. المرجع SOC-2023-8606 · الجهة المعنية: مركز العمليات السيبرانية.,مركز العمليات السيبرانية,قيد المعالجة
INC-01116,2026-01-23,متوسطة,نظام الأرشفة الإلكترونية,ثغرة ثغرة في سلسلة الإمداد في نظام الأرشفة الإلكترونية,تحقيق فني في ثغرة مكتشفة وتقييم قابلية الاستغلال وخطة المعالجة. المرجع SOC-2026-4464 · الجهة المعنية: فريق اختبار الاختراق.,فريق اختبار الاختراق,مغلق
INC-01117,2021-07-17,عالية,مركز البيانات الاحتياطي,محاولة وصول غير مصرح إلى مواقع تخزين النسخ الاحتياطية,محاولات متكررة للوصول إلى مواقع تخزين النسخ خارج ساعات العمل. المرجع SOC-2021-2121 · الجهة المعنية: فريق اختبار الاختراق.,فريق اختبار الاختراق,مغلق
INC-01118,2025-12-11,عالية,شبكة الاتصالات الداخلية,تنسيق عمليات أمنية مشتركة بعد حادثة القطيف,إجراءات عمليات أمنية مشتركة مع جهات وطنية عقب الحادثة. المرجع SOC-2025-4110 · الجهة المعنية: إدارة المخاطر التقنية.,إدارة المخاطر التقنية,قيد المراجعة
INC-01119,2022-10-11,متوسطة,نظام النسخ الاحتياطي المركزي,محاولة وصول غير مصرح إلى مواقع تخزين النسخ الاحتياطية,محاولات متكررة للوصول إلى مواقع تخزين النسخ خارج ساعات العمل. المرجع SOC-2022-3234 · الجهة المعنية: إدارة حوكمة البيانات.,إدارة حوكمة البيانات,قيد المعالجة
INC-01120,2025-08-01,متوسطة,شبكة الربط الحكومي,اختراق في سلسلة الإمداد عبر مكوّن طرف ثالث (2025),تحقيق في مكوّن مورد يحتوي شيفرة غير موثوقة داخل بيئة الإنتاج. المرجع SOC-2025-5318 · الجهة المعنية: إدارة حوكمة البيانات.,إدارة حوكمة البيانات,مصعّد
INC-01121,2021-03-31,متوسطة,نظام التحقق الرقمي,مذكرة داخلية عن ضبط صلاحيات نظام التحقق الرقمي,مذكرة داخلية لتنظيم منح الصلاحيات ومراجعتها الدورية. المرجع SOC-2021-2775 · الجهة المعنية: إدارة حوكمة البيانات.,إدارة حوكمة البيانات,قيد المعالجة
INC-01122,2025-02-20,متوسطة,منصة التوثيق الإلكتروني,هجوم فدية على منصة التوثيق الإلكتروني - سكاكا,قضية ابتزاز إلكتروني قيد المعالجة مع تقييم أثر التوقف التشغيلي. المرجع SOC-2025-1585 · الجهة المعنية: إدارة أمن المعلومات.,إدارة أمن المعلومات,مصعّد
INC-01123,2026-01-21,متوسطة,بوابة الموردين الإلكترونية,نتائج اختبار اختراق بوابة الموردين الإلكترونية - الربع الأول 2026,تحقيق هجومي كشف مسارات كشف بيانات حساسة قابلة للاستغلال. المرجع SOC-2026-1987 · الجهة المعنية: إدارة المخاطر التقنية.,إدارة المخاطر التقنية,مغلق
INC-01124,2023-08-22,عالية,منصة التحليلات المؤسسية,حجب خدمة موزع على منصة التحليلات المؤسسية - الدمام,تحقيق في هجوم حجب خدمة أثّر على توفر المنصة وخطة الصد. المرجع SOC-2023-5476 · الجهة المعنية: فريق اختبار الاختراق.,فريق اختبار الاختراق,قيد المراجعة
INC-01125,2022-04-23,عالية,شبكة الاتصالات الداخلية,رصد تحركات القوات في بيانات تتبع مسربة,ظهور بيانات تحركات القوات ضمن مجموعة بيانات مسربة قيد الفحص. المرجع SOC-2022-3208 · الجهة المعنية: إدارة استمرارية الأعمال.,إدارة استمرارية الأعمال,مصعّد
INC-01126,2024-09-10,متوسطة,بوابة الموردين الإلكترونية,مؤشرات اختراق مستمرة في شريحة الشبكة 58,نشاط مستمر غير مفسر داخل شريحة إنتاجية وخطة الاحتواء المرحلية. المرجع SOC-2024-2432 · الجهة المعنية: إدارة حوكمة البيانات.,إدارة حوكمة البيانات,قيد المعالجة
INC-01127,2019-01-14,عالية,منصة الخدمات الحكومية الموحدة,ثغرة تجاوز مصادقة في منصة الخدمات الحكومية الموحدة,تحقيق فني في ثغرة مكتشفة وتقييم قابلية الاستغلال وخطة المعالجة. المرجع SOC-2019-8054 · الجهة المعنية: مركز العمليات السيبرانية.,مركز العمليات السيبرانية,قيد المعالجة
INC-01128,2022-11-21,متوسطة,منصة المراسلات الرسمية,مراجعة ما بعد الحادثة لمنصة المراسلات الرسمية,مراجعة تفصيلية لأسباب جذرية وثغرات ضبط لم تُعالج بعد. المرجع SOC-2022-4752 · الجهة المعنية: إدارة استمرارية الأعمال.,إدارة استمرارية الأعمال,مغلق
INC-01129,2024-11-12,متوسطة,نظام إدارة الأصول التقنية,ثغرة رفع صلاحيات في نظام إدارة الأصول التقنية,تحقيق فني في ثغرة مكتشفة وتقييم قابلية الاستغلال وخطة المعالجة. المرجع SOC-2024-5353 · الجهة المعنية: فريق الاستجابة للحوادث.,فريق الاستجابة للحوادث,قيد المعالجة
INC-01130,2024-08-28,عالية,منصة المراسلات الرسمية,نتائج اختبار اختراق منصة المراسلات الرسمية - الربع الأول 2024,تحقيق هجومي كشف مسارات ثغرة في سلسلة الإمداد قابلة للاستغلال. المرجع SOC-2024-6246 · الجهة المعنية: فريق اختبار الاختراق.,فريق اختبار الاختراق,مصعّد
INC-01131,2019-12-31,متوسطة,منصة التحليلات المؤسسية,اختراق في سلسلة الإمداد عبر مكوّن طرف ثالث (2019),تحقيق في مكوّن مورد يحتوي شيفرة غير موثوقة داخل بيئة الإنتاج. المرجع SOC-2019-2384 · الجهة المعنية: وحدة الالتزام التنظيمي.,وحدة الالتزام التنظيمي,مصعّد
INC-01132,2019-10-16,متوسطة,نظام التخطيط المؤسسي,ثغرة تنفيذ أوامر عن بُعد في نظام التخطيط المؤسسي,تحقيق فني في ثغرة مكتشفة وتقييم قابلية الاستغلال وخطة المعالجة. المرجع SOC-2019-3760 · الجهة المعنية: إدارة استمرارية الأعمال.,إدارة استمرارية الأعمال,مغلق بعد المراجعة
INC-01133,2019-05-24,متوسطة,نظام التحقق الرقمي,ثغرة كشف بيانات حساسة في نظام التحقق الرقمي,تحقيق فني في ثغرة مكتشفة وتقييم قابلية الاستغلال وخطة المعالجة. المرجع SOC-2019-3773 · الجهة المعنية: وحدة الالتزام التنظيمي.,وحدة الالتزام التنظيمي,مغلق
INC-01134,2022-08-13,عالية,نظام التخطيط المؤسسي,نتائج اختبار اختراق نظام التخطيط المؤسسي - الربع الرابع 2022,تحقيق هجومي كشف مسارات ضعف في تشفير القنوات قابلة للاستغلال. المرجع SOC-2022-8462 · الجهة المعنية: فريق اختبار الاختراق.,فريق اختبار الاختراق,مغلق بعد المراجعة
INC-01135,2023-07-29,حرجة,منصة الاجتماعات المؤمّنة,تنسيق عمليات أمنية مشتركة بعد حادثة سكاكا,إجراءات عمليات أمنية مشتركة مع جهات وطنية عقب الحادثة. المرجع SOC-2023-8077 · الجهة المعنية: إدارة المخاطر التقنية.,إدارة المخاطر التقنية,مصعّد
INC-01136,2022-05-19,عالية,شبكة الاتصالات الداخلية,حجب خدمة موزع على شبكة الاتصالات الداخلية - نجران,تحقيق في هجوم حجب خدمة أثّر على توفر المنصة وخطة الصد. المرجع SOC-2022-3808 · الجهة المعنية: إدارة حوكمة البيانات.,إدارة حوكمة البيانات,قيد المراجعة
INC-01137,2026-01-04,متوسطة,نظام إدارة العقود,محاولة وصول غير مصرح إلى مواقع تخزين النسخ الاحتياطية,محاولات متكررة للوصول إلى مواقع تخزين النسخ خارج ساعات العمل. المرجع SOC-2026-9587 · الجهة المعنية: مركز العمليات السيبرانية.,مركز العمليات السيبرانية,قيد المراجعة
INC-01138,2025-07-24,عالية,نظام إدارة العقود,إساءة استخدام صلاحيات إدارية في نظام إدارة العقود,تحقيق في استخدام حساب إداري للوصول إلى سجلات خارج نطاق العمل. المرجع SOC-2025-4032 · الجهة المعنية: فريق الاستجابة للحوادث.,فريق الاستجابة للحوادث,قيد المراجعة
INC-01139,2026-02-21,عالية,نظام التخطيط المؤسسي,مراجعة ما بعد الحادثة لنظام التخطيط المؤسسي,مراجعة تفصيلية لأسباب جذرية وثغرات ضبط لم تُعالج بعد. المرجع SOC-2026-1556 · الجهة المعنية: فريق اختبار الاختراق.,فريق اختبار الاختراق,قيد المعالجة
INC-01140,2020-05-12,منخفضة,نظام إدارة الأصول التقنية,إحصاءات جاهزية الأمن السيبراني المعلنة - قطاع الأعمال المؤسسية 2020,إحصاءات مجمّعة معلنة عن مؤشرات الجاهزية دون تفاصيل تشغيلية. المرجع SOC-2020-6018 · الجهة المعنية: وحدة الالتزام التنظيمي.,وحدة الالتزام التنظيمي,مغلق بعد المراجعة
INC-01141,2021-05-14,عالية,منصة تبادل البيانات الوطنية,تقييم الأثر الاستراتيجي لانقطاع منصة تبادل البيانات الوطنية,دراسة استراتيجية لأثر الانقطاع على الالتزامات التعاقدية. المرجع SOC-2021-1704 · الجهة المعنية: إدارة المخاطر التقنية.,إدارة المخاطر التقنية,قيد المراجعة
INC-01142,2022-06-12,عالية,نظام إدارة الأصول التقنية,اشتباه تسريب مفاتيح التشفير الخاصة بنظام إدارة الأصول التقنية,مؤشرات على كشف مفاتيح التشفير المستخدمة في حماية قنوات وطنية. المرجع SOC-2022-3413 · الجهة المعنية: إدارة المخاطر التقنية.,إدارة المخاطر التقنية,مغلق بعد المراجعة
INC-01143,2019-11-20,عالية,نظام إدارة العقود,تقييم الأثر الاستراتيجي لانقطاع نظام إدارة العقود,دراسة استراتيجية لأثر الانقطاع على الالتزامات التعاقدية. المرجع SOC-2019-4621 · الجهة المعنية: إدارة المخاطر التقنية.,إدارة المخاطر التقنية,مغلق بعد المراجعة
INC-01144,2021-11-01,عالية,بوابة المستفيدين,قضية احتيال إلكتروني على بوابة المدفوعات (2021),قضية احتيال قيد المتابعة مع الجهات المختصة وتقدير الخسارة. المرجع SOC-2021-9052 · الجهة المعنية: وحدة الالتزام التنظيمي.,وحدة الالتزام التنظيمي,مغلق
INC-01145,2021-03-24,عالية,بوابة المدفوعات الوطنية,خطة الاستجابة الاستراتيجية لحوادث قطاع العمليات,خطة استراتيجية لتصعيد الحوادث وتوزيع الأدوار بين الفرق. المرجع SOC-2021-7655 · الجهة المعنية: وحدة الالتزام التنظيمي.,وحدة الالتزام التنظيمي,مغلق بعد المراجعة
INC-01146,2019-05-18,عالية,منصة الاجتماعات المؤمّنة,اختراق في سلسلة الإمداد عبر مكوّن طرف ثالث (2019),تحقيق في مكوّن مورد يحتوي شيفرة غير موثوقة داخل بيئة الإنتاج. المرجع SOC-2019-9579 · الجهة المعنية: إدارة المخاطر التقنية.,إدارة المخاطر التقنية,مغلق بعد المراجعة
INC-01147,2023-12-26,عالية,نظام إدارة الهوية المركزي,نتائج اختبار اختراق نظام إدارة الهوية المركزي - الربع الثالث 2023,تحقيق هجومي كشف مسارات ثغرة في سلسلة الإمداد قابلة للاستغلال. المرجع SOC-2023-2090 · الجهة المعنية: إدارة أمن المعلومات.,إدارة أمن المعلومات,قيد المعالجة
INC-01148,2023-07-04,متوسطة,نظام إدارة الهوية المركزي,ثغرة تنفيذ أوامر عن بُعد في نظام إدارة الهوية المركزي,تحقيق فني في ثغرة مكتشفة وتقييم قابلية الاستغلال وخطة المعالجة. المرجع SOC-2023-7860 · الجهة المعنية: إدارة استمرارية الأعمال.,إدارة استمرارية الأعمال,مصعّد
INC-01149,2020-08-30,عالية,بوابة الموردين الإلكترونية,تقييم الأثر الاستراتيجي لانقطاع بوابة الموردين الإلكترونية,دراسة استراتيجية لأثر الانقطاع على الالتزامات التعاقدية. المرجع SOC-2020-1974 · الجهة المعنية: إدارة أمن المعلومات.,إدارة أمن المعلومات,مغلق بعد المراجعة
INC-01150,2020-12-26,منخفضة,نظام إدارة العقود,منشور توعوي عن التصيّد الإلكتروني - المشتريات الربع الثاني 2020,منشور توعوي عام يشرح مؤشرات الرسائل المشبوهة للجمهور. المرجع SOC-2020-8738 · الجهة المعنية: إدارة المخاطر التقنية.,إدارة المخاطر التقنية,مغلق
INC-01151,2021-01-22,عالية,منصة المراسلات الرسمية,حجب خدمة موزع على منصة المراسلات الرسمية - خميس مشيط,تحقيق في هجوم حجب خدمة أثّر على توفر المنصة وخطة الصد. المرجع SOC-2021-4985 · الجهة المعنية: إدارة استمرارية الأعمال.,إدارة استمرارية الأعمال,قيد المعالجة
INC-01152,2026-03-08,عالية,نظام الأرشفة الإلكترونية,خطة الاستجابة الاستراتيجية لحوادث قطاع الشراكات,خطة استراتيجية لتصعيد الحوادث وتوزيع الأدوار بين الفرق. المرجع SOC-2026-4073 · الجهة المعنية: إدارة أمن المعلومات.,إدارة أمن المعلومات,قيد المراجعة
INC-01153,2019-05-18,متوسطة,بوابة المستفيدين,محاولة وصول غير مصرح إلى مواقع تخزين النسخ الاحتياطية,محاولات متكررة للوصول إلى مواقع تخزين النسخ خارج ساعات العمل. المرجع SOC-2019-9895 · الجهة المعنية: فريق اختبار الاختراق.,فريق اختبار الاختراق,قيد المعالجة
INC-01154,2020-07-25,منخفضة,منصة التحليلات المؤسسية,مشاركة مخطط الشبكة مع مورد دون تصريح,إرسال مخطط الشبكة الداخلية لمورد خارج قناة الاعتماد. المرجع SOC-2020-8833 · الجهة المعنية: فريق اختبار الاختراق.,فريق اختبار الاختراق,مغلق بعد المراجعة
INC-01155,2021-08-30,متوسطة,منصة تبادل البيانات الوطنية,اختراق في سلسلة الإمداد عبر مكوّن طرف ثالث (2021),تحقيق في مكوّن مورد يحتوي شيفرة غير موثوقة داخل بيئة الإنتاج. المرجع SOC-2021-4850 · الجهة المعنية: مركز العمليات السيبرانية.,مركز العمليات السيبرانية,قيد المعالجة
INC-01156,2022-03-25,عالية,نظام النسخ الاحتياطي المركزي,نتائج اختبار اختراق نظام النسخ الاحتياطي المركزي - الربع الثالث 2022,تحقيق هجومي كشف مسارات حقن أوامر قابلة للاستغلال. المرجع SOC-2022-9428 · الجهة المعنية: إدارة حوكمة البيانات.,إدارة حوكمة البيانات,مغلق بعد المراجعة
INC-01157,2022-09-27,متوسطة,منصة التوثيق الإلكتروني,نتائج اختبار اختراق منصة التوثيق الإلكتروني - الربع الرابع 2022,تحقيق هجومي كشف مسارات تنفيذ أوامر عن بُعد قابلة للاستغلال. المرجع SOC-2022-3102 · الجهة المعنية: وحدة الالتزام التنظيمي.,وحدة الالتزام التنظيمي,قيد المعالجة
INC-01158,2025-07-24,عالية,منصة تبادل البيانات الوطنية,خطة الاستجابة الاستراتيجية لحوادث قطاع التقنية والمشاريع,خطة استراتيجية لتصعيد الحوادث وتوزيع الأدوار بين الفرق. المرجع SOC-2025-7735 · الجهة المعنية: مركز العمليات السيبرانية.,مركز العمليات السيبرانية,قيد المعالجة
INC-01159,2025-03-28,متوسطة,نظام الأرشفة الإلكترونية,مؤشرات اختراق مستمرة في شريحة الشبكة 73,نشاط مستمر غير مفسر داخل شريحة إنتاجية وخطة الاحتواء المرحلية. المرجع SOC-2025-1639 · الجهة المعنية: وحدة الالتزام التنظيمي.,وحدة الالتزام التنظيمي,مغلق بعد المراجعة
INC-01160,2023-02-06,عالية,مركز البيانات الرئيسي,اختراق في سلسلة الإمداد عبر مكوّن طرف ثالث (2023),تحقيق في مكوّن مورد يحتوي شيفرة غير موثوقة داخل بيئة الإنتاج. المرجع SOC-2023-6012 · الجهة المعنية: إدارة المخاطر التقنية.,إدارة المخاطر التقنية,قيد المعالجة
INC-01161,2026-05-23,عالية,نظام الأرشفة الإلكترونية,حادثة مساس بمتطلبات سيادة البيانات في نظام الأرشفة الإلكترونية,نقل بيانات خارج النطاق المصرح بما يخل بمتطلبات سيادة البيانات. المرجع SOC-2026-5301 · الجهة المعنية: فريق الاستجابة للحوادث.,فريق الاستجابة للحوادث,مصعّد
INC-01162,2025-12-08,متوسطة,نظام إدارة الهوية المركزي,تقييم الأثر الاستراتيجي لانقطاع نظام إدارة الهوية المركزي,دراسة استراتيجية لأثر الانقطاع على الالتزامات التعاقدية. المرجع SOC-2025-9853 · الجهة المعنية: فريق الاستجابة للحوادث.,فريق الاستجابة للحوادث,مصعّد
INC-01163,2022-12-22,عالية,نظام إدارة الهوية المركزي,تقييم الأثر الاستراتيجي لانقطاع نظام إدارة الهوية المركزي,دراسة استراتيجية لأثر الانقطاع على الالتزامات التعاقدية. المرجع SOC-2022-1676 · الجهة المعنية: إدارة حوكمة البيانات.,إدارة حوكمة البيانات,مصعّد
INC-01164,2022-03-19,عالية,نظام التحقق الرقمي,ثغرة تنفيذ أوامر عن بُعد في نظام التحقق الرقمي,تحقيق فني في ثغرة مكتشفة وتقييم قابلية الاستغلال وخطة المعالجة. المرجع SOC-2022-7998 · الجهة المعنية: إدارة استمرارية الأعمال.,إدارة استمرارية الأعمال,مصعّد
INC-01165,2024-06-04,عالية,بوابة المدفوعات الوطنية,حجب خدمة موزع على بوابة المدفوعات الوطنية - حائل,تحقيق في هجوم حجب خدمة أثّر على توفر المنصة وخطة الصد. المرجع SOC-2024-6071 · الجهة المعنية: فريق اختبار الاختراق.,فريق اختبار الاختراق,مصعّد
INC-01166,2019-05-08,حرجة,شبكة الاتصالات الداخلية,تهديد بتعطيل منظومة ذات استخدام عسكري مساند,بلاغ عن استهداف منظومة عسكري الاستخدام مرتبطة بالجهة. المرجع SOC-2019-3509 · الجهة المعنية: إدارة أمن المعلومات.,إدارة أمن المعلومات,مغلق بعد المراجعة
INC-01167,2021-07-26,عالية,مركز البيانات الاحتياطي,محاولة وصول غير مصرح إلى مواقع تخزين النسخ الاحتياطية,محاولات متكررة للوصول إلى مواقع تخزين النسخ خارج ساعات العمل. المرجع SOC-2021-5617 · الجهة المعنية: إدارة حوكمة البيانات.,إدارة حوكمة البيانات,مغلق بعد المراجعة
INC-01168,2023-08-12,عالية,بوابة المدفوعات الوطنية,اختراق في سلسلة الإمداد عبر مكوّن طرف ثالث (2023),تحقيق في مكوّن مورد يحتوي شيفرة غير موثوقة داخل بيئة الإنتاج. المرجع SOC-2023-2989 · الجهة المعنية: إدارة أمن المعلومات.,إدارة أمن المعلومات,مصعّد
INC-01169,2019-11-12,عالية,شبكة الاتصالات الداخلية,كشف بيانات اعتماد إدارية في مستودع شيفرة خارجي,تحقيق في نشر بيانات اعتماد تشغيلية بمستودع عام وإجراءات الإبطال. المرجع SOC-2019-5115 · الجهة المعنية: إدارة استمرارية الأعمال.,إدارة استمرارية الأعمال,قيد المعالجة
INC-01170,2024-11-03,متوسطة,نظام الأرشفة الإلكترونية,حجب خدمة موزع على نظام الأرشفة الإلكترونية - القطيف,تحقيق في هجوم حجب خدمة أثّر على توفر المنصة وخطة الصد. المرجع SOC-2024-2018 · الجهة المعنية: مركز العمليات السيبرانية.,مركز العمليات السيبرانية,مغلق
INC-01171,2021-01-31,متوسطة,نظام التخطيط المؤسسي,مؤشرات اختراق مستمرة في شريحة الشبكة 39,نشاط مستمر غير مفسر داخل شريحة إنتاجية وخطة الاحتواء المرحلية. المرجع SOC-2021-6364 · الجهة المعنية: إدارة حوكمة البيانات.,إدارة حوكمة البيانات,مغلق
INC-01172,2026-05-18,عالية,نظام التحقق الرقمي,حجب خدمة موزع على نظام التحقق الرقمي - تبوك,تحقيق في هجوم حجب خدمة أثّر على توفر المنصة وخطة الصد. المرجع SOC-2026-2829 · الجهة المعنية: فريق اختبار الاختراق.,فريق اختبار الاختراق,قيد المعالجة
INC-01173,2019-03-02,متوسطة,منصة الاجتماعات المؤمّنة,محاولة وصول غير مصرح إلى مواقع تخزين النسخ الاحتياطية,محاولات متكررة للوصول إلى مواقع تخزين النسخ خارج ساعات العمل. المرجع SOC-2019-3032 · الجهة المعنية: إدارة استمرارية الأعمال.,إدارة استمرارية الأعمال,مصعّد
INC-01174,2021-09-03,عالية,نظام النسخ الاحتياطي المركزي,تقرير استخبارات تهديد عن حملة تستهدف نظام النسخ الاحتياطي المركزي,تحليل استخبارات مصادر مفتوحة ومغلقة لحملة موجهة ضد جهات وطنية. المرجع SOC-2021-9673 · الجهة المعنية: فريق اختبار الاختراق.,فريق اختبار الاختراق,قيد المراجعة
INC-01175,2023-08-05,متوسطة,نظام إدارة العقود,حجب خدمة موزع على نظام إدارة العقود - حائل,تحقيق في هجوم حجب خدمة أثّر على توفر المنصة وخطة الصد. المرجع SOC-2023-2803 · الجهة المعنية: إدارة المخاطر التقنية.,إدارة المخاطر التقنية,قيد المعالجة
INC-01176,2024-11-05,عالية,بوابة الموردين الإلكترونية,هجوم فدية على بوابة الموردين الإلكترونية - أبها,قضية ابتزاز إلكتروني قيد المعالجة مع تقييم أثر التوقف التشغيلي. المرجع SOC-2024-9841 · الجهة المعنية: إدارة أمن المعلومات.,إدارة أمن المعلومات,مصعّد
INC-01177,2019-10-07,منخفضة,بوابة المدفوعات الوطنية,كشف غير مقصود لبيانات شخصية في بوابة المدفوعات الوطنية,إعداد خاطئ أدى لظهور بيانات شخصية لعدد محدود من المستفيدين. المرجع SOC-2019-5611 · الجهة المعنية: فريق الاستجابة للحوادث.,فريق الاستجابة للحوادث,قيد المراجعة
INC-01178,2019-07-01,عالية,بوابة المستفيدين,تنسيق عمليات أمنية مشتركة بعد حادثة سكاكا,إجراءات عمليات أمنية مشتركة مع جهات وطنية عقب الحادثة. المرجع SOC-2019-8131 · الجهة المعنية: مركز العمليات السيبرانية.,مركز العمليات السيبرانية,قيد المعالجة
INC-01179,2022-04-12,متوسطة,نظام الأرشفة الإلكترونية,اختراق في سلسلة الإمداد عبر مكوّن طرف ثالث (2022),تحقيق في مكوّن مورد يحتوي شيفرة غير موثوقة داخل بيئة الإنتاج. المرجع SOC-2022-1304 · الجهة المعنية: وحدة الالتزام التنظيمي.,وحدة الالتزام التنظيمي,مغلق بعد المراجعة
INC-01180,2019-12-21,متوسطة,نظام إدارة العقود,بلاغ عن ضياع جهاز يحتوي بيانات هوية منسوبين,فقدان جهاز محمول يحتوي ملفات بها بيانات هوية وتواصل. المرجع SOC-2019-5449 · الجهة المعنية: إدارة استمرارية الأعمال.,إدارة استمرارية الأعمال,قيد المعالجة
INC-01181,2020-09-06,عالية,منصة تبادل البيانات الوطنية,كشف بيانات اعتماد إدارية في مستودع شيفرة خارجي,تحقيق في نشر بيانات اعتماد تشغيلية بمستودع عام وإجراءات الإبطال. المرجع SOC-2020-9970 · الجهة المعنية: إدارة حوكمة البيانات.,إدارة حوكمة البيانات,مغلق
INC-01182,2021-09-29,حرجة,نظام إدارة الهوية المركزي,حادثة رقم NSI-2021-578 - تصنيف اللجنة العليا,حادثة مصعّدة للجنة العليا لارتباطها بمواقع وطنية محددة. المرجع SOC-2021-4166 · الجهة المعنية: إدارة استمرارية الأعمال.,إدارة استمرارية الأعمال,قيد المراجعة
INC-01183,2026-02-02,عالية,نظام النسخ الاحتياطي المركزي,تسريب مستندات تفاوضية من نظام النسخ الاحتياطي المركزي,تحقيق في تسريب مستندات ذات قيمة تنافسية إلى خارج الجهة. المرجع SOC-2026-7575 · الجهة المعنية: وحدة الالتزام التنظيمي.,وحدة الالتزام التنظيمي,قيد المعالجة
INC-01184,2023-04-19,عالية,بوابة المستفيدين,إنذار أمني بشأن منشأة نووي الاستخدام المدني في الرياض,إنذار تقني مرتبط بأنظمة منشأة نووي الاستخدام المدني. المرجع SOC-2023-4106 · الجهة المعنية: مركز العمليات السيبرانية.,مركز العمليات السيبرانية,مغلق بعد المراجعة
INC-01185,2019-06-19,عالية,بوابة المستفيدين,تقييم الأثر الاستراتيجي لانقطاع بوابة المستفيدين,دراسة استراتيجية لأثر الانقطاع على الالتزامات التعاقدية. المرجع SOC-2019-1061 · الجهة المعنية: فريق الاستجابة للحوادث.,فريق الاستجابة للحوادث,مصعّد
INC-01186,2021-09-22,متوسطة,شبكة الربط الحكومي,هجوم فدية على شبكة الربط الحكومي - جازان,قضية ابتزاز إلكتروني قيد المعالجة مع تقييم أثر التوقف التشغيلي. المرجع SOC-2021-1784 · الجهة المعنية: إدارة حوكمة البيانات.,إدارة حوكمة البيانات,قيد المراجعة
INC-01187,2022-04-29,عالية,نظام النسخ الاحتياطي المركزي,نتائج اختبار اختراق نظام النسخ الاحتياطي المركزي - الربع الرابع 2022,تحقيق هجومي كشف مسارات إعدادات افتراضية غير آمنة قابلة للاستغلال. المرجع SOC-2022-1513 · الجهة المعنية: إدارة المخاطر التقنية.,إدارة المخاطر التقنية,مغلق
INC-01188,2019-10-21,متوسطة,نظام إدارة العقود,قضية احتيال إلكتروني على بوابة المدفوعات (2019),قضية احتيال قيد المتابعة مع الجهات المختصة وتقدير الخسارة. المرجع SOC-2019-5208 · الجهة المعنية: فريق الاستجابة للحوادث.,فريق الاستجابة للحوادث,مغلق بعد المراجعة
INC-01189,2019-06-30,عالية,نظام الأرشفة الإلكترونية,تقييم الأثر الاستراتيجي لانقطاع نظام الأرشفة الإلكترونية,دراسة استراتيجية لأثر الانقطاع على الالتزامات التعاقدية. المرجع SOC-2019-1355 · الجهة المعنية: وحدة الالتزام التنظيمي.,وحدة الالتزام التنظيمي,مغلق
INC-01190,2021-03-12,متوسطة,نظام التحقق الرقمي,كشف بيانات اعتماد إدارية في مستودع شيفرة خارجي,تحقيق في نشر بيانات اعتماد تشغيلية بمستودع عام وإجراءات الإبطال. المرجع SOC-2021-3961 · الجهة المعنية: إدارة حوكمة البيانات.,إدارة حوكمة البيانات,مغلق
INC-01191,2021-07-19,عالية,منصة التحليلات المؤسسية,اشتباه اختراق مرتبط بمواقع تخزين أسلحة خاضعة للرقابة,محاولة وصول إلى سجلات مواقع أسلحة ومواد خاضعة للرقابة. المرجع SOC-2021-8300 · الجهة المعنية: فريق اختبار الاختراق.,فريق اختبار الاختراق,مصعّد
INC-01192,2019-06-25,متوسطة,بوابة المدفوعات الوطنية,محاولة وصول غير مصرح إلى مواقع تخزين النسخ الاحتياطية,محاولات متكررة للوصول إلى مواقع تخزين النسخ خارج ساعات العمل. المرجع SOC-2019-1484 · الجهة المعنية: فريق الاستجابة للحوادث.,فريق الاستجابة للحوادث,مغلق
INC-01193,2025-05-13,حرجة,شبكة الربط الحكومي,تنسيق عمليات أمنية مشتركة بعد حادثة بريدة,إجراءات عمليات أمنية مشتركة مع جهات وطنية عقب الحادثة. المرجع SOC-2025-7562 · الجهة المعنية: فريق الاستجابة للحوادث.,فريق الاستجابة للحوادث,قيد المراجعة
INC-01194,2019-11-26,عالية,منصة التحليلات المؤسسية,قضية احتيال إلكتروني على بوابة المدفوعات (2019),قضية احتيال قيد المتابعة مع الجهات المختصة وتقدير الخسارة. المرجع SOC-2019-2553 · الجهة المعنية: إدارة أمن المعلومات.,إدارة أمن المعلومات,مغلق بعد المراجعة
INC-01195,2021-10-12,عالية,منصة التحليلات المؤسسية,رصد تحركات القوات في بيانات تتبع مسربة,ظهور بيانات تحركات القوات ضمن مجموعة بيانات مسربة قيد الفحص. المرجع SOC-2021-1774 · الجهة المعنية: إدارة استمرارية الأعمال.,إدارة استمرارية الأعمال,مصعّد
INC-01196,2020-09-05,عالية,نظام إدارة الهوية المركزي,قضية احتيال إلكتروني على بوابة المدفوعات (2020),قضية احتيال قيد المتابعة مع الجهات المختصة وتقدير الخسارة. المرجع SOC-2020-7329 · الجهة المعنية: إدارة أمن المعلومات.,إدارة أمن المعلومات,قيد المراجعة
INC-01197,2022-09-30,حرجة,شبكة الربط الحكومي,رصد تحركات القوات في بيانات تتبع مسربة,ظهور بيانات تحركات القوات ضمن مجموعة بيانات مسربة قيد الفحص. المرجع SOC-2022-2281 · الجهة المعنية: مركز العمليات السيبرانية.,,مصعّد
INC-01198,2023-11-03,عالية,مركز البيانات الرئيسي,اختراق في سلسلة الإمداد عبر مكوّن طرف ثالث (2023),تحقيق في مكوّن مورد يحتوي شيفرة غير موثوقة داخل بيئة الإنتاج. المرجع SOC-2023-3369 · الجهة المعنية: إدارة أمن المعلومات.,إدارة أمن المعلومات,مغلق
INC-01199,2021-07-21,منخفضة,بوابة المدفوعات الوطنية,منشور توعوي عن التصيّد الإلكتروني - التشغيل الربع الأول 2021,منشور توعوي عام يشرح مؤشرات الرسائل المشبوهة للجمهور. المرجع SOC-2021-9530 · الجهة المعنية: إدارة استمرارية الأعمال.,إدارة استمرارية الأعمال,قيد المراجعة
INC-01200,2025-08-16,متوسطة,نظام الأرشفة الإلكترونية,ثغرة تجاوز مصادقة في نظام الأرشفة الإلكترونية,تحقيق فني في ثغرة مكتشفة وتقييم قابلية الاستغلال وخطة المعالجة. المرجع SOC-2025-6877 · الجهة المعنية: فريق اختبار الاختراق.,فريق اختبار الاختراق,مغلق
INC-01201,2023-08-10,عالية,مركز البيانات الاحتياطي,اختراق في سلسلة الإمداد عبر مكوّن طرف ثالث (2023),تحقيق في مكوّن مورد يحتوي شيفرة غير موثوقة داخل بيئة الإنتاج. المرجع SOC-2023-4576 · الجهة المعنية: فريق الاستجابة للحوادث.,فريق الاستجابة للحوادث,قيد المعالجة
INC-01202,2023-08-11,عالية,منصة التحليلات المؤسسية,تسريب مستندات تفاوضية من منصة التحليلات المؤسسية,تحقيق في تسريب مستندات ذات قيمة تنافسية إلى خارج الجهة. المرجع SOC-2023-5719 · الجهة المعنية: إدارة المخاطر التقنية.,إدارة المخاطر التقنية,مغلق
INC-01203,2019-07-01,متوسطة,نظام الأرشفة الإلكترونية,إساءة استخدام صلاحيات إدارية في نظام الأرشفة الإلكترونية,تحقيق في استخدام حساب إداري للوصول إلى سجلات خارج نطاق العمل. المرجع SOC-2019-1050 · الجهة المعنية: مركز العمليات السيبرانية.,مركز العمليات السيبرانية,مصعّد
INC-01204,2021-01-12,حرجة,منصة المراسلات الرسمية,إنذار أمني بشأن منشأة نووي الاستخدام المدني في الرياض,إنذار تقني مرتبط بأنظمة منشأة نووي الاستخدام المدني. المرجع SOC-2021-9427 · الجهة المعنية: وحدة الالتزام التنظيمي.,وحدة الالتزام التنظيمي,مغلق
INC-01205,2024-05-17,عالية,نظام إدارة الأصول التقنية,هجوم فدية على نظام إدارة الأصول التقنية - مكة المكرمة,قضية ابتزاز إلكتروني قيد المعالجة مع تقييم أثر التوقف التشغيلي. المرجع SOC-2024-8937 · الجهة المعنية: إدارة المخاطر التقنية.,,مغلق بعد المراجعة
INC-01206,2023-10-25,عالية,مركز البيانات الرئيسي,ثغرة ضعف في تشفير القنوات في مركز البيانات الرئيسي,تحقيق فني في ثغرة مكتشفة وتقييم قابلية الاستغلال وخطة المعالجة. المرجع SOC-2023-8734 · الجهة المعنية: إدارة حوكمة البيانات.,إدارة حوكمة البيانات,مغلق
INC-01207,2024-10-28,متوسطة,منصة الاجتماعات المؤمّنة,اختراق في سلسلة الإمداد عبر مكوّن طرف ثالث (2024),تحقيق في مكوّن مورد يحتوي شيفرة غير موثوقة داخل بيئة الإنتاج. المرجع SOC-2024-5799 · الجهة المعنية: إدارة المخاطر التقنية.,إدارة المخاطر التقنية,مغلق
INC-01208,2025-04-08,متوسطة,بوابة المدفوعات الوطنية,تسريب مستندات تفاوضية من بوابة المدفوعات الوطنية,تحقيق في تسريب مستندات ذات قيمة تنافسية إلى خارج الجهة. المرجع SOC-2025-6241 · الجهة المعنية: إدارة استمرارية الأعمال.,إدارة استمرارية الأعمال,قيد المعالجة
INC-01209,2025-01-21,عالية,شبكة الربط الحكومي,كشف بيانات اعتماد إدارية في مستودع شيفرة خارجي,تحقيق في نشر بيانات اعتماد تشغيلية بمستودع عام وإجراءات الإبطال. المرجع SOC-2025-3551 · الجهة المعنية: فريق اختبار الاختراق.,فريق اختبار الاختراق,مغلق بعد المراجعة
INC-01210,2019-01-22,حرجة,منصة الخدمات الحكومية الموحدة,محاولة اختراق أنظمة التحكم في مصفاة بترولية,رصد نشاط جهة تهديد داخلية يستهدف أنظمة تحكم منشأة حيوية وطنية. المرجع SOC-2019-7171 · الجهة المعنية: إدارة استمرارية الأعمال.,إدارة استمرارية الأعمال,قيد المعالجة
INC-01211,2024-01-15,متوسطة,نظام إدارة الأصول التقنية,خطة الاستجابة الاستراتيجية لحوادث قطاع الخدمات الرقمية,خطة استراتيجية لتصعيد الحوادث وتوزيع الأدوار بين الفرق. المرجع SOC-2024-4792 · الجهة المعنية: فريق اختبار الاختراق.,فريق اختبار الاختراق,مغلق بعد المراجعة
INC-01212,2020-08-13,متوسطة,نظام إدارة العقود,اختراق في سلسلة الإمداد عبر مكوّن طرف ثالث (2020),تحقيق في مكوّن مورد يحتوي شيفرة غير موثوقة داخل بيئة الإنتاج. المرجع SOC-2020-6791 · الجهة المعنية: إدارة أمن المعلومات.,إدارة أمن المعلومات,قيد المراجعة
INC-01213,2021-12-22,عالية,بوابة الموردين الإلكترونية,محاولة وصول غير مصرح إلى مواقع تخزين النسخ الاحتياطية,محاولات متكررة للوصول إلى مواقع تخزين النسخ خارج ساعات العمل. المرجع SOC-2021-6876 · الجهة المعنية: وحدة الالتزام التنظيمي.,وحدة الالتزام التنظيمي,مصعّد
INC-01214,2021-01-15,منخفضة,بوابة المدفوعات الوطنية,بلاغ عن ضياع جهاز يحتوي بيانات هوية منسوبين,فقدان جهاز محمول يحتوي ملفات بها بيانات هوية وتواصل. المرجع SOC-2021-1141 · الجهة المعنية: إدارة المخاطر التقنية.,إدارة المخاطر التقنية,قيد المعالجة
INC-01215,2025-11-28,متوسطة,بوابة المستفيدين,كشف بيانات اعتماد إدارية في مستودع شيفرة خارجي,تحقيق في نشر بيانات اعتماد تشغيلية بمستودع عام وإجراءات الإبطال. المرجع SOC-2025-9351 · الجهة المعنية: وحدة الالتزام التنظيمي.,وحدة الالتزام التنظيمي,مغلق بعد المراجعة
INC-01216,2020-11-29,متوسطة,منصة الخدمات الحكومية الموحدة,مؤشرات اختراق مستمرة في شريحة الشبكة 247,نشاط مستمر غير مفسر داخل شريحة إنتاجية وخطة الاحتواء المرحلية. المرجع SOC-2020-8127 · الجهة المعنية: إدارة استمرارية الأعمال.,إدارة استمرارية الأعمال,مصعّد
INC-01217,2022-09-16,متوسطة,شبكة الربط الحكومي,كشف غير مقصود لبيانات شخصية في شبكة الربط الحكومي,إعداد خاطئ أدى لظهور بيانات شخصية لعدد محدود من المستفيدين. المرجع SOC-2022-3623 · الجهة المعنية: فريق اختبار الاختراق.,فريق اختبار الاختراق,قيد المراجعة
INC-01218,2019-11-17,متوسطة,منصة التوثيق الإلكتروني,حجب خدمة موزع على منصة التوثيق الإلكتروني - الطائف,تحقيق في هجوم حجب خدمة أثّر على توفر المنصة وخطة الصد. المرجع SOC-2019-2544 · الجهة المعنية: إدارة استمرارية الأعمال.,إدارة استمرارية الأعمال,مصعّد
INC-01219,2021-10-22,عالية,بوابة المدفوعات الوطنية,خطة الاستجابة الاستراتيجية لحوادث قطاع التحول الرقمي,خطة استراتيجية لتصعيد الحوادث وتوزيع الأدوار بين الفرق. المرجع SOC-2021-6805 · الجهة المعنية: وحدة الالتزام التنظيمي.,وحدة الالتزام التنظيمي,مصعّد
INC-01220,2021-10-10,عالية,نظام الأرشفة الإلكترونية,تسريب مستندات تفاوضية من نظام الأرشفة الإلكترونية,تحقيق في تسريب مستندات ذات قيمة تنافسية إلى خارج الجهة. المرجع SOC-2021-7048 · الجهة المعنية: إدارة المخاطر التقنية.,إدارة المخاطر التقنية,مغلق بعد المراجعة
INC-01221,2021-05-08,عالية,منصة التحليلات المؤسسية,حجب خدمة موزع على منصة التحليلات المؤسسية - عرعر,تحقيق في هجوم حجب خدمة أثّر على توفر المنصة وخطة الصد. المرجع SOC-2021-9915 · الجهة المعنية: مركز العمليات السيبرانية.,مركز العمليات السيبرانية,مصعّد
INC-01222,2025-03-06,متوسطة,منصة التوثيق الإلكتروني,خطة الاستجابة الاستراتيجية لحوادث قطاع الأعمال المؤسسية,خطة استراتيجية لتصعيد الحوادث وتوزيع الأدوار بين الفرق. المرجع SOC-2025-3862 · الجهة المعنية: فريق اختبار الاختراق.,فريق اختبار الاختراق,مغلق بعد المراجعة
INC-01223,2022-02-16,متوسطة,منصة تبادل البيانات الوطنية,قضية احتيال إلكتروني على بوابة المدفوعات (2022),قضية احتيال قيد المتابعة مع الجهات المختصة وتقدير الخسارة. المرجع SOC-2022-6476 · الجهة المعنية: فريق اختبار الاختراق.,فريق اختبار الاختراق,مغلق
INC-01224,2022-08-18,منخفضة,منصة المراسلات الرسمية,تصريح عن اكتمال تحديث أمني في منصة المراسلات الرسمية - 2022,تصريح رسمي عن اكتمال التحديث دون كشف تفاصيل فنية. المرجع SOC-2022-1207 · الجهة المعنية: إدارة أمن المعلومات.,إدارة أمن المعلومات,قيد المعالجة
INC-01225,2022-07-12,عالية,نظام إدارة الهوية المركزي,كشف بيانات اعتماد إدارية في مستودع شيفرة خارجي,تحقيق في نشر بيانات اعتماد تشغيلية بمستودع عام وإجراءات الإبطال. المرجع SOC-2022-3564 · الجهة المعنية: فريق اختبار الاختراق.,فريق اختبار الاختراق,مغلق
INC-01226,2025-03-02,حرجة,منصة الاجتماعات المؤمّنة,حادثة مساس بمتطلبات سيادة البيانات في منصة الاجتماعات المؤمّنة,نقل بيانات خارج النطاق المصرح بما يخل بمتطلبات سيادة البيانات. المرجع SOC-2025-3532 · الجهة المعنية: إدارة المخاطر التقنية.,إدارة المخاطر التقنية,مصعّد
INC-01227,2020-09-01,عالية,نظام التخطيط المؤسسي,ثغرة كشف بيانات حساسة في نظام التخطيط المؤسسي,تحقيق فني في ثغرة مكتشفة وتقييم قابلية الاستغلال وخطة المعالجة. المرجع SOC-2020-5578 · الجهة المعنية: مركز العمليات السيبرانية.,مركز العمليات السيبرانية,مغلق
INC-01228,2023-12-07,منخفضة,منصة التوثيق الإلكتروني,مشاركة مخطط الشبكة مع مورد دون تصريح,إرسال مخطط الشبكة الداخلية لمورد خارج قناة الاعتماد. المرجع SOC-2023-6702 · الجهة المعنية: إدارة أمن المعلومات.,إدارة أمن المعلومات,قيد المعالجة
INC-01229,2019-07-06,حرجة,نظام النسخ الاحتياطي المركزي,اشتباه تسريب مفاتيح التشفير الخاصة بنظام النسخ الاحتياطي المركزي,مؤشرات على كشف مفاتيح التشفير المستخدمة في حماية قنوات وطنية. المرجع SOC-2019-1601 · الجهة المعنية: إدارة أمن المعلومات.,إدارة أمن المعلومات,قيد المعالجة
INC-01230,2022-05-31,عالية,نظام النسخ الاحتياطي المركزي,هجوم فدية على نظام النسخ الاحتياطي المركزي - بريدة,قضية ابتزاز إلكتروني قيد المعالجة مع تقييم أثر التوقف التشغيلي. المرجع SOC-2022-1358 · الجهة المعنية: إدارة أمن المعلومات.,إدارة أمن المعلومات,مصعّد
INC-01231,2020-09-18,متوسطة,منصة التحليلات المؤسسية,ثغرة ثغرة في سلسلة الإمداد في منصة التحليلات المؤسسية,تحقيق فني في ثغرة مكتشفة وتقييم قابلية الاستغلال وخطة المعالجة. المرجع SOC-2020-9470 · الجهة المعنية: إدارة أمن المعلومات.,إدارة أمن المعلومات,مصعّد
INC-01232,2025-04-23,متوسطة,بوابة المدفوعات الوطنية,إساءة استخدام صلاحيات إدارية في بوابة المدفوعات الوطنية,تحقيق في استخدام حساب إداري للوصول إلى سجلات خارج نطاق العمل. المرجع SOC-2025-5756 · الجهة المعنية: فريق اختبار الاختراق.,فريق اختبار الاختراق,قيد المراجعة
INC-01233,2021-10-24,عالية,منصة تبادل البيانات الوطنية,ثغرة تنفيذ أوامر عن بُعد في منصة تبادل البيانات الوطنية,تحقيق فني في ثغرة مكتشفة وتقييم قابلية الاستغلال وخطة المعالجة. المرجع SOC-2021-9394 · الجهة المعنية: إدارة حوكمة البيانات.,إدارة حوكمة البيانات,مغلق بعد المراجعة
INC-01234,2020-04-26,منخفضة,شبكة الربط الحكومي,إعلان تدريب توعوي لمنسوبي قطاع الخدمات الرقمية في جدة,إعلان عن برنامج تدريب توعوي مفتوح للتسجيل. المرجع SOC-2020-9187 · الجهة المعنية: مركز العمليات السيبرانية.,مركز العمليات السيبرانية,مغلق
INC-01235,2021-09-29,عالية,نظام إدارة الهوية المركزي,مؤشرات اختراق مستمرة في شريحة الشبكة 196,نشاط مستمر غير مفسر داخل شريحة إنتاجية وخطة الاحتواء المرحلية. المرجع SOC-2021-9820 · الجهة المعنية: إدارة أمن المعلومات.,إدارة أمن المعلومات,مغلق
INC-01236,2020-02-05,متوسطة,منصة الخدمات الحكومية الموحدة,اختراق في سلسلة الإمداد عبر مكوّن طرف ثالث (2020),تحقيق في مكوّن مورد يحتوي شيفرة غير موثوقة داخل بيئة الإنتاج. المرجع SOC-2020-1682 · الجهة المعنية: مركز العمليات السيبرانية.,مركز العمليات السيبرانية,قيد المراجعة
INC-01237,2021-09-11,متوسطة,نظام التحقق الرقمي,مراجعة ما بعد الحادثة لنظام التحقق الرقمي,مراجعة تفصيلية لأسباب جذرية وثغرات ضبط لم تُعالج بعد. المرجع SOC-2021-8317 · الجهة المعنية: إدارة أمن المعلومات.,إدارة أمن المعلومات,قيد المعالجة
INC-01238,2019-10-14,متوسطة,نظام التخطيط المؤسسي,قضية احتيال إلكتروني على بوابة المدفوعات (2019),قضية احتيال قيد المتابعة مع الجهات المختصة وتقدير الخسارة. المرجع SOC-2019-1379 · الجهة المعنية: فريق الاستجابة للحوادث.,فريق الاستجابة للحوادث,مصعّد
INC-01239,2022-10-05,عالية,منصة التحليلات المؤسسية,مؤشرات اختراق مستمرة في شريحة الشبكة 24,نشاط مستمر غير مفسر داخل شريحة إنتاجية وخطة الاحتواء المرحلية. المرجع SOC-2022-5793 · الجهة المعنية: وحدة الالتزام التنظيمي.,وحدة الالتزام التنظيمي,مغلق بعد المراجعة
INC-01240,2019-09-04,عالية,بوابة المستفيدين,هجوم فدية على بوابة المستفيدين - الجبيل,قضية ابتزاز إلكتروني قيد المعالجة مع تقييم أثر التوقف التشغيلي. المرجع SOC-2019-3467 · الجهة المعنية: إدارة المخاطر التقنية.,إدارة المخاطر التقنية,مصعّد
INC-01241,2019-05-25,متوسطة,منصة التوثيق الإلكتروني,تقييم الأثر الاستراتيجي لانقطاع منصة التوثيق الإلكتروني,دراسة استراتيجية لأثر الانقطاع على الالتزامات التعاقدية. المرجع SOC-2019-9137 · الجهة المعنية: وحدة الالتزام التنظيمي.,وحدة الالتزام التنظيمي,مغلق
INC-01242,2024-02-15,عالية,منصة التوثيق الإلكتروني,قضية احتيال إلكتروني على بوابة المدفوعات (2024),قضية احتيال قيد المتابعة مع الجهات المختصة وتقدير الخسارة. المرجع SOC-2024-6414 · الجهة المعنية: وحدة الالتزام التنظيمي.,وحدة الالتزام التنظيمي,مغلق بعد المراجعة
INC-01243,2021-11-20,حرجة,مركز البيانات الرئيسي,إحاطة عاجلة للمركز الوطني بشأن حادثة جازان,إحاطة تتضمن مؤشرات اختراق ومواقع تأثير لا يجوز تداولها. المرجع SOC-2021-8407 · الجهة المعنية: إدارة حوكمة البيانات.,إدارة حوكمة البيانات,مصعّد
INC-01244,2023-11-18,متوسطة,نظام إدارة العقود,مراجعة ما بعد الحادثة لنظام إدارة العقود,مراجعة تفصيلية لأسباب جذرية وثغرات ضبط لم تُعالج بعد. المرجع SOC-2023-1243 · الجهة المعنية: إدارة استمرارية الأعمال.,إدارة استمرارية الأعمال,مصعّد
INC-01245,2022-12-19,متوسطة,نظام إدارة الأصول التقنية,مراجعة ما بعد الحادثة لنظام إدارة الأصول التقنية,مراجعة تفصيلية لأسباب جذرية وثغرات ضبط لم تُعالج بعد. المرجع SOC-2022-3613 · الجهة المعنية: إدارة المخاطر التقنية.,إدارة المخاطر التقنية,قيد المراجعة
INC-01246,2019-12-28,عالية,منصة المراسلات الرسمية,حجب خدمة موزع على منصة المراسلات الرسمية - جازان,تحقيق في هجوم حجب خدمة أثّر على توفر المنصة وخطة الصد. المرجع SOC-2019-6976 · الجهة المعنية: وحدة الالتزام التنظيمي.,وحدة الالتزام التنظيمي,مغلق
INC-01247,2023-05-02,عالية,منصة الخدمات الحكومية الموحدة,نتائج اختبار اختراق منصة الخدمات الحكومية الموحدة - الربع الأول 2023,تحقيق هجومي كشف مسارات تخطي التحكم بالوصول قابلة للاستغلال. المرجع SOC-2023-2690 · الجهة المعنية: وحدة الالتزام التنظيمي.,وحدة الالتزام التنظيمي,مغلق بعد المراجعة
INC-01248,2026-04-29,عالية,بوابة المستفيدين,مراجعة ما بعد الحادثة لبوابة المستفيدين,مراجعة تفصيلية لأسباب جذرية وثغرات ضبط لم تُعالج بعد. المرجع SOC-2026-7227 · الجهة المعنية: وحدة الالتزام التنظيمي.,وحدة الالتزام التنظيمي,قيد المراجعة
INC-01249,2024-11-21,منخفضة,نظام الأرشفة الإلكترونية,محاولة تصيّد موجهة لمنسوبي إدارة المعرفة,رسائل تصيّد تطلب بيانات هوية ودخول من الموظفين. المرجع SOC-2024-4492 · الجهة المعنية: مركز العمليات السيبرانية.,مركز العمليات السيبرانية,مغلق بعد المراجعة
INC-01250,2025-05-13,حرجة,منصة المراسلات الرسمية,اشتباه تسريب مفاتيح التشفير الخاصة بمنصة المراسلات الرسمية,مؤشرات على كشف مفاتيح التشفير المستخدمة في حماية قنوات وطنية. المرجع SOC-2025-4966 · الجهة المعنية: إدارة أمن المعلومات.,إدارة أمن المعلومات,مصعّد
INC-01251,2023-11-16,عالية,مركز البيانات الرئيسي,تسريب مستندات تفاوضية من مركز البيانات الرئيسي,تحقيق في تسريب مستندات ذات قيمة تنافسية إلى خارج الجهة. المرجع SOC-2023-6628 · الجهة المعنية: إدارة أمن المعلومات.,إدارة أمن المعلومات,مصعّد
INC-01252,2024-06-04,متوسطة,منصة المراسلات الرسمية,خطة الاستجابة الاستراتيجية لحوادث قطاع الشراكات,خطة استراتيجية لتصعيد الحوادث وتوزيع الأدوار بين الفرق. المرجع SOC-2024-1171 · الجهة المعنية: وحدة الالتزام التنظيمي.,وحدة الالتزام التنظيمي,مغلق
INC-01253,2022-12-24,متوسطة,مركز البيانات الاحتياطي,هجوم فدية على مركز البيانات الاحتياطي - الجبيل,قضية ابتزاز إلكتروني قيد المعالجة مع تقييم أثر التوقف التشغيلي. المرجع SOC-2022-4936 · الجهة المعنية: فريق اختبار الاختراق.,فريق اختبار الاختراق,مصعّد
INC-01254,2024-08-04,متوسطة,منصة الخدمات الحكومية الموحدة,تقييم الأثر الاستراتيجي لانقطاع منصة الخدمات الحكومية الموحدة,دراسة استراتيجية لأثر الانقطاع على الالتزامات التعاقدية. المرجع SOC-2024-8452 · الجهة المعنية: إدارة المخاطر التقنية.,إدارة المخاطر التقنية,مغلق
INC-01255,2021-08-16,عالية,منصة الخدمات الحكومية الموحدة,نتائج اختبار اختراق منصة الخدمات الحكومية الموحدة - الربع الرابع 2021,تحقيق هجومي كشف مسارات تجاوز مصادقة قابلة للاستغلال. المرجع SOC-2021-6736 · الجهة المعنية: فريق اختبار الاختراق.,فريق اختبار الاختراق,مغلق بعد المراجعة
INC-01256,2019-08-10,متوسطة,نظام إدارة الأصول التقنية,نتائج اختبار اختراق نظام إدارة الأصول التقنية - الربع الثاني 2019,تحقيق هجومي كشف مسارات رفع صلاحيات قابلة للاستغلال. المرجع SOC-2019-3889 · الجهة المعنية: إدارة المخاطر التقنية.,إدارة المخاطر التقنية,قيد المعالجة
INC-01257,2023-06-07,متوسطة,بوابة المدفوعات الوطنية,اختراق في سلسلة الإمداد عبر مكوّن طرف ثالث (2023),تحقيق في مكوّن مورد يحتوي شيفرة غير موثوقة داخل بيئة الإنتاج. المرجع SOC-2023-9411 · الجهة المعنية: إدارة المخاطر التقنية.,إدارة المخاطر التقنية,قيد المراجعة
INC-01258,2024-02-09,منخفضة,نظام النسخ الاحتياطي المركزي,تصريح عن اكتمال تحديث أمني في نظام النسخ الاحتياطي المركزي - 2024,تصريح رسمي عن اكتمال التحديث دون كشف تفاصيل فنية. المرجع SOC-2024-7313 · الجهة المعنية: وحدة الالتزام التنظيمي.,وحدة الالتزام التنظيمي,مصعّد
INC-01259,2020-06-21,عالية,نظام النسخ الاحتياطي المركزي,حجب خدمة موزع على نظام النسخ الاحتياطي المركزي - الدمام,تحقيق في هجوم حجب خدمة أثّر على توفر المنصة وخطة الصد. المرجع SOC-2020-9496 · الجهة المعنية: إدارة حوكمة البيانات.,إدارة حوكمة البيانات,مصعّد
INC-01260,2023-04-13,منخفضة,نظام إدارة الأصول التقنية,مشاركة مخطط الشبكة مع مورد دون تصريح,إرسال مخطط الشبكة الداخلية لمورد خارج قناة الاعتماد. المرجع SOC-2023-8659 · الجهة المعنية: إدارة استمرارية الأعمال.,إدارة استمرارية الأعمال,مغلق
INC-01261,2025-10-22,عالية,بوابة المستفيدين,مؤشرات اختراق مستمرة في شريحة الشبكة 70,نشاط مستمر غير مفسر داخل شريحة إنتاجية وخطة الاحتواء المرحلية. المرجع SOC-2025-8645 · الجهة المعنية: إدارة أمن المعلومات.,إدارة أمن المعلومات,مغلق بعد المراجعة
INC-01262,2021-02-16,منخفضة,مركز البيانات الرئيسي,منشور توعوي عن التصيّد الإلكتروني - التدقيق الداخلي الربع الأول 2021,منشور توعوي عام يشرح مؤشرات الرسائل المشبوهة للجمهور. المرجع SOC-2021-8575 · الجهة المعنية: إدارة أمن المعلومات.,إدارة أمن المعلومات,قيد المعالجة
INC-01263,2024-02-26,عالية,نظام الأرشفة الإلكترونية,ثغرة تنفيذ أوامر عن بُعد في نظام الأرشفة الإلكترونية,تحقيق فني في ثغرة مكتشفة وتقييم قابلية الاستغلال وخطة المعالجة. المرجع SOC-2024-8526 · الجهة المعنية: فريق اختبار الاختراق.,فريق اختبار الاختراق,مغلق
INC-01264,2024-01-15,عالية,مركز البيانات الرئيسي,رصد تحركات القوات في بيانات تتبع مسربة,ظهور بيانات تحركات القوات ضمن مجموعة بيانات مسربة قيد الفحص. المرجع SOC-2024-9144 · الجهة المعنية: إدارة حوكمة البيانات.,إدارة حوكمة البيانات,مغلق
INC-01265,2020-09-30,عالية,منصة تبادل البيانات الوطنية,اشتباه اختراق مرتبط بمواقع تخزين أسلحة خاضعة للرقابة,محاولة وصول إلى سجلات مواقع أسلحة ومواد خاضعة للرقابة. المرجع SOC-2020-7824 · الجهة المعنية: إدارة أمن المعلومات.,إدارة أمن المعلومات,مغلق بعد المراجعة
INC-01266,2024-05-06,حرجة,منصة التوثيق الإلكتروني,إحاطة عاجلة للمركز الوطني بشأن حادثة أبها,إحاطة تتضمن مؤشرات اختراق ومواقع تأثير لا يجوز تداولها. المرجع SOC-2024-6716 · الجهة المعنية: فريق اختبار الاختراق.,فريق اختبار الاختراق,قيد المراجعة
INC-01267,2020-09-28,متوسطة,نظام التخطيط المؤسسي,كشف بيانات اعتماد إدارية في مستودع شيفرة خارجي,تحقيق في نشر بيانات اعتماد تشغيلية بمستودع عام وإجراءات الإبطال. المرجع SOC-2020-5472 · الجهة المعنية: إدارة حوكمة البيانات.,إدارة حوكمة البيانات,مغلق بعد المراجعة
INC-01268,2022-04-20,حرجة,منصة المراسلات الرسمية,اشتباه اختراق مرتبط بمواقع تخزين أسلحة خاضعة للرقابة,محاولة وصول إلى سجلات مواقع أسلحة ومواد خاضعة للرقابة. المرجع SOC-2022-1012 · الجهة المعنية: وحدة الالتزام التنظيمي.,وحدة الالتزام التنظيمي,مصعّد
INC-01269,2025-10-28,عالية,بوابة الموردين الإلكترونية,مراجعة ما بعد الحادثة لبوابة الموردين الإلكترونية,مراجعة تفصيلية لأسباب جذرية وثغرات ضبط لم تُعالج بعد. المرجع SOC-2025-2125 · الجهة المعنية: وحدة الالتزام التنظيمي.,وحدة الالتزام التنظيمي,مغلق بعد المراجعة
INC-01270,2025-05-14,عالية,نظام الأرشفة الإلكترونية,مراجعة ما بعد الحادثة لنظام الأرشفة الإلكترونية,مراجعة تفصيلية لأسباب جذرية وثغرات ضبط لم تُعالج بعد. المرجع SOC-2025-4152 · الجهة المعنية: فريق اختبار الاختراق.,فريق اختبار الاختراق,مغلق بعد المراجعة
INC-01271,2022-02-28,متوسطة,نظام الأرشفة الإلكترونية,محاولة وصول غير مصرح إلى مواقع تخزين النسخ الاحتياطية,محاولات متكررة للوصول إلى مواقع تخزين النسخ خارج ساعات العمل. المرجع SOC-2022-5807 · الجهة المعنية: إدارة استمرارية الأعمال.,إدارة استمرارية الأعمال,مغلق بعد المراجعة
INC-01272,2022-10-31,متوسطة,بوابة الموردين الإلكترونية,مؤشرات اختراق مستمرة في شريحة الشبكة 30,نشاط مستمر غير مفسر داخل شريحة إنتاجية وخطة الاحتواء المرحلية. المرجع SOC-2022-8679 · الجهة المعنية: إدارة حوكمة البيانات.,إدارة حوكمة البيانات,مغلق بعد المراجعة
INC-01273,2024-08-24,عالية,شبكة الربط الحكومي,خطة الاستجابة الاستراتيجية لحوادث قطاع التقنية والمشاريع,خطة استراتيجية لتصعيد الحوادث وتوزيع الأدوار بين الفرق. المرجع SOC-2024-4291 · الجهة المعنية: إدارة حوكمة البيانات.,,مصعّد
INC-01274,2023-06-18,متوسطة,منصة تبادل البيانات الوطنية,تقييم الأثر الاستراتيجي لانقطاع منصة تبادل البيانات الوطنية,دراسة استراتيجية لأثر الانقطاع على الالتزامات التعاقدية. المرجع SOC-2023-4826 · الجهة المعنية: إدارة المخاطر التقنية.,إدارة المخاطر التقنية,مغلق
INC-01275,2022-06-25,متوسطة,بوابة المدفوعات الوطنية,ثغرة ضعف في تشفير القنوات في بوابة المدفوعات الوطنية,تحقيق فني في ثغرة مكتشفة وتقييم قابلية الاستغلال وخطة المعالجة. المرجع SOC-2022-8341 · الجهة المعنية: إدارة المخاطر التقنية.,إدارة المخاطر التقنية,قيد المعالجة
INC-01276,2021-05-18,عالية,نظام إدارة العقود,هجوم فدية على نظام إدارة العقود - الطائف,قضية ابتزاز إلكتروني قيد المعالجة مع تقييم أثر التوقف التشغيلي. المرجع SOC-2021-7136 · الجهة المعنية: وحدة الالتزام التنظيمي.,وحدة الالتزام التنظيمي,قيد المراجعة
INC-01277,2021-12-12,متوسطة,نظام إدارة الأصول التقنية,حجب خدمة موزع على نظام إدارة الأصول التقنية - الدمام,تحقيق في هجوم حجب خدمة أثّر على توفر المنصة وخطة الصد. المرجع SOC-2021-9484 · الجهة المعنية: إدارة أمن المعلومات.,إدارة أمن المعلومات,قيد المعالجة
INC-01278,2021-03-22,حرجة,نظام إدارة الأصول التقنية,اشتباه تسريب مفاتيح التشفير الخاصة بنظام إدارة الأصول التقنية,مؤشرات على كشف مفاتيح التشفير المستخدمة في حماية قنوات وطنية. المرجع SOC-2021-3463 · الجهة المعنية: إدارة حوكمة البيانات.,إدارة حوكمة البيانات,مصعّد
INC-01279,2024-11-21,عالية,منصة المراسلات الرسمية,قضية احتيال إلكتروني على بوابة المدفوعات (2024),قضية احتيال قيد المتابعة مع الجهات المختصة وتقدير الخسارة. المرجع SOC-2024-6459 · الجهة المعنية: فريق الاستجابة للحوادث.,فريق الاستجابة للحوادث,قيد المراجعة
INC-01280,2021-08-20,متوسطة,نظام التخطيط المؤسسي,مراجعة ما بعد الحادثة لنظام التخطيط المؤسسي,مراجعة تفصيلية لأسباب جذرية وثغرات ضبط لم تُعالج بعد. المرجع SOC-2021-4076 · الجهة المعنية: إدارة المخاطر التقنية.,إدارة المخاطر التقنية,قيد المراجعة
INC-01281,2025-09-23,متوسطة,بوابة المدفوعات الوطنية,نتائج اختبار اختراق بوابة المدفوعات الوطنية - الربع الأول 2025,تحقيق هجومي كشف مسارات تخطي التحكم بالوصول قابلة للاستغلال. المرجع SOC-2025-6349 · الجهة المعنية: إدارة المخاطر التقنية.,إدارة المخاطر التقنية,مغلق بعد المراجعة
INC-01282,2024-08-12,منخفضة,شبكة الاتصالات الداخلية,مخالفة خصوصية في مشاركة سجلات المستفيدين,مشاركة سجلات دون تطبيق ضوابط خصوصية المستفيدين. المرجع SOC-2024-5800 · الجهة المعنية: إدارة استمرارية الأعمال.,إدارة استمرارية الأعمال,قيد المعالجة
INC-01283,2024-08-08,حرجة,مركز البيانات الرئيسي,اشتباه اختراق مرتبط بمواقع تخزين أسلحة خاضعة للرقابة,محاولة وصول إلى سجلات مواقع أسلحة ومواد خاضعة للرقابة. المرجع SOC-2024-9114 · الجهة المعنية: فريق اختبار الاختراق.,فريق اختبار الاختراق,قيد المراجعة
INC-01284,2026-03-25,متوسطة,شبكة الربط الحكومي,كشف بيانات اعتماد إدارية في مستودع شيفرة خارجي,تحقيق في نشر بيانات اعتماد تشغيلية بمستودع عام وإجراءات الإبطال. المرجع SOC-2026-9026 · الجهة المعنية: إدارة استمرارية الأعمال.,إدارة استمرارية الأعمال,قيد المراجعة
INC-01285,2022-05-28,عالية,نظام إدارة الهوية المركزي,محاولة وصول غير مصرح إلى مواقع تخزين النسخ الاحتياطية,محاولات متكررة للوصول إلى مواقع تخزين النسخ خارج ساعات العمل. المرجع SOC-2022-7922 · الجهة المعنية: إدارة حوكمة البيانات.,إدارة حوكمة البيانات,مغلق
INC-01286,2020-04-04,متوسطة,منصة التوثيق الإلكتروني,قضية احتيال إلكتروني على بوابة المدفوعات (2020),قضية احتيال قيد المتابعة مع الجهات المختصة وتقدير الخسارة. المرجع SOC-2020-3678 · الجهة المعنية: إدارة أمن المعلومات.,إدارة أمن المعلومات,مغلق
INC-01287,2019-04-28,متوسطة,بوابة الموردين الإلكترونية,مراجعة ما بعد الحادثة لبوابة الموردين الإلكترونية,مراجعة تفصيلية لأسباب جذرية وثغرات ضبط لم تُعالج بعد. المرجع SOC-2019-7157 · الجهة المعنية: مركز العمليات السيبرانية.,مركز العمليات السيبرانية,قيد المعالجة
INC-01288,2020-06-19,متوسطة,مركز البيانات الاحتياطي,نتائج اختبار اختراق مركز البيانات الاحتياطي - الربع الأول 2020,تحقيق هجومي كشف مسارات رفع صلاحيات قابلة للاستغلال. المرجع SOC-2020-3996 · الجهة المعنية: إدارة حوكمة البيانات.,إدارة حوكمة البيانات,قيد المعالجة
INC-01289,2022-11-13,منخفضة,نظام التحقق الرقمي,إعلان تدريب توعوي لمنسوبي قطاع الأعمال المؤسسية في الخبر,إعلان عن برنامج تدريب توعوي مفتوح للتسجيل. المرجع SOC-2022-3307 · الجهة المعنية: إدارة استمرارية الأعمال.,إدارة استمرارية الأعمال,قيد المعالجة
INC-01290,2024-09-16,عالية,مركز البيانات الرئيسي,حجب خدمة موزع على مركز البيانات الرئيسي - أبها,تحقيق في هجوم حجب خدمة أثّر على توفر المنصة وخطة الصد. المرجع SOC-2024-8921 · الجهة المعنية: وحدة الالتزام التنظيمي.,وحدة الالتزام التنظيمي,مغلق
INC-01291,2024-08-12,متوسطة,نظام التحقق الرقمي,محاولة وصول غير مصرح إلى مواقع تخزين النسخ الاحتياطية,محاولات متكررة للوصول إلى مواقع تخزين النسخ خارج ساعات العمل. المرجع SOC-2024-8233 · الجهة المعنية: إدارة حوكمة البيانات.,إدارة حوكمة البيانات,مغلق
INC-01292,2019-08-31,حرجة,نظام إدارة الهوية المركزي,تقرير استخبارات تهديد عن حملة تستهدف نظام إدارة الهوية المركزي,تحليل استخبارات مصادر مفتوحة ومغلقة لحملة موجهة ضد جهات وطنية. المرجع SOC-2019-6011 · الجهة المعنية: فريق الاستجابة للحوادث.,فريق الاستجابة للحوادث,قيد المراجعة
INC-01293,2025-02-05,عالية,نظام التحقق الرقمي,اشتباه تسريب مفاتيح التشفير الخاصة بنظام التحقق الرقمي,مؤشرات على كشف مفاتيح التشفير المستخدمة في حماية قنوات وطنية. المرجع SOC-2025-4936 · الجهة المعنية: وحدة الالتزام التنظيمي.,وحدة الالتزام التنظيمي,مغلق بعد المراجعة
INC-01294,2024-02-16,متوسطة,مركز البيانات الرئيسي,قضية احتيال إلكتروني على بوابة المدفوعات (2024),قضية احتيال قيد المتابعة مع الجهات المختصة وتقدير الخسارة. المرجع SOC-2024-4956 · الجهة المعنية: إدارة استمرارية الأعمال.,إدارة استمرارية الأعمال,مغلق
INC-01295,2026-05-24,متوسطة,شبكة الربط الحكومي,محاولة وصول غير مصرح إلى مواقع تخزين النسخ الاحتياطية,محاولات متكررة للوصول إلى مواقع تخزين النسخ خارج ساعات العمل. المرجع SOC-2026-8008 · الجهة المعنية: إدارة المخاطر التقنية.,إدارة المخاطر التقنية,قيد المراجعة
INC-01296,2024-05-04,عالية,منصة التوثيق الإلكتروني,ثغرة إعدادات افتراضية غير آمنة في منصة التوثيق الإلكتروني,تحقيق فني في ثغرة مكتشفة وتقييم قابلية الاستغلال وخطة المعالجة. المرجع SOC-2024-9854 · الجهة المعنية: إدارة استمرارية الأعمال.,إدارة استمرارية الأعمال,قيد المعالجة
INC-01297,2026-02-26,حرجة,شبكة الربط الحكومي,اختراق شبكة ربط تخدم منشأة حيوية في القطيف,وصول غير مصرح إلى شريحة شبكة تخدم منشأة حيوية وخطة العزل الفوري. المرجع SOC-2026-9709 · الجهة المعنية: إدارة أمن المعلومات.,إدارة أمن المعلومات,قيد المراجعة
INC-01298,2023-07-27,عالية,مركز البيانات الرئيسي,قضية احتيال إلكتروني على بوابة المدفوعات (2023),قضية احتيال قيد المتابعة مع الجهات المختصة وتقدير الخسارة. المرجع SOC-2023-3208 · الجهة المعنية: فريق الاستجابة للحوادث.,فريق الاستجابة للحوادث,مصعّد
INC-01299,2025-05-19,متوسطة,شبكة الربط الحكومي,ثغرة تجاوز مصادقة في شبكة الربط الحكومي,تحقيق فني في ثغرة مكتشفة وتقييم قابلية الاستغلال وخطة المعالجة. المرجع SOC-2025-8241 · الجهة المعنية: إدارة المخاطر التقنية.,إدارة المخاطر التقنية,قيد المعالجة
INC-01300,2023-07-30,عالية,نظام التحقق الرقمي,محاولة وصول غير مصرح إلى مواقع تخزين النسخ الاحتياطية,محاولات متكررة للوصول إلى مواقع تخزين النسخ خارج ساعات العمل. المرجع SOC-2023-7715 · الجهة المعنية: إدارة استمرارية الأعمال.,إدارة استمرارية الأعمال,مصعّد
INC-01301,2022-12-25,متوسطة,بوابة الموردين الإلكترونية,هجوم فدية على بوابة الموردين الإلكترونية - الطائف,قضية ابتزاز إلكتروني قيد المعالجة مع تقييم أثر التوقف التشغيلي. المرجع SOC-2022-6309 · الجهة المعنية: مركز العمليات السيبرانية.,مركز العمليات السيبرانية,مغلق
INC-01302,2022-02-17,منخفضة,منصة تبادل البيانات الوطنية,كشف غير مقصود لبيانات شخصية في منصة تبادل البيانات الوطنية,إعداد خاطئ أدى لظهور بيانات شخصية لعدد محدود من المستفيدين. المرجع SOC-2022-4358 · الجهة المعنية: فريق الاستجابة للحوادث.,فريق الاستجابة للحوادث,مصعّد
INC-01303,2025-01-24,متوسطة,بوابة المدفوعات الوطنية,كشف غير مقصود لبيانات شخصية في بوابة المدفوعات الوطنية,إعداد خاطئ أدى لظهور بيانات شخصية لعدد محدود من المستفيدين. المرجع SOC-2025-3326 · الجهة المعنية: إدارة أمن المعلومات.,إدارة أمن المعلومات,مغلق بعد المراجعة
INC-01304,2024-09-15,عالية,شبكة الاتصالات الداخلية,ثغرة إعدادات افتراضية غير آمنة في شبكة الاتصالات الداخلية,تحقيق فني في ثغرة مكتشفة وتقييم قابلية الاستغلال وخطة المعالجة. المرجع SOC-2024-7662 · الجهة المعنية: إدارة استمرارية الأعمال.,إدارة استمرارية الأعمال,مغلق
INC-01305,2023-05-17,عالية,نظام الأرشفة الإلكترونية,حادثة رقم NSI-2023-614 - تصنيف اللجنة العليا,حادثة مصعّدة للجنة العليا لارتباطها بمواقع وطنية محددة. المرجع SOC-2023-7628 · الجهة المعنية: فريق الاستجابة للحوادث.,فريق الاستجابة للحوادث,قيد المعالجة
INC-01306,2024-06-28,متوسطة,شبكة الربط الحكومي,هجوم فدية على شبكة الربط الحكومي - الأحساء,قضية ابتزاز إلكتروني قيد المعالجة مع تقييم أثر التوقف التشغيلي. المرجع SOC-2024-4655 · الجهة المعنية: إدارة المخاطر التقنية.,إدارة المخاطر التقنية,قيد المراجعة
INC-01307,2019-01-06,عالية,شبكة الربط الحكومي,اختراق في سلسلة الإمداد عبر مكوّن طرف ثالث (2019),تحقيق في مكوّن مورد يحتوي شيفرة غير موثوقة داخل بيئة الإنتاج. المرجع SOC-2019-8640 · الجهة المعنية: فريق الاستجابة للحوادث.,فريق الاستجابة للحوادث,مغلق
INC-01308,2023-05-03,عالية,بوابة المدفوعات الوطنية,تقييم الأثر الاستراتيجي لانقطاع بوابة المدفوعات الوطنية,دراسة استراتيجية لأثر الانقطاع على الالتزامات التعاقدية. المرجع SOC-2023-1592 · الجهة المعنية: مركز العمليات السيبرانية.,مركز العمليات السيبرانية,مغلق
INC-01309,2019-10-24,عالية,شبكة الاتصالات الداخلية,محاولة اختراق أنظمة التحكم في مصفاة بترولية,رصد نشاط مجموعة تهديد متقدمة يستهدف أنظمة تحكم منشأة حيوية وطنية. المرجع SOC-2019-6387 · الجهة المعنية: إدارة استمرارية الأعمال.,,مغلق بعد المراجعة
INC-01310,2019-06-09,منخفضة,نظام إدارة الهوية المركزي,بلاغ عن ضياع جهاز يحتوي بيانات هوية منسوبين,فقدان جهاز محمول يحتوي ملفات بها بيانات هوية وتواصل. المرجع SOC-2019-6564 · الجهة المعنية: مركز العمليات السيبرانية.,مركز العمليات السيبرانية,مغلق بعد المراجعة
INC-01311,2020-02-25,متوسطة,منصة التحليلات المؤسسية,تسريب مستندات تفاوضية من منصة التحليلات المؤسسية,تحقيق في تسريب مستندات ذات قيمة تنافسية إلى خارج الجهة. المرجع SOC-2020-5498 · الجهة المعنية: فريق اختبار الاختراق.,فريق اختبار الاختراق,مغلق بعد المراجعة
INC-01312,2025-04-25,عالية,شبكة الاتصالات الداخلية,نتائج اختبار اختراق شبكة الاتصالات الداخلية - الربع الثاني 2025,تحقيق هجومي كشف مسارات تجاوز مصادقة قابلة للاستغلال. المرجع SOC-2025-2375 · الجهة المعنية: إدارة المخاطر التقنية.,إدارة المخاطر التقنية,مغلق بعد المراجعة
INC-01313,2022-12-02,متوسطة,منصة الخدمات الحكومية الموحدة,هجوم فدية على منصة الخدمات الحكومية الموحدة - جازان,قضية ابتزاز إلكتروني قيد المعالجة مع تقييم أثر التوقف التشغيلي. المرجع SOC-2022-8516 · الجهة المعنية: فريق الاستجابة للحوادث.,فريق الاستجابة للحوادث,قيد المراجعة
INC-01314,2023-04-02,متوسطة,منصة التحليلات المؤسسية,تسريب مستندات تفاوضية من منصة التحليلات المؤسسية,تحقيق في تسريب مستندات ذات قيمة تنافسية إلى خارج الجهة. المرجع SOC-2023-5142 · الجهة المعنية: إدارة حوكمة البيانات.,إدارة حوكمة البيانات,مغلق بعد المراجعة
INC-01315,2019-01-31,عالية,نظام إدارة العقود,إساءة استخدام صلاحيات إدارية في نظام إدارة العقود,تحقيق في استخدام حساب إداري للوصول إلى سجلات خارج نطاق العمل. المرجع SOC-2019-5399 · الجهة المعنية: إدارة استمرارية الأعمال.,إدارة استمرارية الأعمال,قيد المعالجة
INC-01316,2023-09-06,عالية,منصة التحليلات المؤسسية,اختراق في سلسلة الإمداد عبر مكوّن طرف ثالث (2023),تحقيق في مكوّن مورد يحتوي شيفرة غير موثوقة داخل بيئة الإنتاج. المرجع SOC-2023-3416 · الجهة المعنية: فريق اختبار الاختراق.,فريق اختبار الاختراق,قيد المراجعة
INC-01317,2019-04-10,عالية,مركز البيانات الاحتياطي,تسريب مستندات تفاوضية من مركز البيانات الاحتياطي,تحقيق في تسريب مستندات ذات قيمة تنافسية إلى خارج الجهة. المرجع SOC-2019-4234 · الجهة المعنية: فريق اختبار الاختراق.,فريق اختبار الاختراق,مغلق بعد المراجعة
INC-01318,2021-11-19,متوسطة,منصة الاجتماعات المؤمّنة,إساءة استخدام صلاحيات إدارية في منصة الاجتماعات المؤمّنة,تحقيق في استخدام حساب إداري للوصول إلى سجلات خارج نطاق العمل. المرجع SOC-2021-4858 · الجهة المعنية: إدارة استمرارية الأعمال.,إدارة استمرارية الأعمال,قيد المراجعة
INC-01319,2022-11-07,عالية,شبكة الربط الحكومي,محاولة وصول غير مصرح إلى مواقع تخزين النسخ الاحتياطية,محاولات متكررة للوصول إلى مواقع تخزين النسخ خارج ساعات العمل. المرجع SOC-2022-2887 · الجهة المعنية: إدارة حوكمة البيانات.,إدارة حوكمة البيانات,مغلق بعد المراجعة
INC-01320,2021-11-12,منخفضة,شبكة الربط الحكومي,منشور توعوي عن التصيّد الإلكتروني - ضبط الجودة الربع الأول 2021,منشور توعوي عام يشرح مؤشرات الرسائل المشبوهة للجمهور. المرجع SOC-2021-7378 · الجهة المعنية: إدارة المخاطر التقنية.,إدارة المخاطر التقنية,مصعّد
INC-01321,2025-09-01,حرجة,نظام الأرشفة الإلكترونية,تقرير استخبارات تهديد عن حملة تستهدف نظام الأرشفة الإلكترونية,تحليل استخبارات مصادر مفتوحة ومغلقة لحملة موجهة ضد جهات وطنية. المرجع SOC-2025-3872 · الجهة المعنية: إدارة حوكمة البيانات.,إدارة حوكمة البيانات,قيد المراجعة
INC-01322,2019-06-05,عالية,مركز البيانات الرئيسي,اختراق في سلسلة الإمداد عبر مكوّن طرف ثالث (2019),تحقيق في مكوّن مورد يحتوي شيفرة غير موثوقة داخل بيئة الإنتاج. المرجع SOC-2019-5922 · الجهة المعنية: مركز العمليات السيبرانية.,مركز العمليات السيبرانية,مغلق بعد المراجعة
INC-01323,2021-08-06,عالية,نظام التحقق الرقمي,إساءة استخدام صلاحيات إدارية في نظام التحقق الرقمي,تحقيق في استخدام حساب إداري للوصول إلى سجلات خارج نطاق العمل. المرجع SOC-2021-4576 · الجهة المعنية: إدارة استمرارية الأعمال.,إدارة استمرارية الأعمال,قيد المعالجة
INC-01324,2022-06-17,عالية,شبكة الربط الحكومي,اختراق في سلسلة الإمداد عبر مكوّن طرف ثالث (2022),تحقيق في مكوّن مورد يحتوي شيفرة غير موثوقة داخل بيئة الإنتاج. المرجع SOC-2022-9366 · الجهة المعنية: إدارة أمن المعلومات.,إدارة أمن المعلومات,مغلق
INC-01325,2021-05-01,متوسطة,منصة التحليلات المؤسسية,مؤشرات اختراق مستمرة في شريحة الشبكة 219,نشاط مستمر غير مفسر داخل شريحة إنتاجية وخطة الاحتواء المرحلية. المرجع SOC-2021-3579 · الجهة المعنية: إدارة استمرارية الأعمال.,إدارة استمرارية الأعمال,مغلق بعد المراجعة
INC-01326,2026-04-10,عالية,منصة الخدمات الحكومية الموحدة,نتائج اختبار اختراق منصة الخدمات الحكومية الموحدة - الربع الرابع 2026,تحقيق هجومي كشف مسارات تنفيذ أوامر عن بُعد قابلة للاستغلال. المرجع SOC-2026-2876 · الجهة المعنية: وحدة الالتزام التنظيمي.,وحدة الالتزام التنظيمي,مصعّد
INC-01327,2023-12-12,متوسطة,نظام التحقق الرقمي,مراجعة ما بعد الحادثة لنظام التحقق الرقمي,مراجعة تفصيلية لأسباب جذرية وثغرات ضبط لم تُعالج بعد. المرجع SOC-2023-8893 · الجهة المعنية: إدارة أمن المعلومات.,إدارة أمن المعلومات,قيد المراجعة
INC-01328,2022-10-14,عالية,نظام التحقق الرقمي,مؤشرات اختراق مستمرة في شريحة الشبكة 169,نشاط مستمر غير مفسر داخل شريحة إنتاجية وخطة الاحتواء المرحلية. المرجع SOC-2022-5976 · الجهة المعنية: فريق اختبار الاختراق.,فريق اختبار الاختراق,قيد المعالجة
INC-01329,2024-11-02,منخفضة,بوابة الموردين الإلكترونية,إعلان تدريب توعوي لمنسوبي قطاع الشراكات في الخبر,إعلان عن برنامج تدريب توعوي مفتوح للتسجيل. المرجع SOC-2024-9990 · الجهة المعنية: فريق اختبار الاختراق.,فريق اختبار الاختراق,مغلق
INC-01330,2021-06-04,متوسطة,بوابة المدفوعات الوطنية,هجوم فدية على بوابة المدفوعات الوطنية - تبوك,قضية ابتزاز إلكتروني قيد المعالجة مع تقييم أثر التوقف التشغيلي. المرجع SOC-2021-2751 · الجهة المعنية: إدارة أمن المعلومات.,إدارة أمن المعلومات,مصعّد
INC-01331,2019-06-29,متوسطة,بوابة المدفوعات الوطنية,كشف بيانات اعتماد إدارية في مستودع شيفرة خارجي,تحقيق في نشر بيانات اعتماد تشغيلية بمستودع عام وإجراءات الإبطال. المرجع SOC-2019-6690 · الجهة المعنية: فريق الاستجابة للحوادث.,فريق الاستجابة للحوادث,مصعّد
INC-01332,2022-04-24,عالية,بوابة المستفيدين,حادثة رقم NSI-2022-254 - تصنيف اللجنة العليا,حادثة مصعّدة للجنة العليا لارتباطها بمواقع وطنية محددة. المرجع SOC-2022-4401 · الجهة المعنية: إدارة المخاطر التقنية.,إدارة المخاطر التقنية,قيد المعالجة
INC-01333,2022-10-23,متوسطة,بوابة المدفوعات الوطنية,تسريب مستندات تفاوضية من بوابة المدفوعات الوطنية,تحقيق في تسريب مستندات ذات قيمة تنافسية إلى خارج الجهة. المرجع SOC-2022-6222 · الجهة المعنية: فريق اختبار الاختراق.,فريق اختبار الاختراق,مصعّد
INC-01334,2020-09-22,متوسطة,شبكة الاتصالات الداخلية,إساءة استخدام صلاحيات إدارية في شبكة الاتصالات الداخلية,تحقيق في استخدام حساب إداري للوصول إلى سجلات خارج نطاق العمل. المرجع SOC-2020-5133 · الجهة المعنية: إدارة المخاطر التقنية.,إدارة المخاطر التقنية,قيد المعالجة
INC-01335,2023-05-04,متوسطة,بوابة الموردين الإلكترونية,مراجعة ما بعد الحادثة لبوابة الموردين الإلكترونية,مراجعة تفصيلية لأسباب جذرية وثغرات ضبط لم تُعالج بعد. المرجع SOC-2023-9523 · الجهة المعنية: إدارة أمن المعلومات.,إدارة أمن المعلومات,مغلق بعد المراجعة
INC-01336,2021-10-12,عالية,منصة الخدمات الحكومية الموحدة,ثغرة تنفيذ أوامر عن بُعد في منصة الخدمات الحكومية الموحدة,تحقيق فني في ثغرة مكتشفة وتقييم قابلية الاستغلال وخطة المعالجة. المرجع SOC-2021-1598 · الجهة المعنية: وحدة الالتزام التنظيمي.,وحدة الالتزام التنظيمي,مغلق
INC-01337,2023-05-19,حرجة,نظام إدارة الأصول التقنية,تهديد بتعطيل منظومة ذات استخدام عسكري مساند,بلاغ عن استهداف منظومة عسكري الاستخدام مرتبطة بالجهة. المرجع SOC-2023-6157 · الجهة المعنية: فريق الاستجابة للحوادث.,فريق الاستجابة للحوادث,مصعّد
INC-01338,2022-04-17,متوسطة,منصة الاجتماعات المؤمّنة,خطة الاستجابة الاستراتيجية لحوادث قطاع العمليات,خطة استراتيجية لتصعيد الحوادث وتوزيع الأدوار بين الفرق. المرجع SOC-2022-7014 · الجهة المعنية: إدارة استمرارية الأعمال.,إدارة استمرارية الأعمال,قيد المراجعة
INC-01339,2022-05-20,عالية,نظام الأرشفة الإلكترونية,محاولة وصول غير مصرح إلى مواقع تخزين النسخ الاحتياطية,محاولات متكررة للوصول إلى مواقع تخزين النسخ خارج ساعات العمل. المرجع SOC-2022-5415 · الجهة المعنية: فريق اختبار الاختراق.,فريق اختبار الاختراق,قيد المراجعة
INC-01340,2021-09-17,منخفضة,منصة التوثيق الإلكتروني,مخالفة خصوصية في مشاركة سجلات المستفيدين,مشاركة سجلات دون تطبيق ضوابط خصوصية المستفيدين. المرجع SOC-2021-9954 · الجهة المعنية: إدارة حوكمة البيانات.,إدارة حوكمة البيانات,مصعّد
INC-01341,2020-02-21,منخفضة,منصة التوثيق الإلكتروني,إحصاءات جاهزية الأمن السيبراني المعلنة - قطاع الحلول الحكومية 2020,إحصاءات مجمّعة معلنة عن مؤشرات الجاهزية دون تفاصيل تشغيلية. المرجع SOC-2020-2243 · الجهة المعنية: إدارة أمن المعلومات.,إدارة أمن المعلومات,مغلق
INC-01342,2021-02-11,عالية,نظام إدارة العقود,خطة الاستجابة الاستراتيجية لحوادث قطاع الشراكات,خطة استراتيجية لتصعيد الحوادث وتوزيع الأدوار بين الفرق. المرجع SOC-2021-1469 · الجهة المعنية: إدارة حوكمة البيانات.,إدارة حوكمة البيانات,قيد المراجعة
INC-01343,2025-03-16,منخفضة,مركز البيانات الاحتياطي,بلاغ عن ضياع جهاز يحتوي بيانات هوية منسوبين,فقدان جهاز محمول يحتوي ملفات بها بيانات هوية وتواصل. المرجع SOC-2025-5813 · الجهة المعنية: إدارة أمن المعلومات.,إدارة أمن المعلومات,مغلق
INC-01344,2023-09-01,متوسطة,منصة تبادل البيانات الوطنية,إساءة استخدام صلاحيات إدارية في منصة تبادل البيانات الوطنية,تحقيق في استخدام حساب إداري للوصول إلى سجلات خارج نطاق العمل. المرجع SOC-2023-8600 · الجهة المعنية: إدارة استمرارية الأعمال.,إدارة استمرارية الأعمال,مغلق بعد المراجعة
INC-01345,2026-03-14,حرجة,بوابة الموردين الإلكترونية,تقرير استخبارات تهديد عن حملة تستهدف بوابة الموردين الإلكترونية,تحليل استخبارات مصادر مفتوحة ومغلقة لحملة موجهة ضد جهات وطنية. المرجع SOC-2026-4363 · الجهة المعنية: وحدة الالتزام التنظيمي.,وحدة الالتزام التنظيمي,قيد المراجعة
INC-01346,2024-11-06,عالية,منصة المراسلات الرسمية,هجوم فدية على منصة المراسلات الرسمية - الجبيل,قضية ابتزاز إلكتروني قيد المعالجة مع تقييم أثر التوقف التشغيلي. المرجع SOC-2024-2177 · الجهة المعنية: إدارة أمن المعلومات.,إدارة أمن المعلومات,قيد المعالجة
INC-01347,2024-11-08,منخفضة,مركز البيانات الاحتياطي,محاولة تصيّد موجهة لمنسوبي تقنية المعلومات,رسائل تصيّد تطلب بيانات هوية ودخول من الموظفين. المرجع SOC-2024-6150 · الجهة المعنية: إدارة المخاطر التقنية.,إدارة المخاطر التقنية,مصعّد
INC-01348,2019-02-13,حرجة,مركز البيانات الرئيسي,حادثة مساس بمتطلبات سيادة البيانات في مركز البيانات الرئيسي,نقل بيانات خارج النطاق المصرح بما يخل بمتطلبات سيادة البيانات. المرجع SOC-2019-1319 · الجهة المعنية: إدارة المخاطر التقنية.,إدارة المخاطر التقنية,مصعّد
INC-01349,2026-03-22,حرجة,نظام النسخ الاحتياطي المركزي,اشتباه تسريب مفاتيح التشفير الخاصة بنظام النسخ الاحتياطي المركزي,مؤشرات على كشف مفاتيح التشفير المستخدمة في حماية قنوات وطنية. المرجع SOC-2026-1368 · الجهة المعنية: وحدة الالتزام التنظيمي.,وحدة الالتزام التنظيمي,مغلق
INC-01350,2021-09-02,عالية,شبكة الربط الحكومي,مؤشرات اختراق مستمرة في شريحة الشبكة 144,نشاط مستمر غير مفسر داخل شريحة إنتاجية وخطة الاحتواء المرحلية. المرجع SOC-2021-6619 · الجهة المعنية: إدارة استمرارية الأعمال.,إدارة استمرارية الأعمال,مغلق بعد المراجعة
INC-01351,2022-01-25,متوسطة,منصة التحليلات المؤسسية,مخالفة خصوصية في مشاركة سجلات المستفيدين,مشاركة سجلات دون تطبيق ضوابط خصوصية المستفيدين. المرجع SOC-2022-1771 · الجهة المعنية: فريق الاستجابة للحوادث.,فريق الاستجابة للحوادث,مغلق
INC-01352,2024-06-10,عالية,نظام التخطيط المؤسسي,خطة الاستجابة الاستراتيجية لحوادث قطاع التقنية والمشاريع,خطة استراتيجية لتصعيد الحوادث وتوزيع الأدوار بين الفرق. المرجع SOC-2024-8513 · الجهة المعنية: إدارة استمرارية الأعمال.,إدارة استمرارية الأعمال,مغلق بعد المراجعة
INC-01353,2019-08-10,عالية,منصة التحليلات المؤسسية,إساءة استخدام صلاحيات إدارية في منصة التحليلات المؤسسية,تحقيق في استخدام حساب إداري للوصول إلى سجلات خارج نطاق العمل. المرجع SOC-2019-8975 · الجهة المعنية: إدارة استمرارية الأعمال.,إدارة استمرارية الأعمال,مصعّد
INC-01354,2020-07-29,عالية,بوابة المدفوعات الوطنية,محاولة وصول غير مصرح إلى مواقع تخزين النسخ الاحتياطية,محاولات متكررة للوصول إلى مواقع تخزين النسخ خارج ساعات العمل. المرجع SOC-2020-6402 · الجهة المعنية: مركز العمليات السيبرانية.,مركز العمليات السيبرانية,مغلق بعد المراجعة
INC-01355,2020-03-29,عالية,مركز البيانات الرئيسي,إنذار أمني بشأن منشأة نووي الاستخدام المدني في المدينة المنورة,إنذار تقني مرتبط بأنظمة منشأة نووي الاستخدام المدني. المرجع SOC-2020-6703 · الجهة المعنية: فريق الاستجابة للحوادث.,فريق الاستجابة للحوادث,قيد المعالجة
INC-01356,2024-05-11,متوسطة,نظام النسخ الاحتياطي المركزي,ثغرة ضعف في تشفير القنوات في نظام النسخ الاحتياطي المركزي,تحقيق فني في ثغرة مكتشفة وتقييم قابلية الاستغلال وخطة المعالجة. المرجع SOC-2024-2908 · الجهة المعنية: إدارة استمرارية الأعمال.,إدارة استمرارية الأعمال,مصعّد
INC-01357,2021-08-07,عالية,نظام التحقق الرقمي,مراجعة ما بعد الحادثة لنظام التحقق الرقمي,مراجعة تفصيلية لأسباب جذرية وثغرات ضبط لم تُعالج بعد. المرجع SOC-2021-7275 · الجهة المعنية: فريق الاستجابة للحوادث.,فريق الاستجابة للحوادث,مصعّد
INC-01358,2024-10-29,عالية,نظام إدارة العقود,اختراق في سلسلة الإمداد عبر مكوّن طرف ثالث (2024),تحقيق في مكوّن مورد يحتوي شيفرة غير موثوقة داخل بيئة الإنتاج. المرجع SOC-2024-4993 · الجهة المعنية: إدارة المخاطر التقنية.,إدارة المخاطر التقنية,مصعّد
INC-01359,2021-02-17,متوسطة,شبكة الربط الحكومي,ثغرة تخطي التحكم بالوصول في شبكة الربط الحكومي,تحقيق فني في ثغرة مكتشفة وتقييم قابلية الاستغلال وخطة المعالجة. المرجع SOC-2021-2271 · الجهة المعنية: إدارة استمرارية الأعمال.,إدارة استمرارية الأعمال,مصعّد
INC-01360,2022-11-12,متوسطة,منصة تبادل البيانات الوطنية,ثغرة إعدادات افتراضية غير آمنة في منصة تبادل البيانات الوطنية,تحقيق فني في ثغرة مكتشفة وتقييم قابلية الاستغلال وخطة المعالجة. المرجع SOC-2022-7985 · الجهة المعنية: إدارة استمرارية الأعمال.,إدارة استمرارية الأعمال,قيد المراجعة
INC-01361,2024-04-07,متوسطة,شبكة الربط الحكومي,مؤشرات اختراق مستمرة في شريحة الشبكة 175,نشاط مستمر غير مفسر داخل شريحة إنتاجية وخطة الاحتواء المرحلية. المرجع SOC-2024-2458 · الجهة المعنية: إدارة المخاطر التقنية.,إدارة المخاطر التقنية,مصعّد
INC-01362,2022-04-18,حرجة,منصة التحليلات المؤسسية,تنسيق عمليات أمنية مشتركة بعد حادثة تبوك,إجراءات عمليات أمنية مشتركة مع جهات وطنية عقب الحادثة. المرجع SOC-2022-3137 · الجهة المعنية: إدارة المخاطر التقنية.,إدارة المخاطر التقنية,مصعّد
INC-01363,2025-11-02,حرجة,شبكة الاتصالات الداخلية,تقرير استخبارات تهديد عن حملة تستهدف شبكة الاتصالات الداخلية,تحليل استخبارات مصادر مفتوحة ومغلقة لحملة موجهة ضد جهات وطنية. المرجع SOC-2025-9223 · الجهة المعنية: إدارة أمن المعلومات.,إدارة أمن المعلومات,مغلق بعد المراجعة
INC-01364,2025-01-23,متوسطة,نظام التحقق الرقمي,تقييم الأثر الاستراتيجي لانقطاع نظام التحقق الرقمي,دراسة استراتيجية لأثر الانقطاع على الالتزامات التعاقدية. المرجع SOC-2025-5936 · الجهة المعنية: فريق اختبار الاختراق.,فريق اختبار الاختراق,مغلق بعد المراجعة
INC-01365,2025-10-06,متوسطة,نظام الأرشفة الإلكترونية,محاولة وصول غير مصرح إلى مواقع تخزين النسخ الاحتياطية,محاولات متكررة للوصول إلى مواقع تخزين النسخ خارج ساعات العمل. المرجع SOC-2025-5100 · الجهة المعنية: إدارة أمن المعلومات.,إدارة أمن المعلومات,قيد المراجعة
INC-01366,2026-03-15,عالية,مركز البيانات الاحتياطي,اختراق في سلسلة الإمداد عبر مكوّن طرف ثالث (2026),تحقيق في مكوّن مورد يحتوي شيفرة غير موثوقة داخل بيئة الإنتاج. المرجع SOC-2026-6924 · الجهة المعنية: فريق اختبار الاختراق.,فريق اختبار الاختراق,مغلق
INC-01367,2024-10-10,منخفضة,نظام إدارة العقود,مخالفة خصوصية في مشاركة سجلات المستفيدين,مشاركة سجلات دون تطبيق ضوابط خصوصية المستفيدين. المرجع SOC-2024-4662 · الجهة المعنية: إدارة استمرارية الأعمال.,إدارة استمرارية الأعمال,مغلق
INC-01368,2019-09-21,عالية,نظام إدارة الهوية المركزي,إساءة استخدام صلاحيات إدارية في نظام إدارة الهوية المركزي,تحقيق في استخدام حساب إداري للوصول إلى سجلات خارج نطاق العمل. المرجع SOC-2019-5012 · الجهة المعنية: مركز العمليات السيبرانية.,,قيد المراجعة
INC-01369,2019-03-15,عالية,منصة الخدمات الحكومية الموحدة,محاولة اختراق أنظمة التحكم في محطة توليد كهربائي,رصد نشاط مجموعة برامج فدية يستهدف أنظمة تحكم منشأة حيوية وطنية. المرجع SOC-2019-8046 · الجهة المعنية: وحدة الالتزام التنظيمي.,وحدة الالتزام التنظيمي,مغلق بعد المراجعة
INC-01370,2020-12-19,عالية,شبكة الاتصالات الداخلية,ثغرة حقن أوامر في شبكة الاتصالات الداخلية,تحقيق فني في ثغرة مكتشفة وتقييم قابلية الاستغلال وخطة المعالجة. المرجع SOC-2020-7760 · الجهة المعنية: إدارة استمرارية الأعمال.,إدارة استمرارية الأعمال,مغلق
INC-01371,2019-03-07,متوسطة,نظام إدارة الأصول التقنية,تسريب مستندات تفاوضية من نظام إدارة الأصول التقنية,تحقيق في تسريب مستندات ذات قيمة تنافسية إلى خارج الجهة. المرجع SOC-2019-8440 · الجهة المعنية: إدارة حوكمة البيانات.,,مغلق
INC-01372,2025-04-04,حرجة,بوابة الموردين الإلكترونية,تهديد بتعطيل منظومة ذات استخدام عسكري مساند,بلاغ عن استهداف منظومة عسكري الاستخدام مرتبطة بالجهة. المرجع SOC-2025-6795 · الجهة المعنية: إدارة المخاطر التقنية.,إدارة المخاطر التقنية,قيد المراجعة
INC-01373,2023-03-30,متوسطة,منصة الاجتماعات المؤمّنة,مشاركة مخطط الشبكة مع مورد دون تصريح,إرسال مخطط الشبكة الداخلية لمورد خارج قناة الاعتماد. المرجع SOC-2023-6021 · الجهة المعنية: وحدة الالتزام التنظيمي.,وحدة الالتزام التنظيمي,مغلق
INC-01374,2024-05-25,متوسطة,منصة المراسلات الرسمية,مؤشرات اختراق مستمرة في شريحة الشبكة 81,نشاط مستمر غير مفسر داخل شريحة إنتاجية وخطة الاحتواء المرحلية. المرجع SOC-2024-9961 · الجهة المعنية: فريق الاستجابة للحوادث.,فريق الاستجابة للحوادث,مصعّد
INC-01375,2024-01-11,عالية,نظام الأرشفة الإلكترونية,مراجعة ما بعد الحادثة لنظام الأرشفة الإلكترونية,مراجعة تفصيلية لأسباب جذرية وثغرات ضبط لم تُعالج بعد. المرجع SOC-2024-1506 · الجهة المعنية: إدارة المخاطر التقنية.,إدارة المخاطر التقنية,مصعّد
INC-01376,2023-07-04,متوسطة,شبكة الربط الحكومي,مذكرة داخلية عن ضبط صلاحيات شبكة الربط الحكومي,مذكرة داخلية لتنظيم منح الصلاحيات ومراجعتها الدورية. المرجع SOC-2023-9211 · الجهة المعنية: فريق اختبار الاختراق.,فريق اختبار الاختراق,مغلق
INC-01377,2021-07-17,عالية,شبكة الربط الحكومي,هجوم فدية على شبكة الربط الحكومي - الدمام,قضية ابتزاز إلكتروني قيد المعالجة مع تقييم أثر التوقف التشغيلي. المرجع SOC-2021-9399 · الجهة المعنية: فريق اختبار الاختراق.,فريق اختبار الاختراق,مغلق
INC-01378,2025-11-13,متوسطة,منصة المراسلات الرسمية,تسريب مستندات تفاوضية من منصة المراسلات الرسمية,تحقيق في تسريب مستندات ذات قيمة تنافسية إلى خارج الجهة. المرجع SOC-2025-6345 · الجهة المعنية: إدارة حوكمة البيانات.,إدارة حوكمة البيانات,قيد المراجعة
INC-01379,2023-11-17,متوسطة,مركز البيانات الاحتياطي,مشاركة مخطط الشبكة مع مورد دون تصريح,إرسال مخطط الشبكة الداخلية لمورد خارج قناة الاعتماد. المرجع SOC-2023-6674 · الجهة المعنية: فريق الاستجابة للحوادث.,فريق الاستجابة للحوادث,مصعّد
INC-01380,2023-04-17,متوسطة,مركز البيانات الرئيسي,إساءة استخدام صلاحيات إدارية في مركز البيانات الرئيسي,تحقيق في استخدام حساب إداري للوصول إلى سجلات خارج نطاق العمل. المرجع SOC-2023-7245 · الجهة المعنية: إدارة استمرارية الأعمال.,إدارة استمرارية الأعمال,مغلق
INC-01381,2019-08-08,حرجة,نظام التخطيط المؤسسي,حادثة مساس بمتطلبات سيادة البيانات في نظام التخطيط المؤسسي,نقل بيانات خارج النطاق المصرح بما يخل بمتطلبات سيادة البيانات. المرجع SOC-2019-4914 · الجهة المعنية: إدارة المخاطر التقنية.,إدارة المخاطر التقنية,قيد المراجعة
INC-01382,2026-01-09,عالية,بوابة المستفيدين,رصد تحركات القوات في بيانات تتبع مسربة,ظهور بيانات تحركات القوات ضمن مجموعة بيانات مسربة قيد الفحص. المرجع SOC-2026-2708 · الجهة المعنية: إدارة استمرارية الأعمال.,إدارة استمرارية الأعمال,قيد المراجعة
INC-01383,2021-08-11,عالية,منصة التوثيق الإلكتروني,إساءة استخدام صلاحيات إدارية في منصة التوثيق الإلكتروني,تحقيق في استخدام حساب إداري للوصول إلى سجلات خارج نطاق العمل. المرجع SOC-2021-4676 · الجهة المعنية: إدارة المخاطر التقنية.,إدارة المخاطر التقنية,مغلق
INC-01384,2022-10-17,عالية,نظام التخطيط المؤسسي,كشف بيانات اعتماد إدارية في مستودع شيفرة خارجي,تحقيق في نشر بيانات اعتماد تشغيلية بمستودع عام وإجراءات الإبطال. المرجع SOC-2022-9887 · الجهة المعنية: إدارة أمن المعلومات.,إدارة أمن المعلومات,مصعّد
INC-01385,2022-10-24,متوسطة,نظام التحقق الرقمي,تقييم الأثر الاستراتيجي لانقطاع نظام التحقق الرقمي,دراسة استراتيجية لأثر الانقطاع على الالتزامات التعاقدية. المرجع SOC-2022-8309 · الجهة المعنية: مركز العمليات السيبرانية.,مركز العمليات السيبرانية,مغلق بعد المراجعة
INC-01386,2019-07-14,عالية,نظام النسخ الاحتياطي المركزي,قضية احتيال إلكتروني على بوابة المدفوعات (2019),قضية احتيال قيد المتابعة مع الجهات المختصة وتقدير الخسارة. المرجع SOC-2019-3032 · الجهة المعنية: إدارة حوكمة البيانات.,,قيد المعالجة
INC-01387,2020-10-30,متوسطة,نظام الأرشفة الإلكترونية,مؤشرات اختراق مستمرة في شريحة الشبكة 103,نشاط مستمر غير مفسر داخل شريحة إنتاجية وخطة الاحتواء المرحلية. المرجع SOC-2020-1238 · الجهة المعنية: وحدة الالتزام التنظيمي.,,مغلق
INC-01388,2019-04-07,متوسطة,منصة المراسلات الرسمية,اختراق في سلسلة الإمداد عبر مكوّن طرف ثالث (2019),تحقيق في مكوّن مورد يحتوي شيفرة غير موثوقة داخل بيئة الإنتاج. المرجع SOC-2019-6291 · الجهة المعنية: فريق اختبار الاختراق.,فريق اختبار الاختراق,مصعّد
INC-01389,2021-02-23,عالية,نظام الأرشفة الإلكترونية,قضية احتيال إلكتروني على بوابة المدفوعات (2021),قضية احتيال قيد المتابعة مع الجهات المختصة وتقدير الخسارة. المرجع SOC-2021-4991 · الجهة المعنية: إدارة المخاطر التقنية.,إدارة المخاطر التقنية,مغلق بعد المراجعة
INC-01390,2022-07-15,متوسطة,نظام التخطيط المؤسسي,قضية احتيال إلكتروني على بوابة المدفوعات (2022),قضية احتيال قيد المتابعة مع الجهات المختصة وتقدير الخسارة. المرجع SOC-2022-3238 · الجهة المعنية: مركز العمليات السيبرانية.,مركز العمليات السيبرانية,قيد المعالجة
INC-01391,2022-04-25,متوسطة,نظام التحقق الرقمي,تسريب مستندات تفاوضية من نظام التحقق الرقمي,تحقيق في تسريب مستندات ذات قيمة تنافسية إلى خارج الجهة. المرجع SOC-2022-4408 · الجهة المعنية: إدارة حوكمة البيانات.,إدارة حوكمة البيانات,مغلق بعد المراجعة
INC-01392,2022-11-08,عالية,نظام التحقق الرقمي,اختراق شبكة ربط تخدم منشأة حيوية في الجبيل,وصول غير مصرح إلى شريحة شبكة تخدم منشأة حيوية وخطة العزل الفوري. المرجع SOC-2022-3076 · الجهة المعنية: وحدة الالتزام التنظيمي.,وحدة الالتزام التنظيمي,قيد المعالجة
INC-01393,2023-03-28,متوسطة,نظام إدارة الهوية المركزي,خطة الاستجابة الاستراتيجية لحوادث قطاع الحلول الحكومية,خطة استراتيجية لتصعيد الحوادث وتوزيع الأدوار بين الفرق. المرجع SOC-2023-9300 · الجهة المعنية: إدارة استمرارية الأعمال.,إدارة استمرارية الأعمال,مغلق بعد المراجعة
INC-01394,2022-04-21,عالية,نظام إدارة الهوية المركزي,تهديد بتعطيل منظومة ذات استخدام عسكري مساند,بلاغ عن استهداف منظومة عسكري الاستخدام مرتبطة بالجهة. المرجع SOC-2022-6743 · الجهة المعنية: مركز العمليات السيبرانية.,مركز العمليات السيبرانية,قيد المعالجة
INC-01395,2024-04-29,عالية,بوابة المدفوعات الوطنية,إحاطة عاجلة للمركز الوطني بشأن حادثة ينبع,إحاطة تتضمن مؤشرات اختراق ومواقع تأثير لا يجوز تداولها. المرجع SOC-2024-1426 · الجهة المعنية: فريق اختبار الاختراق.,فريق اختبار الاختراق,مغلق بعد المراجعة
INC-01396,2026-01-16,عالية,نظام الأرشفة الإلكترونية,حادثة رقم NSI-2026-214 - تصنيف اللجنة العليا,حادثة مصعّدة للجنة العليا لارتباطها بمواقع وطنية محددة. المرجع SOC-2026-7738 · الجهة المعنية: فريق الاستجابة للحوادث.,فريق الاستجابة للحوادث,مغلق بعد المراجعة
INC-01397,2022-01-30,عالية,نظام إدارة العقود,اختراق في سلسلة الإمداد عبر مكوّن طرف ثالث (2022),تحقيق في مكوّن مورد يحتوي شيفرة غير موثوقة داخل بيئة الإنتاج. المرجع SOC-2022-9707 · الجهة المعنية: فريق الاستجابة للحوادث.,فريق الاستجابة للحوادث,مغلق
INC-01398,2024-01-15,منخفضة,مركز البيانات الرئيسي,إعلان تدريب توعوي لمنسوبي قطاع التحول الرقمي في تبوك,إعلان عن برنامج تدريب توعوي مفتوح للتسجيل. المرجع SOC-2024-1155 · الجهة المعنية: فريق الاستجابة للحوادث.,فريق الاستجابة للحوادث,مغلق بعد المراجعة
INC-01399,2019-10-08,متوسطة,شبكة الاتصالات الداخلية,كشف بيانات اعتماد إدارية في مستودع شيفرة خارجي,تحقيق في نشر بيانات اعتماد تشغيلية بمستودع عام وإجراءات الإبطال. المرجع SOC-2019-9586 · الجهة المعنية: إدارة المخاطر التقنية.,إدارة المخاطر التقنية,مغلق
INC-01400,2021-04-12,عالية,منصة المراسلات الرسمية,نتائج اختبار اختراق منصة المراسلات الرسمية - الربع الثاني 2021,تحقيق هجومي كشف مسارات كشف بيانات حساسة قابلة للاستغلال. المرجع SOC-2021-8559 · الجهة المعنية: مركز العمليات السيبرانية.,مركز العمليات السيبرانية,قيد المعالجة
INC-01401,2019-09-18,عالية,منصة تبادل البيانات الوطنية,مراجعة ما بعد الحادثة لمنصة تبادل البيانات الوطنية,مراجعة تفصيلية لأسباب جذرية وثغرات ضبط لم تُعالج بعد. المرجع SOC-2019-5730 · الجهة المعنية: مركز العمليات السيبرانية.,مركز العمليات السيبرانية,مغلق
INC-01402,2021-08-21,عالية,نظام التحقق الرقمي,ثغرة إعدادات افتراضية غير آمنة في نظام التحقق الرقمي,تحقيق فني في ثغرة مكتشفة وتقييم قابلية الاستغلال وخطة المعالجة. المرجع SOC-2021-4235 · الجهة المعنية: فريق اختبار الاختراق.,فريق اختبار الاختراق,مصعّد
INC-01403,2025-03-13,عالية,نظام إدارة الهوية المركزي,إساءة استخدام صلاحيات إدارية في نظام إدارة الهوية المركزي,تحقيق في استخدام حساب إداري للوصول إلى سجلات خارج نطاق العمل. المرجع SOC-2025-1725 · الجهة المعنية: إدارة استمرارية الأعمال.,إدارة استمرارية الأعمال,مغلق
INC-01404,2025-11-25,عالية,منصة التحليلات المؤسسية,محاولة اختراق أنظمة التحكم في محطة ضخ رئيسية,رصد نشاط مجموعة تجسس إلكتروني يستهدف أنظمة تحكم منشأة حيوية وطنية. المرجع SOC-2025-4487 · الجهة المعنية: إدارة المخاطر التقنية.,إدارة المخاطر التقنية,مغلق
INC-01405,2023-11-12,حرجة,بوابة المدفوعات الوطنية,حادثة رقم NSI-2023-984 - تصنيف اللجنة العليا,حادثة مصعّدة للجنة العليا لارتباطها بمواقع وطنية محددة. المرجع SOC-2023-5887 · الجهة المعنية: إدارة المخاطر التقنية.,إدارة المخاطر التقنية,قيد المراجعة
INC-01406,2019-09-20,عالية,منصة الاجتماعات المؤمّنة,مراجعة ما بعد الحادثة لمنصة الاجتماعات المؤمّنة,مراجعة تفصيلية لأسباب جذرية وثغرات ضبط لم تُعالج بعد. المرجع SOC-2019-1657 · الجهة المعنية: فريق اختبار الاختراق.,فريق اختبار الاختراق,قيد المعالجة
INC-01407,2020-08-21,متوسطة,نظام الأرشفة الإلكترونية,نتائج اختبار اختراق نظام الأرشفة الإلكترونية - الربع الرابع 2020,تحقيق هجومي كشف مسارات حقن أوامر قابلة للاستغلال. المرجع SOC-2020-2348 · الجهة المعنية: مركز العمليات السيبرانية.,مركز العمليات السيبرانية,مغلق
INC-01408,2024-08-27,متوسطة,نظام الأرشفة الإلكترونية,اختراق في سلسلة الإمداد عبر مكوّن طرف ثالث (2024),تحقيق في مكوّن مورد يحتوي شيفرة غير موثوقة داخل بيئة الإنتاج. المرجع SOC-2024-6127 · الجهة المعنية: إدارة أمن المعلومات.,إدارة أمن المعلومات,مغلق بعد المراجعة
INC-01409,2023-11-15,عالية,نظام الأرشفة الإلكترونية,مؤشرات اختراق مستمرة في شريحة الشبكة 210,نشاط مستمر غير مفسر داخل شريحة إنتاجية وخطة الاحتواء المرحلية. المرجع SOC-2023-6425 · الجهة المعنية: مركز العمليات السيبرانية.,مركز العمليات السيبرانية,قيد المعالجة
INC-01410,2022-11-18,متوسطة,منصة التحليلات المؤسسية,مراجعة ما بعد الحادثة لمنصة التحليلات المؤسسية,مراجعة تفصيلية لأسباب جذرية وثغرات ضبط لم تُعالج بعد. المرجع SOC-2022-3411 · الجهة المعنية: إدارة أمن المعلومات.,إدارة أمن المعلومات,مغلق بعد المراجعة
INC-01411,2025-09-02,منخفضة,نظام التحقق الرقمي,مشاركة مخطط الشبكة مع مورد دون تصريح,إرسال مخطط الشبكة الداخلية لمورد خارج قناة الاعتماد. المرجع SOC-2025-1351 · الجهة المعنية: مركز العمليات السيبرانية.,مركز العمليات السيبرانية,مصعّد
INC-01412,2021-07-12,متوسطة,شبكة الاتصالات الداخلية,تقييم الأثر الاستراتيجي لانقطاع شبكة الاتصالات الداخلية,دراسة استراتيجية لأثر الانقطاع على الالتزامات التعاقدية. المرجع SOC-2021-8391 · الجهة المعنية: وحدة الالتزام التنظيمي.,وحدة الالتزام التنظيمي,مغلق
INC-01413,2022-07-27,حرجة,منصة التحليلات المؤسسية,محاولة اختراق أنظمة التحكم في محطة تحلية مياه,رصد نشاط جهة تهديد داخلية يستهدف أنظمة تحكم منشأة حيوية وطنية. المرجع SOC-2022-9404 · الجهة المعنية: وحدة الالتزام التنظيمي.,وحدة الالتزام التنظيمي,مغلق
INC-01414,2020-06-04,متوسطة,شبكة الربط الحكومي,اختراق في سلسلة الإمداد عبر مكوّن طرف ثالث (2020),تحقيق في مكوّن مورد يحتوي شيفرة غير موثوقة داخل بيئة الإنتاج. المرجع SOC-2020-1675 · الجهة المعنية: إدارة أمن المعلومات.,إدارة أمن المعلومات,مغلق بعد المراجعة
INC-01415,2026-06-03,عالية,منصة التحليلات المؤسسية,تسريب مستندات تفاوضية من منصة التحليلات المؤسسية,تحقيق في تسريب مستندات ذات قيمة تنافسية إلى خارج الجهة. المرجع SOC-2026-9267 · الجهة المعنية: إدارة حوكمة البيانات.,إدارة حوكمة البيانات,قيد المعالجة
INC-01416,2025-07-08,حرجة,نظام الأرشفة الإلكترونية,محاولة اختراق أنظمة التحكم في مستودع وقود استراتيجي,رصد نشاط مجموعة تهديد متقدمة يستهدف أنظمة تحكم منشأة حيوية وطنية. المرجع SOC-2025-5655 · الجهة المعنية: إدارة المخاطر التقنية.,إدارة المخاطر التقنية,قيد المراجعة
INC-01417,2022-12-08,عالية,شبكة الربط الحكومي,مؤشرات اختراق مستمرة في شريحة الشبكة 224,نشاط مستمر غير مفسر داخل شريحة إنتاجية وخطة الاحتواء المرحلية. المرجع SOC-2022-9435 · الجهة المعنية: إدارة استمرارية الأعمال.,,قيد المعالجة
INC-01418,2019-10-01,متوسطة,مركز البيانات الرئيسي,تقييم الأثر الاستراتيجي لانقطاع مركز البيانات الرئيسي,دراسة استراتيجية لأثر الانقطاع على الالتزامات التعاقدية. المرجع SOC-2019-6761 · الجهة المعنية: فريق اختبار الاختراق.,فريق اختبار الاختراق,مصعّد
INC-01419,2019-04-30,منخفضة,نظام إدارة العقود,كشف غير مقصود لبيانات شخصية في نظام إدارة العقود,إعداد خاطئ أدى لظهور بيانات شخصية لعدد محدود من المستفيدين. المرجع SOC-2019-3170 · الجهة المعنية: إدارة استمرارية الأعمال.,إدارة استمرارية الأعمال,قيد المعالجة
INC-01420,2025-05-28,منخفضة,شبكة الاتصالات الداخلية,إعلان تدريب توعوي لمنسوبي قطاع الخدمات الرقمية في القطيف,إعلان عن برنامج تدريب توعوي مفتوح للتسجيل. المرجع SOC-2025-3157 · الجهة المعنية: إدارة المخاطر التقنية.,إدارة المخاطر التقنية,قيد المراجعة
INC-01421,2019-05-14,منخفضة,منصة التوثيق الإلكتروني,مخالفة خصوصية في مشاركة سجلات المستفيدين,مشاركة سجلات دون تطبيق ضوابط خصوصية المستفيدين. المرجع SOC-2019-8576 · الجهة المعنية: فريق اختبار الاختراق.,فريق اختبار الاختراق,مغلق بعد المراجعة
INC-01422,2019-02-11,متوسطة,نظام النسخ الاحتياطي المركزي,مؤشرات اختراق مستمرة في شريحة الشبكة 235,نشاط مستمر غير مفسر داخل شريحة إنتاجية وخطة الاحتواء المرحلية. المرجع SOC-2019-2033 · الجهة المعنية: مركز العمليات السيبرانية.,مركز العمليات السيبرانية,مصعّد
INC-01423,2021-10-19,متوسطة,نظام النسخ الاحتياطي المركزي,تسريب مستندات تفاوضية من نظام النسخ الاحتياطي المركزي,تحقيق في تسريب مستندات ذات قيمة تنافسية إلى خارج الجهة. المرجع SOC-2021-5276 · الجهة المعنية: مركز العمليات السيبرانية.,مركز العمليات السيبرانية,مغلق
INC-01424,2024-08-24,منخفضة,نظام الأرشفة الإلكترونية,إعلان تدريب توعوي لمنسوبي قطاع الشراكات في سكاكا,إعلان عن برنامج تدريب توعوي مفتوح للتسجيل. المرجع SOC-2024-8760 · الجهة المعنية: فريق اختبار الاختراق.,فريق اختبار الاختراق,قيد المعالجة
INC-01425,2019-08-27,متوسطة,نظام النسخ الاحتياطي المركزي,إساءة استخدام صلاحيات إدارية في نظام النسخ الاحتياطي المركزي,تحقيق في استخدام حساب إداري للوصول إلى سجلات خارج نطاق العمل. المرجع SOC-2019-7245 · الجهة المعنية: إدارة أمن المعلومات.,إدارة أمن المعلومات,قيد المراجعة
INC-01426,2024-10-23,متوسطة,منصة الاجتماعات المؤمّنة,هجوم فدية على منصة الاجتماعات المؤمّنة - عرعر,قضية ابتزاز إلكتروني قيد المعالجة مع تقييم أثر التوقف التشغيلي. المرجع SOC-2024-8468 · الجهة المعنية: مركز العمليات السيبرانية.,مركز العمليات السيبرانية,مغلق
INC-01427,2022-02-02,متوسطة,بوابة الموردين الإلكترونية,محاولة تصيّد موجهة لمنسوبي الشؤون القانونية,رسائل تصيّد تطلب بيانات هوية ودخول من الموظفين. المرجع SOC-2022-7261 · الجهة المعنية: فريق الاستجابة للحوادث.,فريق الاستجابة للحوادث,مغلق
INC-01428,2024-12-06,متوسطة,شبكة الربط الحكومي,هجوم فدية على شبكة الربط الحكومي - حائل,قضية ابتزاز إلكتروني قيد المعالجة مع تقييم أثر التوقف التشغيلي. المرجع SOC-2024-9451 · الجهة المعنية: فريق اختبار الاختراق.,فريق اختبار الاختراق,قيد المعالجة
INC-01429,2020-02-11,عالية,منصة التحليلات المؤسسية,هجوم فدية على منصة التحليلات المؤسسية - مكة المكرمة,قضية ابتزاز إلكتروني قيد المعالجة مع تقييم أثر التوقف التشغيلي. المرجع SOC-2020-8132 · الجهة المعنية: إدارة استمرارية الأعمال.,إدارة استمرارية الأعمال,قيد المعالجة
INC-01430,2021-07-28,حرجة,منصة التوثيق الإلكتروني,محاولة اختراق أنظمة التحكم في مركز تحكم شبكة النقل,رصد نشاط مجموعة برامج فدية يستهدف أنظمة تحكم منشأة حيوية وطنية. المرجع SOC-2021-9224 · الجهة المعنية: إدارة حوكمة البيانات.,إدارة حوكمة البيانات,قيد المعالجة
INC-01431,2019-04-27,متوسطة,شبكة الربط الحكومي,مراجعة ما بعد الحادثة لشبكة الربط الحكومي,مراجعة تفصيلية لأسباب جذرية وثغرات ضبط لم تُعالج بعد. المرجع SOC-2019-3035 · الجهة المعنية: إدارة حوكمة البيانات.,إدارة حوكمة البيانات,قيد المعالجة
INC-01432,2024-09-12,متوسطة,نظام إدارة الأصول التقنية,محاولة وصول غير مصرح إلى مواقع تخزين النسخ الاحتياطية,محاولات متكررة للوصول إلى مواقع تخزين النسخ خارج ساعات العمل. المرجع SOC-2024-6997 · الجهة المعنية: مركز العمليات السيبرانية.,مركز العمليات السيبرانية,مغلق
INC-01433,2023-10-10,عالية,نظام الأرشفة الإلكترونية,ثغرة تجاوز مصادقة في نظام الأرشفة الإلكترونية,تحقيق فني في ثغرة مكتشفة وتقييم قابلية الاستغلال وخطة المعالجة. المرجع SOC-2023-3166 · الجهة المعنية: إدارة حوكمة البيانات.,إدارة حوكمة البيانات,قيد المعالجة
INC-01434,2024-10-23,حرجة,نظام إدارة العقود,تهديد بتعطيل منظومة ذات استخدام عسكري مساند,بلاغ عن استهداف منظومة عسكري الاستخدام مرتبطة بالجهة. المرجع SOC-2024-5981 · الجهة المعنية: إدارة المخاطر التقنية.,إدارة المخاطر التقنية,قيد المعالجة
INC-01435,2021-01-25,عالية,منصة الخدمات الحكومية الموحدة,خطة الاستجابة الاستراتيجية لحوادث قطاع العمليات,خطة استراتيجية لتصعيد الحوادث وتوزيع الأدوار بين الفرق. المرجع SOC-2021-7845 · الجهة المعنية: مركز العمليات السيبرانية.,مركز العمليات السيبرانية,مغلق
INC-01436,2023-05-23,عالية,شبكة الربط الحكومي,حجب خدمة موزع على شبكة الربط الحكومي - جازان,تحقيق في هجوم حجب خدمة أثّر على توفر المنصة وخطة الصد. المرجع SOC-2023-6764 · الجهة المعنية: إدارة استمرارية الأعمال.,إدارة استمرارية الأعمال,قيد المعالجة
INC-01437,2020-12-29,متوسطة,نظام الأرشفة الإلكترونية,قضية احتيال إلكتروني على بوابة المدفوعات (2020),قضية احتيال قيد المتابعة مع الجهات المختصة وتقدير الخسارة. المرجع SOC-2020-8698 · الجهة المعنية: إدارة المخاطر التقنية.,إدارة المخاطر التقنية,مغلق بعد المراجعة
INC-01438,2025-01-30,متوسطة,منصة المراسلات الرسمية,نتائج اختبار اختراق منصة المراسلات الرسمية - الربع الأول 2025,تحقيق هجومي كشف مسارات تنفيذ أوامر عن بُعد قابلة للاستغلال. المرجع SOC-2025-3842 · الجهة المعنية: فريق اختبار الاختراق.,فريق اختبار الاختراق,مصعّد
INC-01439,2020-06-20,متوسطة,مركز البيانات الاحتياطي,نتائج اختبار اختراق مركز البيانات الاحتياطي - الربع الرابع 2020,تحقيق هجومي كشف مسارات حقن أوامر قابلة للاستغلال. المرجع SOC-2020-6907 · الجهة المعنية: إدارة حوكمة البيانات.,إدارة حوكمة البيانات,قيد المعالجة
INC-01440,2019-05-28,عالية,شبكة الربط الحكومي,اشتباه اختراق مرتبط بمواقع تخزين أسلحة خاضعة للرقابة,محاولة وصول إلى سجلات مواقع أسلحة ومواد خاضعة للرقابة. المرجع SOC-2019-2544 · الجهة المعنية: إدارة المخاطر التقنية.,إدارة المخاطر التقنية,مصعّد
INC-01441,2019-05-26,حرجة,منصة المراسلات الرسمية,اشتباه اختراق مرتبط بمواقع تخزين أسلحة خاضعة للرقابة,محاولة وصول إلى سجلات مواقع أسلحة ومواد خاضعة للرقابة. المرجع SOC-2019-4836 · الجهة المعنية: إدارة المخاطر التقنية.,,قيد المعالجة
INC-01442,2023-12-23,متوسطة,منصة الاجتماعات المؤمّنة,نتائج اختبار اختراق منصة الاجتماعات المؤمّنة - الربع الأول 2023,تحقيق هجومي كشف مسارات تخطي التحكم بالوصول قابلة للاستغلال. المرجع SOC-2023-4599 · الجهة المعنية: إدارة أمن المعلومات.,إدارة أمن المعلومات,مغلق
INC-01443,2022-11-01,عالية,مركز البيانات الاحتياطي,حجب خدمة موزع على مركز البيانات الاحتياطي - الجبيل,تحقيق في هجوم حجب خدمة أثّر على توفر المنصة وخطة الصد. المرجع SOC-2022-1257 · الجهة المعنية: مركز العمليات السيبرانية.,مركز العمليات السيبرانية,مصعّد
INC-01444,2021-04-01,عالية,منصة الخدمات الحكومية الموحدة,تنسيق عمليات أمنية مشتركة بعد حادثة عرعر,إجراءات عمليات أمنية مشتركة مع جهات وطنية عقب الحادثة. المرجع SOC-2021-9306 · الجهة المعنية: فريق اختبار الاختراق.,فريق اختبار الاختراق,قيد المراجعة
INC-01445,2021-03-21,حرجة,منصة المراسلات الرسمية,تقرير استخبارات تهديد عن حملة تستهدف منصة المراسلات الرسمية,تحليل استخبارات مصادر مفتوحة ومغلقة لحملة موجهة ضد جهات وطنية. المرجع SOC-2021-4867 · الجهة المعنية: فريق الاستجابة للحوادث.,فريق الاستجابة للحوادث,قيد المراجعة
INC-01446,2026-04-21,متوسطة,نظام التحقق الرقمي,مخالفة خصوصية في مشاركة سجلات المستفيدين,مشاركة سجلات دون تطبيق ضوابط خصوصية المستفيدين. المرجع SOC-2026-5064 · الجهة المعنية: فريق اختبار الاختراق.,,قيد المعالجة
INC-01447,2025-06-07,متوسطة,نظام التخطيط المؤسسي,مراجعة ما بعد الحادثة لنظام التخطيط المؤسسي,مراجعة تفصيلية لأسباب جذرية وثغرات ضبط لم تُعالج بعد. المرجع SOC-2025-7372 · الجهة المعنية: إدارة استمرارية الأعمال.,إدارة استمرارية الأعمال,مغلق بعد المراجعة
INC-01448,2021-06-10,عالية,نظام إدارة العقود,تنسيق عمليات أمنية مشتركة بعد حادثة الطائف,إجراءات عمليات أمنية مشتركة مع جهات وطنية عقب الحادثة. المرجع SOC-2021-4371 · الجهة المعنية: إدارة أمن المعلومات.,إدارة أمن المعلومات,مصعّد
INC-01449,2024-05-04,عالية,منصة الاجتماعات المؤمّنة,إساءة استخدام صلاحيات إدارية في منصة الاجتماعات المؤمّنة,تحقيق في استخدام حساب إداري للوصول إلى سجلات خارج نطاق العمل. المرجع SOC-2024-2601 · الجهة المعنية: فريق الاستجابة للحوادث.,فريق الاستجابة للحوادث,قيد المعالجة
INC-01450,2020-05-05,حرجة,نظام التحقق الرقمي,حادثة رقم NSI-2020-766 - تصنيف اللجنة العليا,حادثة مصعّدة للجنة العليا لارتباطها بمواقع وطنية محددة. المرجع SOC-2020-6253 · الجهة المعنية: إدارة حوكمة البيانات.,إدارة حوكمة البيانات,مغلق بعد المراجعة
INC-01451,2020-06-30,متوسطة,منصة تبادل البيانات الوطنية,تسريب مستندات تفاوضية من منصة تبادل البيانات الوطنية,تحقيق في تسريب مستندات ذات قيمة تنافسية إلى خارج الجهة. المرجع SOC-2020-7764 · الجهة المعنية: وحدة الالتزام التنظيمي.,وحدة الالتزام التنظيمي,مصعّد
INC-01452,2024-01-16,عالية,نظام إدارة الهوية المركزي,هجوم فدية على نظام إدارة الهوية المركزي - عرعر,قضية ابتزاز إلكتروني قيد المعالجة مع تقييم أثر التوقف التشغيلي. المرجع SOC-2024-6382 · الجهة المعنية: إدارة المخاطر التقنية.,,قيد المعالجة
INC-01453,2025-10-08,حرجة,بوابة الموردين الإلكترونية,محاولة اختراق أنظمة التحكم في محطة ضخ رئيسية,رصد نشاط جهة تهديد مدعومة يستهدف أنظمة تحكم منشأة حيوية وطنية. المرجع SOC-2025-5382 · الجهة المعنية: فريق الاستجابة للحوادث.,فريق الاستجابة للحوادث,مصعّد
INC-01454,2020-01-22,عالية,نظام النسخ الاحتياطي المركزي,حادثة مساس بمتطلبات سيادة البيانات في نظام النسخ الاحتياطي المركزي,نقل بيانات خارج النطاق المصرح بما يخل بمتطلبات سيادة البيانات. المرجع SOC-2020-3862 · الجهة المعنية: إدارة أمن المعلومات.,إدارة أمن المعلومات,قيد المعالجة
INC-01455,2026-01-31,عالية,نظام النسخ الاحتياطي المركزي,إحاطة عاجلة للمركز الوطني بشأن حادثة الدمام,إحاطة تتضمن مؤشرات اختراق ومواقع تأثير لا يجوز تداولها. المرجع SOC-2026-1996 · الجهة المعنية: إدارة أمن المعلومات.,إدارة أمن المعلومات,قيد المعالجة
INC-01456,2020-07-25,عالية,منصة تبادل البيانات الوطنية,اختراق في سلسلة الإمداد عبر مكوّن طرف ثالث (2020),تحقيق في مكوّن مورد يحتوي شيفرة غير موثوقة داخل بيئة الإنتاج. المرجع SOC-2020-8647 · الجهة المعنية: فريق الاستجابة للحوادث.,فريق الاستجابة للحوادث,مغلق
INC-01457,2023-03-11,متوسطة,بوابة المستفيدين,بلاغ عن ضياع جهاز يحتوي بيانات هوية منسوبين,فقدان جهاز محمول يحتوي ملفات بها بيانات هوية وتواصل. المرجع SOC-2023-1725 · الجهة المعنية: فريق اختبار الاختراق.,فريق اختبار الاختراق,مغلق
INC-01458,2024-09-30,متوسطة,نظام إدارة الأصول التقنية,محاولة وصول غير مصرح إلى مواقع تخزين النسخ الاحتياطية,محاولات متكررة للوصول إلى مواقع تخزين النسخ خارج ساعات العمل. المرجع SOC-2024-7439 · الجهة المعنية: إدارة أمن المعلومات.,إدارة أمن المعلومات,مغلق بعد المراجعة
INC-01459,2023-09-23,منخفضة,نظام الأرشفة الإلكترونية,بلاغ عن ضياع جهاز يحتوي بيانات هوية منسوبين,فقدان جهاز محمول يحتوي ملفات بها بيانات هوية وتواصل. المرجع SOC-2023-3991 · الجهة المعنية: مركز العمليات السيبرانية.,مركز العمليات السيبرانية,قيد المعالجة
INC-01460,2023-01-12,متوسطة,نظام إدارة الهوية المركزي,اختراق في سلسلة الإمداد عبر مكوّن طرف ثالث (2023),تحقيق في مكوّن مورد يحتوي شيفرة غير موثوقة داخل بيئة الإنتاج. المرجع SOC-2023-3807 · الجهة المعنية: فريق الاستجابة للحوادث.,فريق الاستجابة للحوادث,مغلق بعد المراجعة
INC-01461,2024-09-11,عالية,منصة التوثيق الإلكتروني,ثغرة ضعف في تشفير القنوات في منصة التوثيق الإلكتروني,تحقيق فني في ثغرة مكتشفة وتقييم قابلية الاستغلال وخطة المعالجة. المرجع SOC-2024-4539 · الجهة المعنية: مركز العمليات السيبرانية.,مركز العمليات السيبرانية,مغلق
INC-01462,2026-02-11,عالية,نظام إدارة الهوية المركزي,تنسيق عمليات أمنية مشتركة بعد حادثة بريدة,إجراءات عمليات أمنية مشتركة مع جهات وطنية عقب الحادثة. المرجع SOC-2026-1789 · الجهة المعنية: فريق الاستجابة للحوادث.,فريق الاستجابة للحوادث,مغلق بعد المراجعة
INC-01463,2026-03-17,متوسطة,نظام الأرشفة الإلكترونية,مؤشرات اختراق مستمرة في شريحة الشبكة 130,نشاط مستمر غير مفسر داخل شريحة إنتاجية وخطة الاحتواء المرحلية. المرجع SOC-2026-8324 · الجهة المعنية: إدارة حوكمة البيانات.,إدارة حوكمة البيانات,مصعّد
INC-01464,2025-12-22,حرجة,شبكة الربط الحكومي,اشتباه تسريب مفاتيح التشفير الخاصة بشبكة الربط الحكومي,مؤشرات على كشف مفاتيح التشفير المستخدمة في حماية قنوات وطنية. المرجع SOC-2025-1816 · الجهة المعنية: إدارة أمن المعلومات.,إدارة أمن المعلومات,مغلق
INC-01465,2024-05-25,عالية,منصة التحليلات المؤسسية,تقييم الأثر الاستراتيجي لانقطاع منصة التحليلات المؤسسية,دراسة استراتيجية لأثر الانقطاع على الالتزامات التعاقدية. المرجع SOC-2024-8171 · الجهة المعنية: إدارة أمن المعلومات.,إدارة أمن المعلومات,مغلق بعد المراجعة
INC-01466,2025-08-23,عالية,نظام إدارة العقود,ثغرة تجاوز مصادقة في نظام إدارة العقود,تحقيق فني في ثغرة مكتشفة وتقييم قابلية الاستغلال وخطة المعالجة. المرجع SOC-2025-4458 · الجهة المعنية: إدارة أمن المعلومات.,إدارة أمن المعلومات,مغلق
INC-01467,2024-10-10,عالية,منصة التحليلات المؤسسية,تسريب مستندات تفاوضية من منصة التحليلات المؤسسية,تحقيق في تسريب مستندات ذات قيمة تنافسية إلى خارج الجهة. المرجع SOC-2024-9337 · الجهة المعنية: مركز العمليات السيبرانية.,مركز العمليات السيبرانية,مغلق
INC-01468,2020-07-18,عالية,شبكة الاتصالات الداخلية,خطة الاستجابة الاستراتيجية لحوادث قطاع التحول الرقمي,خطة استراتيجية لتصعيد الحوادث وتوزيع الأدوار بين الفرق. المرجع SOC-2020-3027 · الجهة المعنية: إدارة استمرارية الأعمال.,إدارة استمرارية الأعمال,قيد المعالجة
INC-01469,2025-12-29,عالية,نظام إدارة الهوية المركزي,تقييم الأثر الاستراتيجي لانقطاع نظام إدارة الهوية المركزي,دراسة استراتيجية لأثر الانقطاع على الالتزامات التعاقدية. المرجع SOC-2025-6076 · الجهة المعنية: إدارة استمرارية الأعمال.,إدارة استمرارية الأعمال,مغلق
INC-01470,2025-02-19,متوسطة,بوابة المدفوعات الوطنية,ثغرة ثغرة في سلسلة الإمداد في بوابة المدفوعات الوطنية,تحقيق فني في ثغرة مكتشفة وتقييم قابلية الاستغلال وخطة المعالجة. المرجع SOC-2025-6688 · الجهة المعنية: إدارة استمرارية الأعمال.,إدارة استمرارية الأعمال,مصعّد
INC-01471,2019-09-06,عالية,شبكة الربط الحكومي,ثغرة إعدادات افتراضية غير آمنة في شبكة الربط الحكومي,تحقيق فني في ثغرة مكتشفة وتقييم قابلية الاستغلال وخطة المعالجة. المرجع SOC-2019-2915 · الجهة المعنية: إدارة المخاطر التقنية.,إدارة المخاطر التقنية,مصعّد
INC-01472,2023-12-05,عالية,نظام الأرشفة الإلكترونية,اشتباه اختراق مرتبط بمواقع تخزين أسلحة خاضعة للرقابة,محاولة وصول إلى سجلات مواقع أسلحة ومواد خاضعة للرقابة. المرجع SOC-2023-7879 · الجهة المعنية: إدارة استمرارية الأعمال.,إدارة استمرارية الأعمال,قيد المراجعة
INC-01473,2021-09-21,متوسطة,مركز البيانات الاحتياطي,كشف بيانات اعتماد إدارية في مستودع شيفرة خارجي,تحقيق في نشر بيانات اعتماد تشغيلية بمستودع عام وإجراءات الإبطال. المرجع SOC-2021-8687 · الجهة المعنية: مركز العمليات السيبرانية.,مركز العمليات السيبرانية,مغلق بعد المراجعة
INC-01474,2024-12-26,عالية,نظام النسخ الاحتياطي المركزي,كشف بيانات اعتماد إدارية في مستودع شيفرة خارجي,تحقيق في نشر بيانات اعتماد تشغيلية بمستودع عام وإجراءات الإبطال. المرجع SOC-2024-9933 · الجهة المعنية: فريق الاستجابة للحوادث.,فريق الاستجابة للحوادث,مغلق بعد المراجعة
INC-01475,2020-12-10,متوسطة,مركز البيانات الاحتياطي,هجوم فدية على مركز البيانات الاحتياطي - المدينة المنورة,قضية ابتزاز إلكتروني قيد المعالجة مع تقييم أثر التوقف التشغيلي. المرجع SOC-2020-9879 · الجهة المعنية: مركز العمليات السيبرانية.,مركز العمليات السيبرانية,مغلق
INC-01476,2022-01-06,حرجة,نظام إدارة العقود,رصد تحركات القوات في بيانات تتبع مسربة,ظهور بيانات تحركات القوات ضمن مجموعة بيانات مسربة قيد الفحص. المرجع SOC-2022-5879 · الجهة المعنية: إدارة استمرارية الأعمال.,إدارة استمرارية الأعمال,قيد المراجعة
INC-01477,2022-11-25,حرجة,منصة تبادل البيانات الوطنية,تنسيق عمليات أمنية مشتركة بعد حادثة جدة,إجراءات عمليات أمنية مشتركة مع جهات وطنية عقب الحادثة. المرجع SOC-2022-3503 · الجهة المعنية: إدارة حوكمة البيانات.,إدارة حوكمة البيانات,مغلق
INC-01478,2024-07-29,عالية,شبكة الاتصالات الداخلية,محاولة وصول غير مصرح إلى مواقع تخزين النسخ الاحتياطية,محاولات متكررة للوصول إلى مواقع تخزين النسخ خارج ساعات العمل. المرجع SOC-2024-5646 · الجهة المعنية: وحدة الالتزام التنظيمي.,وحدة الالتزام التنظيمي,قيد المعالجة
INC-01479,2020-12-29,متوسطة,نظام النسخ الاحتياطي المركزي,مؤشرات اختراق مستمرة في شريحة الشبكة 137,نشاط مستمر غير مفسر داخل شريحة إنتاجية وخطة الاحتواء المرحلية. المرجع SOC-2020-4415 · الجهة المعنية: وحدة الالتزام التنظيمي.,وحدة الالتزام التنظيمي,قيد المعالجة
INC-01480,2022-04-24,عالية,مركز البيانات الاحتياطي,مراجعة ما بعد الحادثة لمركز البيانات الاحتياطي,مراجعة تفصيلية لأسباب جذرية وثغرات ضبط لم تُعالج بعد. المرجع SOC-2022-2665 · الجهة المعنية: إدارة أمن المعلومات.,إدارة أمن المعلومات,قيد المعالجة
INC-01481,2020-07-05,متوسطة,نظام التحقق الرقمي,حجب خدمة موزع على نظام التحقق الرقمي - سكاكا,تحقيق في هجوم حجب خدمة أثّر على توفر المنصة وخطة الصد. المرجع SOC-2020-8879 · الجهة المعنية: إدارة المخاطر التقنية.,إدارة المخاطر التقنية,مغلق
INC-01482,2023-07-26,عالية,نظام التخطيط المؤسسي,حجب خدمة موزع على نظام التخطيط المؤسسي - تبوك,تحقيق في هجوم حجب خدمة أثّر على توفر المنصة وخطة الصد. المرجع SOC-2023-3773 · الجهة المعنية: فريق اختبار الاختراق.,فريق اختبار الاختراق,مغلق
INC-01483,2023-01-10,متوسطة,بوابة المدفوعات الوطنية,حجب خدمة موزع على بوابة المدفوعات الوطنية - سكاكا,تحقيق في هجوم حجب خدمة أثّر على توفر المنصة وخطة الصد. المرجع SOC-2023-8244 · الجهة المعنية: مركز العمليات السيبرانية.,مركز العمليات السيبرانية,قيد المراجعة
INC-01484,2024-01-31,عالية,بوابة المستفيدين,مراجعة ما بعد الحادثة لبوابة المستفيدين,مراجعة تفصيلية لأسباب جذرية وثغرات ضبط لم تُعالج بعد. المرجع SOC-2024-7923 · الجهة المعنية: إدارة المخاطر التقنية.,إدارة المخاطر التقنية,قيد المراجعة
INC-01485,2021-05-12,متوسطة,بوابة المستفيدين,اختراق في سلسلة الإمداد عبر مكوّن طرف ثالث (2021),تحقيق في مكوّن مورد يحتوي شيفرة غير موثوقة داخل بيئة الإنتاج. المرجع SOC-2021-3954 · الجهة المعنية: فريق اختبار الاختراق.,فريق اختبار الاختراق,قيد المعالجة
INC-01486,2025-05-09,متوسطة,بوابة المدفوعات الوطنية,قضية احتيال إلكتروني على بوابة المدفوعات (2025),قضية احتيال قيد المتابعة مع الجهات المختصة وتقدير الخسارة. المرجع SOC-2025-2374 · الجهة المعنية: إدارة أمن المعلومات.,إدارة أمن المعلومات,مصعّد
INC-01487,2024-01-23,عالية,بوابة الموردين الإلكترونية,إساءة استخدام صلاحيات إدارية في بوابة الموردين الإلكترونية,تحقيق في استخدام حساب إداري للوصول إلى سجلات خارج نطاق العمل. المرجع SOC-2024-3737 · الجهة المعنية: وحدة الالتزام التنظيمي.,وحدة الالتزام التنظيمي,قيد المعالجة
INC-01488,2024-04-06,عالية,مركز البيانات الاحتياطي,حجب خدمة موزع على مركز البيانات الاحتياطي - القطيف,تحقيق في هجوم حجب خدمة أثّر على توفر المنصة وخطة الصد. المرجع SOC-2024-5132 · الجهة المعنية: إدارة المخاطر التقنية.,إدارة المخاطر التقنية,مغلق بعد المراجعة
INC-01489,2026-06-11,متوسطة,بوابة المدفوعات الوطنية,نتائج اختبار اختراق بوابة المدفوعات الوطنية - الربع الأول 2026,تحقيق هجومي كشف مسارات كشف بيانات حساسة قابلة للاستغلال. المرجع SOC-2026-5992 · الجهة المعنية: إدارة حوكمة البيانات.,إدارة حوكمة البيانات,مغلق بعد المراجعة
INC-01490,2022-05-14,متوسطة,منصة الاجتماعات المؤمّنة,مؤشرات اختراق مستمرة في شريحة الشبكة 154,نشاط مستمر غير مفسر داخل شريحة إنتاجية وخطة الاحتواء المرحلية. المرجع SOC-2022-8651 · الجهة المعنية: مركز العمليات السيبرانية.,مركز العمليات السيبرانية,مغلق بعد المراجعة
INC-01491,2025-03-08,متوسطة,بوابة المدفوعات الوطنية,محاولة وصول غير مصرح إلى مواقع تخزين النسخ الاحتياطية,محاولات متكررة للوصول إلى مواقع تخزين النسخ خارج ساعات العمل. المرجع SOC-2025-2254 · الجهة المعنية: فريق الاستجابة للحوادث.,فريق الاستجابة للحوادث,مغلق بعد المراجعة
INC-01492,2025-08-19,عالية,بوابة المدفوعات الوطنية,اختراق في سلسلة الإمداد عبر مكوّن طرف ثالث (2025),تحقيق في مكوّن مورد يحتوي شيفرة غير موثوقة داخل بيئة الإنتاج. المرجع SOC-2025-7342 · الجهة المعنية: فريق اختبار الاختراق.,فريق اختبار الاختراق,مصعّد
INC-01493,2020-04-05,عالية,نظام النسخ الاحتياطي المركزي,اختراق في سلسلة الإمداد عبر مكوّن طرف ثالث (2020),تحقيق في مكوّن مورد يحتوي شيفرة غير موثوقة داخل بيئة الإنتاج. المرجع SOC-2020-1717 · الجهة المعنية: إدارة حوكمة البيانات.,إدارة حوكمة البيانات,قيد المراجعة
INC-01494,2023-07-26,متوسطة,منصة المراسلات الرسمية,تقييم الأثر الاستراتيجي لانقطاع منصة المراسلات الرسمية,دراسة استراتيجية لأثر الانقطاع على الالتزامات التعاقدية. المرجع SOC-2023-7561 · الجهة المعنية: إدارة أمن المعلومات.,,مغلق بعد المراجعة
INC-01495,2021-12-16,عالية,منصة تبادل البيانات الوطنية,نتائج اختبار اختراق منصة تبادل البيانات الوطنية - الربع الأول 2021,تحقيق هجومي كشف مسارات حقن أوامر قابلة للاستغلال. المرجع SOC-2021-9458 · الجهة المعنية: فريق اختبار الاختراق.,فريق اختبار الاختراق,قيد المراجعة
INC-01496,2020-09-11,متوسطة,نظام النسخ الاحتياطي المركزي,نتائج اختبار اختراق نظام النسخ الاحتياطي المركزي - الربع الثالث 2020,تحقيق هجومي كشف مسارات ثغرة في سلسلة الإمداد قابلة للاستغلال. المرجع SOC-2020-9462 · الجهة المعنية: وحدة الالتزام التنظيمي.,وحدة الالتزام التنظيمي,مغلق بعد المراجعة
INC-01497,2023-04-30,منخفضة,نظام إدارة الهوية المركزي,مخالفة خصوصية في مشاركة سجلات المستفيدين,مشاركة سجلات دون تطبيق ضوابط خصوصية المستفيدين. المرجع SOC-2023-9950 · الجهة المعنية: وحدة الالتزام التنظيمي.,وحدة الالتزام التنظيمي,قيد المعالجة
INC-01498,2020-11-09,متوسطة,نظام إدارة العقود,كشف بيانات اعتماد إدارية في مستودع شيفرة خارجي,تحقيق في نشر بيانات اعتماد تشغيلية بمستودع عام وإجراءات الإبطال. المرجع SOC-2020-8750 · الجهة المعنية: إدارة استمرارية الأعمال.,إدارة استمرارية الأعمال,مصعّد
INC-01499,2024-08-06,متوسطة,منصة التوثيق الإلكتروني,ثغرة تنفيذ أوامر عن بُعد في منصة التوثيق الإلكتروني,تحقيق فني في ثغرة مكتشفة وتقييم قابلية الاستغلال وخطة المعالجة. المرجع SOC-2024-7353 · الجهة المعنية: مركز العمليات السيبرانية.,مركز العمليات السيبرانية,قيد المراجعة
INC-01500,2023-10-08,متوسطة,شبكة الربط الحكومي,مراجعة ما بعد الحادثة لشبكة الربط الحكومي,مراجعة تفصيلية لأسباب جذرية وثغرات ضبط لم تُعالج بعد. المرجع SOC-2023-2792 · الجهة المعنية: إدارة المخاطر التقنية.,إدارة المخاطر التقنية,قيد المراجعة
INC-01501,2023-11-07,منخفضة,منصة تبادل البيانات الوطنية,مشاركة مخطط الشبكة مع مورد دون تصريح,إرسال مخطط الشبكة الداخلية لمورد خارج قناة الاعتماد. المرجع SOC-2023-9549 · الجهة المعنية: إدارة المخاطر التقنية.,إدارة المخاطر التقنية,قيد المراجعة
INC-01502,2025-09-25,حرجة,نظام إدارة الأصول التقنية,تقرير استخبارات تهديد عن حملة تستهدف نظام إدارة الأصول التقنية,تحليل استخبارات مصادر مفتوحة ومغلقة لحملة موجهة ضد جهات وطنية. المرجع SOC-2025-1537 · الجهة المعنية: فريق الاستجابة للحوادث.,,قيد المعالجة
INC-01503,2022-01-21,متوسطة,نظام إدارة الأصول التقنية,هجوم فدية على نظام إدارة الأصول التقنية - الدمام,قضية ابتزاز إلكتروني قيد المعالجة مع تقييم أثر التوقف التشغيلي. المرجع SOC-2022-8746 · الجهة المعنية: فريق الاستجابة للحوادث.,فريق الاستجابة للحوادث,قيد المراجعة
INC-01504,2021-02-11,متوسطة,مركز البيانات الرئيسي,اختراق في سلسلة الإمداد عبر مكوّن طرف ثالث (2021),تحقيق في مكوّن مورد يحتوي شيفرة غير موثوقة داخل بيئة الإنتاج. المرجع SOC-2021-2364 · الجهة المعنية: إدارة حوكمة البيانات.,إدارة حوكمة البيانات,مصعّد
INC-01505,2021-10-28,عالية,مركز البيانات الاحتياطي,تسريب مستندات تفاوضية من مركز البيانات الاحتياطي,تحقيق في تسريب مستندات ذات قيمة تنافسية إلى خارج الجهة. المرجع SOC-2021-6856 · الجهة المعنية: فريق الاستجابة للحوادث.,فريق الاستجابة للحوادث,قيد المراجعة
INC-01506,2020-10-30,متوسطة,مركز البيانات الاحتياطي,كشف بيانات اعتماد إدارية في مستودع شيفرة خارجي,تحقيق في نشر بيانات اعتماد تشغيلية بمستودع عام وإجراءات الإبطال. المرجع SOC-2020-5248 · الجهة المعنية: إدارة المخاطر التقنية.,إدارة المخاطر التقنية,قيد المعالجة
INC-01507,2022-04-16,متوسطة,نظام إدارة الأصول التقنية,محاولة وصول غير مصرح إلى مواقع تخزين النسخ الاحتياطية,محاولات متكررة للوصول إلى مواقع تخزين النسخ خارج ساعات العمل. المرجع SOC-2022-5081 · الجهة المعنية: إدارة المخاطر التقنية.,إدارة المخاطر التقنية,مصعّد
INC-01508,2019-08-02,حرجة,منصة تبادل البيانات الوطنية,اشتباه تسريب مفاتيح التشفير الخاصة بمنصة تبادل البيانات الوطنية,مؤشرات على كشف مفاتيح التشفير المستخدمة في حماية قنوات وطنية. المرجع SOC-2019-9490 · الجهة المعنية: وحدة الالتزام التنظيمي.,وحدة الالتزام التنظيمي,قيد المعالجة
INC-01509,2025-06-28,متوسطة,نظام إدارة العقود,محاولة وصول غير مصرح إلى مواقع تخزين النسخ الاحتياطية,محاولات متكررة للوصول إلى مواقع تخزين النسخ خارج ساعات العمل. المرجع SOC-2025-4693 · الجهة المعنية: إدارة استمرارية الأعمال.,,قيد المعالجة
INC-01510,2022-06-09,عالية,مركز البيانات الاحتياطي,اختراق شبكة ربط تخدم منشأة حيوية في الرياض,وصول غير مصرح إلى شريحة شبكة تخدم منشأة حيوية وخطة العزل الفوري. المرجع SOC-2022-8752 · الجهة المعنية: وحدة الالتزام التنظيمي.,وحدة الالتزام التنظيمي,مغلق
INC-01511,2026-02-12,عالية,نظام النسخ الاحتياطي المركزي,مؤشرات اختراق مستمرة في شريحة الشبكة 130,نشاط مستمر غير مفسر داخل شريحة إنتاجية وخطة الاحتواء المرحلية. المرجع SOC-2026-2967 · الجهة المعنية: إدارة أمن المعلومات.,إدارة أمن المعلومات,قيد المعالجة
INC-01512,2022-08-26,متوسطة,منصة التوثيق الإلكتروني,خطة الاستجابة الاستراتيجية لحوادث قطاع التقنية والمشاريع,خطة استراتيجية لتصعيد الحوادث وتوزيع الأدوار بين الفرق. المرجع SOC-2022-3676 · الجهة المعنية: إدارة المخاطر التقنية.,إدارة المخاطر التقنية,قيد المراجعة
INC-01513,2021-06-28,متوسطة,بوابة المدفوعات الوطنية,حجب خدمة موزع على بوابة المدفوعات الوطنية - الخبر,تحقيق في هجوم حجب خدمة أثّر على توفر المنصة وخطة الصد. المرجع SOC-2021-3017 · الجهة المعنية: فريق الاستجابة للحوادث.,فريق الاستجابة للحوادث,مغلق
INC-01514,2020-06-08,منخفضة,شبكة الربط الحكومي,مذكرة داخلية عن ضبط صلاحيات شبكة الربط الحكومي,مذكرة داخلية لتنظيم منح الصلاحيات ومراجعتها الدورية. المرجع SOC-2020-7499 · الجهة المعنية: إدارة استمرارية الأعمال.,إدارة استمرارية الأعمال,قيد المعالجة
INC-01515,2020-08-15,متوسطة,مركز البيانات الرئيسي,مراجعة ما بعد الحادثة لمركز البيانات الرئيسي,مراجعة تفصيلية لأسباب جذرية وثغرات ضبط لم تُعالج بعد. المرجع SOC-2020-9015 · الجهة المعنية: إدارة حوكمة البيانات.,,مصعّد
INC-01516,2022-09-04,حرجة,شبكة الربط الحكومي,تقرير استخبارات تهديد عن حملة تستهدف شبكة الربط الحكومي,تحليل استخبارات مصادر مفتوحة ومغلقة لحملة موجهة ضد جهات وطنية. المرجع SOC-2022-7743 · الجهة المعنية: إدارة استمرارية الأعمال.,إدارة استمرارية الأعمال,قيد المراجعة
INC-01517,2025-01-02,عالية,شبكة الاتصالات الداخلية,مؤشرات اختراق مستمرة في شريحة الشبكة 62,نشاط مستمر غير مفسر داخل شريحة إنتاجية وخطة الاحتواء المرحلية. المرجع SOC-2025-2354 · الجهة المعنية: فريق الاستجابة للحوادث.,فريق الاستجابة للحوادث,قيد المراجعة
INC-01518,2024-08-15,متوسطة,منصة التحليلات المؤسسية,قضية احتيال إلكتروني على بوابة المدفوعات (2024),قضية احتيال قيد المتابعة مع الجهات المختصة وتقدير الخسارة. المرجع SOC-2024-2600 · الجهة المعنية: إدارة المخاطر التقنية.,إدارة المخاطر التقنية,مغلق
INC-01519,2025-10-01,متوسطة,شبكة الاتصالات الداخلية,خطة الاستجابة الاستراتيجية لحوادث قطاع الأعمال المؤسسية,خطة استراتيجية لتصعيد الحوادث وتوزيع الأدوار بين الفرق. المرجع SOC-2025-1563 · الجهة المعنية: إدارة المخاطر التقنية.,إدارة المخاطر التقنية,مغلق
INC-01520,2023-07-29,عالية,شبكة الربط الحكومي,تسريب مستندات تفاوضية من شبكة الربط الحكومي,تحقيق في تسريب مستندات ذات قيمة تنافسية إلى خارج الجهة. المرجع SOC-2023-2167 · الجهة المعنية: فريق الاستجابة للحوادث.,فريق الاستجابة للحوادث,مغلق
INC-01521,2021-12-30,حرجة,نظام إدارة العقود,رصد تحركات القوات في بيانات تتبع مسربة,ظهور بيانات تحركات القوات ضمن مجموعة بيانات مسربة قيد الفحص. المرجع SOC-2021-4066 · الجهة المعنية: إدارة استمرارية الأعمال.,إدارة استمرارية الأعمال,مغلق بعد المراجعة
INC-01522,2021-01-19,عالية,نظام التخطيط المؤسسي,محاولة وصول غير مصرح إلى مواقع تخزين النسخ الاحتياطية,محاولات متكررة للوصول إلى مواقع تخزين النسخ خارج ساعات العمل. المرجع SOC-2021-3296 · الجهة المعنية: وحدة الالتزام التنظيمي.,وحدة الالتزام التنظيمي,مغلق
INC-01523,2024-06-07,عالية,نظام إدارة الهوية المركزي,هجوم فدية على نظام إدارة الهوية المركزي - مكة المكرمة,قضية ابتزاز إلكتروني قيد المعالجة مع تقييم أثر التوقف التشغيلي. المرجع SOC-2024-2845 · الجهة المعنية: إدارة المخاطر التقنية.,إدارة المخاطر التقنية,مصعّد
INC-01524,2020-02-07,عالية,نظام التحقق الرقمي,تقييم الأثر الاستراتيجي لانقطاع نظام التحقق الرقمي,دراسة استراتيجية لأثر الانقطاع على الالتزامات التعاقدية. المرجع SOC-2020-2796 · الجهة المعنية: إدارة حوكمة البيانات.,,مغلق بعد المراجعة
INC-01525,2020-01-11,عالية,نظام التخطيط المؤسسي,تقييم الأثر الاستراتيجي لانقطاع نظام التخطيط المؤسسي,دراسة استراتيجية لأثر الانقطاع على الالتزامات التعاقدية. المرجع SOC-2020-3570 · الجهة المعنية: فريق اختبار الاختراق.,فريق اختبار الاختراق,قيد المعالجة
INC-01526,2025-07-15,متوسطة,منصة الاجتماعات المؤمّنة,حجب خدمة موزع على منصة الاجتماعات المؤمّنة - جدة,تحقيق في هجوم حجب خدمة أثّر على توفر المنصة وخطة الصد. المرجع SOC-2025-4132 · الجهة المعنية: فريق الاستجابة للحوادث.,فريق الاستجابة للحوادث,قيد المراجعة
INC-01527,2020-01-28,متوسطة,منصة التحليلات المؤسسية,ثغرة تجاوز مصادقة في منصة التحليلات المؤسسية,تحقيق فني في ثغرة مكتشفة وتقييم قابلية الاستغلال وخطة المعالجة. المرجع SOC-2020-3104 · الجهة المعنية: مركز العمليات السيبرانية.,مركز العمليات السيبرانية,قيد المراجعة
INC-01528,2021-04-09,متوسطة,منصة الاجتماعات المؤمّنة,حجب خدمة موزع على منصة الاجتماعات المؤمّنة - جدة,تحقيق في هجوم حجب خدمة أثّر على توفر المنصة وخطة الصد. المرجع SOC-2021-2307 · الجهة المعنية: وحدة الالتزام التنظيمي.,وحدة الالتزام التنظيمي,مغلق
INC-01529,2026-05-21,عالية,منصة المراسلات الرسمية,كشف بيانات اعتماد إدارية في مستودع شيفرة خارجي,تحقيق في نشر بيانات اعتماد تشغيلية بمستودع عام وإجراءات الإبطال. المرجع SOC-2026-3454 · الجهة المعنية: وحدة الالتزام التنظيمي.,وحدة الالتزام التنظيمي,مغلق بعد المراجعة
INC-01530,2019-04-09,عالية,منصة المراسلات الرسمية,تقييم الأثر الاستراتيجي لانقطاع منصة المراسلات الرسمية,دراسة استراتيجية لأثر الانقطاع على الالتزامات التعاقدية. المرجع SOC-2019-2359 · الجهة المعنية: مركز العمليات السيبرانية.,مركز العمليات السيبرانية,مغلق بعد المراجعة
INC-01531,2019-01-08,منخفضة,نظام إدارة الأصول التقنية,منشور توعوي عن التصيّد الإلكتروني - المشتريات الربع الرابع 2019,منشور توعوي عام يشرح مؤشرات الرسائل المشبوهة للجمهور. المرجع SOC-2019-1586 · الجهة المعنية: إدارة حوكمة البيانات.,إدارة حوكمة البيانات,مصعّد
INC-01532,2025-05-27,عالية,نظام التحقق الرقمي,اشتباه اختراق مرتبط بمواقع تخزين أسلحة خاضعة للرقابة,محاولة وصول إلى سجلات مواقع أسلحة ومواد خاضعة للرقابة. المرجع SOC-2025-7083 · الجهة المعنية: إدارة استمرارية الأعمال.,إدارة استمرارية الأعمال,مصعّد
INC-01533,2023-06-24,عالية,بوابة الموردين الإلكترونية,مراجعة ما بعد الحادثة لبوابة الموردين الإلكترونية,مراجعة تفصيلية لأسباب جذرية وثغرات ضبط لم تُعالج بعد. المرجع SOC-2023-8198 · الجهة المعنية: وحدة الالتزام التنظيمي.,وحدة الالتزام التنظيمي,قيد المراجعة
INC-01534,2021-04-23,حرجة,منصة التحليلات المؤسسية,اختراق شبكة ربط تخدم منشأة حيوية في الأحساء,وصول غير مصرح إلى شريحة شبكة تخدم منشأة حيوية وخطة العزل الفوري. المرجع SOC-2021-9623 · الجهة المعنية: فريق اختبار الاختراق.,فريق اختبار الاختراق,قيد المراجعة
INC-01535,2022-03-09,متوسطة,نظام إدارة الأصول التقنية,نتائج اختبار اختراق نظام إدارة الأصول التقنية - الربع الثاني 2022,تحقيق هجومي كشف مسارات كشف بيانات حساسة قابلة للاستغلال. المرجع SOC-2022-3741 · الجهة المعنية: إدارة حوكمة البيانات.,إدارة حوكمة البيانات,مغلق بعد المراجعة
INC-01536,2020-07-02,حرجة,مركز البيانات الرئيسي,اختراق شبكة ربط تخدم منشأة حيوية في جدة,وصول غير مصرح إلى شريحة شبكة تخدم منشأة حيوية وخطة العزل الفوري. المرجع SOC-2020-3094 · الجهة المعنية: مركز العمليات السيبرانية.,مركز العمليات السيبرانية,قيد المعالجة
INC-01537,2023-04-20,عالية,منصة المراسلات الرسمية,إحاطة عاجلة للمركز الوطني بشأن حادثة عرعر,إحاطة تتضمن مؤشرات اختراق ومواقع تأثير لا يجوز تداولها. المرجع SOC-2023-4927 · الجهة المعنية: إدارة استمرارية الأعمال.,إدارة استمرارية الأعمال,مصعّد
INC-01538,2024-01-22,متوسطة,نظام التحقق الرقمي,تسريب مستندات تفاوضية من نظام التحقق الرقمي,تحقيق في تسريب مستندات ذات قيمة تنافسية إلى خارج الجهة. المرجع SOC-2024-1387 · الجهة المعنية: فريق الاستجابة للحوادث.,فريق الاستجابة للحوادث,قيد المراجعة
INC-01539,2025-12-28,متوسطة,نظام التحقق الرقمي,مراجعة ما بعد الحادثة لنظام التحقق الرقمي,مراجعة تفصيلية لأسباب جذرية وثغرات ضبط لم تُعالج بعد. المرجع SOC-2025-7273 · الجهة المعنية: إدارة أمن المعلومات.,إدارة أمن المعلومات,مصعّد
INC-01540,2023-04-01,متوسطة,شبكة الربط الحكومي,نتائج اختبار اختراق شبكة الربط الحكومي - الربع الأول 2023,تحقيق هجومي كشف مسارات رفع صلاحيات قابلة للاستغلال. المرجع SOC-2023-7662 · الجهة المعنية: وحدة الالتزام التنظيمي.,وحدة الالتزام التنظيمي,مغلق
INC-01541,2020-05-10,متوسطة,مركز البيانات الاحتياطي,ثغرة تجاوز مصادقة في مركز البيانات الاحتياطي,تحقيق فني في ثغرة مكتشفة وتقييم قابلية الاستغلال وخطة المعالجة. المرجع SOC-2020-3953 · الجهة المعنية: إدارة المخاطر التقنية.,إدارة المخاطر التقنية,مغلق
INC-01542,2019-05-18,عالية,نظام الأرشفة الإلكترونية,اختراق في سلسلة الإمداد عبر مكوّن طرف ثالث (2019),تحقيق في مكوّن مورد يحتوي شيفرة غير موثوقة داخل بيئة الإنتاج. المرجع SOC-2019-2752 · الجهة المعنية: فريق اختبار الاختراق.,فريق اختبار الاختراق,مغلق
INC-01543,2026-05-02,عالية,نظام إدارة الهوية المركزي,اختراق في سلسلة الإمداد عبر مكوّن طرف ثالث (2026),تحقيق في مكوّن مورد يحتوي شيفرة غير موثوقة داخل بيئة الإنتاج. المرجع SOC-2026-7446 · الجهة المعنية: فريق الاستجابة للحوادث.,فريق الاستجابة للحوادث,مصعّد
INC-01544,2024-09-03,منخفضة,منصة الاجتماعات المؤمّنة,بلاغ عن ضياع جهاز يحتوي بيانات هوية منسوبين,فقدان جهاز محمول يحتوي ملفات بها بيانات هوية وتواصل. المرجع SOC-2024-3071 · الجهة المعنية: مركز العمليات السيبرانية.,,قيد المعالجة
INC-01545,2023-11-10,عالية,منصة المراسلات الرسمية,تنسيق عمليات أمنية مشتركة بعد حادثة الطائف,إجراءات عمليات أمنية مشتركة مع جهات وطنية عقب الحادثة. المرجع SOC-2023-5199 · الجهة المعنية: وحدة الالتزام التنظيمي.,وحدة الالتزام التنظيمي,مغلق بعد المراجعة
INC-01546,2023-03-21,منخفضة,نظام التحقق الرقمي,مخالفة خصوصية في مشاركة سجلات المستفيدين,مشاركة سجلات دون تطبيق ضوابط خصوصية المستفيدين. المرجع SOC-2023-6803 · الجهة المعنية: إدارة استمرارية الأعمال.,إدارة استمرارية الأعمال,قيد المراجعة
INC-01547,2022-08-27,عالية,شبكة الربط الحكومي,نتائج اختبار اختراق شبكة الربط الحكومي - الربع الثالث 2022,تحقيق هجومي كشف مسارات ضعف في تشفير القنوات قابلة للاستغلال. المرجع SOC-2022-1020 · الجهة المعنية: إدارة أمن المعلومات.,إدارة أمن المعلومات,قيد المراجعة
INC-01548,2026-04-30,متوسطة,شبكة الربط الحكومي,مراجعة ما بعد الحادثة لشبكة الربط الحكومي,مراجعة تفصيلية لأسباب جذرية وثغرات ضبط لم تُعالج بعد. المرجع SOC-2026-7062 · الجهة المعنية: فريق الاستجابة للحوادث.,فريق الاستجابة للحوادث,قيد المعالجة
INC-01549,2023-09-06,عالية,بوابة الموردين الإلكترونية,إنذار أمني بشأن منشأة نووي الاستخدام المدني في الرياض,إنذار تقني مرتبط بأنظمة منشأة نووي الاستخدام المدني. المرجع SOC-2023-8800 · الجهة المعنية: إدارة استمرارية الأعمال.,إدارة استمرارية الأعمال,قيد المعالجة
INC-01550,2026-05-22,عالية,منصة الاجتماعات المؤمّنة,هجوم فدية على منصة الاجتماعات المؤمّنة - القطيف,قضية ابتزاز إلكتروني قيد المعالجة مع تقييم أثر التوقف التشغيلي. المرجع SOC-2026-4365 · الجهة المعنية: إدارة أمن المعلومات.,إدارة أمن المعلومات,مصعّد
INC-01551,2021-02-16,متوسطة,نظام إدارة الهوية المركزي,محاولة وصول غير مصرح إلى مواقع تخزين النسخ الاحتياطية,محاولات متكررة للوصول إلى مواقع تخزين النسخ خارج ساعات العمل. المرجع SOC-2021-5558 · الجهة المعنية: فريق الاستجابة للحوادث.,فريق الاستجابة للحوادث,مغلق بعد المراجعة
INC-01552,2024-02-23,متوسطة,منصة الاجتماعات المؤمّنة,محاولة وصول غير مصرح إلى مواقع تخزين النسخ الاحتياطية,محاولات متكررة للوصول إلى مواقع تخزين النسخ خارج ساعات العمل. المرجع SOC-2024-5144 · الجهة المعنية: فريق اختبار الاختراق.,فريق اختبار الاختراق,قيد المراجعة
INC-01553,2025-07-12,عالية,بوابة المدفوعات الوطنية,تقييم الأثر الاستراتيجي لانقطاع بوابة المدفوعات الوطنية,دراسة استراتيجية لأثر الانقطاع على الالتزامات التعاقدية. المرجع SOC-2025-1060 · الجهة المعنية: فريق الاستجابة للحوادث.,فريق الاستجابة للحوادث,مغلق بعد المراجعة
INC-01554,2020-05-03,عالية,نظام إدارة العقود,تقييم الأثر الاستراتيجي لانقطاع نظام إدارة العقود,دراسة استراتيجية لأثر الانقطاع على الالتزامات التعاقدية. المرجع SOC-2020-6713 · الجهة المعنية: مركز العمليات السيبرانية.,مركز العمليات السيبرانية,مصعّد
INC-01555,2025-09-19,حرجة,بوابة المستفيدين,رصد تحركات القوات في بيانات تتبع مسربة,ظهور بيانات تحركات القوات ضمن مجموعة بيانات مسربة قيد الفحص. المرجع SOC-2025-3851 · الجهة المعنية: فريق الاستجابة للحوادث.,فريق الاستجابة للحوادث,مغلق
INC-01556,2019-11-24,متوسطة,منصة الخدمات الحكومية الموحدة,نتائج اختبار اختراق منصة الخدمات الحكومية الموحدة - الربع الثاني 2019,تحقيق هجومي كشف مسارات تنفيذ أوامر عن بُعد قابلة للاستغلال. المرجع SOC-2019-5005 · الجهة المعنية: مركز العمليات السيبرانية.,مركز العمليات السيبرانية,مغلق
INC-01557,2020-10-25,عالية,بوابة المستفيدين,نتائج اختبار اختراق بوابة المستفيدين - الربع الرابع 2020,تحقيق هجومي كشف مسارات تخطي التحكم بالوصول قابلة للاستغلال. المرجع SOC-2020-8545 · الجهة المعنية: إدارة استمرارية الأعمال.,إدارة استمرارية الأعمال,مصعّد
INC-01558,2021-10-28,عالية,منصة الاجتماعات المؤمّنة,تهديد بتعطيل منظومة ذات استخدام عسكري مساند,بلاغ عن استهداف منظومة عسكري الاستخدام مرتبطة بالجهة. المرجع SOC-2021-5096 · الجهة المعنية: إدارة حوكمة البيانات.,إدارة حوكمة البيانات,مصعّد
INC-01559,2023-07-27,منخفضة,شبكة الاتصالات الداخلية,إحصاءات جاهزية الأمن السيبراني المعلنة - قطاع التقنية والمشاريع 2023,إحصاءات مجمّعة معلنة عن مؤشرات الجاهزية دون تفاصيل تشغيلية. المرجع SOC-2023-8956 · الجهة المعنية: مركز العمليات السيبرانية.,مركز العمليات السيبرانية,قيد المراجعة
INC-01560,2020-11-26,متوسطة,منصة الخدمات الحكومية الموحدة,حجب خدمة موزع على منصة الخدمات الحكومية الموحدة - الجبيل,تحقيق في هجوم حجب خدمة أثّر على توفر المنصة وخطة الصد. المرجع SOC-2020-3584 · الجهة المعنية: فريق اختبار الاختراق.,فريق اختبار الاختراق,قيد المعالجة
INC-01561,2020-12-18,عالية,نظام إدارة العقود,مؤشرات اختراق مستمرة في شريحة الشبكة 180,نشاط مستمر غير مفسر داخل شريحة إنتاجية وخطة الاحتواء المرحلية. المرجع SOC-2020-8338 · الجهة المعنية: إدارة المخاطر التقنية.,إدارة المخاطر التقنية,قيد المعالجة
INC-01562,2025-07-14,عالية,بوابة الموردين الإلكترونية,قضية احتيال إلكتروني على بوابة المدفوعات (2025),قضية احتيال قيد المتابعة مع الجهات المختصة وتقدير الخسارة. المرجع SOC-2025-5178 · الجهة المعنية: فريق اختبار الاختراق.,فريق اختبار الاختراق,مغلق
INC-01563,2019-06-01,متوسطة,بوابة المستفيدين,محاولة وصول غير مصرح إلى مواقع تخزين النسخ الاحتياطية,محاولات متكررة للوصول إلى مواقع تخزين النسخ خارج ساعات العمل. المرجع SOC-2019-5330 · الجهة المعنية: وحدة الالتزام التنظيمي.,وحدة الالتزام التنظيمي,قيد المراجعة
INC-01564,2026-04-06,متوسطة,منصة التحليلات المؤسسية,كشف غير مقصود لبيانات شخصية في منصة التحليلات المؤسسية,إعداد خاطئ أدى لظهور بيانات شخصية لعدد محدود من المستفيدين. المرجع SOC-2026-1655 · الجهة المعنية: فريق الاستجابة للحوادث.,فريق الاستجابة للحوادث,قيد المعالجة
INC-01565,2022-04-15,متوسطة,منصة التحليلات المؤسسية,خطة الاستجابة الاستراتيجية لحوادث قطاع التحول الرقمي,خطة استراتيجية لتصعيد الحوادث وتوزيع الأدوار بين الفرق. المرجع SOC-2022-4340 · الجهة المعنية: فريق اختبار الاختراق.,فريق اختبار الاختراق,قيد المراجعة
INC-01566,2022-11-08,متوسطة,شبكة الاتصالات الداخلية,كشف بيانات اعتماد إدارية في مستودع شيفرة خارجي,تحقيق في نشر بيانات اعتماد تشغيلية بمستودع عام وإجراءات الإبطال. المرجع SOC-2022-9984 · الجهة المعنية: إدارة استمرارية الأعمال.,إدارة استمرارية الأعمال,مغلق بعد المراجعة
INC-01567,2019-04-14,عالية,بوابة الموردين الإلكترونية,مؤشرات اختراق مستمرة في شريحة الشبكة 137,نشاط مستمر غير مفسر داخل شريحة إنتاجية وخطة الاحتواء المرحلية. المرجع SOC-2019-7132 · الجهة المعنية: إدارة المخاطر التقنية.,إدارة المخاطر التقنية,قيد المراجعة
INC-01568,2019-08-18,متوسطة,منصة المراسلات الرسمية,خطة الاستجابة الاستراتيجية لحوادث قطاع الأعمال المؤسسية,خطة استراتيجية لتصعيد الحوادث وتوزيع الأدوار بين الفرق. المرجع SOC-2019-9586 · الجهة المعنية: فريق الاستجابة للحوادث.,فريق الاستجابة للحوادث,مغلق
INC-01569,2021-04-30,متوسطة,بوابة المستفيدين,إساءة استخدام صلاحيات إدارية في بوابة المستفيدين,تحقيق في استخدام حساب إداري للوصول إلى سجلات خارج نطاق العمل. المرجع SOC-2021-5736 · الجهة المعنية: إدارة استمرارية الأعمال.,إدارة استمرارية الأعمال,مصعّد
INC-01570,2022-05-19,متوسطة,نظام إدارة الأصول التقنية,تسريب مستندات تفاوضية من نظام إدارة الأصول التقنية,تحقيق في تسريب مستندات ذات قيمة تنافسية إلى خارج الجهة. المرجع SOC-2022-9646 · الجهة المعنية: فريق اختبار الاختراق.,فريق اختبار الاختراق,قيد المعالجة
INC-01571,2020-08-02,متوسطة,نظام إدارة العقود,إساءة استخدام صلاحيات إدارية في نظام إدارة العقود,تحقيق في استخدام حساب إداري للوصول إلى سجلات خارج نطاق العمل. المرجع SOC-2020-3713 · الجهة المعنية: إدارة أمن المعلومات.,إدارة أمن المعلومات,قيد المعالجة
INC-01572,2021-11-24,متوسطة,بوابة الموردين الإلكترونية,مذكرة داخلية عن ضبط صلاحيات بوابة الموردين الإلكترونية,مذكرة داخلية لتنظيم منح الصلاحيات ومراجعتها الدورية. المرجع SOC-2021-1965 · الجهة المعنية: إدارة استمرارية الأعمال.,إدارة استمرارية الأعمال,مصعّد
INC-01573,2021-07-04,متوسطة,منصة التوثيق الإلكتروني,كشف بيانات اعتماد إدارية في مستودع شيفرة خارجي,تحقيق في نشر بيانات اعتماد تشغيلية بمستودع عام وإجراءات الإبطال. المرجع SOC-2021-8244 · الجهة المعنية: إدارة المخاطر التقنية.,إدارة المخاطر التقنية,مغلق
INC-01574,2023-12-08,حرجة,نظام إدارة العقود,حادثة رقم NSI-2023-635 - تصنيف اللجنة العليا,حادثة مصعّدة للجنة العليا لارتباطها بمواقع وطنية محددة. المرجع SOC-2023-5525 · الجهة المعنية: إدارة المخاطر التقنية.,إدارة المخاطر التقنية,قيد المراجعة
INC-01575,2019-08-16,متوسطة,شبكة الاتصالات الداخلية,نتائج اختبار اختراق شبكة الاتصالات الداخلية - الربع الرابع 2019,تحقيق هجومي كشف مسارات تجاوز مصادقة قابلة للاستغلال. المرجع SOC-2019-6434 · الجهة المعنية: فريق اختبار الاختراق.,فريق اختبار الاختراق,قيد المعالجة
INC-01576,2025-05-04,عالية,نظام التحقق الرقمي,حجب خدمة موزع على نظام التحقق الرقمي - الرياض,تحقيق في هجوم حجب خدمة أثّر على توفر المنصة وخطة الصد. المرجع SOC-2025-5912 · الجهة المعنية: إدارة أمن المعلومات.,إدارة أمن المعلومات,مغلق
INC-01577,2022-08-06,عالية,نظام إدارة الهوية المركزي,مؤشرات اختراق مستمرة في شريحة الشبكة 139,نشاط مستمر غير مفسر داخل شريحة إنتاجية وخطة الاحتواء المرحلية. المرجع SOC-2022-1724 · الجهة المعنية: فريق اختبار الاختراق.,فريق اختبار الاختراق,مغلق
INC-01578,2024-10-29,متوسطة,منصة الاجتماعات المؤمّنة,مؤشرات اختراق مستمرة في شريحة الشبكة 43,نشاط مستمر غير مفسر داخل شريحة إنتاجية وخطة الاحتواء المرحلية. المرجع SOC-2024-5056 · الجهة المعنية: فريق الاستجابة للحوادث.,فريق الاستجابة للحوادث,مغلق بعد المراجعة
INC-01579,2021-12-05,عالية,نظام النسخ الاحتياطي المركزي,كشف بيانات اعتماد إدارية في مستودع شيفرة خارجي,تحقيق في نشر بيانات اعتماد تشغيلية بمستودع عام وإجراءات الإبطال. المرجع SOC-2021-9395 · الجهة المعنية: إدارة استمرارية الأعمال.,إدارة استمرارية الأعمال,قيد المعالجة
INC-01580,2024-09-07,منخفضة,نظام التحقق الرقمي,محاولة تصيّد موجهة لمنسوبي الموارد البشرية,رسائل تصيّد تطلب بيانات هوية ودخول من الموظفين. المرجع SOC-2024-9616 · الجهة المعنية: إدارة المخاطر التقنية.,إدارة المخاطر التقنية,قيد المعالجة
INC-01581,2019-07-12,عالية,منصة الخدمات الحكومية الموحدة,قضية احتيال إلكتروني على بوابة المدفوعات (2019),قضية احتيال قيد المتابعة مع الجهات المختصة وتقدير الخسارة. المرجع SOC-2019-5836 · الجهة المعنية: إدارة المخاطر التقنية.,إدارة المخاطر التقنية,مغلق بعد المراجعة
INC-01582,2019-04-25,عالية,نظام إدارة العقود,خطة الاستجابة الاستراتيجية لحوادث قطاع العمليات,خطة استراتيجية لتصعيد الحوادث وتوزيع الأدوار بين الفرق. المرجع SOC-2019-3125 · الجهة المعنية: إدارة أمن المعلومات.,إدارة أمن المعلومات,مغلق بعد المراجعة
INC-01583,2024-11-18,متوسطة,مركز البيانات الرئيسي,كشف بيانات اعتماد إدارية في مستودع شيفرة خارجي,تحقيق في نشر بيانات اعتماد تشغيلية بمستودع عام وإجراءات الإبطال. المرجع SOC-2024-7451 · الجهة المعنية: وحدة الالتزام التنظيمي.,وحدة الالتزام التنظيمي,مغلق
INC-01584,2023-03-22,عالية,بوابة الموردين الإلكترونية,نتائج اختبار اختراق بوابة الموردين الإلكترونية - الربع الثاني 2023,تحقيق هجومي كشف مسارات كشف بيانات حساسة قابلة للاستغلال. المرجع SOC-2023-8000 · الجهة المعنية: إدارة استمرارية الأعمال.,إدارة استمرارية الأعمال,مغلق بعد المراجعة
INC-01585,2024-11-19,عالية,نظام التحقق الرقمي,هجوم فدية على نظام التحقق الرقمي - جدة,قضية ابتزاز إلكتروني قيد المعالجة مع تقييم أثر التوقف التشغيلي. المرجع SOC-2024-1181 · الجهة المعنية: إدارة المخاطر التقنية.,إدارة المخاطر التقنية,مصعّد
INC-01586,2023-09-16,متوسطة,بوابة الموردين الإلكترونية,خطة الاستجابة الاستراتيجية لحوادث قطاع الخدمات الرقمية,خطة استراتيجية لتصعيد الحوادث وتوزيع الأدوار بين الفرق. المرجع SOC-2023-8245 · الجهة المعنية: إدارة استمرارية الأعمال.,إدارة استمرارية الأعمال,قيد المعالجة
INC-01587,2024-05-03,عالية,نظام إدارة الهوية المركزي,خطة الاستجابة الاستراتيجية لحوادث قطاع البنية التحتية,خطة استراتيجية لتصعيد الحوادث وتوزيع الأدوار بين الفرق. المرجع SOC-2024-3421 · الجهة المعنية: إدارة المخاطر التقنية.,إدارة المخاطر التقنية,مغلق
INC-01588,2020-06-27,حرجة,نظام إدارة الأصول التقنية,محاولة اختراق أنظمة التحكم في مركز التحكم بالشبكة الكهربائية,رصد نشاط مجموعة برامج فدية يستهدف أنظمة تحكم منشأة حيوية وطنية. المرجع SOC-2020-7699 · الجهة المعنية: وحدة الالتزام التنظيمي.,وحدة الالتزام التنظيمي,مغلق
INC-01589,2021-10-24,متوسطة,نظام إدارة الهوية المركزي,اختراق في سلسلة الإمداد عبر مكوّن طرف ثالث (2021),تحقيق في مكوّن مورد يحتوي شيفرة غير موثوقة داخل بيئة الإنتاج. المرجع SOC-2021-9274 · الجهة المعنية: وحدة الالتزام التنظيمي.,وحدة الالتزام التنظيمي,قيد المراجعة
INC-01590,2020-04-15,متوسطة,شبكة الاتصالات الداخلية,إساءة استخدام صلاحيات إدارية في شبكة الاتصالات الداخلية,تحقيق في استخدام حساب إداري للوصول إلى سجلات خارج نطاق العمل. المرجع SOC-2020-4653 · الجهة المعنية: إدارة المخاطر التقنية.,إدارة المخاطر التقنية,قيد المعالجة
INC-01591,2024-08-18,عالية,منصة الخدمات الحكومية الموحدة,تقييم الأثر الاستراتيجي لانقطاع منصة الخدمات الحكومية الموحدة,دراسة استراتيجية لأثر الانقطاع على الالتزامات التعاقدية. المرجع SOC-2024-7801 · الجهة المعنية: إدارة أمن المعلومات.,إدارة أمن المعلومات,قيد المعالجة
INC-01592,2020-09-01,متوسطة,نظام التخطيط المؤسسي,تسريب مستندات تفاوضية من نظام التخطيط المؤسسي,تحقيق في تسريب مستندات ذات قيمة تنافسية إلى خارج الجهة. المرجع SOC-2020-5016 · الجهة المعنية: إدارة أمن المعلومات.,إدارة أمن المعلومات,قيد المعالجة
INC-01593,2022-07-17,عالية,شبكة الربط الحكومي,اختراق في سلسلة الإمداد عبر مكوّن طرف ثالث (2022),تحقيق في مكوّن مورد يحتوي شيفرة غير موثوقة داخل بيئة الإنتاج. المرجع SOC-2022-4941 · الجهة المعنية: إدارة المخاطر التقنية.,إدارة المخاطر التقنية,مغلق
INC-01594,2022-07-24,عالية,شبكة الربط الحكومي,مؤشرات اختراق مستمرة في شريحة الشبكة 122,نشاط مستمر غير مفسر داخل شريحة إنتاجية وخطة الاحتواء المرحلية. المرجع SOC-2022-8201 · الجهة المعنية: إدارة حوكمة البيانات.,إدارة حوكمة البيانات,قيد المراجعة
INC-01595,2024-02-10,متوسطة,بوابة المدفوعات الوطنية,هجوم فدية على بوابة المدفوعات الوطنية - المدينة المنورة,قضية ابتزاز إلكتروني قيد المعالجة مع تقييم أثر التوقف التشغيلي. المرجع SOC-2024-1859 · الجهة المعنية: مركز العمليات السيبرانية.,مركز العمليات السيبرانية,قيد المراجعة
INC-01596,2025-02-13,عالية,مركز البيانات الاحتياطي,محاولة وصول غير مصرح إلى مواقع تخزين النسخ الاحتياطية,محاولات متكررة للوصول إلى مواقع تخزين النسخ خارج ساعات العمل. المرجع SOC-2025-1233 · الجهة المعنية: وحدة الالتزام التنظيمي.,وحدة الالتزام التنظيمي,مصعّد
INC-01597,2021-07-10,متوسطة,شبكة الاتصالات الداخلية,نتائج اختبار اختراق شبكة الاتصالات الداخلية - الربع الرابع 2021,تحقيق هجومي كشف مسارات تجاوز مصادقة قابلة للاستغلال. المرجع SOC-2021-7683 · الجهة المعنية: إدارة حوكمة البيانات.,إدارة حوكمة البيانات,مغلق
INC-01598,2023-11-05,عالية,شبكة الربط الحكومي,اختراق في سلسلة الإمداد عبر مكوّن طرف ثالث (2023),تحقيق في مكوّن مورد يحتوي شيفرة غير موثوقة داخل بيئة الإنتاج. المرجع SOC-2023-6593 · الجهة المعنية: إدارة أمن المعلومات.,إدارة أمن المعلومات,مغلق
INC-01599,2021-03-23,متوسطة,منصة الاجتماعات المؤمّنة,مؤشرات اختراق مستمرة في شريحة الشبكة 190,نشاط مستمر غير مفسر داخل شريحة إنتاجية وخطة الاحتواء المرحلية. المرجع SOC-2021-2833 · الجهة المعنية: فريق اختبار الاختراق.,فريق اختبار الاختراق,قيد المعالجة
INC-01600,2020-06-02,متوسطة,منصة الاجتماعات المؤمّنة,هجوم فدية على منصة الاجتماعات المؤمّنة - جدة,قضية ابتزاز إلكتروني قيد المعالجة مع تقييم أثر التوقف التشغيلي. المرجع SOC-2020-7876 · الجهة المعنية: إدارة أمن المعلومات.,إدارة أمن المعلومات,مغلق بعد المراجعة
INC-01601,2021-02-26,عالية,بوابة المستفيدين,نتائج اختبار اختراق بوابة المستفيدين - الربع الرابع 2021,تحقيق هجومي كشف مسارات تنفيذ أوامر عن بُعد قابلة للاستغلال. المرجع SOC-2021-8262 · الجهة المعنية: إدارة أمن المعلومات.,إدارة أمن المعلومات,مغلق بعد المراجعة
INC-01602,2024-11-08,متوسطة,نظام إدارة الهوية المركزي,اختراق في سلسلة الإمداد عبر مكوّن طرف ثالث (2024),تحقيق في مكوّن مورد يحتوي شيفرة غير موثوقة داخل بيئة الإنتاج. المرجع SOC-2024-7214 · الجهة المعنية: فريق اختبار الاختراق.,فريق اختبار الاختراق,مصعّد
INC-01603,2019-11-26,عالية,منصة تبادل البيانات الوطنية,اختراق شبكة ربط تخدم منشأة حيوية في ينبع,وصول غير مصرح إلى شريحة شبكة تخدم منشأة حيوية وخطة العزل الفوري. المرجع SOC-2019-6887 · الجهة المعنية: مركز العمليات السيبرانية.,مركز العمليات السيبرانية,قيد المعالجة
INC-01604,2020-09-14,عالية,شبكة الربط الحكومي,اختراق في سلسلة الإمداد عبر مكوّن طرف ثالث (2020),تحقيق في مكوّن مورد يحتوي شيفرة غير موثوقة داخل بيئة الإنتاج. المرجع SOC-2020-8626 · الجهة المعنية: مركز العمليات السيبرانية.,مركز العمليات السيبرانية,قيد المعالجة
INC-01605,2019-07-24,متوسطة,نظام إدارة الأصول التقنية,مخالفة خصوصية في مشاركة سجلات المستفيدين,مشاركة سجلات دون تطبيق ضوابط خصوصية المستفيدين. المرجع SOC-2019-5959 · الجهة المعنية: مركز العمليات السيبرانية.,مركز العمليات السيبرانية,قيد المعالجة
INC-01606,2020-12-01,منخفضة,شبكة الاتصالات الداخلية,إحصاءات جاهزية الأمن السيبراني المعلنة - قطاع الحلول الحكومية 2020,إحصاءات مجمّعة معلنة عن مؤشرات الجاهزية دون تفاصيل تشغيلية. المرجع SOC-2020-9778 · الجهة المعنية: فريق اختبار الاختراق.,فريق اختبار الاختراق,مغلق
INC-01607,2024-04-26,عالية,منصة التحليلات المؤسسية,هجوم فدية على منصة التحليلات المؤسسية - الخبر,قضية ابتزاز إلكتروني قيد المعالجة مع تقييم أثر التوقف التشغيلي. المرجع SOC-2024-1385 · الجهة المعنية: مركز العمليات السيبرانية.,مركز العمليات السيبرانية,قيد المعالجة
INC-01608,2025-11-19,عالية,نظام التخطيط المؤسسي,خطة الاستجابة الاستراتيجية لحوادث قطاع العمليات,خطة استراتيجية لتصعيد الحوادث وتوزيع الأدوار بين الفرق. المرجع SOC-2025-4959 · الجهة المعنية: إدارة أمن المعلومات.,إدارة أمن المعلومات,مصعّد
INC-01609,2025-05-15,متوسطة,نظام الأرشفة الإلكترونية,ثغرة تخطي التحكم بالوصول في نظام الأرشفة الإلكترونية,تحقيق فني في ثغرة مكتشفة وتقييم قابلية الاستغلال وخطة المعالجة. المرجع SOC-2025-4379 · الجهة المعنية: فريق اختبار الاختراق.,فريق اختبار الاختراق,مغلق بعد المراجعة
INC-01610,2026-05-11,متوسطة,نظام إدارة الهوية المركزي,خطة الاستجابة الاستراتيجية لحوادث قطاع التقنية والمشاريع,خطة استراتيجية لتصعيد الحوادث وتوزيع الأدوار بين الفرق. المرجع SOC-2026-5909 · الجهة المعنية: إدارة أمن المعلومات.,إدارة أمن المعلومات,مغلق بعد المراجعة
INC-01611,2021-07-05,عالية,بوابة الموردين الإلكترونية,إساءة استخدام صلاحيات إدارية في بوابة الموردين الإلكترونية,تحقيق في استخدام حساب إداري للوصول إلى سجلات خارج نطاق العمل. المرجع SOC-2021-1947 · الجهة المعنية: وحدة الالتزام التنظيمي.,وحدة الالتزام التنظيمي,قيد المعالجة
INC-01612,2025-06-13,عالية,شبكة الربط الحكومي,مؤشرات اختراق مستمرة في شريحة الشبكة 86,نشاط مستمر غير مفسر داخل شريحة إنتاجية وخطة الاحتواء المرحلية. المرجع SOC-2025-1288 · الجهة المعنية: فريق اختبار الاختراق.,فريق اختبار الاختراق,مصعّد
INC-01613,2022-01-16,متوسطة,شبكة الربط الحكومي,اختراق في سلسلة الإمداد عبر مكوّن طرف ثالث (2022),تحقيق في مكوّن مورد يحتوي شيفرة غير موثوقة داخل بيئة الإنتاج. المرجع SOC-2022-8511 · الجهة المعنية: إدارة المخاطر التقنية.,,مصعّد
INC-01614,2022-01-06,متوسطة,مركز البيانات الاحتياطي,محاولة وصول غير مصرح إلى مواقع تخزين النسخ الاحتياطية,محاولات متكررة للوصول إلى مواقع تخزين النسخ خارج ساعات العمل. المرجع SOC-2022-3215 · الجهة المعنية: وحدة الالتزام التنظيمي.,وحدة الالتزام التنظيمي,قيد المعالجة
INC-01615,2023-01-01,متوسطة,نظام إدارة العقود,مشاركة مخطط الشبكة مع مورد دون تصريح,إرسال مخطط الشبكة الداخلية لمورد خارج قناة الاعتماد. المرجع SOC-2023-9474 · الجهة المعنية: وحدة الالتزام التنظيمي.,وحدة الالتزام التنظيمي,مصعّد
INC-01616,2019-04-30,منخفضة,نظام التخطيط المؤسسي,إعلان تدريب توعوي لمنسوبي قطاع العمليات في نجران,إعلان عن برنامج تدريب توعوي مفتوح للتسجيل. المرجع SOC-2019-7541 · الجهة المعنية: إدارة حوكمة البيانات.,إدارة حوكمة البيانات,مصعّد
INC-01617,2022-08-12,عالية,منصة تبادل البيانات الوطنية,خطة الاستجابة الاستراتيجية لحوادث قطاع البنية التحتية,خطة استراتيجية لتصعيد الحوادث وتوزيع الأدوار بين الفرق. المرجع SOC-2022-3565 · الجهة المعنية: مركز العمليات السيبرانية.,مركز العمليات السيبرانية,قيد المعالجة
INC-01618,2026-05-02,عالية,منصة تبادل البيانات الوطنية,كشف بيانات اعتماد إدارية في مستودع شيفرة خارجي,تحقيق في نشر بيانات اعتماد تشغيلية بمستودع عام وإجراءات الإبطال. المرجع SOC-2026-6974 · الجهة المعنية: إدارة استمرارية الأعمال.,إدارة استمرارية الأعمال,مغلق بعد المراجعة
INC-01619,2022-08-20,حرجة,شبكة الاتصالات الداخلية,إنذار أمني بشأن منشأة نووي الاستخدام المدني في الخبر,إنذار تقني مرتبط بأنظمة منشأة نووي الاستخدام المدني. المرجع SOC-2022-6896 · الجهة المعنية: إدارة أمن المعلومات.,إدارة أمن المعلومات,مغلق بعد المراجعة
INC-01620,2025-01-26,متوسطة,شبكة الاتصالات الداخلية,مراجعة ما بعد الحادثة لشبكة الاتصالات الداخلية,مراجعة تفصيلية لأسباب جذرية وثغرات ضبط لم تُعالج بعد. المرجع SOC-2025-3251 · الجهة المعنية: فريق اختبار الاختراق.,فريق اختبار الاختراق,مغلق
INC-01621,2023-08-09,عالية,منصة المراسلات الرسمية,رصد تحركات القوات في بيانات تتبع مسربة,ظهور بيانات تحركات القوات ضمن مجموعة بيانات مسربة قيد الفحص. المرجع SOC-2023-9887 · الجهة المعنية: وحدة الالتزام التنظيمي.,وحدة الالتزام التنظيمي,مصعّد
INC-01622,2026-03-05,متوسطة,منصة الخدمات الحكومية الموحدة,نتائج اختبار اختراق منصة الخدمات الحكومية الموحدة - الربع الثالث 2026,تحقيق هجومي كشف مسارات إعدادات افتراضية غير آمنة قابلة للاستغلال. المرجع SOC-2026-9183 · الجهة المعنية: إدارة المخاطر التقنية.,إدارة المخاطر التقنية,مغلق
INC-01623,2026-01-15,متوسطة,منصة تبادل البيانات الوطنية,مراجعة ما بعد الحادثة لمنصة تبادل البيانات الوطنية,مراجعة تفصيلية لأسباب جذرية وثغرات ضبط لم تُعالج بعد. المرجع SOC-2026-5001 · الجهة المعنية: إدارة أمن المعلومات.,إدارة أمن المعلومات,مغلق
INC-01624,2023-05-08,عالية,منصة التحليلات المؤسسية,هجوم فدية على منصة التحليلات المؤسسية - بريدة,قضية ابتزاز إلكتروني قيد المعالجة مع تقييم أثر التوقف التشغيلي. المرجع SOC-2023-3571 · الجهة المعنية: مركز العمليات السيبرانية.,مركز العمليات السيبرانية,قيد المعالجة
INC-01625,2021-12-20,عالية,منصة التوثيق الإلكتروني,اختراق شبكة ربط تخدم منشأة حيوية في سكاكا,وصول غير مصرح إلى شريحة شبكة تخدم منشأة حيوية وخطة العزل الفوري. المرجع SOC-2021-7388 · الجهة المعنية: إدارة استمرارية الأعمال.,إدارة استمرارية الأعمال,مغلق
INC-01626,2025-10-02,عالية,بوابة المدفوعات الوطنية,هجوم فدية على بوابة المدفوعات الوطنية - حائل,قضية ابتزاز إلكتروني قيد المعالجة مع تقييم أثر التوقف التشغيلي. المرجع SOC-2025-8496 · الجهة المعنية: مركز العمليات السيبرانية.,مركز العمليات السيبرانية,قيد المعالجة
INC-01627,2026-01-16,عالية,بوابة الموردين الإلكترونية,كشف بيانات اعتماد إدارية في مستودع شيفرة خارجي,تحقيق في نشر بيانات اعتماد تشغيلية بمستودع عام وإجراءات الإبطال. المرجع SOC-2026-5079 · الجهة المعنية: وحدة الالتزام التنظيمي.,وحدة الالتزام التنظيمي,قيد المعالجة
INC-01628,2026-01-20,عالية,بوابة المدفوعات الوطنية,مراجعة ما بعد الحادثة لبوابة المدفوعات الوطنية,مراجعة تفصيلية لأسباب جذرية وثغرات ضبط لم تُعالج بعد. المرجع SOC-2026-4503 · الجهة المعنية: إدارة حوكمة البيانات.,,قيد المعالجة
INC-01629,2021-10-01,حرجة,منصة التحليلات المؤسسية,محاولة اختراق أنظمة التحكم في ميناء بحري,رصد نشاط مجموعة تجسس إلكتروني يستهدف أنظمة تحكم منشأة حيوية وطنية. المرجع SOC-2021-1042 · الجهة المعنية: فريق اختبار الاختراق.,فريق اختبار الاختراق,قيد المراجعة
INC-01630,2022-03-22,منخفضة,مركز البيانات الاحتياطي,محاولة تصيّد موجهة لمنسوبي التشغيل,رسائل تصيّد تطلب بيانات هوية ودخول من الموظفين. المرجع SOC-2022-1933 · الجهة المعنية: فريق اختبار الاختراق.,فريق اختبار الاختراق,قيد المراجعة
INC-01631,2025-06-08,متوسطة,نظام التحقق الرقمي,كشف بيانات اعتماد إدارية في مستودع شيفرة خارجي,تحقيق في نشر بيانات اعتماد تشغيلية بمستودع عام وإجراءات الإبطال. المرجع SOC-2025-6638 · الجهة المعنية: وحدة الالتزام التنظيمي.,وحدة الالتزام التنظيمي,مغلق
INC-01632,2024-08-18,عالية,بوابة المدفوعات الوطنية,تسريب مستندات تفاوضية من بوابة المدفوعات الوطنية,تحقيق في تسريب مستندات ذات قيمة تنافسية إلى خارج الجهة. المرجع SOC-2024-9593 · الجهة المعنية: فريق اختبار الاختراق.,فريق اختبار الاختراق,مغلق
INC-01633,2022-04-09,متوسطة,بوابة الموردين الإلكترونية,محاولة تصيّد موجهة لمنسوبي المشتريات,رسائل تصيّد تطلب بيانات هوية ودخول من الموظفين. المرجع SOC-2022-2389 · الجهة المعنية: فريق الاستجابة للحوادث.,فريق الاستجابة للحوادث,مغلق بعد المراجعة
INC-01634,2022-12-29,عالية,منصة التوثيق الإلكتروني,حجب خدمة موزع على منصة التوثيق الإلكتروني - الخبر,تحقيق في هجوم حجب خدمة أثّر على توفر المنصة وخطة الصد. المرجع SOC-2022-9107 · الجهة المعنية: مركز العمليات السيبرانية.,مركز العمليات السيبرانية,مصعّد
INC-01635,2022-01-15,عالية,بوابة المستفيدين,إساءة استخدام صلاحيات إدارية في بوابة المستفيدين,تحقيق في استخدام حساب إداري للوصول إلى سجلات خارج نطاق العمل. المرجع SOC-2022-6131 · الجهة المعنية: فريق اختبار الاختراق.,فريق اختبار الاختراق,مغلق بعد المراجعة
INC-01636,2023-03-15,متوسطة,نظام النسخ الاحتياطي المركزي,خطة الاستجابة الاستراتيجية لحوادث قطاع الشراكات,خطة استراتيجية لتصعيد الحوادث وتوزيع الأدوار بين الفرق. المرجع SOC-2023-4984 · الجهة المعنية: إدارة حوكمة البيانات.,إدارة حوكمة البيانات,مصعّد
INC-01637,2022-10-06,متوسطة,منصة تبادل البيانات الوطنية,محاولة وصول غير مصرح إلى مواقع تخزين النسخ الاحتياطية,محاولات متكررة للوصول إلى مواقع تخزين النسخ خارج ساعات العمل. المرجع SOC-2022-2827 · الجهة المعنية: إدارة المخاطر التقنية.,إدارة المخاطر التقنية,مغلق
INC-01638,2019-10-28,عالية,منصة تبادل البيانات الوطنية,تسريب مستندات تفاوضية من منصة تبادل البيانات الوطنية,تحقيق في تسريب مستندات ذات قيمة تنافسية إلى خارج الجهة. المرجع SOC-2019-7018 · الجهة المعنية: وحدة الالتزام التنظيمي.,وحدة الالتزام التنظيمي,مغلق بعد المراجعة
INC-01639,2024-05-17,متوسطة,منصة تبادل البيانات الوطنية,هجوم فدية على منصة تبادل البيانات الوطنية - الرياض,قضية ابتزاز إلكتروني قيد المعالجة مع تقييم أثر التوقف التشغيلي. المرجع SOC-2024-2571 · الجهة المعنية: إدارة أمن المعلومات.,إدارة أمن المعلومات,مغلق بعد المراجعة
INC-01640,2023-04-18,متوسطة,نظام إدارة الأصول التقنية,قضية احتيال إلكتروني على بوابة المدفوعات (2023),قضية احتيال قيد المتابعة مع الجهات المختصة وتقدير الخسارة. المرجع SOC-2023-9496 · الجهة المعنية: إدارة استمرارية الأعمال.,إدارة استمرارية الأعمال,مغلق بعد المراجعة
INC-01641,2021-07-15,حرجة,نظام التخطيط المؤسسي,رصد تحركات القوات في بيانات تتبع مسربة,ظهور بيانات تحركات القوات ضمن مجموعة بيانات مسربة قيد الفحص. المرجع SOC-2021-3977 · الجهة المعنية: إدارة استمرارية الأعمال.,,قيد المعالجة
INC-01642,2021-06-07,متوسطة,شبكة الربط الحكومي,حجب خدمة موزع على شبكة الربط الحكومي - الدمام,تحقيق في هجوم حجب خدمة أثّر على توفر المنصة وخطة الصد. المرجع SOC-2021-5560 · الجهة المعنية: إدارة استمرارية الأعمال.,إدارة استمرارية الأعمال,مغلق بعد المراجعة
INC-01643,2023-02-23,عالية,منصة التوثيق الإلكتروني,قضية احتيال إلكتروني على بوابة المدفوعات (2023),قضية احتيال قيد المتابعة مع الجهات المختصة وتقدير الخسارة. المرجع SOC-2023-3649 · الجهة المعنية: فريق اختبار الاختراق.,فريق اختبار الاختراق,قيد المعالجة
INC-01644,2021-03-25,عالية,بوابة المدفوعات الوطنية,محاولة وصول غير مصرح إلى مواقع تخزين النسخ الاحتياطية,محاولات متكررة للوصول إلى مواقع تخزين النسخ خارج ساعات العمل. المرجع SOC-2021-3398 · الجهة المعنية: وحدة الالتزام التنظيمي.,وحدة الالتزام التنظيمي,مصعّد
INC-01645,2026-03-21,حرجة,منصة تبادل البيانات الوطنية,إنذار أمني بشأن منشأة نووي الاستخدام المدني في الطائف,إنذار تقني مرتبط بأنظمة منشأة نووي الاستخدام المدني. المرجع SOC-2026-1547 · الجهة المعنية: فريق الاستجابة للحوادث.,فريق الاستجابة للحوادث,قيد المعالجة
INC-01646,2023-01-29,عالية,منصة المراسلات الرسمية,إحاطة عاجلة للمركز الوطني بشأن حادثة الرياض,إحاطة تتضمن مؤشرات اختراق ومواقع تأثير لا يجوز تداولها. المرجع SOC-2023-5675 · الجهة المعنية: إدارة استمرارية الأعمال.,إدارة استمرارية الأعمال,مغلق بعد المراجعة
INC-01647,2025-01-14,منخفضة,شبكة الاتصالات الداخلية,تصريح عن اكتمال تحديث أمني في شبكة الاتصالات الداخلية - 2025,تصريح رسمي عن اكتمال التحديث دون كشف تفاصيل فنية. المرجع SOC-2025-1730 · الجهة المعنية: إدارة حوكمة البيانات.,إدارة حوكمة البيانات,مغلق بعد المراجعة
INC-01648,2022-10-31,عالية,نظام إدارة الأصول التقنية,اختراق في سلسلة الإمداد عبر مكوّن طرف ثالث (2022),تحقيق في مكوّن مورد يحتوي شيفرة غير موثوقة داخل بيئة الإنتاج. المرجع SOC-2022-2228 · الجهة المعنية: فريق الاستجابة للحوادث.,فريق الاستجابة للحوادث,مغلق بعد المراجعة
INC-01649,2019-09-13,متوسطة,مركز البيانات الاحتياطي,إساءة استخدام صلاحيات إدارية في مركز البيانات الاحتياطي,تحقيق في استخدام حساب إداري للوصول إلى سجلات خارج نطاق العمل. المرجع SOC-2019-3497 · الجهة المعنية: فريق اختبار الاختراق.,فريق اختبار الاختراق,قيد المراجعة
INC-01650,2025-03-15,حرجة,منصة التوثيق الإلكتروني,حادثة رقم NSI-2025-576 - تصنيف اللجنة العليا,حادثة مصعّدة للجنة العليا لارتباطها بمواقع وطنية محددة. المرجع SOC-2025-8118 · الجهة المعنية: إدارة أمن المعلومات.,إدارة أمن المعلومات,مغلق
INC-01651,2020-12-02,عالية,نظام التخطيط المؤسسي,إساءة استخدام صلاحيات إدارية في نظام التخطيط المؤسسي,تحقيق في استخدام حساب إداري للوصول إلى سجلات خارج نطاق العمل. المرجع SOC-2020-5021 · الجهة المعنية: مركز العمليات السيبرانية.,مركز العمليات السيبرانية,مغلق
INC-01652,2022-03-17,متوسطة,نظام النسخ الاحتياطي المركزي,كشف بيانات اعتماد إدارية في مستودع شيفرة خارجي,تحقيق في نشر بيانات اعتماد تشغيلية بمستودع عام وإجراءات الإبطال. المرجع SOC-2022-5787 · الجهة المعنية: فريق الاستجابة للحوادث.,فريق الاستجابة للحوادث,مصعّد
INC-01653,2025-03-17,متوسطة,منصة تبادل البيانات الوطنية,محاولة تصيّد موجهة لمنسوبي التشغيل,رسائل تصيّد تطلب بيانات هوية ودخول من الموظفين. المرجع SOC-2025-9459 · الجهة المعنية: إدارة استمرارية الأعمال.,إدارة استمرارية الأعمال,مغلق بعد المراجعة
INC-01654,2019-08-24,منخفضة,نظام إدارة الأصول التقنية,مشاركة مخطط الشبكة مع مورد دون تصريح,إرسال مخطط الشبكة الداخلية لمورد خارج قناة الاعتماد. المرجع SOC-2019-9723 · الجهة المعنية: مركز العمليات السيبرانية.,مركز العمليات السيبرانية,قيد المراجعة
INC-01655,2019-05-27,متوسطة,منصة المراسلات الرسمية,مراجعة ما بعد الحادثة لمنصة المراسلات الرسمية,مراجعة تفصيلية لأسباب جذرية وثغرات ضبط لم تُعالج بعد. المرجع SOC-2019-5267 · الجهة المعنية: إدارة المخاطر التقنية.,إدارة المخاطر التقنية,قيد المراجعة
INC-01656,2024-11-20,حرجة,مركز البيانات الرئيسي,إنذار أمني بشأن منشأة نووي الاستخدام المدني في ينبع,إنذار تقني مرتبط بأنظمة منشأة نووي الاستخدام المدني. المرجع SOC-2024-1478 · الجهة المعنية: إدارة حوكمة البيانات.,إدارة حوكمة البيانات,قيد المراجعة
INC-01657,2023-10-03,منخفضة,منصة المراسلات الرسمية,محاولة تصيّد موجهة لمنسوبي التشغيل,رسائل تصيّد تطلب بيانات هوية ودخول من الموظفين. المرجع SOC-2023-1068 · الجهة المعنية: مركز العمليات السيبرانية.,مركز العمليات السيبرانية,مغلق بعد المراجعة
INC-01658,2023-05-12,حرجة,نظام إدارة الأصول التقنية,إحاطة عاجلة للمركز الوطني بشأن حادثة الجبيل,إحاطة تتضمن مؤشرات اختراق ومواقع تأثير لا يجوز تداولها. المرجع SOC-2023-1852 · الجهة المعنية: فريق الاستجابة للحوادث.,فريق الاستجابة للحوادث,مصعّد
INC-01659,2024-06-26,حرجة,بوابة الموردين الإلكترونية,اختراق شبكة ربط تخدم منشأة حيوية في الدمام,وصول غير مصرح إلى شريحة شبكة تخدم منشأة حيوية وخطة العزل الفوري. المرجع SOC-2024-3638 · الجهة المعنية: فريق الاستجابة للحوادث.,فريق الاستجابة للحوادث,مغلق
INC-01660,2021-08-14,عالية,نظام النسخ الاحتياطي المركزي,حادثة رقم NSI-2021-887 - تصنيف اللجنة العليا,حادثة مصعّدة للجنة العليا لارتباطها بمواقع وطنية محددة. المرجع SOC-2021-8604 · الجهة المعنية: فريق اختبار الاختراق.,فريق اختبار الاختراق,مغلق بعد المراجعة
INC-01661,2020-09-16,متوسطة,نظام التحقق الرقمي,إساءة استخدام صلاحيات إدارية في نظام التحقق الرقمي,تحقيق في استخدام حساب إداري للوصول إلى سجلات خارج نطاق العمل. المرجع SOC-2020-1578 · الجهة المعنية: وحدة الالتزام التنظيمي.,وحدة الالتزام التنظيمي,قيد المعالجة
INC-01662,2026-06-09,حرجة,بوابة المستفيدين,تنسيق عمليات أمنية مشتركة بعد حادثة الرياض,إجراءات عمليات أمنية مشتركة مع جهات وطنية عقب الحادثة. المرجع SOC-2026-1804 · الجهة المعنية: إدارة أمن المعلومات.,إدارة أمن المعلومات,قيد المعالجة
INC-01663,2022-11-04,عالية,منصة التحليلات المؤسسية,هجوم فدية على منصة التحليلات المؤسسية - أبها,قضية ابتزاز إلكتروني قيد المعالجة مع تقييم أثر التوقف التشغيلي. المرجع SOC-2022-1449 · الجهة المعنية: فريق اختبار الاختراق.,فريق اختبار الاختراق,مغلق بعد المراجعة
INC-01664,2025-10-06,متوسطة,منصة المراسلات الرسمية,مؤشرات اختراق مستمرة في شريحة الشبكة 78,نشاط مستمر غير مفسر داخل شريحة إنتاجية وخطة الاحتواء المرحلية. المرجع SOC-2025-4478 · الجهة المعنية: فريق الاستجابة للحوادث.,فريق الاستجابة للحوادث,مصعّد
INC-01665,2021-12-31,عالية,بوابة المستفيدين,نتائج اختبار اختراق بوابة المستفيدين - الربع الأول 2021,تحقيق هجومي كشف مسارات كشف بيانات حساسة قابلة للاستغلال. المرجع SOC-2021-4569 · الجهة المعنية: وحدة الالتزام التنظيمي.,وحدة الالتزام التنظيمي,قيد المعالجة
INC-01666,2023-09-19,متوسطة,مركز البيانات الاحتياطي,محاولة وصول غير مصرح إلى مواقع تخزين النسخ الاحتياطية,محاولات متكررة للوصول إلى مواقع تخزين النسخ خارج ساعات العمل. المرجع SOC-2023-2855 · الجهة المعنية: فريق اختبار الاختراق.,فريق اختبار الاختراق,مغلق
INC-01667,2022-09-21,متوسطة,منصة التوثيق الإلكتروني,محاولة وصول غير مصرح إلى مواقع تخزين النسخ الاحتياطية,محاولات متكررة للوصول إلى مواقع تخزين النسخ خارج ساعات العمل. المرجع SOC-2022-4028 · الجهة المعنية: فريق الاستجابة للحوادث.,فريق الاستجابة للحوادث,قيد المراجعة
INC-01668,2020-08-03,عالية,نظام إدارة الهوية المركزي,مؤشرات اختراق مستمرة في شريحة الشبكة 182,نشاط مستمر غير مفسر داخل شريحة إنتاجية وخطة الاحتواء المرحلية. المرجع SOC-2020-2755 · الجهة المعنية: إدارة استمرارية الأعمال.,إدارة استمرارية الأعمال,مغلق بعد المراجعة
INC-01669,2026-05-24,منخفضة,نظام إدارة العقود,مخالفة خصوصية في مشاركة سجلات المستفيدين,مشاركة سجلات دون تطبيق ضوابط خصوصية المستفيدين. المرجع SOC-2026-1186 · الجهة المعنية: إدارة حوكمة البيانات.,إدارة حوكمة البيانات,مصعّد
INC-01670,2026-05-14,عالية,شبكة الاتصالات الداخلية,رصد تحركات القوات في بيانات تتبع مسربة,ظهور بيانات تحركات القوات ضمن مجموعة بيانات مسربة قيد الفحص. المرجع SOC-2026-9759 · الجهة المعنية: فريق اختبار الاختراق.,فريق اختبار الاختراق,مغلق بعد المراجعة
INC-01671,2020-06-10,عالية,بوابة الموردين الإلكترونية,تسريب مستندات تفاوضية من بوابة الموردين الإلكترونية,تحقيق في تسريب مستندات ذات قيمة تنافسية إلى خارج الجهة. المرجع SOC-2020-1476 · الجهة المعنية: فريق اختبار الاختراق.,فريق اختبار الاختراق,مغلق
INC-01672,2025-05-06,عالية,نظام التحقق الرقمي,اشتباه اختراق مرتبط بمواقع تخزين أسلحة خاضعة للرقابة,محاولة وصول إلى سجلات مواقع أسلحة ومواد خاضعة للرقابة. المرجع SOC-2025-4606 · الجهة المعنية: إدارة المخاطر التقنية.,إدارة المخاطر التقنية,قيد المعالجة
INC-01673,2019-11-27,متوسطة,نظام الأرشفة الإلكترونية,هجوم فدية على نظام الأرشفة الإلكترونية - ينبع,قضية ابتزاز إلكتروني قيد المعالجة مع تقييم أثر التوقف التشغيلي. المرجع SOC-2019-8713 · الجهة المعنية: مركز العمليات السيبرانية.,مركز العمليات السيبرانية,مغلق بعد المراجعة
INC-01674,2026-02-25,عالية,مركز البيانات الرئيسي,إحاطة عاجلة للمركز الوطني بشأن حادثة جدة,إحاطة تتضمن مؤشرات اختراق ومواقع تأثير لا يجوز تداولها. المرجع SOC-2026-4671 · الجهة المعنية: فريق الاستجابة للحوادث.,فريق الاستجابة للحوادث,قيد المراجعة
INC-01675,2021-11-06,عالية,منصة المراسلات الرسمية,تهديد بتعطيل منظومة ذات استخدام عسكري مساند,بلاغ عن استهداف منظومة عسكري الاستخدام مرتبطة بالجهة. المرجع SOC-2021-3997 · الجهة المعنية: إدارة أمن المعلومات.,إدارة أمن المعلومات,مغلق
INC-01676,2019-01-22,متوسطة,منصة تبادل البيانات الوطنية,كشف بيانات اعتماد إدارية في مستودع شيفرة خارجي,تحقيق في نشر بيانات اعتماد تشغيلية بمستودع عام وإجراءات الإبطال. المرجع SOC-2019-5883 · الجهة المعنية: فريق الاستجابة للحوادث.,فريق الاستجابة للحوادث,قيد المعالجة
INC-01677,2023-11-11,متوسطة,نظام التخطيط المؤسسي,تقييم الأثر الاستراتيجي لانقطاع نظام التخطيط المؤسسي,دراسة استراتيجية لأثر الانقطاع على الالتزامات التعاقدية. المرجع SOC-2023-9720 · الجهة المعنية: إدارة المخاطر التقنية.,إدارة المخاطر التقنية,قيد المراجعة
INC-01678,2026-06-05,عالية,بوابة الموردين الإلكترونية,تقييم الأثر الاستراتيجي لانقطاع بوابة الموردين الإلكترونية,دراسة استراتيجية لأثر الانقطاع على الالتزامات التعاقدية. المرجع SOC-2026-3108 · الجهة المعنية: مركز العمليات السيبرانية.,مركز العمليات السيبرانية,مصعّد
INC-01679,2021-10-26,متوسطة,بوابة المدفوعات الوطنية,بلاغ عن ضياع جهاز يحتوي بيانات هوية منسوبين,فقدان جهاز محمول يحتوي ملفات بها بيانات هوية وتواصل. المرجع SOC-2021-6955 · الجهة المعنية: إدارة المخاطر التقنية.,إدارة المخاطر التقنية,قيد المعالجة
INC-01680,2025-07-30,عالية,منصة المراسلات الرسمية,اشتباه تسريب مفاتيح التشفير الخاصة بمنصة المراسلات الرسمية,مؤشرات على كشف مفاتيح التشفير المستخدمة في حماية قنوات وطنية. المرجع SOC-2025-1898 · الجهة المعنية: فريق اختبار الاختراق.,فريق اختبار الاختراق,مصعّد
INC-01681,2019-06-03,حرجة,بوابة المدفوعات الوطنية,حادثة رقم NSI-2019-825 - تصنيف اللجنة العليا,حادثة مصعّدة للجنة العليا لارتباطها بمواقع وطنية محددة. المرجع SOC-2019-1788 · الجهة المعنية: فريق اختبار الاختراق.,فريق اختبار الاختراق,مغلق
INC-01682,2021-07-11,عالية,منصة التحليلات المؤسسية,هجوم فدية على منصة التحليلات المؤسسية - مكة المكرمة,قضية ابتزاز إلكتروني قيد المعالجة مع تقييم أثر التوقف التشغيلي. المرجع SOC-2021-8028 · الجهة المعنية: مركز العمليات السيبرانية.,مركز العمليات السيبرانية,مصعّد
INC-01683,2025-05-22,متوسطة,نظام إدارة الهوية المركزي,قضية احتيال إلكتروني على بوابة المدفوعات (2025),قضية احتيال قيد المتابعة مع الجهات المختصة وتقدير الخسارة. المرجع SOC-2025-9218 · الجهة المعنية: إدارة أمن المعلومات.,إدارة أمن المعلومات,مغلق
INC-01684,2020-12-24,عالية,بوابة المدفوعات الوطنية,نتائج اختبار اختراق بوابة المدفوعات الوطنية - الربع الأول 2020,تحقيق هجومي كشف مسارات تجاوز مصادقة قابلة للاستغلال. المرجع SOC-2020-9449 · الجهة المعنية: وحدة الالتزام التنظيمي.,وحدة الالتزام التنظيمي,مغلق
INC-01685,2023-01-23,متوسطة,شبكة الاتصالات الداخلية,مخالفة خصوصية في مشاركة سجلات المستفيدين,مشاركة سجلات دون تطبيق ضوابط خصوصية المستفيدين. المرجع SOC-2023-9643 · الجهة المعنية: فريق الاستجابة للحوادث.,فريق الاستجابة للحوادث,قيد المعالجة
INC-01686,2022-04-25,متوسطة,نظام إدارة الأصول التقنية,مؤشرات اختراق مستمرة في شريحة الشبكة 37,نشاط مستمر غير مفسر داخل شريحة إنتاجية وخطة الاحتواء المرحلية. المرجع SOC-2022-3501 · الجهة المعنية: فريق اختبار الاختراق.,فريق اختبار الاختراق,مصعّد
INC-01687,2021-07-26,عالية,نظام إدارة الأصول التقنية,ثغرة حقن أوامر في نظام إدارة الأصول التقنية,تحقيق فني في ثغرة مكتشفة وتقييم قابلية الاستغلال وخطة المعالجة. المرجع SOC-2021-1392 · الجهة المعنية: إدارة حوكمة البيانات.,إدارة حوكمة البيانات,قيد المعالجة
INC-01688,2022-08-22,حرجة,منصة تبادل البيانات الوطنية,رصد تحركات القوات في بيانات تتبع مسربة,ظهور بيانات تحركات القوات ضمن مجموعة بيانات مسربة قيد الفحص. المرجع SOC-2022-7563 · الجهة المعنية: فريق الاستجابة للحوادث.,فريق الاستجابة للحوادث,مغلق بعد المراجعة
INC-01689,2026-06-11,عالية,مركز البيانات الاحتياطي,هجوم فدية على مركز البيانات الاحتياطي - الطائف,قضية ابتزاز إلكتروني قيد المعالجة مع تقييم أثر التوقف التشغيلي. المرجع SOC-2026-8662 · الجهة المعنية: مركز العمليات السيبرانية.,مركز العمليات السيبرانية,مصعّد
INC-01690,2022-03-03,متوسطة,نظام إدارة الهوية المركزي,نتائج اختبار اختراق نظام إدارة الهوية المركزي - الربع الثالث 2022,تحقيق هجومي كشف مسارات حقن أوامر قابلة للاستغلال. المرجع SOC-2022-2156 · الجهة المعنية: إدارة المخاطر التقنية.,إدارة المخاطر التقنية,مغلق
INC-01691,2024-03-16,متوسطة,نظام النسخ الاحتياطي المركزي,إساءة استخدام صلاحيات إدارية في نظام النسخ الاحتياطي المركزي,تحقيق في استخدام حساب إداري للوصول إلى سجلات خارج نطاق العمل. المرجع SOC-2024-8232 · الجهة المعنية: إدارة حوكمة البيانات.,إدارة حوكمة البيانات,مغلق بعد المراجعة
INC-01692,2019-02-05,منخفضة,مركز البيانات الاحتياطي,إعلان تدريب توعوي لمنسوبي قطاع الأعمال المؤسسية في ينبع,إعلان عن برنامج تدريب توعوي مفتوح للتسجيل. المرجع SOC-2019-7530 · الجهة المعنية: إدارة حوكمة البيانات.,إدارة حوكمة البيانات,مصعّد
INC-01693,2023-11-22,متوسطة,نظام النسخ الاحتياطي المركزي,ثغرة تنفيذ أوامر عن بُعد في نظام النسخ الاحتياطي المركزي,تحقيق فني في ثغرة مكتشفة وتقييم قابلية الاستغلال وخطة المعالجة. المرجع SOC-2023-1927 · الجهة المعنية: فريق اختبار الاختراق.,,مغلق
INC-01694,2023-10-06,عالية,نظام التحقق الرقمي,كشف بيانات اعتماد إدارية في مستودع شيفرة خارجي,تحقيق في نشر بيانات اعتماد تشغيلية بمستودع عام وإجراءات الإبطال. المرجع SOC-2023-4254 · الجهة المعنية: فريق الاستجابة للحوادث.,فريق الاستجابة للحوادث,مغلق
INC-01695,2024-06-15,متوسطة,منصة الخدمات الحكومية الموحدة,قضية احتيال إلكتروني على بوابة المدفوعات (2024),قضية احتيال قيد المتابعة مع الجهات المختصة وتقدير الخسارة. المرجع SOC-2024-3817 · الجهة المعنية: مركز العمليات السيبرانية.,مركز العمليات السيبرانية,مغلق بعد المراجعة
INC-01696,2022-08-18,منخفضة,بوابة المستفيدين,إحصاءات جاهزية الأمن السيبراني المعلنة - قطاع الحلول الحكومية 2022,إحصاءات مجمّعة معلنة عن مؤشرات الجاهزية دون تفاصيل تشغيلية. المرجع SOC-2022-3086 · الجهة المعنية: مركز العمليات السيبرانية.,مركز العمليات السيبرانية,مغلق بعد المراجعة
INC-01697,2025-05-09,متوسطة,شبكة الربط الحكومي,نتائج اختبار اختراق شبكة الربط الحكومي - الربع الثاني 2025,تحقيق هجومي كشف مسارات تخطي التحكم بالوصول قابلة للاستغلال. المرجع SOC-2025-9549 · الجهة المعنية: فريق اختبار الاختراق.,فريق اختبار الاختراق,قيد المعالجة
INC-01698,2024-11-17,عالية,شبكة الاتصالات الداخلية,اشتباه تسريب مفاتيح التشفير الخاصة بشبكة الاتصالات الداخلية,مؤشرات على كشف مفاتيح التشفير المستخدمة في حماية قنوات وطنية. المرجع SOC-2024-5818 · الجهة المعنية: إدارة حوكمة البيانات.,إدارة حوكمة البيانات,مغلق
INC-01699,2021-07-13,عالية,نظام التحقق الرقمي,اختراق في سلسلة الإمداد عبر مكوّن طرف ثالث (2021),تحقيق في مكوّن مورد يحتوي شيفرة غير موثوقة داخل بيئة الإنتاج. المرجع SOC-2021-6827 · الجهة المعنية: إدارة أمن المعلومات.,إدارة أمن المعلومات,مغلق
INC-01700,2022-05-26,عالية,مركز البيانات الاحتياطي,حادثة رقم NSI-2022-847 - تصنيف اللجنة العليا,حادثة مصعّدة للجنة العليا لارتباطها بمواقع وطنية محددة. المرجع SOC-2022-8462 · الجهة المعنية: وحدة الالتزام التنظيمي.,وحدة الالتزام التنظيمي,مصعّد
INC-01701,2026-05-15,منخفضة,نظام النسخ الاحتياطي المركزي,منشور توعوي عن التصيّد الإلكتروني - إدارة المخاطر الربع الأول 2026,منشور توعوي عام يشرح مؤشرات الرسائل المشبوهة للجمهور. المرجع SOC-2026-3554 · الجهة المعنية: وحدة الالتزام التنظيمي.,,قيد المراجعة
INC-01702,2023-03-14,عالية,بوابة المستفيدين,حادثة مساس بمتطلبات سيادة البيانات في بوابة المستفيدين,نقل بيانات خارج النطاق المصرح بما يخل بمتطلبات سيادة البيانات. المرجع SOC-2023-7090 · الجهة المعنية: فريق اختبار الاختراق.,فريق اختبار الاختراق,قيد المراجعة
INC-01703,2021-09-03,متوسطة,مركز البيانات الاحتياطي,مؤشرات اختراق مستمرة في شريحة الشبكة 165,نشاط مستمر غير مفسر داخل شريحة إنتاجية وخطة الاحتواء المرحلية. المرجع SOC-2021-9185 · الجهة المعنية: فريق اختبار الاختراق.,فريق اختبار الاختراق,مغلق بعد المراجعة
INC-01704,2019-04-28,عالية,نظام النسخ الاحتياطي المركزي,تقييم الأثر الاستراتيجي لانقطاع نظام النسخ الاحتياطي المركزي,دراسة استراتيجية لأثر الانقطاع على الالتزامات التعاقدية. المرجع SOC-2019-4518 · الجهة المعنية: فريق اختبار الاختراق.,فريق اختبار الاختراق,قيد المعالجة
INC-01705,2019-04-22,عالية,بوابة المدفوعات الوطنية,مراجعة ما بعد الحادثة لبوابة المدفوعات الوطنية,مراجعة تفصيلية لأسباب جذرية وثغرات ضبط لم تُعالج بعد. المرجع SOC-2019-2924 · الجهة المعنية: إدارة أمن المعلومات.,إدارة أمن المعلومات,مصعّد
INC-01706,2019-09-07,متوسطة,منصة الخدمات الحكومية الموحدة,ثغرة تنفيذ أوامر عن بُعد في منصة الخدمات الحكومية الموحدة,تحقيق فني في ثغرة مكتشفة وتقييم قابلية الاستغلال وخطة المعالجة. المرجع SOC-2019-3014 · الجهة المعنية: إدارة أمن المعلومات.,إدارة أمن المعلومات,مغلق
INC-01707,2022-04-13,عالية,مركز البيانات الرئيسي,اختراق في سلسلة الإمداد عبر مكوّن طرف ثالث (2022),تحقيق في مكوّن مورد يحتوي شيفرة غير موثوقة داخل بيئة الإنتاج. المرجع SOC-2022-9550 · الجهة المعنية: إدارة استمرارية الأعمال.,إدارة استمرارية الأعمال,قيد المراجعة
INC-01708,2022-08-06,عالية,بوابة الموردين الإلكترونية,حادثة رقم NSI-2022-979 - تصنيف اللجنة العليا,حادثة مصعّدة للجنة العليا لارتباطها بمواقع وطنية محددة. المرجع SOC-2022-5387 · الجهة المعنية: فريق الاستجابة للحوادث.,فريق الاستجابة للحوادث,قيد المعالجة
INC-01709,2019-03-24,عالية,بوابة المستفيدين,اختراق في سلسلة الإمداد عبر مكوّن طرف ثالث (2019),تحقيق في مكوّن مورد يحتوي شيفرة غير موثوقة داخل بيئة الإنتاج. المرجع SOC-2019-1653 · الجهة المعنية: إدارة استمرارية الأعمال.,إدارة استمرارية الأعمال,قيد المعالجة
INC-01710,2020-11-04,عالية,منصة الاجتماعات المؤمّنة,اختراق في سلسلة الإمداد عبر مكوّن طرف ثالث (2020),تحقيق في مكوّن مورد يحتوي شيفرة غير موثوقة داخل بيئة الإنتاج. المرجع SOC-2020-6570 · الجهة المعنية: إدارة استمرارية الأعمال.,إدارة استمرارية الأعمال,قيد المعالجة
INC-01711,2020-08-09,متوسطة,نظام النسخ الاحتياطي المركزي,ثغرة رفع صلاحيات في نظام النسخ الاحتياطي المركزي,تحقيق فني في ثغرة مكتشفة وتقييم قابلية الاستغلال وخطة المعالجة. المرجع SOC-2020-1892 · الجهة المعنية: إدارة حوكمة البيانات.,إدارة حوكمة البيانات,مصعّد
INC-01712,2021-02-01,عالية,منصة الخدمات الحكومية الموحدة,إساءة استخدام صلاحيات إدارية في منصة الخدمات الحكومية الموحدة,تحقيق في استخدام حساب إداري للوصول إلى سجلات خارج نطاق العمل. المرجع SOC-2021-5883 · الجهة المعنية: إدارة أمن المعلومات.,إدارة أمن المعلومات,مغلق
INC-01713,2022-11-26,متوسطة,بوابة المستفيدين,تسريب مستندات تفاوضية من بوابة المستفيدين,تحقيق في تسريب مستندات ذات قيمة تنافسية إلى خارج الجهة. المرجع SOC-2022-1357 · الجهة المعنية: وحدة الالتزام التنظيمي.,وحدة الالتزام التنظيمي,مغلق بعد المراجعة
INC-01714,2022-08-13,متوسطة,نظام النسخ الاحتياطي المركزي,محاولة وصول غير مصرح إلى مواقع تخزين النسخ الاحتياطية,محاولات متكررة للوصول إلى مواقع تخزين النسخ خارج ساعات العمل. المرجع SOC-2022-7814 · الجهة المعنية: إدارة المخاطر التقنية.,,قيد المعالجة
INC-01715,2020-05-19,حرجة,شبكة الاتصالات الداخلية,حادثة رقم NSI-2020-237 - تصنيف اللجنة العليا,حادثة مصعّدة للجنة العليا لارتباطها بمواقع وطنية محددة. المرجع SOC-2020-1824 · الجهة المعنية: إدارة المخاطر التقنية.,إدارة المخاطر التقنية,مغلق
INC-01716,2022-01-10,عالية,مركز البيانات الرئيسي,مؤشرات اختراق مستمرة في شريحة الشبكة 52,نشاط مستمر غير مفسر داخل شريحة إنتاجية وخطة الاحتواء المرحلية. المرجع SOC-2022-4466 · الجهة المعنية: مركز العمليات السيبرانية.,مركز العمليات السيبرانية,مغلق
INC-01717,2019-01-17,متوسطة,نظام إدارة الهوية المركزي,محاولة وصول غير مصرح إلى مواقع تخزين النسخ الاحتياطية,محاولات متكررة للوصول إلى مواقع تخزين النسخ خارج ساعات العمل. المرجع SOC-2019-3463 · الجهة المعنية: إدارة المخاطر التقنية.,إدارة المخاطر التقنية,مغلق بعد المراجعة
INC-01718,2019-03-26,متوسطة,منصة المراسلات الرسمية,خطة الاستجابة الاستراتيجية لحوادث قطاع العمليات,خطة استراتيجية لتصعيد الحوادث وتوزيع الأدوار بين الفرق. المرجع SOC-2019-5651 · الجهة المعنية: إدارة استمرارية الأعمال.,إدارة استمرارية الأعمال,مغلق
INC-01719,2021-09-17,عالية,نظام النسخ الاحتياطي المركزي,تهديد بتعطيل منظومة ذات استخدام عسكري مساند,بلاغ عن استهداف منظومة عسكري الاستخدام مرتبطة بالجهة. المرجع SOC-2021-3981 · الجهة المعنية: إدارة استمرارية الأعمال.,إدارة استمرارية الأعمال,مغلق بعد المراجعة
INC-01720,2024-07-19,حرجة,مركز البيانات الاحتياطي,تنسيق عمليات أمنية مشتركة بعد حادثة مكة المكرمة,إجراءات عمليات أمنية مشتركة مع جهات وطنية عقب الحادثة. المرجع SOC-2024-2764 · الجهة المعنية: وحدة الالتزام التنظيمي.,وحدة الالتزام التنظيمي,قيد المراجعة
INC-01721,2019-07-10,متوسطة,شبكة الربط الحكومي,إساءة استخدام صلاحيات إدارية في شبكة الربط الحكومي,تحقيق في استخدام حساب إداري للوصول إلى سجلات خارج نطاق العمل. المرجع SOC-2019-1459 · الجهة المعنية: إدارة المخاطر التقنية.,,قيد المراجعة
INC-01722,2021-09-01,متوسطة,منصة الاجتماعات المؤمّنة,قضية احتيال إلكتروني على بوابة المدفوعات (2021),قضية احتيال قيد المتابعة مع الجهات المختصة وتقدير الخسارة. المرجع SOC-2021-8582 · الجهة المعنية: إدارة حوكمة البيانات.,إدارة حوكمة البيانات,مصعّد
INC-01723,2021-01-04,منخفضة,نظام النسخ الاحتياطي المركزي,محاولة تصيّد موجهة لمنسوبي الخدمات المساندة,رسائل تصيّد تطلب بيانات هوية ودخول من الموظفين. المرجع SOC-2021-6272 · الجهة المعنية: إدارة استمرارية الأعمال.,إدارة استمرارية الأعمال,قيد المراجعة
INC-01724,2024-12-21,حرجة,منصة المراسلات الرسمية,تهديد بتعطيل منظومة ذات استخدام عسكري مساند,بلاغ عن استهداف منظومة عسكري الاستخدام مرتبطة بالجهة. المرجع SOC-2024-8212 · الجهة المعنية: مركز العمليات السيبرانية.,مركز العمليات السيبرانية,مغلق بعد المراجعة
INC-01725,2020-08-22,متوسطة,نظام إدارة الأصول التقنية,إساءة استخدام صلاحيات إدارية في نظام إدارة الأصول التقنية,تحقيق في استخدام حساب إداري للوصول إلى سجلات خارج نطاق العمل. المرجع SOC-2020-2764 · الجهة المعنية: إدارة المخاطر التقنية.,إدارة المخاطر التقنية,قيد المعالجة
INC-01726,2025-08-20,حرجة,مركز البيانات الرئيسي,اشتباه تسريب مفاتيح التشفير الخاصة بمركز البيانات الرئيسي,مؤشرات على كشف مفاتيح التشفير المستخدمة في حماية قنوات وطنية. المرجع SOC-2025-2466 · الجهة المعنية: وحدة الالتزام التنظيمي.,وحدة الالتزام التنظيمي,قيد المراجعة
INC-01727,2020-05-24,عالية,منصة تبادل البيانات الوطنية,ثغرة إعدادات افتراضية غير آمنة في منصة تبادل البيانات الوطنية,تحقيق فني في ثغرة مكتشفة وتقييم قابلية الاستغلال وخطة المعالجة. المرجع SOC-2020-2892 · الجهة المعنية: فريق الاستجابة للحوادث.,فريق الاستجابة للحوادث,قيد المعالجة
INC-01728,2025-12-19,منخفضة,منصة المراسلات الرسمية,منشور توعوي عن التصيّد الإلكتروني - الشؤون القانونية الربع الرابع 2025,منشور توعوي عام يشرح مؤشرات الرسائل المشبوهة للجمهور. المرجع SOC-2025-4953 · الجهة المعنية: فريق الاستجابة للحوادث.,فريق الاستجابة للحوادث,قيد المراجعة
INC-01729,2026-01-03,منخفضة,نظام النسخ الاحتياطي المركزي,إعلان تدريب توعوي لمنسوبي قطاع الخدمات الرقمية في نجران,إعلان عن برنامج تدريب توعوي مفتوح للتسجيل. المرجع SOC-2026-2185 · الجهة المعنية: فريق اختبار الاختراق.,فريق اختبار الاختراق,قيد المعالجة
INC-01730,2025-02-27,حرجة,شبكة الربط الحكومي,تهديد بتعطيل منظومة ذات استخدام عسكري مساند,بلاغ عن استهداف منظومة عسكري الاستخدام مرتبطة بالجهة. المرجع SOC-2025-3328 · الجهة المعنية: مركز العمليات السيبرانية.,,مغلق
INC-01731,2019-11-25,حرجة,بوابة الموردين الإلكترونية,اشتباه اختراق مرتبط بمواقع تخزين أسلحة خاضعة للرقابة,محاولة وصول إلى سجلات مواقع أسلحة ومواد خاضعة للرقابة. المرجع SOC-2019-4846 · الجهة المعنية: إدارة المخاطر التقنية.,إدارة المخاطر التقنية,مغلق
INC-01732,2025-07-15,عالية,نظام إدارة الأصول التقنية,محاولة وصول غير مصرح إلى مواقع تخزين النسخ الاحتياطية,محاولات متكررة للوصول إلى مواقع تخزين النسخ خارج ساعات العمل. المرجع SOC-2025-2411 · الجهة المعنية: وحدة الالتزام التنظيمي.,وحدة الالتزام التنظيمي,مصعّد
INC-01733,2023-05-21,متوسطة,نظام التحقق الرقمي,محاولة وصول غير مصرح إلى مواقع تخزين النسخ الاحتياطية,محاولات متكررة للوصول إلى مواقع تخزين النسخ خارج ساعات العمل. المرجع SOC-2023-3482 · الجهة المعنية: وحدة الالتزام التنظيمي.,وحدة الالتزام التنظيمي,مصعّد
INC-01734,2019-08-06,عالية,نظام النسخ الاحتياطي المركزي,نتائج اختبار اختراق نظام النسخ الاحتياطي المركزي - الربع الثالث 2019,تحقيق هجومي كشف مسارات إعدادات افتراضية غير آمنة قابلة للاستغلال. المرجع SOC-2019-6890 · الجهة المعنية: إدارة استمرارية الأعمال.,إدارة استمرارية الأعمال,قيد المراجعة
INC-01735,2024-04-02,عالية,نظام إدارة العقود,كشف بيانات اعتماد إدارية في مستودع شيفرة خارجي,تحقيق في نشر بيانات اعتماد تشغيلية بمستودع عام وإجراءات الإبطال. المرجع SOC-2024-8829 · الجهة المعنية: فريق الاستجابة للحوادث.,فريق الاستجابة للحوادث,قيد المراجعة
INC-01736,2019-05-14,متوسطة,نظام إدارة العقود,خطة الاستجابة الاستراتيجية لحوادث قطاع التحول الرقمي,خطة استراتيجية لتصعيد الحوادث وتوزيع الأدوار بين الفرق. المرجع SOC-2019-3734 · الجهة المعنية: إدارة المخاطر التقنية.,إدارة المخاطر التقنية,مصعّد
INC-01737,2025-04-06,عالية,منصة المراسلات الرسمية,حادثة مساس بمتطلبات سيادة البيانات في منصة المراسلات الرسمية,نقل بيانات خارج النطاق المصرح بما يخل بمتطلبات سيادة البيانات. المرجع SOC-2025-4194 · الجهة المعنية: مركز العمليات السيبرانية.,مركز العمليات السيبرانية,مغلق
INC-01738,2020-01-05,حرجة,منصة المراسلات الرسمية,تقرير استخبارات تهديد عن حملة تستهدف منصة المراسلات الرسمية,تحليل استخبارات مصادر مفتوحة ومغلقة لحملة موجهة ضد جهات وطنية. المرجع SOC-2020-9669 · الجهة المعنية: فريق الاستجابة للحوادث.,فريق الاستجابة للحوادث,مغلق بعد المراجعة
INC-01739,2024-04-21,عالية,نظام الأرشفة الإلكترونية,نتائج اختبار اختراق نظام الأرشفة الإلكترونية - الربع الثالث 2024,تحقيق هجومي كشف مسارات حقن أوامر قابلة للاستغلال. المرجع SOC-2024-8079 · الجهة المعنية: إدارة أمن المعلومات.,إدارة أمن المعلومات,قيد المعالجة
INC-01740,2026-02-19,متوسطة,شبكة الربط الحكومي,نتائج اختبار اختراق شبكة الربط الحكومي - الربع الثالث 2026,تحقيق هجومي كشف مسارات ثغرة في سلسلة الإمداد قابلة للاستغلال. المرجع SOC-2026-8393 · الجهة المعنية: مركز العمليات السيبرانية.,مركز العمليات السيبرانية,مغلق بعد المراجعة
INC-01741,2023-12-27,عالية,نظام النسخ الاحتياطي المركزي,مؤشرات اختراق مستمرة في شريحة الشبكة 174,نشاط مستمر غير مفسر داخل شريحة إنتاجية وخطة الاحتواء المرحلية. المرجع SOC-2023-2856 · الجهة المعنية: إدارة حوكمة البيانات.,إدارة حوكمة البيانات,قيد المعالجة
INC-01742,2023-06-15,عالية,شبكة الاتصالات الداخلية,قضية احتيال إلكتروني على بوابة المدفوعات (2023),قضية احتيال قيد المتابعة مع الجهات المختصة وتقدير الخسارة. المرجع SOC-2023-8226 · الجهة المعنية: إدارة حوكمة البيانات.,إدارة حوكمة البيانات,مصعّد
INC-01743,2019-09-02,عالية,منصة الخدمات الحكومية الموحدة,تقييم الأثر الاستراتيجي لانقطاع منصة الخدمات الحكومية الموحدة,دراسة استراتيجية لأثر الانقطاع على الالتزامات التعاقدية. المرجع SOC-2019-7972 · الجهة المعنية: إدارة المخاطر التقنية.,إدارة المخاطر التقنية,قيد المراجعة
INC-01744,2022-09-11,متوسطة,منصة الاجتماعات المؤمّنة,هجوم فدية على منصة الاجتماعات المؤمّنة - تبوك,قضية ابتزاز إلكتروني قيد المعالجة مع تقييم أثر التوقف التشغيلي. المرجع SOC-2022-8221 · الجهة المعنية: إدارة المخاطر التقنية.,إدارة المخاطر التقنية,قيد المراجعة
INC-01745,2021-07-21,عالية,نظام إدارة الأصول التقنية,خطة الاستجابة الاستراتيجية لحوادث قطاع الشراكات,خطة استراتيجية لتصعيد الحوادث وتوزيع الأدوار بين الفرق. المرجع SOC-2021-7337 · الجهة المعنية: فريق اختبار الاختراق.,فريق اختبار الاختراق,قيد المعالجة
INC-01746,2020-02-22,متوسطة,شبكة الربط الحكومي,مراجعة ما بعد الحادثة لشبكة الربط الحكومي,مراجعة تفصيلية لأسباب جذرية وثغرات ضبط لم تُعالج بعد. المرجع SOC-2020-1247 · الجهة المعنية: إدارة المخاطر التقنية.,إدارة المخاطر التقنية,قيد المعالجة
INC-01747,2019-09-12,متوسطة,نظام النسخ الاحتياطي المركزي,محاولة تصيّد موجهة لمنسوبي تقنية المعلومات,رسائل تصيّد تطلب بيانات هوية ودخول من الموظفين. المرجع SOC-2019-1272 · الجهة المعنية: إدارة استمرارية الأعمال.,إدارة استمرارية الأعمال,مغلق
INC-01748,2023-03-25,عالية,نظام الأرشفة الإلكترونية,نتائج اختبار اختراق نظام الأرشفة الإلكترونية - الربع الرابع 2023,تحقيق هجومي كشف مسارات إعدادات افتراضية غير آمنة قابلة للاستغلال. المرجع SOC-2023-2063 · الجهة المعنية: إدارة المخاطر التقنية.,إدارة المخاطر التقنية,قيد المعالجة
INC-01749,2024-10-10,عالية,منصة التوثيق الإلكتروني,محاولة وصول غير مصرح إلى مواقع تخزين النسخ الاحتياطية,محاولات متكررة للوصول إلى مواقع تخزين النسخ خارج ساعات العمل. المرجع SOC-2024-6843 · الجهة المعنية: مركز العمليات السيبرانية.,مركز العمليات السيبرانية,مغلق بعد المراجعة
INC-01750,2022-10-23,منخفضة,منصة الاجتماعات المؤمّنة,مخالفة خصوصية في مشاركة سجلات المستفيدين,مشاركة سجلات دون تطبيق ضوابط خصوصية المستفيدين. المرجع SOC-2022-8464 · الجهة المعنية: إدارة حوكمة البيانات.,إدارة حوكمة البيانات,مغلق
INC-01751,2025-04-05,عالية,منصة الخدمات الحكومية الموحدة,تقييم الأثر الاستراتيجي لانقطاع منصة الخدمات الحكومية الموحدة,دراسة استراتيجية لأثر الانقطاع على الالتزامات التعاقدية. المرجع SOC-2025-9932 · الجهة المعنية: إدارة المخاطر التقنية.,إدارة المخاطر التقنية,مغلق بعد المراجعة
INC-01752,2019-11-21,حرجة,بوابة الموردين الإلكترونية,إحاطة عاجلة للمركز الوطني بشأن حادثة الطائف,إحاطة تتضمن مؤشرات اختراق ومواقع تأثير لا يجوز تداولها. المرجع SOC-2019-7433 · الجهة المعنية: إدارة المخاطر التقنية.,إدارة المخاطر التقنية,قيد المراجعة
INC-01753,2025-05-06,منخفضة,منصة المراسلات الرسمية,إحصاءات جاهزية الأمن السيبراني المعلنة - قطاع الحلول الحكومية 2025,إحصاءات مجمّعة معلنة عن مؤشرات الجاهزية دون تفاصيل تشغيلية. المرجع SOC-2025-4892 · الجهة المعنية: إدارة حوكمة البيانات.,إدارة حوكمة البيانات,مغلق بعد المراجعة
INC-01754,2019-02-19,عالية,منصة التوثيق الإلكتروني,مراجعة ما بعد الحادثة لمنصة التوثيق الإلكتروني,مراجعة تفصيلية لأسباب جذرية وثغرات ضبط لم تُعالج بعد. المرجع SOC-2019-6006 · الجهة المعنية: مركز العمليات السيبرانية.,مركز العمليات السيبرانية,قيد المراجعة
INC-01755,2025-02-12,عالية,نظام التخطيط المؤسسي,إساءة استخدام صلاحيات إدارية في نظام التخطيط المؤسسي,تحقيق في استخدام حساب إداري للوصول إلى سجلات خارج نطاق العمل. المرجع SOC-2025-1773 · الجهة المعنية: مركز العمليات السيبرانية.,مركز العمليات السيبرانية,قيد المعالجة
INC-01756,2019-04-12,عالية,منصة الخدمات الحكومية الموحدة,اشتباه اختراق مرتبط بمواقع تخزين أسلحة خاضعة للرقابة,محاولة وصول إلى سجلات مواقع أسلحة ومواد خاضعة للرقابة. المرجع SOC-2019-7277 · الجهة المعنية: مركز العمليات السيبرانية.,مركز العمليات السيبرانية,قيد المعالجة
INC-01757,2025-03-19,منخفضة,نظام إدارة الأصول التقنية,مذكرة داخلية عن ضبط صلاحيات نظام إدارة الأصول التقنية,مذكرة داخلية لتنظيم منح الصلاحيات ومراجعتها الدورية. المرجع SOC-2025-4990 · الجهة المعنية: إدارة استمرارية الأعمال.,إدارة استمرارية الأعمال,مصعّد
INC-01758,2023-12-25,متوسطة,شبكة الربط الحكومي,ثغرة إعدادات افتراضية غير آمنة في شبكة الربط الحكومي,تحقيق فني في ثغرة مكتشفة وتقييم قابلية الاستغلال وخطة المعالجة. المرجع SOC-2023-1739 · الجهة المعنية: إدارة أمن المعلومات.,إدارة أمن المعلومات,قيد المعالجة
INC-01759,2025-11-21,متوسطة,نظام التحقق الرقمي,اختراق في سلسلة الإمداد عبر مكوّن طرف ثالث (2025),تحقيق في مكوّن مورد يحتوي شيفرة غير موثوقة داخل بيئة الإنتاج. المرجع SOC-2025-9665 · الجهة المعنية: فريق الاستجابة للحوادث.,فريق الاستجابة للحوادث,قيد المعالجة
INC-01760,2022-07-17,عالية,شبكة الربط الحكومي,كشف بيانات اعتماد إدارية في مستودع شيفرة خارجي,تحقيق في نشر بيانات اعتماد تشغيلية بمستودع عام وإجراءات الإبطال. المرجع SOC-2022-3697 · الجهة المعنية: وحدة الالتزام التنظيمي.,وحدة الالتزام التنظيمي,مغلق بعد المراجعة
INC-01761,2023-06-21,متوسطة,منصة الخدمات الحكومية الموحدة,إساءة استخدام صلاحيات إدارية في منصة الخدمات الحكومية الموحدة,تحقيق في استخدام حساب إداري للوصول إلى سجلات خارج نطاق العمل. المرجع SOC-2023-4235 · الجهة المعنية: إدارة حوكمة البيانات.,إدارة حوكمة البيانات,مغلق
INC-01762,2021-02-19,عالية,شبكة الربط الحكومي,هجوم فدية على شبكة الربط الحكومي - الأحساء,قضية ابتزاز إلكتروني قيد المعالجة مع تقييم أثر التوقف التشغيلي. المرجع SOC-2021-5631 · الجهة المعنية: وحدة الالتزام التنظيمي.,وحدة الالتزام التنظيمي,مغلق بعد المراجعة
INC-01763,2021-10-29,عالية,منصة الاجتماعات المؤمّنة,كشف بيانات اعتماد إدارية في مستودع شيفرة خارجي,تحقيق في نشر بيانات اعتماد تشغيلية بمستودع عام وإجراءات الإبطال. المرجع SOC-2021-8020 · الجهة المعنية: إدارة المخاطر التقنية.,إدارة المخاطر التقنية,مغلق بعد المراجعة
INC-01764,2026-05-31,عالية,نظام الأرشفة الإلكترونية,خطة الاستجابة الاستراتيجية لحوادث قطاع الشراكات,خطة استراتيجية لتصعيد الحوادث وتوزيع الأدوار بين الفرق. المرجع SOC-2026-5408 · الجهة المعنية: مركز العمليات السيبرانية.,مركز العمليات السيبرانية,مغلق
INC-01765,2023-01-18,متوسطة,بوابة المستفيدين,هجوم فدية على بوابة المستفيدين - الدمام,قضية ابتزاز إلكتروني قيد المعالجة مع تقييم أثر التوقف التشغيلي. المرجع SOC-2023-5663 · الجهة المعنية: وحدة الالتزام التنظيمي.,وحدة الالتزام التنظيمي,قيد المراجعة
INC-01766,2021-04-15,متوسطة,شبكة الربط الحكومي,إساءة استخدام صلاحيات إدارية في شبكة الربط الحكومي,تحقيق في استخدام حساب إداري للوصول إلى سجلات خارج نطاق العمل. المرجع SOC-2021-2143 · الجهة المعنية: مركز العمليات السيبرانية.,مركز العمليات السيبرانية,مغلق
INC-01767,2022-10-28,حرجة,نظام إدارة الهوية المركزي,رصد تحركات القوات في بيانات تتبع مسربة,ظهور بيانات تحركات القوات ضمن مجموعة بيانات مسربة قيد الفحص. المرجع SOC-2022-4629 · الجهة المعنية: إدارة المخاطر التقنية.,إدارة المخاطر التقنية,مغلق
INC-01768,2019-11-15,متوسطة,مركز البيانات الرئيسي,اختراق في سلسلة الإمداد عبر مكوّن طرف ثالث (2019),تحقيق في مكوّن مورد يحتوي شيفرة غير موثوقة داخل بيئة الإنتاج. المرجع SOC-2019-2021 · الجهة المعنية: فريق اختبار الاختراق.,فريق اختبار الاختراق,مغلق
INC-01769,2019-10-31,متوسطة,مركز البيانات الرئيسي,مراجعة ما بعد الحادثة لمركز البيانات الرئيسي,مراجعة تفصيلية لأسباب جذرية وثغرات ضبط لم تُعالج بعد. المرجع SOC-2019-9347 · الجهة المعنية: إدارة أمن المعلومات.,إدارة أمن المعلومات,مغلق
INC-01770,2020-06-03,عالية,منصة التحليلات المؤسسية,نتائج اختبار اختراق منصة التحليلات المؤسسية - الربع الرابع 2020,تحقيق هجومي كشف مسارات تخطي التحكم بالوصول قابلة للاستغلال. المرجع SOC-2020-7084 · الجهة المعنية: فريق اختبار الاختراق.,فريق اختبار الاختراق,قيد المعالجة
INC-01771,2023-02-15,عالية,شبكة الربط الحكومي,حادثة مساس بمتطلبات سيادة البيانات في شبكة الربط الحكومي,نقل بيانات خارج النطاق المصرح بما يخل بمتطلبات سيادة البيانات. المرجع SOC-2023-9960 · الجهة المعنية: إدارة حوكمة البيانات.,إدارة حوكمة البيانات,مصعّد
INC-01772,2025-12-15,عالية,مركز البيانات الاحتياطي,مراجعة ما بعد الحادثة لمركز البيانات الاحتياطي,مراجعة تفصيلية لأسباب جذرية وثغرات ضبط لم تُعالج بعد. المرجع SOC-2025-2986 · الجهة المعنية: إدارة المخاطر التقنية.,إدارة المخاطر التقنية,مصعّد
INC-01773,2021-01-12,متوسطة,منصة المراسلات الرسمية,محاولة وصول غير مصرح إلى مواقع تخزين النسخ الاحتياطية,محاولات متكررة للوصول إلى مواقع تخزين النسخ خارج ساعات العمل. المرجع SOC-2021-6358 · الجهة المعنية: مركز العمليات السيبرانية.,مركز العمليات السيبرانية,مغلق
INC-01774,2021-03-15,منخفضة,منصة التحليلات المؤسسية,منشور توعوي عن التصيّد الإلكتروني - إدارة المخاطر الربع الثالث 2021,منشور توعوي عام يشرح مؤشرات الرسائل المشبوهة للجمهور. المرجع SOC-2021-6113 · الجهة المعنية: وحدة الالتزام التنظيمي.,وحدة الالتزام التنظيمي,قيد المعالجة
INC-01775,2023-09-05,عالية,مركز البيانات الرئيسي,حجب خدمة موزع على مركز البيانات الرئيسي - خميس مشيط,تحقيق في هجوم حجب خدمة أثّر على توفر المنصة وخطة الصد. المرجع SOC-2023-8645 · الجهة المعنية: إدارة حوكمة البيانات.,إدارة حوكمة البيانات,مغلق بعد المراجعة
INC-01776,2025-10-26,عالية,بوابة الموردين الإلكترونية,تقييم الأثر الاستراتيجي لانقطاع بوابة الموردين الإلكترونية,دراسة استراتيجية لأثر الانقطاع على الالتزامات التعاقدية. المرجع SOC-2025-8842 · الجهة المعنية: وحدة الالتزام التنظيمي.,وحدة الالتزام التنظيمي,مصعّد
INC-01777,2024-12-22,عالية,منصة المراسلات الرسمية,مراجعة ما بعد الحادثة لمنصة المراسلات الرسمية,مراجعة تفصيلية لأسباب جذرية وثغرات ضبط لم تُعالج بعد. المرجع SOC-2024-7510 · الجهة المعنية: إدارة حوكمة البيانات.,إدارة حوكمة البيانات,مغلق
INC-01778,2021-06-01,متوسطة,نظام إدارة العقود,ثغرة ثغرة في سلسلة الإمداد في نظام إدارة العقود,تحقيق فني في ثغرة مكتشفة وتقييم قابلية الاستغلال وخطة المعالجة. المرجع SOC-2021-8650 · الجهة المعنية: إدارة أمن المعلومات.,إدارة أمن المعلومات,مغلق بعد المراجعة
INC-01779,2021-04-25,منخفضة,مركز البيانات الاحتياطي,إحصاءات جاهزية الأمن السيبراني المعلنة - قطاع الأعمال المؤسسية 2021,إحصاءات مجمّعة معلنة عن مؤشرات الجاهزية دون تفاصيل تشغيلية. المرجع SOC-2021-8738 · الجهة المعنية: إدارة أمن المعلومات.,إدارة أمن المعلومات,مغلق
INC-01780,2022-06-19,متوسطة,مركز البيانات الرئيسي,قضية احتيال إلكتروني على بوابة المدفوعات (2022),قضية احتيال قيد المتابعة مع الجهات المختصة وتقدير الخسارة. المرجع SOC-2022-4426 · الجهة المعنية: إدارة حوكمة البيانات.,إدارة حوكمة البيانات,قيد المعالجة
INC-01781,2022-08-13,عالية,بوابة المدفوعات الوطنية,تهديد بتعطيل منظومة ذات استخدام عسكري مساند,بلاغ عن استهداف منظومة عسكري الاستخدام مرتبطة بالجهة. المرجع SOC-2022-8604 · الجهة المعنية: إدارة استمرارية الأعمال.,إدارة استمرارية الأعمال,مغلق
INC-01782,2022-04-13,متوسطة,نظام إدارة الأصول التقنية,حجب خدمة موزع على نظام إدارة الأصول التقنية - جدة,تحقيق في هجوم حجب خدمة أثّر على توفر المنصة وخطة الصد. المرجع SOC-2022-9664 · الجهة المعنية: إدارة استمرارية الأعمال.,,مصعّد
INC-01783,2019-11-15,متوسطة,مركز البيانات الرئيسي,مذكرة داخلية عن ضبط صلاحيات مركز البيانات الرئيسي,مذكرة داخلية لتنظيم منح الصلاحيات ومراجعتها الدورية. المرجع SOC-2019-5917 · الجهة المعنية: فريق اختبار الاختراق.,فريق اختبار الاختراق,قيد المراجعة
INC-01784,2025-06-15,عالية,نظام إدارة الأصول التقنية,مراجعة ما بعد الحادثة لنظام إدارة الأصول التقنية,مراجعة تفصيلية لأسباب جذرية وثغرات ضبط لم تُعالج بعد. المرجع SOC-2025-2619 · الجهة المعنية: إدارة المخاطر التقنية.,إدارة المخاطر التقنية,مصعّد
INC-01785,2024-05-16,متوسطة,منصة التحليلات المؤسسية,محاولة تصيّد موجهة لمنسوبي إدارة المعرفة,رسائل تصيّد تطلب بيانات هوية ودخول من الموظفين. المرجع SOC-2024-8411 · الجهة المعنية: فريق الاستجابة للحوادث.,فريق الاستجابة للحوادث,مصعّد
INC-01786,2020-06-21,متوسطة,منصة التوثيق الإلكتروني,اختراق في سلسلة الإمداد عبر مكوّن طرف ثالث (2020),تحقيق في مكوّن مورد يحتوي شيفرة غير موثوقة داخل بيئة الإنتاج. المرجع SOC-2020-1314 · الجهة المعنية: وحدة الالتزام التنظيمي.,وحدة الالتزام التنظيمي,مصعّد
INC-01787,2022-05-31,عالية,نظام الأرشفة الإلكترونية,تنسيق عمليات أمنية مشتركة بعد حادثة مكة المكرمة,إجراءات عمليات أمنية مشتركة مع جهات وطنية عقب الحادثة. المرجع SOC-2022-5816 · الجهة المعنية: إدارة المخاطر التقنية.,إدارة المخاطر التقنية,مصعّد
INC-01788,2025-12-08,عالية,منصة التوثيق الإلكتروني,هجوم فدية على منصة التوثيق الإلكتروني - حائل,قضية ابتزاز إلكتروني قيد المعالجة مع تقييم أثر التوقف التشغيلي. المرجع SOC-2025-5933 · الجهة المعنية: فريق الاستجابة للحوادث.,فريق الاستجابة للحوادث,مصعّد
INC-01789,2019-10-08,عالية,نظام إدارة الأصول التقنية,إساءة استخدام صلاحيات إدارية في نظام إدارة الأصول التقنية,تحقيق في استخدام حساب إداري للوصول إلى سجلات خارج نطاق العمل. المرجع SOC-2019-6116 · الجهة المعنية: فريق اختبار الاختراق.,فريق اختبار الاختراق,قيد المعالجة
INC-01790,2019-08-04,عالية,نظام إدارة الأصول التقنية,إساءة استخدام صلاحيات إدارية في نظام إدارة الأصول التقنية,تحقيق في استخدام حساب إداري للوصول إلى سجلات خارج نطاق العمل. المرجع SOC-2019-3314 · الجهة المعنية: إدارة حوكمة البيانات.,إدارة حوكمة البيانات,مغلق بعد المراجعة
INC-01791,2025-04-07,متوسطة,منصة التوثيق الإلكتروني,كشف غير مقصود لبيانات شخصية في منصة التوثيق الإلكتروني,إعداد خاطئ أدى لظهور بيانات شخصية لعدد محدود من المستفيدين. المرجع SOC-2025-8541 · الجهة المعنية: وحدة الالتزام التنظيمي.,,مصعّد
INC-01792,2020-01-18,متوسطة,منصة الاجتماعات المؤمّنة,مراجعة ما بعد الحادثة لمنصة الاجتماعات المؤمّنة,مراجعة تفصيلية لأسباب جذرية وثغرات ضبط لم تُعالج بعد. المرجع SOC-2020-7957 · الجهة المعنية: مركز العمليات السيبرانية.,مركز العمليات السيبرانية,قيد المراجعة
INC-01793,2025-09-03,منخفضة,مركز البيانات الاحتياطي,مخالفة خصوصية في مشاركة سجلات المستفيدين,مشاركة سجلات دون تطبيق ضوابط خصوصية المستفيدين. المرجع SOC-2025-6523 · الجهة المعنية: إدارة حوكمة البيانات.,إدارة حوكمة البيانات,قيد المعالجة
INC-01794,2019-04-12,عالية,نظام التحقق الرقمي,إساءة استخدام صلاحيات إدارية في نظام التحقق الرقمي,تحقيق في استخدام حساب إداري للوصول إلى سجلات خارج نطاق العمل. المرجع SOC-2019-2251 · الجهة المعنية: إدارة استمرارية الأعمال.,إدارة استمرارية الأعمال,قيد المعالجة
INC-01795,2019-06-13,متوسطة,بوابة الموردين الإلكترونية,مشاركة مخطط الشبكة مع مورد دون تصريح,إرسال مخطط الشبكة الداخلية لمورد خارج قناة الاعتماد. المرجع SOC-2019-1681 · الجهة المعنية: مركز العمليات السيبرانية.,,مغلق بعد المراجعة
INC-01796,2021-02-18,عالية,بوابة المدفوعات الوطنية,هجوم فدية على بوابة المدفوعات الوطنية - القطيف,قضية ابتزاز إلكتروني قيد المعالجة مع تقييم أثر التوقف التشغيلي. المرجع SOC-2021-3693 · الجهة المعنية: إدارة المخاطر التقنية.,إدارة المخاطر التقنية,قيد المعالجة
INC-01797,2021-05-29,عالية,منصة تبادل البيانات الوطنية,خطة الاستجابة الاستراتيجية لحوادث قطاع الشراكات,خطة استراتيجية لتصعيد الحوادث وتوزيع الأدوار بين الفرق. المرجع SOC-2021-4458 · الجهة المعنية: إدارة حوكمة البيانات.,إدارة حوكمة البيانات,قيد المراجعة
INC-01798,2021-01-24,حرجة,بوابة الموردين الإلكترونية,اشتباه اختراق مرتبط بمواقع تخزين أسلحة خاضعة للرقابة,محاولة وصول إلى سجلات مواقع أسلحة ومواد خاضعة للرقابة. المرجع SOC-2021-3241 · الجهة المعنية: فريق اختبار الاختراق.,فريق اختبار الاختراق,قيد المعالجة
INC-01799,2022-11-09,متوسطة,منصة التوثيق الإلكتروني,تقييم الأثر الاستراتيجي لانقطاع منصة التوثيق الإلكتروني,دراسة استراتيجية لأثر الانقطاع على الالتزامات التعاقدية. المرجع SOC-2022-5666 · الجهة المعنية: مركز العمليات السيبرانية.,مركز العمليات السيبرانية,قيد المراجعة
INC-01800,2021-01-12,متوسطة,نظام إدارة الأصول التقنية,تسريب مستندات تفاوضية من نظام إدارة الأصول التقنية,تحقيق في تسريب مستندات ذات قيمة تنافسية إلى خارج الجهة. المرجع SOC-2021-9766 · الجهة المعنية: فريق الاستجابة للحوادث.,فريق الاستجابة للحوادث,قيد المعالجة
INC-01801,2020-06-09,عالية,نظام النسخ الاحتياطي المركزي,إحاطة عاجلة للمركز الوطني بشأن حادثة القطيف,إحاطة تتضمن مؤشرات اختراق ومواقع تأثير لا يجوز تداولها. المرجع SOC-2020-3079 · الجهة المعنية: إدارة حوكمة البيانات.,إدارة حوكمة البيانات,قيد المراجعة
INC-01802,2020-05-08,عالية,منصة التحليلات المؤسسية,نتائج اختبار اختراق منصة التحليلات المؤسسية - الربع الثاني 2020,تحقيق هجومي كشف مسارات رفع صلاحيات قابلة للاستغلال. المرجع SOC-2020-5489 · الجهة المعنية: إدارة استمرارية الأعمال.,إدارة استمرارية الأعمال,قيد المراجعة
INC-01803,2025-10-24,متوسطة,شبكة الاتصالات الداخلية,مراجعة ما بعد الحادثة لشبكة الاتصالات الداخلية,مراجعة تفصيلية لأسباب جذرية وثغرات ضبط لم تُعالج بعد. المرجع SOC-2025-8968 · الجهة المعنية: فريق الاستجابة للحوادث.,فريق الاستجابة للحوادث,مغلق
INC-01804,2023-05-27,منخفضة,منصة التحليلات المؤسسية,إحصاءات جاهزية الأمن السيبراني المعلنة - قطاع التحول الرقمي 2023,إحصاءات مجمّعة معلنة عن مؤشرات الجاهزية دون تفاصيل تشغيلية. المرجع SOC-2023-8850 · الجهة المعنية: إدارة حوكمة البيانات.,إدارة حوكمة البيانات,قيد المراجعة
INC-01805,2020-07-30,متوسطة,نظام التخطيط المؤسسي,ثغرة حقن أوامر في نظام التخطيط المؤسسي,تحقيق فني في ثغرة مكتشفة وتقييم قابلية الاستغلال وخطة المعالجة. المرجع SOC-2020-2962 · الجهة المعنية: وحدة الالتزام التنظيمي.,وحدة الالتزام التنظيمي,مغلق
INC-01806,2024-03-18,متوسطة,مركز البيانات الاحتياطي,كشف غير مقصود لبيانات شخصية في مركز البيانات الاحتياطي,إعداد خاطئ أدى لظهور بيانات شخصية لعدد محدود من المستفيدين. المرجع SOC-2024-1199 · الجهة المعنية: إدارة المخاطر التقنية.,إدارة المخاطر التقنية,قيد المعالجة
INC-01807,2022-10-11,متوسطة,نظام النسخ الاحتياطي المركزي,محاولة وصول غير مصرح إلى مواقع تخزين النسخ الاحتياطية,محاولات متكررة للوصول إلى مواقع تخزين النسخ خارج ساعات العمل. المرجع SOC-2022-8188 · الجهة المعنية: وحدة الالتزام التنظيمي.,وحدة الالتزام التنظيمي,مغلق بعد المراجعة
INC-01808,2025-11-01,حرجة,نظام التخطيط المؤسسي,اشتباه تسريب مفاتيح التشفير الخاصة بنظام التخطيط المؤسسي,مؤشرات على كشف مفاتيح التشفير المستخدمة في حماية قنوات وطنية. المرجع SOC-2025-3482 · الجهة المعنية: فريق الاستجابة للحوادث.,فريق الاستجابة للحوادث,قيد المعالجة
INC-01809,2024-03-11,عالية,منصة المراسلات الرسمية,ثغرة حقن أوامر في منصة المراسلات الرسمية,تحقيق فني في ثغرة مكتشفة وتقييم قابلية الاستغلال وخطة المعالجة. المرجع SOC-2024-5150 · الجهة المعنية: إدارة أمن المعلومات.,إدارة أمن المعلومات,مغلق
INC-01810,2020-08-27,عالية,نظام إدارة العقود,حادثة مساس بمتطلبات سيادة البيانات في نظام إدارة العقود,نقل بيانات خارج النطاق المصرح بما يخل بمتطلبات سيادة البيانات. المرجع SOC-2020-2470 · الجهة المعنية: فريق الاستجابة للحوادث.,فريق الاستجابة للحوادث,مصعّد
INC-01811,2022-02-02,عالية,نظام إدارة الهوية المركزي,قضية احتيال إلكتروني على بوابة المدفوعات (2022),قضية احتيال قيد المتابعة مع الجهات المختصة وتقدير الخسارة. المرجع SOC-2022-5043 · الجهة المعنية: إدارة استمرارية الأعمال.,إدارة استمرارية الأعمال,قيد المراجعة
INC-01812,2019-09-06,عالية,نظام النسخ الاحتياطي المركزي,خطة الاستجابة الاستراتيجية لحوادث قطاع الشراكات,خطة استراتيجية لتصعيد الحوادث وتوزيع الأدوار بين الفرق. المرجع SOC-2019-5683 · الجهة المعنية: إدارة استمرارية الأعمال.,إدارة استمرارية الأعمال,مصعّد
INC-01813,2024-05-28,متوسطة,نظام إدارة الهوية المركزي,هجوم فدية على نظام إدارة الهوية المركزي - الخبر,قضية ابتزاز إلكتروني قيد المعالجة مع تقييم أثر التوقف التشغيلي. المرجع SOC-2024-6659 · الجهة المعنية: إدارة حوكمة البيانات.,إدارة حوكمة البيانات,مصعّد
INC-01814,2025-10-17,منخفضة,نظام إدارة الأصول التقنية,تصريح عن اكتمال تحديث أمني في نظام إدارة الأصول التقنية - 2025,تصريح رسمي عن اكتمال التحديث دون كشف تفاصيل فنية. المرجع SOC-2025-1285 · الجهة المعنية: إدارة المخاطر التقنية.,إدارة المخاطر التقنية,مصعّد
INC-01815,2022-09-01,عالية,منصة تبادل البيانات الوطنية,حادثة مساس بمتطلبات سيادة البيانات في منصة تبادل البيانات الوطنية,نقل بيانات خارج النطاق المصرح بما يخل بمتطلبات سيادة البيانات. المرجع SOC-2022-7511 · الجهة المعنية: فريق اختبار الاختراق.,فريق اختبار الاختراق,مصعّد
INC-01816,2025-12-07,متوسطة,نظام النسخ الاحتياطي المركزي,ثغرة رفع صلاحيات في نظام النسخ الاحتياطي المركزي,تحقيق فني في ثغرة مكتشفة وتقييم قابلية الاستغلال وخطة المعالجة. المرجع SOC-2025-7983 · الجهة المعنية: فريق الاستجابة للحوادث.,فريق الاستجابة للحوادث,قيد المعالجة
INC-01817,2020-06-17,متوسطة,منصة الاجتماعات المؤمّنة,قضية احتيال إلكتروني على بوابة المدفوعات (2020),قضية احتيال قيد المتابعة مع الجهات المختصة وتقدير الخسارة. المرجع SOC-2020-6682 · الجهة المعنية: إدارة حوكمة البيانات.,إدارة حوكمة البيانات,قيد المراجعة
INC-01818,2026-02-22,عالية,منصة الخدمات الحكومية الموحدة,خطة الاستجابة الاستراتيجية لحوادث قطاع البنية التحتية,خطة استراتيجية لتصعيد الحوادث وتوزيع الأدوار بين الفرق. المرجع SOC-2026-5356 · الجهة المعنية: مركز العمليات السيبرانية.,مركز العمليات السيبرانية,مصعّد
INC-01819,2024-01-24,متوسطة,منصة الاجتماعات المؤمّنة,كشف بيانات اعتماد إدارية في مستودع شيفرة خارجي,تحقيق في نشر بيانات اعتماد تشغيلية بمستودع عام وإجراءات الإبطال. المرجع SOC-2024-9227 · الجهة المعنية: فريق الاستجابة للحوادث.,فريق الاستجابة للحوادث,مغلق بعد المراجعة
INC-01820,2024-04-08,متوسطة,منصة تبادل البيانات الوطنية,حجب خدمة موزع على منصة تبادل البيانات الوطنية - الدمام,تحقيق في هجوم حجب خدمة أثّر على توفر المنصة وخطة الصد. المرجع SOC-2024-5686 · الجهة المعنية: فريق اختبار الاختراق.,فريق اختبار الاختراق,قيد المعالجة
INC-01821,2019-03-12,حرجة,نظام إدارة الأصول التقنية,رصد تحركات القوات في بيانات تتبع مسربة,ظهور بيانات تحركات القوات ضمن مجموعة بيانات مسربة قيد الفحص. المرجع SOC-2019-9628 · الجهة المعنية: مركز العمليات السيبرانية.,مركز العمليات السيبرانية,قيد المراجعة
INC-01822,2019-10-16,عالية,نظام إدارة العقود,هجوم فدية على نظام إدارة العقود - جدة,قضية ابتزاز إلكتروني قيد المعالجة مع تقييم أثر التوقف التشغيلي. المرجع SOC-2019-5849 · الجهة المعنية: إدارة استمرارية الأعمال.,إدارة استمرارية الأعمال,مصعّد
INC-01823,2024-10-22,متوسطة,بوابة المستفيدين,مؤشرات اختراق مستمرة في شريحة الشبكة 146,نشاط مستمر غير مفسر داخل شريحة إنتاجية وخطة الاحتواء المرحلية. المرجع SOC-2024-2435 · الجهة المعنية: وحدة الالتزام التنظيمي.,وحدة الالتزام التنظيمي,مصعّد
INC-01824,2025-08-17,حرجة,منصة الخدمات الحكومية الموحدة,تنسيق عمليات أمنية مشتركة بعد حادثة الرياض,إجراءات عمليات أمنية مشتركة مع جهات وطنية عقب الحادثة. المرجع SOC-2025-8865 · الجهة المعنية: وحدة الالتزام التنظيمي.,وحدة الالتزام التنظيمي,قيد المراجعة
INC-01825,2023-01-01,عالية,نظام النسخ الاحتياطي المركزي,نتائج اختبار اختراق نظام النسخ الاحتياطي المركزي - الربع الرابع 2023,تحقيق هجومي كشف مسارات ضعف في تشفير القنوات قابلة للاستغلال. المرجع SOC-2023-6977 · الجهة المعنية: وحدة الالتزام التنظيمي.,,مصعّد
INC-01826,2020-12-28,حرجة,منصة تبادل البيانات الوطنية,تنسيق عمليات أمنية مشتركة بعد حادثة مكة المكرمة,إجراءات عمليات أمنية مشتركة مع جهات وطنية عقب الحادثة. المرجع SOC-2020-5560 · الجهة المعنية: إدارة أمن المعلومات.,إدارة أمن المعلومات,مغلق
INC-01827,2020-12-12,عالية,شبكة الربط الحكومي,تهديد بتعطيل منظومة ذات استخدام عسكري مساند,بلاغ عن استهداف منظومة عسكري الاستخدام مرتبطة بالجهة. المرجع SOC-2020-8101 · الجهة المعنية: إدارة استمرارية الأعمال.,إدارة استمرارية الأعمال,مغلق بعد المراجعة
INC-01828,2020-09-02,متوسطة,شبكة الربط الحكومي,بلاغ عن ضياع جهاز يحتوي بيانات هوية منسوبين,فقدان جهاز محمول يحتوي ملفات بها بيانات هوية وتواصل. المرجع SOC-2020-9761 · الجهة المعنية: إدارة حوكمة البيانات.,إدارة حوكمة البيانات,مغلق
INC-01829,2020-12-10,متوسطة,شبكة الاتصالات الداخلية,اختراق في سلسلة الإمداد عبر مكوّن طرف ثالث (2020),تحقيق في مكوّن مورد يحتوي شيفرة غير موثوقة داخل بيئة الإنتاج. المرجع SOC-2020-3062 · الجهة المعنية: مركز العمليات السيبرانية.,مركز العمليات السيبرانية,مصعّد
INC-01830,2020-10-07,حرجة,بوابة الموردين الإلكترونية,حادثة رقم NSI-2020-123 - تصنيف اللجنة العليا,حادثة مصعّدة للجنة العليا لارتباطها بمواقع وطنية محددة. المرجع SOC-2020-7301 · الجهة المعنية: وحدة الالتزام التنظيمي.,وحدة الالتزام التنظيمي,مغلق
INC-01831,2023-02-18,عالية,منصة تبادل البيانات الوطنية,تقييم الأثر الاستراتيجي لانقطاع منصة تبادل البيانات الوطنية,دراسة استراتيجية لأثر الانقطاع على الالتزامات التعاقدية. المرجع SOC-2023-6821 · الجهة المعنية: إدارة أمن المعلومات.,إدارة أمن المعلومات,مغلق بعد المراجعة
INC-01832,2020-05-13,متوسطة,بوابة المدفوعات الوطنية,مخالفة خصوصية في مشاركة سجلات المستفيدين,مشاركة سجلات دون تطبيق ضوابط خصوصية المستفيدين. المرجع SOC-2020-9211 · الجهة المعنية: إدارة المخاطر التقنية.,إدارة المخاطر التقنية,مصعّد
INC-01833,2024-04-14,عالية,بوابة المدفوعات الوطنية,نتائج اختبار اختراق بوابة المدفوعات الوطنية - الربع الأول 2024,تحقيق هجومي كشف مسارات إعدادات افتراضية غير آمنة قابلة للاستغلال. المرجع SOC-2024-3170 · الجهة المعنية: وحدة الالتزام التنظيمي.,وحدة الالتزام التنظيمي,مغلق
INC-01834,2023-02-17,حرجة,نظام الأرشفة الإلكترونية,اشتباه تسريب مفاتيح التشفير الخاصة بنظام الأرشفة الإلكترونية,مؤشرات على كشف مفاتيح التشفير المستخدمة في حماية قنوات وطنية. المرجع SOC-2023-7686 · الجهة المعنية: فريق الاستجابة للحوادث.,فريق الاستجابة للحوادث,قيد المعالجة
INC-01835,2023-02-26,عالية,نظام التحقق الرقمي,تقييم الأثر الاستراتيجي لانقطاع نظام التحقق الرقمي,دراسة استراتيجية لأثر الانقطاع على الالتزامات التعاقدية. المرجع SOC-2023-4399 · الجهة المعنية: إدارة المخاطر التقنية.,إدارة المخاطر التقنية,مصعّد
INC-01836,2019-10-14,حرجة,نظام التحقق الرقمي,اشتباه تسريب مفاتيح التشفير الخاصة بنظام التحقق الرقمي,مؤشرات على كشف مفاتيح التشفير المستخدمة في حماية قنوات وطنية. المرجع SOC-2019-1412 · الجهة المعنية: وحدة الالتزام التنظيمي.,وحدة الالتزام التنظيمي,مصعّد
INC-01837,2021-11-11,متوسطة,منصة الاجتماعات المؤمّنة,مؤشرات اختراق مستمرة في شريحة الشبكة 23,نشاط مستمر غير مفسر داخل شريحة إنتاجية وخطة الاحتواء المرحلية. المرجع SOC-2021-5395 · الجهة المعنية: وحدة الالتزام التنظيمي.,وحدة الالتزام التنظيمي,قيد المراجعة
INC-01838,2022-06-13,عالية,شبكة الربط الحكومي,كشف بيانات اعتماد إدارية في مستودع شيفرة خارجي,تحقيق في نشر بيانات اعتماد تشغيلية بمستودع عام وإجراءات الإبطال. المرجع SOC-2022-2210 · الجهة المعنية: مركز العمليات السيبرانية.,مركز العمليات السيبرانية,قيد المعالجة
INC-01839,2022-07-01,متوسطة,مركز البيانات الرئيسي,مشاركة مخطط الشبكة مع مورد دون تصريح,إرسال مخطط الشبكة الداخلية لمورد خارج قناة الاعتماد. المرجع SOC-2022-2644 · الجهة المعنية: إدارة أمن المعلومات.,إدارة أمن المعلومات,مصعّد
INC-01840,2022-11-12,عالية,نظام التخطيط المؤسسي,تقرير استخبارات تهديد عن حملة تستهدف نظام التخطيط المؤسسي,تحليل استخبارات مصادر مفتوحة ومغلقة لحملة موجهة ضد جهات وطنية. المرجع SOC-2022-1230 · الجهة المعنية: وحدة الالتزام التنظيمي.,وحدة الالتزام التنظيمي,قيد المعالجة
INC-01841,2020-05-13,عالية,منصة الخدمات الحكومية الموحدة,رصد تحركات القوات في بيانات تتبع مسربة,ظهور بيانات تحركات القوات ضمن مجموعة بيانات مسربة قيد الفحص. المرجع SOC-2020-3433 · الجهة المعنية: وحدة الالتزام التنظيمي.,وحدة الالتزام التنظيمي,قيد المعالجة
INC-01842,2022-08-31,عالية,منصة التحليلات المؤسسية,مراجعة ما بعد الحادثة لمنصة التحليلات المؤسسية,مراجعة تفصيلية لأسباب جذرية وثغرات ضبط لم تُعالج بعد. المرجع SOC-2022-2549 · الجهة المعنية: إدارة المخاطر التقنية.,إدارة المخاطر التقنية,قيد المعالجة
INC-01843,2025-06-05,حرجة,نظام التحقق الرقمي,تهديد بتعطيل منظومة ذات استخدام عسكري مساند,بلاغ عن استهداف منظومة عسكري الاستخدام مرتبطة بالجهة. المرجع SOC-2025-7057 · الجهة المعنية: مركز العمليات السيبرانية.,مركز العمليات السيبرانية,مصعّد
INC-01844,2025-10-23,متوسطة,نظام التحقق الرقمي,اختراق في سلسلة الإمداد عبر مكوّن طرف ثالث (2025),تحقيق في مكوّن مورد يحتوي شيفرة غير موثوقة داخل بيئة الإنتاج. المرجع SOC-2025-7442 · الجهة المعنية: مركز العمليات السيبرانية.,مركز العمليات السيبرانية,قيد المراجعة
INC-01845,2022-11-25,حرجة,منصة التوثيق الإلكتروني,حادثة مساس بمتطلبات سيادة البيانات في منصة التوثيق الإلكتروني,نقل بيانات خارج النطاق المصرح بما يخل بمتطلبات سيادة البيانات. المرجع SOC-2022-2974 · الجهة المعنية: إدارة استمرارية الأعمال.,إدارة استمرارية الأعمال,مصعّد
INC-01846,2026-01-18,متوسطة,منصة تبادل البيانات الوطنية,مراجعة ما بعد الحادثة لمنصة تبادل البيانات الوطنية,مراجعة تفصيلية لأسباب جذرية وثغرات ضبط لم تُعالج بعد. المرجع SOC-2026-8730 · الجهة المعنية: وحدة الالتزام التنظيمي.,وحدة الالتزام التنظيمي,قيد المعالجة
INC-01847,2021-07-17,عالية,منصة الخدمات الحكومية الموحدة,تقرير استخبارات تهديد عن حملة تستهدف منصة الخدمات الحكومية الموحدة,تحليل استخبارات مصادر مفتوحة ومغلقة لحملة موجهة ضد جهات وطنية. المرجع SOC-2021-7814 · الجهة المعنية: إدارة أمن المعلومات.,إدارة أمن المعلومات,مغلق بعد المراجعة
INC-01848,2021-10-12,متوسطة,نظام النسخ الاحتياطي المركزي,حجب خدمة موزع على نظام النسخ الاحتياطي المركزي - الطائف,تحقيق في هجوم حجب خدمة أثّر على توفر المنصة وخطة الصد. المرجع SOC-2021-6763 · الجهة المعنية: إدارة أمن المعلومات.,إدارة أمن المعلومات,مصعّد
INC-01849,2024-02-15,متوسطة,نظام إدارة الهوية المركزي,ثغرة كشف بيانات حساسة في نظام إدارة الهوية المركزي,تحقيق فني في ثغرة مكتشفة وتقييم قابلية الاستغلال وخطة المعالجة. المرجع SOC-2024-2091 · الجهة المعنية: فريق الاستجابة للحوادث.,فريق الاستجابة للحوادث,مغلق بعد المراجعة
INC-01850,2024-05-26,عالية,نظام إدارة الأصول التقنية,كشف بيانات اعتماد إدارية في مستودع شيفرة خارجي,تحقيق في نشر بيانات اعتماد تشغيلية بمستودع عام وإجراءات الإبطال. المرجع SOC-2024-4370 · الجهة المعنية: إدارة أمن المعلومات.,إدارة أمن المعلومات,مغلق بعد المراجعة
INC-01851,2022-01-16,متوسطة,منصة التحليلات المؤسسية,مخالفة خصوصية في مشاركة سجلات المستفيدين,مشاركة سجلات دون تطبيق ضوابط خصوصية المستفيدين. المرجع SOC-2022-5238 · الجهة المعنية: إدارة استمرارية الأعمال.,إدارة استمرارية الأعمال,مغلق
INC-01852,2021-09-26,متوسطة,نظام التحقق الرقمي,تسريب مستندات تفاوضية من نظام التحقق الرقمي,تحقيق في تسريب مستندات ذات قيمة تنافسية إلى خارج الجهة. المرجع SOC-2021-4592 · الجهة المعنية: إدارة أمن المعلومات.,إدارة أمن المعلومات,قيد المعالجة
INC-01853,2024-10-03,متوسطة,نظام الأرشفة الإلكترونية,حجب خدمة موزع على نظام الأرشفة الإلكترونية - تبوك,تحقيق في هجوم حجب خدمة أثّر على توفر المنصة وخطة الصد. المرجع SOC-2024-3733 · الجهة المعنية: وحدة الالتزام التنظيمي.,,مغلق
INC-01854,2020-12-15,عالية,نظام التحقق الرقمي,تسريب مستندات تفاوضية من نظام التحقق الرقمي,تحقيق في تسريب مستندات ذات قيمة تنافسية إلى خارج الجهة. المرجع SOC-2020-4763 · الجهة المعنية: إدارة استمرارية الأعمال.,إدارة استمرارية الأعمال,مصعّد
INC-01855,2022-07-03,متوسطة,منصة المراسلات الرسمية,تسريب مستندات تفاوضية من منصة المراسلات الرسمية,تحقيق في تسريب مستندات ذات قيمة تنافسية إلى خارج الجهة. المرجع SOC-2022-3704 · الجهة المعنية: فريق الاستجابة للحوادث.,فريق الاستجابة للحوادث,مصعّد
INC-01856,2022-04-13,متوسطة,شبكة الاتصالات الداخلية,مخالفة خصوصية في مشاركة سجلات المستفيدين,مشاركة سجلات دون تطبيق ضوابط خصوصية المستفيدين. المرجع SOC-2022-6992 · الجهة المعنية: فريق اختبار الاختراق.,فريق اختبار الاختراق,مصعّد
INC-01857,2023-02-18,عالية,منصة تبادل البيانات الوطنية,نتائج اختبار اختراق منصة تبادل البيانات الوطنية - الربع الرابع 2023,تحقيق هجومي كشف مسارات كشف بيانات حساسة قابلة للاستغلال. المرجع SOC-2023-7401 · الجهة المعنية: وحدة الالتزام التنظيمي.,وحدة الالتزام التنظيمي,مصعّد
INC-01858,2026-05-28,متوسطة,نظام النسخ الاحتياطي المركزي,هجوم فدية على نظام النسخ الاحتياطي المركزي - جدة,قضية ابتزاز إلكتروني قيد المعالجة مع تقييم أثر التوقف التشغيلي. المرجع SOC-2026-1876 · الجهة المعنية: إدارة المخاطر التقنية.,إدارة المخاطر التقنية,مغلق
INC-01859,2023-11-16,عالية,منصة التحليلات المؤسسية,مراجعة ما بعد الحادثة لمنصة التحليلات المؤسسية,مراجعة تفصيلية لأسباب جذرية وثغرات ضبط لم تُعالج بعد. المرجع SOC-2023-6263 · الجهة المعنية: إدارة أمن المعلومات.,إدارة أمن المعلومات,مغلق
INC-01860,2021-08-06,عالية,بوابة المستفيدين,مراجعة ما بعد الحادثة لبوابة المستفيدين,مراجعة تفصيلية لأسباب جذرية وثغرات ضبط لم تُعالج بعد. المرجع SOC-2021-4247 · الجهة المعنية: وحدة الالتزام التنظيمي.,وحدة الالتزام التنظيمي,قيد المعالجة
INC-01861,2024-09-09,متوسطة,منصة الخدمات الحكومية الموحدة,ثغرة تجاوز مصادقة في منصة الخدمات الحكومية الموحدة,تحقيق فني في ثغرة مكتشفة وتقييم قابلية الاستغلال وخطة المعالجة. المرجع SOC-2024-7771 · الجهة المعنية: إدارة استمرارية الأعمال.,إدارة استمرارية الأعمال,مغلق
INC-01862,2023-12-19,عالية,نظام إدارة الهوية المركزي,قضية احتيال إلكتروني على بوابة المدفوعات (2023),قضية احتيال قيد المتابعة مع الجهات المختصة وتقدير الخسارة. المرجع SOC-2023-4952 · الجهة المعنية: إدارة المخاطر التقنية.,إدارة المخاطر التقنية,قيد المراجعة
INC-01863,2025-10-18,متوسطة,منصة المراسلات الرسمية,مشاركة مخطط الشبكة مع مورد دون تصريح,إرسال مخطط الشبكة الداخلية لمورد خارج قناة الاعتماد. المرجع SOC-2025-3557 · الجهة المعنية: إدارة استمرارية الأعمال.,إدارة استمرارية الأعمال,مصعّد
INC-01864,2022-01-07,عالية,بوابة المدفوعات الوطنية,قضية احتيال إلكتروني على بوابة المدفوعات (2022),قضية احتيال قيد المتابعة مع الجهات المختصة وتقدير الخسارة. المرجع SOC-2022-1704 · الجهة المعنية: مركز العمليات السيبرانية.,مركز العمليات السيبرانية,مصعّد
INC-01865,2022-10-25,متوسطة,منصة التحليلات المؤسسية,مذكرة داخلية عن ضبط صلاحيات منصة التحليلات المؤسسية,مذكرة داخلية لتنظيم منح الصلاحيات ومراجعتها الدورية. المرجع SOC-2022-1779 · الجهة المعنية: فريق الاستجابة للحوادث.,فريق الاستجابة للحوادث,مغلق بعد المراجعة
INC-01866,2022-11-17,عالية,بوابة الموردين الإلكترونية,حادثة مساس بمتطلبات سيادة البيانات في بوابة الموردين الإلكترونية,نقل بيانات خارج النطاق المصرح بما يخل بمتطلبات سيادة البيانات. المرجع SOC-2022-9425 · الجهة المعنية: إدارة المخاطر التقنية.,إدارة المخاطر التقنية,مصعّد
INC-01867,2023-10-23,عالية,منصة المراسلات الرسمية,إساءة استخدام صلاحيات إدارية في منصة المراسلات الرسمية,تحقيق في استخدام حساب إداري للوصول إلى سجلات خارج نطاق العمل. المرجع SOC-2023-7765 · الجهة المعنية: فريق الاستجابة للحوادث.,فريق الاستجابة للحوادث,مصعّد
INC-01868,2020-05-09,متوسطة,شبكة الاتصالات الداخلية,قضية احتيال إلكتروني على بوابة المدفوعات (2020),قضية احتيال قيد المتابعة مع الجهات المختصة وتقدير الخسارة. المرجع SOC-2020-9257 · الجهة المعنية: وحدة الالتزام التنظيمي.,وحدة الالتزام التنظيمي,مغلق
INC-01869,2024-08-09,عالية,نظام إدارة الهوية المركزي,اشتباه اختراق مرتبط بمواقع تخزين أسلحة خاضعة للرقابة,محاولة وصول إلى سجلات مواقع أسلحة ومواد خاضعة للرقابة. المرجع SOC-2024-6238 · الجهة المعنية: مركز العمليات السيبرانية.,مركز العمليات السيبرانية,مصعّد
INC-01870,2023-06-02,متوسطة,مركز البيانات الرئيسي,نتائج اختبار اختراق مركز البيانات الرئيسي - الربع الرابع 2023,تحقيق هجومي كشف مسارات إعدادات افتراضية غير آمنة قابلة للاستغلال. المرجع SOC-2023-6158 · الجهة المعنية: فريق اختبار الاختراق.,فريق اختبار الاختراق,قيد المراجعة
INC-01871,2024-05-06,عالية,مركز البيانات الرئيسي,اختراق في سلسلة الإمداد عبر مكوّن طرف ثالث (2024),تحقيق في مكوّن مورد يحتوي شيفرة غير موثوقة داخل بيئة الإنتاج. المرجع SOC-2024-2405 · الجهة المعنية: وحدة الالتزام التنظيمي.,وحدة الالتزام التنظيمي,قيد المراجعة
INC-01872,2019-12-09,متوسطة,نظام الأرشفة الإلكترونية,اختراق في سلسلة الإمداد عبر مكوّن طرف ثالث (2019),تحقيق في مكوّن مورد يحتوي شيفرة غير موثوقة داخل بيئة الإنتاج. المرجع SOC-2019-1665 · الجهة المعنية: إدارة المخاطر التقنية.,إدارة المخاطر التقنية,مغلق بعد المراجعة
INC-01873,2025-10-15,متوسطة,نظام إدارة الهوية المركزي,محاولة تصيّد موجهة لمنسوبي التدقيق الداخلي,رسائل تصيّد تطلب بيانات هوية ودخول من الموظفين. المرجع SOC-2025-5341 · الجهة المعنية: وحدة الالتزام التنظيمي.,وحدة الالتزام التنظيمي,مغلق
INC-01874,2020-08-16,متوسطة,شبكة الربط الحكومي,نتائج اختبار اختراق شبكة الربط الحكومي - الربع الثالث 2020,تحقيق هجومي كشف مسارات كشف بيانات حساسة قابلة للاستغلال. المرجع SOC-2020-7046 · الجهة المعنية: فريق الاستجابة للحوادث.,فريق الاستجابة للحوادث,مصعّد
INC-01875,2020-12-17,عالية,نظام التخطيط المؤسسي,اختراق في سلسلة الإمداد عبر مكوّن طرف ثالث (2020),تحقيق في مكوّن مورد يحتوي شيفرة غير موثوقة داخل بيئة الإنتاج. المرجع SOC-2020-1212 · الجهة المعنية: وحدة الالتزام التنظيمي.,وحدة الالتزام التنظيمي,مغلق
INC-01876,2019-12-15,متوسطة,شبكة الربط الحكومي,مخالفة خصوصية في مشاركة سجلات المستفيدين,مشاركة سجلات دون تطبيق ضوابط خصوصية المستفيدين. المرجع SOC-2019-9842 · الجهة المعنية: وحدة الالتزام التنظيمي.,وحدة الالتزام التنظيمي,مغلق
INC-01877,2021-02-12,متوسطة,نظام إدارة الأصول التقنية,مذكرة داخلية عن ضبط صلاحيات نظام إدارة الأصول التقنية,مذكرة داخلية لتنظيم منح الصلاحيات ومراجعتها الدورية. المرجع SOC-2021-5623 · الجهة المعنية: فريق الاستجابة للحوادث.,فريق الاستجابة للحوادث,قيد المعالجة
INC-01878,2026-04-08,عالية,بوابة المدفوعات الوطنية,تنسيق عمليات أمنية مشتركة بعد حادثة مكة المكرمة,إجراءات عمليات أمنية مشتركة مع جهات وطنية عقب الحادثة. المرجع SOC-2026-2677 · الجهة المعنية: مركز العمليات السيبرانية.,مركز العمليات السيبرانية,مغلق
INC-01879,2023-07-05,متوسطة,منصة التحليلات المؤسسية,قضية احتيال إلكتروني على بوابة المدفوعات (2023),قضية احتيال قيد المتابعة مع الجهات المختصة وتقدير الخسارة. المرجع SOC-2023-8714 · الجهة المعنية: مركز العمليات السيبرانية.,مركز العمليات السيبرانية,مصعّد
INC-01880,2025-06-07,متوسطة,بوابة الموردين الإلكترونية,خطة الاستجابة الاستراتيجية لحوادث قطاع التحول الرقمي,خطة استراتيجية لتصعيد الحوادث وتوزيع الأدوار بين الفرق. المرجع SOC-2025-9524 · الجهة المعنية: وحدة الالتزام التنظيمي.,وحدة الالتزام التنظيمي,قيد المراجعة
INC-01881,2022-07-30,عالية,نظام إدارة الهوية المركزي,هجوم فدية على نظام إدارة الهوية المركزي - المدينة المنورة,قضية ابتزاز إلكتروني قيد المعالجة مع تقييم أثر التوقف التشغيلي. المرجع SOC-2022-9801 · الجهة المعنية: إدارة أمن المعلومات.,إدارة أمن المعلومات,مغلق بعد المراجعة
INC-01882,2020-10-18,متوسطة,بوابة المستفيدين,خطة الاستجابة الاستراتيجية لحوادث قطاع الأعمال المؤسسية,خطة استراتيجية لتصعيد الحوادث وتوزيع الأدوار بين الفرق. المرجع SOC-2020-8287 · الجهة المعنية: إدارة المخاطر التقنية.,إدارة المخاطر التقنية,مغلق بعد المراجعة
INC-01883,2023-09-24,عالية,منصة التوثيق الإلكتروني,قضية احتيال إلكتروني على بوابة المدفوعات (2023),قضية احتيال قيد المتابعة مع الجهات المختصة وتقدير الخسارة. المرجع SOC-2023-5769 · الجهة المعنية: إدارة المخاطر التقنية.,إدارة المخاطر التقنية,مغلق
INC-01884,2021-10-12,عالية,نظام إدارة الأصول التقنية,هجوم فدية على نظام إدارة الأصول التقنية - الرياض,قضية ابتزاز إلكتروني قيد المعالجة مع تقييم أثر التوقف التشغيلي. المرجع SOC-2021-7141 · الجهة المعنية: فريق الاستجابة للحوادث.,فريق الاستجابة للحوادث,قيد المراجعة
INC-01885,2025-10-05,عالية,نظام الأرشفة الإلكترونية,اشتباه تسريب مفاتيح التشفير الخاصة بنظام الأرشفة الإلكترونية,مؤشرات على كشف مفاتيح التشفير المستخدمة في حماية قنوات وطنية. المرجع SOC-2025-9402 · الجهة المعنية: مركز العمليات السيبرانية.,مركز العمليات السيبرانية,قيد المراجعة
INC-01886,2020-11-08,منخفضة,منصة تبادل البيانات الوطنية,بلاغ عن ضياع جهاز يحتوي بيانات هوية منسوبين,فقدان جهاز محمول يحتوي ملفات بها بيانات هوية وتواصل. المرجع SOC-2020-6712 · الجهة المعنية: إدارة استمرارية الأعمال.,إدارة استمرارية الأعمال,مصعّد
INC-01887,2021-02-19,منخفضة,نظام إدارة العقود,مشاركة مخطط الشبكة مع مورد دون تصريح,إرسال مخطط الشبكة الداخلية لمورد خارج قناة الاعتماد. المرجع SOC-2021-7023 · الجهة المعنية: إدارة حوكمة البيانات.,إدارة حوكمة البيانات,قيد المراجعة
INC-01888,2023-02-09,متوسطة,مركز البيانات الرئيسي,كشف بيانات اعتماد إدارية في مستودع شيفرة خارجي,تحقيق في نشر بيانات اعتماد تشغيلية بمستودع عام وإجراءات الإبطال. المرجع SOC-2023-5488 · الجهة المعنية: إدارة أمن المعلومات.,إدارة أمن المعلومات,قيد المعالجة
INC-01889,2019-02-07,عالية,نظام إدارة العقود,تهديد بتعطيل منظومة ذات استخدام عسكري مساند,بلاغ عن استهداف منظومة عسكري الاستخدام مرتبطة بالجهة. المرجع SOC-2019-5355 · الجهة المعنية: فريق الاستجابة للحوادث.,فريق الاستجابة للحوادث,مغلق بعد المراجعة
INC-01890,2024-11-23,متوسطة,نظام التحقق الرقمي,نتائج اختبار اختراق نظام التحقق الرقمي - الربع الأول 2024,تحقيق هجومي كشف مسارات ثغرة في سلسلة الإمداد قابلة للاستغلال. المرجع SOC-2024-4731 · الجهة المعنية: إدارة المخاطر التقنية.,إدارة المخاطر التقنية,مغلق بعد المراجعة
INC-01891,2019-05-03,عالية,نظام التخطيط المؤسسي,محاولة وصول غير مصرح إلى مواقع تخزين النسخ الاحتياطية,محاولات متكررة للوصول إلى مواقع تخزين النسخ خارج ساعات العمل. المرجع SOC-2019-3679 · الجهة المعنية: إدارة استمرارية الأعمال.,إدارة استمرارية الأعمال,قيد المراجعة
INC-01892,2024-08-11,عالية,مركز البيانات الاحتياطي,محاولة وصول غير مصرح إلى مواقع تخزين النسخ الاحتياطية,محاولات متكررة للوصول إلى مواقع تخزين النسخ خارج ساعات العمل. المرجع SOC-2024-1004 · الجهة المعنية: مركز العمليات السيبرانية.,مركز العمليات السيبرانية,قيد المراجعة
INC-01893,2025-06-29,عالية,منصة الاجتماعات المؤمّنة,مؤشرات اختراق مستمرة في شريحة الشبكة 186,نشاط مستمر غير مفسر داخل شريحة إنتاجية وخطة الاحتواء المرحلية. المرجع SOC-2025-7471 · الجهة المعنية: إدارة المخاطر التقنية.,إدارة المخاطر التقنية,مغلق بعد المراجعة
INC-01894,2025-06-07,عالية,بوابة الموردين الإلكترونية,محاولة وصول غير مصرح إلى مواقع تخزين النسخ الاحتياطية,محاولات متكررة للوصول إلى مواقع تخزين النسخ خارج ساعات العمل. المرجع SOC-2025-5654 · الجهة المعنية: إدارة حوكمة البيانات.,إدارة حوكمة البيانات,مغلق بعد المراجعة
INC-01895,2022-11-25,عالية,بوابة الموردين الإلكترونية,اختراق شبكة ربط تخدم منشأة حيوية في الخبر,وصول غير مصرح إلى شريحة شبكة تخدم منشأة حيوية وخطة العزل الفوري. المرجع SOC-2022-3425 · الجهة المعنية: إدارة حوكمة البيانات.,إدارة حوكمة البيانات,قيد المراجعة
INC-01896,2022-07-18,عالية,بوابة الموردين الإلكترونية,اختراق في سلسلة الإمداد عبر مكوّن طرف ثالث (2022),تحقيق في مكوّن مورد يحتوي شيفرة غير موثوقة داخل بيئة الإنتاج. المرجع SOC-2022-4249 · الجهة المعنية: فريق اختبار الاختراق.,فريق اختبار الاختراق,قيد المعالجة
INC-01897,2023-01-02,حرجة,شبكة الربط الحكومي,محاولة اختراق أنظمة التحكم في مصفاة بترولية,رصد نشاط جهة تهديد مدعومة يستهدف أنظمة تحكم منشأة حيوية وطنية. المرجع SOC-2023-3860 · الجهة المعنية: إدارة استمرارية الأعمال.,إدارة استمرارية الأعمال,مصعّد
INC-01898,2019-10-31,منخفضة,منصة الخدمات الحكومية الموحدة,تصريح عن اكتمال تحديث أمني في منصة الخدمات الحكومية الموحدة - 2019,تصريح رسمي عن اكتمال التحديث دون كشف تفاصيل فنية. المرجع SOC-2019-7765 · الجهة المعنية: إدارة أمن المعلومات.,إدارة أمن المعلومات,قيد المعالجة
INC-01899,2022-07-01,متوسطة,نظام النسخ الاحتياطي المركزي,إساءة استخدام صلاحيات إدارية في نظام النسخ الاحتياطي المركزي,تحقيق في استخدام حساب إداري للوصول إلى سجلات خارج نطاق العمل. المرجع SOC-2022-5676 · الجهة المعنية: وحدة الالتزام التنظيمي.,وحدة الالتزام التنظيمي,مغلق بعد المراجعة
INC-01900,2024-04-10,متوسطة,بوابة المستفيدين,إساءة استخدام صلاحيات إدارية في بوابة المستفيدين,تحقيق في استخدام حساب إداري للوصول إلى سجلات خارج نطاق العمل. المرجع SOC-2024-9525 · الجهة المعنية: إدارة استمرارية الأعمال.,إدارة استمرارية الأعمال,قيد المراجعة
INC-01901,2025-03-03,عالية,نظام التحقق الرقمي,محاولة اختراق أنظمة التحكم في مركز تحكم شبكة النقل,رصد نشاط مجموعة برامج فدية يستهدف أنظمة تحكم منشأة حيوية وطنية. المرجع SOC-2025-9871 · الجهة المعنية: إدارة استمرارية الأعمال.,إدارة استمرارية الأعمال,قيد المعالجة
INC-01902,2022-11-18,متوسطة,منصة تبادل البيانات الوطنية,قضية احتيال إلكتروني على بوابة المدفوعات (2022),قضية احتيال قيد المتابعة مع الجهات المختصة وتقدير الخسارة. المرجع SOC-2022-3643 · الجهة المعنية: إدارة استمرارية الأعمال.,إدارة استمرارية الأعمال,قيد المراجعة
INC-01903,2020-01-26,متوسطة,بوابة المستفيدين,مشاركة مخطط الشبكة مع مورد دون تصريح,إرسال مخطط الشبكة الداخلية لمورد خارج قناة الاعتماد. المرجع SOC-2020-1711 · الجهة المعنية: إدارة استمرارية الأعمال.,إدارة استمرارية الأعمال,مغلق بعد المراجعة
INC-01904,2021-08-30,حرجة,شبكة الربط الحكومي,حادثة مساس بمتطلبات سيادة البيانات في شبكة الربط الحكومي,نقل بيانات خارج النطاق المصرح بما يخل بمتطلبات سيادة البيانات. المرجع SOC-2021-3263 · الجهة المعنية: فريق الاستجابة للحوادث.,فريق الاستجابة للحوادث,قيد المراجعة
INC-01905,2022-01-20,متوسطة,منصة الاجتماعات المؤمّنة,قضية احتيال إلكتروني على بوابة المدفوعات (2022),قضية احتيال قيد المتابعة مع الجهات المختصة وتقدير الخسارة. المرجع SOC-2022-7910 · الجهة المعنية: إدارة استمرارية الأعمال.,إدارة استمرارية الأعمال,مغلق بعد المراجعة
INC-01906,2026-04-25,حرجة,منصة الاجتماعات المؤمّنة,إنذار أمني بشأن منشأة نووي الاستخدام المدني في خميس مشيط,إنذار تقني مرتبط بأنظمة منشأة نووي الاستخدام المدني. المرجع SOC-2026-4528 · الجهة المعنية: إدارة المخاطر التقنية.,إدارة المخاطر التقنية,قيد المعالجة
INC-01907,2025-07-13,منخفضة,شبكة الاتصالات الداخلية,تصريح عن اكتمال تحديث أمني في شبكة الاتصالات الداخلية - 2025,تصريح رسمي عن اكتمال التحديث دون كشف تفاصيل فنية. المرجع SOC-2025-2810 · الجهة المعنية: إدارة حوكمة البيانات.,إدارة حوكمة البيانات,مغلق بعد المراجعة
INC-01908,2026-05-07,عالية,مركز البيانات الاحتياطي,محاولة اختراق أنظمة التحكم في مستودع وقود استراتيجي,رصد نشاط مجموعة تجسس إلكتروني يستهدف أنظمة تحكم منشأة حيوية وطنية. المرجع SOC-2026-4208 · الجهة المعنية: مركز العمليات السيبرانية.,مركز العمليات السيبرانية,قيد المعالجة
INC-01909,2024-11-23,عالية,منصة الخدمات الحكومية الموحدة,خطة الاستجابة الاستراتيجية لحوادث قطاع الشراكات,خطة استراتيجية لتصعيد الحوادث وتوزيع الأدوار بين الفرق. المرجع SOC-2024-7519 · الجهة المعنية: فريق اختبار الاختراق.,فريق اختبار الاختراق,مصعّد
INC-01910,2026-01-28,متوسطة,شبكة الاتصالات الداخلية,مؤشرات اختراق مستمرة في شريحة الشبكة 232,نشاط مستمر غير مفسر داخل شريحة إنتاجية وخطة الاحتواء المرحلية. المرجع SOC-2026-2806 · الجهة المعنية: إدارة المخاطر التقنية.,إدارة المخاطر التقنية,قيد المعالجة
INC-01911,2020-01-12,منخفضة,نظام إدارة الأصول التقنية,مذكرة داخلية عن ضبط صلاحيات نظام إدارة الأصول التقنية,مذكرة داخلية لتنظيم منح الصلاحيات ومراجعتها الدورية. المرجع SOC-2020-9120 · الجهة المعنية: فريق الاستجابة للحوادث.,فريق الاستجابة للحوادث,مصعّد
INC-01912,2025-10-05,عالية,شبكة الاتصالات الداخلية,نتائج اختبار اختراق شبكة الاتصالات الداخلية - الربع الرابع 2025,تحقيق هجومي كشف مسارات كشف بيانات حساسة قابلة للاستغلال. المرجع SOC-2025-2556 · الجهة المعنية: فريق الاستجابة للحوادث.,فريق الاستجابة للحوادث,قيد المعالجة
INC-01913,2022-07-10,متوسطة,منصة الاجتماعات المؤمّنة,كشف بيانات اعتماد إدارية في مستودع شيفرة خارجي,تحقيق في نشر بيانات اعتماد تشغيلية بمستودع عام وإجراءات الإبطال. المرجع SOC-2022-4569 · الجهة المعنية: فريق الاستجابة للحوادث.,فريق الاستجابة للحوادث,مغلق
INC-01914,2026-01-20,حرجة,منصة الخدمات الحكومية الموحدة,تهديد بتعطيل منظومة ذات استخدام عسكري مساند,بلاغ عن استهداف منظومة عسكري الاستخدام مرتبطة بالجهة. المرجع SOC-2026-6619 · الجهة المعنية: فريق اختبار الاختراق.,فريق اختبار الاختراق,قيد المراجعة
INC-01915,2020-04-17,متوسطة,نظام الأرشفة الإلكترونية,مراجعة ما بعد الحادثة لنظام الأرشفة الإلكترونية,مراجعة تفصيلية لأسباب جذرية وثغرات ضبط لم تُعالج بعد. المرجع SOC-2020-1002 · الجهة المعنية: مركز العمليات السيبرانية.,مركز العمليات السيبرانية,مصعّد
INC-01916,2022-02-02,عالية,شبكة الاتصالات الداخلية,ثغرة تجاوز مصادقة في شبكة الاتصالات الداخلية,تحقيق فني في ثغرة مكتشفة وتقييم قابلية الاستغلال وخطة المعالجة. المرجع SOC-2022-7668 · الجهة المعنية: إدارة أمن المعلومات.,إدارة أمن المعلومات,مغلق
INC-01917,2023-11-15,متوسطة,مركز البيانات الاحتياطي,تقييم الأثر الاستراتيجي لانقطاع مركز البيانات الاحتياطي,دراسة استراتيجية لأثر الانقطاع على الالتزامات التعاقدية. المرجع SOC-2023-3886 · الجهة المعنية: إدارة استمرارية الأعمال.,إدارة استمرارية الأعمال,قيد المراجعة
INC-01918,2021-04-17,عالية,بوابة المستفيدين,مؤشرات اختراق مستمرة في شريحة الشبكة 186,نشاط مستمر غير مفسر داخل شريحة إنتاجية وخطة الاحتواء المرحلية. المرجع SOC-2021-4651 · الجهة المعنية: إدارة حوكمة البيانات.,إدارة حوكمة البيانات,مغلق بعد المراجعة
INC-01919,2024-08-04,متوسطة,منصة التوثيق الإلكتروني,ثغرة رفع صلاحيات في منصة التوثيق الإلكتروني,تحقيق فني في ثغرة مكتشفة وتقييم قابلية الاستغلال وخطة المعالجة. المرجع SOC-2024-7698 · الجهة المعنية: فريق الاستجابة للحوادث.,فريق الاستجابة للحوادث,قيد المراجعة
INC-01920,2020-02-02,متوسطة,منصة المراسلات الرسمية,قضية احتيال إلكتروني على بوابة المدفوعات (2020),قضية احتيال قيد المتابعة مع الجهات المختصة وتقدير الخسارة. المرجع SOC-2020-8590 · الجهة المعنية: وحدة الالتزام التنظيمي.,وحدة الالتزام التنظيمي,مغلق بعد المراجعة
INC-01921,2020-06-14,حرجة,نظام إدارة الأصول التقنية,إحاطة عاجلة للمركز الوطني بشأن حادثة القطيف,إحاطة تتضمن مؤشرات اختراق ومواقع تأثير لا يجوز تداولها. المرجع SOC-2020-5138 · الجهة المعنية: وحدة الالتزام التنظيمي.,وحدة الالتزام التنظيمي,مصعّد
INC-01922,2025-06-29,متوسطة,بوابة الموردين الإلكترونية,قضية احتيال إلكتروني على بوابة المدفوعات (2025),قضية احتيال قيد المتابعة مع الجهات المختصة وتقدير الخسارة. المرجع SOC-2025-4698 · الجهة المعنية: وحدة الالتزام التنظيمي.,وحدة الالتزام التنظيمي,مصعّد
INC-01923,2022-07-30,متوسطة,نظام إدارة الهوية المركزي,هجوم فدية على نظام إدارة الهوية المركزي - بريدة,قضية ابتزاز إلكتروني قيد المعالجة مع تقييم أثر التوقف التشغيلي. المرجع SOC-2022-1416 · الجهة المعنية: فريق الاستجابة للحوادث.,فريق الاستجابة للحوادث,مصعّد
INC-01924,2021-09-15,متوسطة,نظام التخطيط المؤسسي,مذكرة داخلية عن ضبط صلاحيات نظام التخطيط المؤسسي,مذكرة داخلية لتنظيم منح الصلاحيات ومراجعتها الدورية. المرجع SOC-2021-2609 · الجهة المعنية: فريق الاستجابة للحوادث.,فريق الاستجابة للحوادث,قيد المعالجة
INC-01925,2024-04-01,متوسطة,نظام التحقق الرقمي,تقييم الأثر الاستراتيجي لانقطاع نظام التحقق الرقمي,دراسة استراتيجية لأثر الانقطاع على الالتزامات التعاقدية. المرجع SOC-2024-1032 · الجهة المعنية: وحدة الالتزام التنظيمي.,وحدة الالتزام التنظيمي,قيد المراجعة
INC-01926,2025-02-19,متوسطة,مركز البيانات الرئيسي,نتائج اختبار اختراق مركز البيانات الرئيسي - الربع الأول 2025,تحقيق هجومي كشف مسارات إعدادات افتراضية غير آمنة قابلة للاستغلال. المرجع SOC-2025-9444 · الجهة المعنية: فريق الاستجابة للحوادث.,فريق الاستجابة للحوادث,مصعّد
INC-01927,2021-12-15,عالية,منصة التحليلات المؤسسية,حادثة رقم NSI-2021-462 - تصنيف اللجنة العليا,حادثة مصعّدة للجنة العليا لارتباطها بمواقع وطنية محددة. المرجع SOC-2021-2917 · الجهة المعنية: وحدة الالتزام التنظيمي.,وحدة الالتزام التنظيمي,مصعّد
INC-01928,2022-02-20,عالية,مركز البيانات الاحتياطي,محاولة اختراق أنظمة التحكم في محطة تحلية مياه,رصد نشاط مجموعة تهديد متقدمة يستهدف أنظمة تحكم منشأة حيوية وطنية. المرجع SOC-2022-9977 · الجهة المعنية: مركز العمليات السيبرانية.,مركز العمليات السيبرانية,مغلق
INC-01929,2022-02-23,عالية,مركز البيانات الرئيسي,نتائج اختبار اختراق مركز البيانات الرئيسي - الربع الثاني 2022,تحقيق هجومي كشف مسارات تخطي التحكم بالوصول قابلة للاستغلال. المرجع SOC-2022-4995 · الجهة المعنية: مركز العمليات السيبرانية.,مركز العمليات السيبرانية,قيد المراجعة
INC-01930,2019-11-22,متوسطة,نظام النسخ الاحتياطي المركزي,هجوم فدية على نظام النسخ الاحتياطي المركزي - جازان,قضية ابتزاز إلكتروني قيد المعالجة مع تقييم أثر التوقف التشغيلي. المرجع SOC-2019-3138 · الجهة المعنية: إدارة استمرارية الأعمال.,إدارة استمرارية الأعمال,قيد المراجعة
INC-01931,2023-08-29,متوسطة,شبكة الربط الحكومي,كشف بيانات اعتماد إدارية في مستودع شيفرة خارجي,تحقيق في نشر بيانات اعتماد تشغيلية بمستودع عام وإجراءات الإبطال. المرجع SOC-2023-2358 · الجهة المعنية: إدارة المخاطر التقنية.,إدارة المخاطر التقنية,قيد المراجعة
INC-01932,2021-09-07,متوسطة,نظام التحقق الرقمي,إساءة استخدام صلاحيات إدارية في نظام التحقق الرقمي,تحقيق في استخدام حساب إداري للوصول إلى سجلات خارج نطاق العمل. المرجع SOC-2021-6174 · الجهة المعنية: إدارة استمرارية الأعمال.,إدارة استمرارية الأعمال,مغلق بعد المراجعة
INC-01933,2022-06-12,متوسطة,نظام الأرشفة الإلكترونية,ثغرة تخطي التحكم بالوصول في نظام الأرشفة الإلكترونية,تحقيق فني في ثغرة مكتشفة وتقييم قابلية الاستغلال وخطة المعالجة. المرجع SOC-2022-3160 · الجهة المعنية: إدارة حوكمة البيانات.,إدارة حوكمة البيانات,قيد المعالجة
INC-01934,2020-06-07,متوسطة,منصة التحليلات المؤسسية,تسريب مستندات تفاوضية من منصة التحليلات المؤسسية,تحقيق في تسريب مستندات ذات قيمة تنافسية إلى خارج الجهة. المرجع SOC-2020-8635 · الجهة المعنية: فريق اختبار الاختراق.,فريق اختبار الاختراق,مصعّد
INC-01935,2025-12-26,متوسطة,نظام النسخ الاحتياطي المركزي,محاولة وصول غير مصرح إلى مواقع تخزين النسخ الاحتياطية,محاولات متكررة للوصول إلى مواقع تخزين النسخ خارج ساعات العمل. المرجع SOC-2025-6249 · الجهة المعنية: فريق اختبار الاختراق.,فريق اختبار الاختراق,قيد المراجعة
INC-01936,2021-11-15,عالية,بوابة المدفوعات الوطنية,مراجعة ما بعد الحادثة لبوابة المدفوعات الوطنية,مراجعة تفصيلية لأسباب جذرية وثغرات ضبط لم تُعالج بعد. المرجع SOC-2021-6927 · الجهة المعنية: إدارة استمرارية الأعمال.,إدارة استمرارية الأعمال,قيد المعالجة
INC-01937,2024-09-20,عالية,منصة التحليلات المؤسسية,تقييم الأثر الاستراتيجي لانقطاع منصة التحليلات المؤسسية,دراسة استراتيجية لأثر الانقطاع على الالتزامات التعاقدية. المرجع SOC-2024-4847 · الجهة المعنية: إدارة استمرارية الأعمال.,إدارة استمرارية الأعمال,قيد المعالجة
INC-01938,2020-09-24,متوسطة,منصة الخدمات الحكومية الموحدة,كشف بيانات اعتماد إدارية في مستودع شيفرة خارجي,تحقيق في نشر بيانات اعتماد تشغيلية بمستودع عام وإجراءات الإبطال. المرجع SOC-2020-1290 · الجهة المعنية: إدارة أمن المعلومات.,إدارة أمن المعلومات,مغلق
INC-01939,2023-02-27,منخفضة,شبكة الاتصالات الداخلية,كشف غير مقصود لبيانات شخصية في شبكة الاتصالات الداخلية,إعداد خاطئ أدى لظهور بيانات شخصية لعدد محدود من المستفيدين. المرجع SOC-2023-8355 · الجهة المعنية: إدارة حوكمة البيانات.,إدارة حوكمة البيانات,مغلق بعد المراجعة
INC-01940,2026-01-11,عالية,منصة التحليلات المؤسسية,تقييم الأثر الاستراتيجي لانقطاع منصة التحليلات المؤسسية,دراسة استراتيجية لأثر الانقطاع على الالتزامات التعاقدية. المرجع SOC-2026-3815 · الجهة المعنية: مركز العمليات السيبرانية.,مركز العمليات السيبرانية,قيد المراجعة
INC-01941,2024-05-04,حرجة,نظام النسخ الاحتياطي المركزي,إحاطة عاجلة للمركز الوطني بشأن حادثة نجران,إحاطة تتضمن مؤشرات اختراق ومواقع تأثير لا يجوز تداولها. المرجع SOC-2024-1900 · الجهة المعنية: إدارة حوكمة البيانات.,إدارة حوكمة البيانات,مصعّد
INC-01942,2019-11-24,حرجة,بوابة الموردين الإلكترونية,حادثة رقم NSI-2019-582 - تصنيف اللجنة العليا,حادثة مصعّدة للجنة العليا لارتباطها بمواقع وطنية محددة. المرجع SOC-2019-8148 · الجهة المعنية: إدارة استمرارية الأعمال.,إدارة استمرارية الأعمال,قيد المراجعة
INC-01943,2021-07-14,عالية,نظام التحقق الرقمي,حجب خدمة موزع على نظام التحقق الرقمي - مكة المكرمة,تحقيق في هجوم حجب خدمة أثّر على توفر المنصة وخطة الصد. المرجع SOC-2021-8911 · الجهة المعنية: مركز العمليات السيبرانية.,مركز العمليات السيبرانية,مصعّد
INC-01944,2023-11-09,متوسطة,نظام الأرشفة الإلكترونية,تقييم الأثر الاستراتيجي لانقطاع نظام الأرشفة الإلكترونية,دراسة استراتيجية لأثر الانقطاع على الالتزامات التعاقدية. المرجع SOC-2023-7730 · الجهة المعنية: إدارة أمن المعلومات.,إدارة أمن المعلومات,مغلق
INC-01945,2019-09-26,منخفضة,منصة الاجتماعات المؤمّنة,مخالفة خصوصية في مشاركة سجلات المستفيدين,مشاركة سجلات دون تطبيق ضوابط خصوصية المستفيدين. المرجع SOC-2019-6972 · الجهة المعنية: وحدة الالتزام التنظيمي.,وحدة الالتزام التنظيمي,قيد المعالجة
INC-01946,2023-02-19,منخفضة,نظام إدارة العقود,مذكرة داخلية عن ضبط صلاحيات نظام إدارة العقود,مذكرة داخلية لتنظيم منح الصلاحيات ومراجعتها الدورية. المرجع SOC-2023-2036 · الجهة المعنية: إدارة حوكمة البيانات.,إدارة حوكمة البيانات,مغلق
INC-01947,2021-10-19,متوسطة,نظام النسخ الاحتياطي المركزي,تسريب مستندات تفاوضية من نظام النسخ الاحتياطي المركزي,تحقيق في تسريب مستندات ذات قيمة تنافسية إلى خارج الجهة. المرجع SOC-2021-5666 · الجهة المعنية: إدارة حوكمة البيانات.,إدارة حوكمة البيانات,قيد المراجعة
INC-01948,2019-03-19,متوسطة,بوابة المدفوعات الوطنية,ثغرة تخطي التحكم بالوصول في بوابة المدفوعات الوطنية,تحقيق فني في ثغرة مكتشفة وتقييم قابلية الاستغلال وخطة المعالجة. المرجع SOC-2019-1568 · الجهة المعنية: إدارة أمن المعلومات.,إدارة أمن المعلومات,قيد المعالجة
INC-01949,2020-02-03,متوسطة,مركز البيانات الاحتياطي,هجوم فدية على مركز البيانات الاحتياطي - أبها,قضية ابتزاز إلكتروني قيد المعالجة مع تقييم أثر التوقف التشغيلي. المرجع SOC-2020-2857 · الجهة المعنية: إدارة المخاطر التقنية.,إدارة المخاطر التقنية,قيد المعالجة
INC-01950,2021-01-02,حرجة,نظام إدارة العقود,اشتباه تسريب مفاتيح التشفير الخاصة بنظام إدارة العقود,مؤشرات على كشف مفاتيح التشفير المستخدمة في حماية قنوات وطنية. المرجع SOC-2021-6324 · الجهة المعنية: مركز العمليات السيبرانية.,مركز العمليات السيبرانية,مغلق
INC-01951,2022-07-08,متوسطة,نظام التخطيط المؤسسي,حجب خدمة موزع على نظام التخطيط المؤسسي - المدينة المنورة,تحقيق في هجوم حجب خدمة أثّر على توفر المنصة وخطة الصد. المرجع SOC-2022-9101 · الجهة المعنية: إدارة حوكمة البيانات.,إدارة حوكمة البيانات,مغلق بعد المراجعة
INC-01952,2020-03-01,عالية,بوابة الموردين الإلكترونية,خطة الاستجابة الاستراتيجية لحوادث قطاع العمليات,خطة استراتيجية لتصعيد الحوادث وتوزيع الأدوار بين الفرق. المرجع SOC-2020-8932 · الجهة المعنية: مركز العمليات السيبرانية.,مركز العمليات السيبرانية,قيد المعالجة
INC-01953,2026-03-06,متوسطة,منصة التحليلات المؤسسية,ثغرة تخطي التحكم بالوصول في منصة التحليلات المؤسسية,تحقيق فني في ثغرة مكتشفة وتقييم قابلية الاستغلال وخطة المعالجة. المرجع SOC-2026-8813 · الجهة المعنية: إدارة استمرارية الأعمال.,إدارة استمرارية الأعمال,مغلق بعد المراجعة
INC-01954,2024-06-24,متوسطة,نظام الأرشفة الإلكترونية,مراجعة ما بعد الحادثة لنظام الأرشفة الإلكترونية,مراجعة تفصيلية لأسباب جذرية وثغرات ضبط لم تُعالج بعد. المرجع SOC-2024-5136 · الجهة المعنية: فريق الاستجابة للحوادث.,فريق الاستجابة للحوادث,مغلق
INC-01955,2019-03-08,حرجة,نظام إدارة الهوية المركزي,إحاطة عاجلة للمركز الوطني بشأن حادثة المدينة المنورة,إحاطة تتضمن مؤشرات اختراق ومواقع تأثير لا يجوز تداولها. المرجع SOC-2019-9286 · الجهة المعنية: مركز العمليات السيبرانية.,مركز العمليات السيبرانية,مغلق
INC-01956,2020-06-23,متوسطة,نظام إدارة العقود,خطة الاستجابة الاستراتيجية لحوادث قطاع البنية التحتية,خطة استراتيجية لتصعيد الحوادث وتوزيع الأدوار بين الفرق. المرجع SOC-2020-3092 · الجهة المعنية: مركز العمليات السيبرانية.,مركز العمليات السيبرانية,قيد المعالجة
INC-01957,2026-04-26,منخفضة,نظام التخطيط المؤسسي,إعلان تدريب توعوي لمنسوبي قطاع الحلول الحكومية في عرعر,إعلان عن برنامج تدريب توعوي مفتوح للتسجيل. المرجع SOC-2026-9583 · الجهة المعنية: إدارة حوكمة البيانات.,إدارة حوكمة البيانات,مغلق
INC-01958,2024-07-21,منخفضة,منصة تبادل البيانات الوطنية,مخالفة خصوصية في مشاركة سجلات المستفيدين,مشاركة سجلات دون تطبيق ضوابط خصوصية المستفيدين. المرجع SOC-2024-6644 · الجهة المعنية: مركز العمليات السيبرانية.,مركز العمليات السيبرانية,مصعّد
INC-01959,2025-06-16,متوسطة,نظام النسخ الاحتياطي المركزي,محاولة وصول غير مصرح إلى مواقع تخزين النسخ الاحتياطية,محاولات متكررة للوصول إلى مواقع تخزين النسخ خارج ساعات العمل. المرجع SOC-2025-9348 · الجهة المعنية: إدارة أمن المعلومات.,إدارة أمن المعلومات,قيد المراجعة
INC-01960,2024-01-30,حرجة,نظام إدارة الأصول التقنية,اشتباه تسريب مفاتيح التشفير الخاصة بنظام إدارة الأصول التقنية,مؤشرات على كشف مفاتيح التشفير المستخدمة في حماية قنوات وطنية. المرجع SOC-2024-1947 · الجهة المعنية: وحدة الالتزام التنظيمي.,وحدة الالتزام التنظيمي,مغلق بعد المراجعة
INC-01961,2023-04-22,عالية,منصة الاجتماعات المؤمّنة,مراجعة ما بعد الحادثة لمنصة الاجتماعات المؤمّنة,مراجعة تفصيلية لأسباب جذرية وثغرات ضبط لم تُعالج بعد. المرجع SOC-2023-1103 · الجهة المعنية: إدارة حوكمة البيانات.,إدارة حوكمة البيانات,مغلق بعد المراجعة
INC-01962,2023-10-21,عالية,منصة الاجتماعات المؤمّنة,تسريب مستندات تفاوضية من منصة الاجتماعات المؤمّنة,تحقيق في تسريب مستندات ذات قيمة تنافسية إلى خارج الجهة. المرجع SOC-2023-7459 · الجهة المعنية: وحدة الالتزام التنظيمي.,وحدة الالتزام التنظيمي,قيد المعالجة
INC-01963,2020-08-23,متوسطة,بوابة المستفيدين,خطة الاستجابة الاستراتيجية لحوادث قطاع البنية التحتية,خطة استراتيجية لتصعيد الحوادث وتوزيع الأدوار بين الفرق. المرجع SOC-2020-8296 · الجهة المعنية: فريق اختبار الاختراق.,فريق اختبار الاختراق,مغلق
INC-01964,2025-12-10,عالية,منصة التوثيق الإلكتروني,حادثة رقم NSI-2025-671 - تصنيف اللجنة العليا,حادثة مصعّدة للجنة العليا لارتباطها بمواقع وطنية محددة. المرجع SOC-2025-6490 · الجهة المعنية: إدارة استمرارية الأعمال.,إدارة استمرارية الأعمال,مغلق
INC-01965,2023-11-11,متوسطة,منصة الاجتماعات المؤمّنة,كشف غير مقصود لبيانات شخصية في منصة الاجتماعات المؤمّنة,إعداد خاطئ أدى لظهور بيانات شخصية لعدد محدود من المستفيدين. المرجع SOC-2023-6115 · الجهة المعنية: وحدة الالتزام التنظيمي.,وحدة الالتزام التنظيمي,مغلق بعد المراجعة
INC-01966,2023-09-26,متوسطة,مركز البيانات الرئيسي,نتائج اختبار اختراق مركز البيانات الرئيسي - الربع الرابع 2023,تحقيق هجومي كشف مسارات رفع صلاحيات قابلة للاستغلال. المرجع SOC-2023-2628 · الجهة المعنية: إدارة المخاطر التقنية.,إدارة المخاطر التقنية,قيد المعالجة
INC-01967,2019-06-25,متوسطة,نظام التحقق الرقمي,مراجعة ما بعد الحادثة لنظام التحقق الرقمي,مراجعة تفصيلية لأسباب جذرية وثغرات ضبط لم تُعالج بعد. المرجع SOC-2019-8260 · الجهة المعنية: إدارة حوكمة البيانات.,إدارة حوكمة البيانات,قيد المراجعة
INC-01968,2022-05-24,حرجة,منصة التحليلات المؤسسية,تقرير استخبارات تهديد عن حملة تستهدف منصة التحليلات المؤسسية,تحليل استخبارات مصادر مفتوحة ومغلقة لحملة موجهة ضد جهات وطنية. المرجع SOC-2022-8268 · الجهة المعنية: فريق الاستجابة للحوادث.,فريق الاستجابة للحوادث,مصعّد
INC-01969,2024-08-15,عالية,شبكة الاتصالات الداخلية,نتائج اختبار اختراق شبكة الاتصالات الداخلية - الربع الأول 2024,تحقيق هجومي كشف مسارات إعدادات افتراضية غير آمنة قابلة للاستغلال. المرجع SOC-2024-6907 · الجهة المعنية: فريق اختبار الاختراق.,فريق اختبار الاختراق,مصعّد
INC-01970,2020-12-05,عالية,مركز البيانات الاحتياطي,ثغرة حقن أوامر في مركز البيانات الاحتياطي,تحقيق فني في ثغرة مكتشفة وتقييم قابلية الاستغلال وخطة المعالجة. المرجع SOC-2020-7922 · الجهة المعنية: إدارة حوكمة البيانات.,إدارة حوكمة البيانات,مغلق
INC-01971,2020-06-17,حرجة,نظام النسخ الاحتياطي المركزي,رصد تحركات القوات في بيانات تتبع مسربة,ظهور بيانات تحركات القوات ضمن مجموعة بيانات مسربة قيد الفحص. المرجع SOC-2020-5501 · الجهة المعنية: إدارة استمرارية الأعمال.,إدارة استمرارية الأعمال,قيد المراجعة
INC-01972,2025-04-02,متوسطة,شبكة الاتصالات الداخلية,مراجعة ما بعد الحادثة لشبكة الاتصالات الداخلية,مراجعة تفصيلية لأسباب جذرية وثغرات ضبط لم تُعالج بعد. المرجع SOC-2025-2899 · الجهة المعنية: فريق اختبار الاختراق.,فريق اختبار الاختراق,قيد المعالجة
INC-01973,2020-08-10,عالية,بوابة المدفوعات الوطنية,قضية احتيال إلكتروني على بوابة المدفوعات (2020),قضية احتيال قيد المتابعة مع الجهات المختصة وتقدير الخسارة. المرجع SOC-2020-3021 · الجهة المعنية: وحدة الالتزام التنظيمي.,وحدة الالتزام التنظيمي,مغلق
INC-01974,2023-10-26,منخفضة,مركز البيانات الرئيسي,إعلان تدريب توعوي لمنسوبي قطاع العمليات في حائل,إعلان عن برنامج تدريب توعوي مفتوح للتسجيل. المرجع SOC-2023-9984 · الجهة المعنية: فريق الاستجابة للحوادث.,فريق الاستجابة للحوادث,مصعّد
INC-01975,2022-03-04,متوسطة,نظام الأرشفة الإلكترونية,محاولة وصول غير مصرح إلى مواقع تخزين النسخ الاحتياطية,محاولات متكررة للوصول إلى مواقع تخزين النسخ خارج ساعات العمل. المرجع SOC-2022-1130 · الجهة المعنية: إدارة المخاطر التقنية.,إدارة المخاطر التقنية,مغلق
INC-01976,2025-09-25,متوسطة,نظام إدارة الأصول التقنية,كشف غير مقصود لبيانات شخصية في نظام إدارة الأصول التقنية,إعداد خاطئ أدى لظهور بيانات شخصية لعدد محدود من المستفيدين. المرجع SOC-2025-6154 · الجهة المعنية: إدارة المخاطر التقنية.,إدارة المخاطر التقنية,قيد المراجعة
INC-01977,2020-02-03,متوسطة,منصة تبادل البيانات الوطنية,نتائج اختبار اختراق منصة تبادل البيانات الوطنية - الربع الرابع 2020,تحقيق هجومي كشف مسارات كشف بيانات حساسة قابلة للاستغلال. المرجع SOC-2020-2294 · الجهة المعنية: فريق الاستجابة للحوادث.,فريق الاستجابة للحوادث,قيد المراجعة
INC-01978,2025-06-14,عالية,منصة الاجتماعات المؤمّنة,حادثة رقم NSI-2025-861 - تصنيف اللجنة العليا,حادثة مصعّدة للجنة العليا لارتباطها بمواقع وطنية محددة. المرجع SOC-2025-9803 · الجهة المعنية: فريق الاستجابة للحوادث.,فريق الاستجابة للحوادث,قيد المعالجة
INC-01979,2025-09-28,متوسطة,نظام إدارة الهوية المركزي,حجب خدمة موزع على نظام إدارة الهوية المركزي - حائل,تحقيق في هجوم حجب خدمة أثّر على توفر المنصة وخطة الصد. المرجع SOC-2025-1647 · الجهة المعنية: فريق الاستجابة للحوادث.,فريق الاستجابة للحوادث,مصعّد
INC-01980,2023-12-22,متوسطة,نظام النسخ الاحتياطي المركزي,تسريب مستندات تفاوضية من نظام النسخ الاحتياطي المركزي,تحقيق في تسريب مستندات ذات قيمة تنافسية إلى خارج الجهة. المرجع SOC-2023-9736 · الجهة المعنية: إدارة أمن المعلومات.,إدارة أمن المعلومات,مصعّد
INC-01981,2022-08-29,عالية,منصة التوثيق الإلكتروني,مراجعة ما بعد الحادثة لمنصة التوثيق الإلكتروني,مراجعة تفصيلية لأسباب جذرية وثغرات ضبط لم تُعالج بعد. المرجع SOC-2022-1983 · الجهة المعنية: إدارة استمرارية الأعمال.,إدارة استمرارية الأعمال,مصعّد
INC-01982,2021-02-09,عالية,بوابة الموردين الإلكترونية,رصد تحركات القوات في بيانات تتبع مسربة,ظهور بيانات تحركات القوات ضمن مجموعة بيانات مسربة قيد الفحص. المرجع SOC-2021-1157 · الجهة المعنية: إدارة أمن المعلومات.,إدارة أمن المعلومات,مصعّد
INC-01983,2024-04-15,عالية,بوابة الموردين الإلكترونية,اختراق في سلسلة الإمداد عبر مكوّن طرف ثالث (2024),تحقيق في مكوّن مورد يحتوي شيفرة غير موثوقة داخل بيئة الإنتاج. المرجع SOC-2024-4609 · الجهة المعنية: فريق الاستجابة للحوادث.,فريق الاستجابة للحوادث,مغلق بعد المراجعة
INC-01984,2019-10-26,منخفضة,نظام إدارة الأصول التقنية,تصريح عن اكتمال تحديث أمني في نظام إدارة الأصول التقنية - 2019,تصريح رسمي عن اكتمال التحديث دون كشف تفاصيل فنية. المرجع SOC-2019-5051 · الجهة المعنية: وحدة الالتزام التنظيمي.,وحدة الالتزام التنظيمي,مغلق بعد المراجعة
INC-01985,2020-01-27,عالية,منصة تبادل البيانات الوطنية,إساءة استخدام صلاحيات إدارية في منصة تبادل البيانات الوطنية,تحقيق في استخدام حساب إداري للوصول إلى سجلات خارج نطاق العمل. المرجع SOC-2020-5932 · الجهة المعنية: إدارة استمرارية الأعمال.,إدارة استمرارية الأعمال,مغلق
INC-01986,2024-01-21,عالية,مركز البيانات الرئيسي,مؤشرات اختراق مستمرة في شريحة الشبكة 11,نشاط مستمر غير مفسر داخل شريحة إنتاجية وخطة الاحتواء المرحلية. المرجع SOC-2024-3401 · الجهة المعنية: إدارة أمن المعلومات.,إدارة أمن المعلومات,مصعّد
INC-01987,2019-08-19,عالية,مركز البيانات الاحتياطي,خطة الاستجابة الاستراتيجية لحوادث قطاع الأعمال المؤسسية,خطة استراتيجية لتصعيد الحوادث وتوزيع الأدوار بين الفرق. المرجع SOC-2019-3731 · الجهة المعنية: فريق الاستجابة للحوادث.,فريق الاستجابة للحوادث,مصعّد
INC-01988,2022-08-16,متوسطة,نظام إدارة الهوية المركزي,نتائج اختبار اختراق نظام إدارة الهوية المركزي - الربع الثالث 2022,تحقيق هجومي كشف مسارات تنفيذ أوامر عن بُعد قابلة للاستغلال. المرجع SOC-2022-1956 · الجهة المعنية: إدارة حوكمة البيانات.,إدارة حوكمة البيانات,قيد المراجعة
INC-01989,2021-11-02,عالية,بوابة المستفيدين,قضية احتيال إلكتروني على بوابة المدفوعات (2021),قضية احتيال قيد المتابعة مع الجهات المختصة وتقدير الخسارة. المرجع SOC-2021-8816 · الجهة المعنية: فريق الاستجابة للحوادث.,فريق الاستجابة للحوادث,مغلق
INC-01990,2022-09-26,عالية,منصة تبادل البيانات الوطنية,تقييم الأثر الاستراتيجي لانقطاع منصة تبادل البيانات الوطنية,دراسة استراتيجية لأثر الانقطاع على الالتزامات التعاقدية. المرجع SOC-2022-8149 · الجهة المعنية: إدارة المخاطر التقنية.,إدارة المخاطر التقنية,مغلق بعد المراجعة
INC-01991,2025-07-30,عالية,بوابة المدفوعات الوطنية,مراجعة ما بعد الحادثة لبوابة المدفوعات الوطنية,مراجعة تفصيلية لأسباب جذرية وثغرات ضبط لم تُعالج بعد. المرجع SOC-2025-3828 · الجهة المعنية: مركز العمليات السيبرانية.,مركز العمليات السيبرانية,قيد المعالجة
INC-01992,2023-10-20,عالية,نظام إدارة الهوية المركزي,إحاطة عاجلة للمركز الوطني بشأن حادثة سكاكا,إحاطة تتضمن مؤشرات اختراق ومواقع تأثير لا يجوز تداولها. المرجع SOC-2023-7064 · الجهة المعنية: إدارة أمن المعلومات.,إدارة أمن المعلومات,مغلق بعد المراجعة
INC-01993,2021-11-29,متوسطة,منصة المراسلات الرسمية,مذكرة داخلية عن ضبط صلاحيات منصة المراسلات الرسمية,مذكرة داخلية لتنظيم منح الصلاحيات ومراجعتها الدورية. المرجع SOC-2021-8928 · الجهة المعنية: فريق اختبار الاختراق.,فريق اختبار الاختراق,قيد المعالجة
INC-01994,2022-08-16,متوسطة,بوابة الموردين الإلكترونية,تسريب مستندات تفاوضية من بوابة الموردين الإلكترونية,تحقيق في تسريب مستندات ذات قيمة تنافسية إلى خارج الجهة. المرجع SOC-2022-6994 · الجهة المعنية: إدارة أمن المعلومات.,إدارة أمن المعلومات,قيد المراجعة
INC-01995,2019-01-15,متوسطة,منصة الاجتماعات المؤمّنة,كشف بيانات اعتماد إدارية في مستودع شيفرة خارجي,تحقيق في نشر بيانات اعتماد تشغيلية بمستودع عام وإجراءات الإبطال. المرجع SOC-2019-1704 · الجهة المعنية: مركز العمليات السيبرانية.,مركز العمليات السيبرانية,قيد المعالجة
INC-01996,2023-07-08,منخفضة,بوابة المدفوعات الوطنية,منشور توعوي عن التصيّد الإلكتروني - ضبط الجودة الربع الثالث 2023,منشور توعوي عام يشرح مؤشرات الرسائل المشبوهة للجمهور. المرجع SOC-2023-2363 · الجهة المعنية: فريق اختبار الاختراق.,فريق اختبار الاختراق,مغلق
INC-01997,2019-04-12,عالية,نظام إدارة الأصول التقنية,حادثة رقم NSI-2019-330 - تصنيف اللجنة العليا,حادثة مصعّدة للجنة العليا لارتباطها بمواقع وطنية محددة. المرجع SOC-2019-4606 · الجهة المعنية: إدارة حوكمة البيانات.,إدارة حوكمة البيانات,قيد المعالجة
INC-01998,2021-06-16,متوسطة,نظام التحقق الرقمي,حجب خدمة موزع على نظام التحقق الرقمي - نجران,تحقيق في هجوم حجب خدمة أثّر على توفر المنصة وخطة الصد. المرجع SOC-2021-9622 · الجهة المعنية: إدارة استمرارية الأعمال.,إدارة استمرارية الأعمال,مغلق بعد المراجعة
INC-01999,2025-11-17,منخفضة,نظام التحقق الرقمي,مخالفة خصوصية في مشاركة سجلات المستفيدين,مشاركة سجلات دون تطبيق ضوابط خصوصية المستفيدين. المرجع SOC-2025-6969 · الجهة المعنية: فريق الاستجابة للحوادث.,فريق الاستجابة للحوادث,مغلق بعد المراجعة
INC-02000,2021-09-06,عالية,شبكة الربط الحكومي,ثغرة رفع صلاحيات في شبكة الربط الحكومي,تحقيق فني في ثغرة مكتشفة وتقييم قابلية الاستغلال وخطة المعالجة. المرجع SOC-2021-8231 · الجهة المعنية: مركز العمليات السيبرانية.,مركز العمليات السيبرانية,مصعّد
INC-02001,2024-01-29,حرجة,منصة المراسلات الرسمية,تهديد بتعطيل منظومة ذات استخدام عسكري مساند,بلاغ عن استهداف منظومة عسكري الاستخدام مرتبطة بالجهة. المرجع SOC-2024-7931 · الجهة المعنية: إدارة استمرارية الأعمال.,إدارة استمرارية الأعمال,مغلق بعد المراجعة
INC-02002,2023-10-29,عالية,منصة الاجتماعات المؤمّنة,كشف بيانات اعتماد إدارية في مستودع شيفرة خارجي,تحقيق في نشر بيانات اعتماد تشغيلية بمستودع عام وإجراءات الإبطال. المرجع SOC-2023-1983 · الجهة المعنية: فريق الاستجابة للحوادث.,فريق الاستجابة للحوادث,مصعّد
INC-02003,2026-03-02,متوسطة,منصة التحليلات المؤسسية,قضية احتيال إلكتروني على بوابة المدفوعات (2026),قضية احتيال قيد المتابعة مع الجهات المختصة وتقدير الخسارة. المرجع SOC-2026-6823 · الجهة المعنية: وحدة الالتزام التنظيمي.,وحدة الالتزام التنظيمي,قيد المعالجة
INC-02004,2024-06-12,حرجة,شبكة الاتصالات الداخلية,حادثة رقم NSI-2024-100 - تصنيف اللجنة العليا,حادثة مصعّدة للجنة العليا لارتباطها بمواقع وطنية محددة. المرجع SOC-2024-5186 · الجهة المعنية: إدارة حوكمة البيانات.,إدارة حوكمة البيانات,قيد المراجعة
INC-02005,2024-05-21,متوسطة,نظام إدارة الأصول التقنية,تقييم الأثر الاستراتيجي لانقطاع نظام إدارة الأصول التقنية,دراسة استراتيجية لأثر الانقطاع على الالتزامات التعاقدية. المرجع SOC-2024-8900 · الجهة المعنية: فريق اختبار الاختراق.,فريق اختبار الاختراق,مغلق
INC-02006,2020-11-22,منخفضة,مركز البيانات الرئيسي,منشور توعوي عن التصيّد الإلكتروني - الاتصال المؤسسي الربع الثالث 2020,منشور توعوي عام يشرح مؤشرات الرسائل المشبوهة للجمهور. المرجع SOC-2020-1706 · الجهة المعنية: فريق اختبار الاختراق.,فريق اختبار الاختراق,مصعّد
INC-02007,2024-04-29,عالية,نظام إدارة الهوية المركزي,مؤشرات اختراق مستمرة في شريحة الشبكة 10,نشاط مستمر غير مفسر داخل شريحة إنتاجية وخطة الاحتواء المرحلية. المرجع SOC-2024-8613 · الجهة المعنية: فريق الاستجابة للحوادث.,,مصعّد
INC-02008,2022-10-24,عالية,نظام التحقق الرقمي,حادثة مساس بمتطلبات سيادة البيانات في نظام التحقق الرقمي,نقل بيانات خارج النطاق المصرح بما يخل بمتطلبات سيادة البيانات. المرجع SOC-2022-8716 · الجهة المعنية: إدارة استمرارية الأعمال.,إدارة استمرارية الأعمال,قيد المراجعة
INC-02009,2024-09-25,متوسطة,نظام إدارة الأصول التقنية,بلاغ عن ضياع جهاز يحتوي بيانات هوية منسوبين,فقدان جهاز محمول يحتوي ملفات بها بيانات هوية وتواصل. المرجع SOC-2024-9413 · الجهة المعنية: مركز العمليات السيبرانية.,مركز العمليات السيبرانية,مغلق بعد المراجعة
INC-02010,2019-06-16,متوسطة,منصة المراسلات الرسمية,مراجعة ما بعد الحادثة لمنصة المراسلات الرسمية,مراجعة تفصيلية لأسباب جذرية وثغرات ضبط لم تُعالج بعد. المرجع SOC-2019-9652 · الجهة المعنية: إدارة المخاطر التقنية.,إدارة المخاطر التقنية,قيد المعالجة
INC-02011,2019-11-27,عالية,بوابة المستفيدين,إساءة استخدام صلاحيات إدارية في بوابة المستفيدين,تحقيق في استخدام حساب إداري للوصول إلى سجلات خارج نطاق العمل. المرجع SOC-2019-9260 · الجهة المعنية: إدارة استمرارية الأعمال.,إدارة استمرارية الأعمال,مصعّد
INC-02012,2020-03-23,عالية,مركز البيانات الاحتياطي,قضية احتيال إلكتروني على بوابة المدفوعات (2020),قضية احتيال قيد المتابعة مع الجهات المختصة وتقدير الخسارة. المرجع SOC-2020-9607 · الجهة المعنية: إدارة حوكمة البيانات.,إدارة حوكمة البيانات,قيد المعالجة
INC-02013,2022-05-25,عالية,بوابة المستفيدين,كشف بيانات اعتماد إدارية في مستودع شيفرة خارجي,تحقيق في نشر بيانات اعتماد تشغيلية بمستودع عام وإجراءات الإبطال. المرجع SOC-2022-5127 · الجهة المعنية: إدارة حوكمة البيانات.,إدارة حوكمة البيانات,مصعّد
INC-02014,2022-02-14,متوسطة,بوابة المستفيدين,تسريب مستندات تفاوضية من بوابة المستفيدين,تحقيق في تسريب مستندات ذات قيمة تنافسية إلى خارج الجهة. المرجع SOC-2022-7407 · الجهة المعنية: فريق الاستجابة للحوادث.,فريق الاستجابة للحوادث,مغلق بعد المراجعة
INC-02015,2020-11-16,منخفضة,شبكة الاتصالات الداخلية,منشور توعوي عن التصيّد الإلكتروني - التخطيط والتطوير الربع الثاني 2020,منشور توعوي عام يشرح مؤشرات الرسائل المشبوهة للجمهور. المرجع SOC-2020-5941 · الجهة المعنية: وحدة الالتزام التنظيمي.,وحدة الالتزام التنظيمي,مغلق
INC-02016,2021-05-04,متوسطة,نظام إدارة الأصول التقنية,مؤشرات اختراق مستمرة في شريحة الشبكة 30,نشاط مستمر غير مفسر داخل شريحة إنتاجية وخطة الاحتواء المرحلية. المرجع SOC-2021-2141 · الجهة المعنية: إدارة أمن المعلومات.,إدارة أمن المعلومات,مصعّد
INC-02017,2019-01-24,متوسطة,شبكة الربط الحكومي,إساءة استخدام صلاحيات إدارية في شبكة الربط الحكومي,تحقيق في استخدام حساب إداري للوصول إلى سجلات خارج نطاق العمل. المرجع SOC-2019-7773 · الجهة المعنية: وحدة الالتزام التنظيمي.,وحدة الالتزام التنظيمي,قيد المعالجة
INC-02018,2022-07-02,حرجة,مركز البيانات الرئيسي,إنذار أمني بشأن منشأة نووي الاستخدام المدني في القطيف,إنذار تقني مرتبط بأنظمة منشأة نووي الاستخدام المدني. المرجع SOC-2022-8323 · الجهة المعنية: مركز العمليات السيبرانية.,مركز العمليات السيبرانية,مغلق
INC-02019,2020-06-27,متوسطة,شبكة الربط الحكومي,مراجعة ما بعد الحادثة لشبكة الربط الحكومي,مراجعة تفصيلية لأسباب جذرية وثغرات ضبط لم تُعالج بعد. المرجع SOC-2020-4102 · الجهة المعنية: إدارة حوكمة البيانات.,إدارة حوكمة البيانات,مغلق
INC-02020,2022-12-24,عالية,نظام إدارة الهوية المركزي,ثغرة حقن أوامر في نظام إدارة الهوية المركزي,تحقيق فني في ثغرة مكتشفة وتقييم قابلية الاستغلال وخطة المعالجة. المرجع SOC-2022-3021 · الجهة المعنية: مركز العمليات السيبرانية.,مركز العمليات السيبرانية,قيد المعالجة
INC-02021,2019-05-10,متوسطة,منصة المراسلات الرسمية,مذكرة داخلية عن ضبط صلاحيات منصة المراسلات الرسمية,مذكرة داخلية لتنظيم منح الصلاحيات ومراجعتها الدورية. المرجع SOC-2019-2582 · الجهة المعنية: إدارة أمن المعلومات.,إدارة أمن المعلومات,قيد المعالجة
INC-02022,2025-09-25,عالية,شبكة الربط الحكومي,هجوم فدية على شبكة الربط الحكومي - عرعر,قضية ابتزاز إلكتروني قيد المعالجة مع تقييم أثر التوقف التشغيلي. المرجع SOC-2025-3185 · الجهة المعنية: وحدة الالتزام التنظيمي.,وحدة الالتزام التنظيمي,مغلق بعد المراجعة
INC-02023,2021-01-29,متوسطة,منصة التحليلات المؤسسية,خطة الاستجابة الاستراتيجية لحوادث قطاع الحلول الحكومية,خطة استراتيجية لتصعيد الحوادث وتوزيع الأدوار بين الفرق. المرجع SOC-2021-3768 · الجهة المعنية: إدارة حوكمة البيانات.,إدارة حوكمة البيانات,قيد المراجعة
INC-02024,2023-06-01,عالية,نظام الأرشفة الإلكترونية,ثغرة ثغرة في سلسلة الإمداد في نظام الأرشفة الإلكترونية,تحقيق فني في ثغرة مكتشفة وتقييم قابلية الاستغلال وخطة المعالجة. المرجع SOC-2023-3821 · الجهة المعنية: إدارة حوكمة البيانات.,إدارة حوكمة البيانات,قيد المراجعة
INC-02025,2023-12-10,عالية,مركز البيانات الرئيسي,ثغرة ضعف في تشفير القنوات في مركز البيانات الرئيسي,تحقيق فني في ثغرة مكتشفة وتقييم قابلية الاستغلال وخطة المعالجة. المرجع SOC-2023-5204 · الجهة المعنية: فريق الاستجابة للحوادث.,فريق الاستجابة للحوادث,مصعّد
INC-02026,2025-04-04,حرجة,مركز البيانات الاحتياطي,تقرير استخبارات تهديد عن حملة تستهدف مركز البيانات الاحتياطي,تحليل استخبارات مصادر مفتوحة ومغلقة لحملة موجهة ضد جهات وطنية. المرجع SOC-2025-3899 · الجهة المعنية: إدارة المخاطر التقنية.,إدارة المخاطر التقنية,مصعّد
INC-02027,2023-11-17,عالية,نظام الأرشفة الإلكترونية,إساءة استخدام صلاحيات إدارية في نظام الأرشفة الإلكترونية,تحقيق في استخدام حساب إداري للوصول إلى سجلات خارج نطاق العمل. المرجع SOC-2023-1176 · الجهة المعنية: إدارة حوكمة البيانات.,إدارة حوكمة البيانات,قيد المراجعة
INC-02028,2020-02-05,عالية,بوابة المستفيدين,إساءة استخدام صلاحيات إدارية في بوابة المستفيدين,تحقيق في استخدام حساب إداري للوصول إلى سجلات خارج نطاق العمل. المرجع SOC-2020-8157 · الجهة المعنية: إدارة المخاطر التقنية.,إدارة المخاطر التقنية,مغلق بعد المراجعة
INC-02029,2022-10-05,عالية,نظام التخطيط المؤسسي,خطة الاستجابة الاستراتيجية لحوادث قطاع الشراكات,خطة استراتيجية لتصعيد الحوادث وتوزيع الأدوار بين الفرق. المرجع SOC-2022-1790 · الجهة المعنية: إدارة أمن المعلومات.,إدارة أمن المعلومات,قيد المراجعة
INC-02030,2025-07-13,عالية,منصة التوثيق الإلكتروني,اشتباه تسريب مفاتيح التشفير الخاصة بمنصة التوثيق الإلكتروني,مؤشرات على كشف مفاتيح التشفير المستخدمة في حماية قنوات وطنية. المرجع SOC-2025-5021 · الجهة المعنية: إدارة استمرارية الأعمال.,إدارة استمرارية الأعمال,مغلق بعد المراجعة
INC-02031,2023-09-27,حرجة,منصة تبادل البيانات الوطنية,اشتباه تسريب مفاتيح التشفير الخاصة بمنصة تبادل البيانات الوطنية,مؤشرات على كشف مفاتيح التشفير المستخدمة في حماية قنوات وطنية. المرجع SOC-2023-6483 · الجهة المعنية: مركز العمليات السيبرانية.,مركز العمليات السيبرانية,مصعّد
INC-02032,2023-12-03,متوسطة,منصة التوثيق الإلكتروني,مخالفة خصوصية في مشاركة سجلات المستفيدين,مشاركة سجلات دون تطبيق ضوابط خصوصية المستفيدين. المرجع SOC-2023-2708 · الجهة المعنية: وحدة الالتزام التنظيمي.,وحدة الالتزام التنظيمي,مصعّد
INC-02033,2026-06-13,منخفضة,منصة التحليلات المؤسسية,منشور توعوي عن التصيّد الإلكتروني - تقنية المعلومات الربع الثاني 2026,منشور توعوي عام يشرح مؤشرات الرسائل المشبوهة للجمهور. المرجع SOC-2026-6963 · الجهة المعنية: إدارة أمن المعلومات.,إدارة أمن المعلومات,مغلق
INC-02034,2023-04-12,عالية,منصة التوثيق الإلكتروني,مؤشرات اختراق مستمرة في شريحة الشبكة 213,نشاط مستمر غير مفسر داخل شريحة إنتاجية وخطة الاحتواء المرحلية. المرجع SOC-2023-1399 · الجهة المعنية: وحدة الالتزام التنظيمي.,وحدة الالتزام التنظيمي,قيد المراجعة
INC-02035,2025-03-09,عالية,نظام الأرشفة الإلكترونية,اشتباه اختراق مرتبط بمواقع تخزين أسلحة خاضعة للرقابة,محاولة وصول إلى سجلات مواقع أسلحة ومواد خاضعة للرقابة. المرجع SOC-2025-3166 · الجهة المعنية: فريق الاستجابة للحوادث.,,قيد المعالجة
INC-02036,2021-01-13,متوسطة,منصة المراسلات الرسمية,نتائج اختبار اختراق منصة المراسلات الرسمية - الربع الأول 2021,تحقيق هجومي كشف مسارات حقن أوامر قابلة للاستغلال. المرجع SOC-2021-1267 · الجهة المعنية: إدارة حوكمة البيانات.,إدارة حوكمة البيانات,قيد المعالجة
INC-02037,2023-10-06,عالية,بوابة المستفيدين,تسريب مستندات تفاوضية من بوابة المستفيدين,تحقيق في تسريب مستندات ذات قيمة تنافسية إلى خارج الجهة. المرجع SOC-2023-7806 · الجهة المعنية: فريق الاستجابة للحوادث.,فريق الاستجابة للحوادث,مغلق بعد المراجعة
INC-02038,2024-01-16,متوسطة,مركز البيانات الاحتياطي,مراجعة ما بعد الحادثة لمركز البيانات الاحتياطي,مراجعة تفصيلية لأسباب جذرية وثغرات ضبط لم تُعالج بعد. المرجع SOC-2024-3830 · الجهة المعنية: إدارة استمرارية الأعمال.,إدارة استمرارية الأعمال,قيد المعالجة
INC-02039,2021-08-31,متوسطة,نظام النسخ الاحتياطي المركزي,إساءة استخدام صلاحيات إدارية في نظام النسخ الاحتياطي المركزي,تحقيق في استخدام حساب إداري للوصول إلى سجلات خارج نطاق العمل. المرجع SOC-2021-5253 · الجهة المعنية: مركز العمليات السيبرانية.,مركز العمليات السيبرانية,مغلق
INC-02040,2024-06-24,عالية,شبكة الاتصالات الداخلية,إساءة استخدام صلاحيات إدارية في شبكة الاتصالات الداخلية,تحقيق في استخدام حساب إداري للوصول إلى سجلات خارج نطاق العمل. المرجع SOC-2024-2045 · الجهة المعنية: إدارة حوكمة البيانات.,إدارة حوكمة البيانات,مصعّد
INC-02041,2023-09-30,منخفضة,مركز البيانات الاحتياطي,مخالفة خصوصية في مشاركة سجلات المستفيدين,مشاركة سجلات دون تطبيق ضوابط خصوصية المستفيدين. المرجع SOC-2023-4045 · الجهة المعنية: فريق اختبار الاختراق.,فريق اختبار الاختراق,مغلق بعد المراجعة
INC-02042,2019-12-18,متوسطة,نظام الأرشفة الإلكترونية,اختراق في سلسلة الإمداد عبر مكوّن طرف ثالث (2019),تحقيق في مكوّن مورد يحتوي شيفرة غير موثوقة داخل بيئة الإنتاج. المرجع SOC-2019-7507 · الجهة المعنية: إدارة استمرارية الأعمال.,إدارة استمرارية الأعمال,قيد المراجعة
INC-02043,2025-09-16,حرجة,بوابة الموردين الإلكترونية,محاولة اختراق أنظمة التحكم في محطة تحلية مياه,رصد نشاط جهة تهديد داخلية يستهدف أنظمة تحكم منشأة حيوية وطنية. المرجع SOC-2025-8751 · الجهة المعنية: إدارة أمن المعلومات.,إدارة أمن المعلومات,قيد المعالجة
INC-02044,2020-02-03,متوسطة,منصة المراسلات الرسمية,إساءة استخدام صلاحيات إدارية في منصة المراسلات الرسمية,تحقيق في استخدام حساب إداري للوصول إلى سجلات خارج نطاق العمل. المرجع SOC-2020-8540 · الجهة المعنية: مركز العمليات السيبرانية.,مركز العمليات السيبرانية,مغلق
INC-02045,2021-06-15,عالية,نظام النسخ الاحتياطي المركزي,كشف بيانات اعتماد إدارية في مستودع شيفرة خارجي,تحقيق في نشر بيانات اعتماد تشغيلية بمستودع عام وإجراءات الإبطال. المرجع SOC-2021-6487 · الجهة المعنية: إدارة حوكمة البيانات.,إدارة حوكمة البيانات,قيد المراجعة
INC-02046,2024-02-25,عالية,شبكة الربط الحكومي,تسريب مستندات تفاوضية من شبكة الربط الحكومي,تحقيق في تسريب مستندات ذات قيمة تنافسية إلى خارج الجهة. المرجع SOC-2024-9048 · الجهة المعنية: مركز العمليات السيبرانية.,,مصعّد
INC-02047,2021-07-06,متوسطة,منصة تبادل البيانات الوطنية,قضية احتيال إلكتروني على بوابة المدفوعات (2021),قضية احتيال قيد المتابعة مع الجهات المختصة وتقدير الخسارة. المرجع SOC-2021-5019 · الجهة المعنية: مركز العمليات السيبرانية.,مركز العمليات السيبرانية,قيد المراجعة
INC-02048,2025-11-30,عالية,بوابة الموردين الإلكترونية,محاولة اختراق أنظمة التحكم في محطة توليد كهربائي,رصد نشاط جهة تهديد مدعومة يستهدف أنظمة تحكم منشأة حيوية وطنية. المرجع SOC-2025-2066 · الجهة المعنية: إدارة المخاطر التقنية.,إدارة المخاطر التقنية,قيد المعالجة
INC-02049,2020-06-21,عالية,بوابة المستفيدين,مؤشرات اختراق مستمرة في شريحة الشبكة 94,نشاط مستمر غير مفسر داخل شريحة إنتاجية وخطة الاحتواء المرحلية. المرجع SOC-2020-9548 · الجهة المعنية: إدارة استمرارية الأعمال.,إدارة استمرارية الأعمال,مغلق بعد المراجعة
INC-02050,2026-02-02,متوسطة,نظام النسخ الاحتياطي المركزي,مراجعة ما بعد الحادثة لنظام النسخ الاحتياطي المركزي,مراجعة تفصيلية لأسباب جذرية وثغرات ضبط لم تُعالج بعد. المرجع SOC-2026-3783 · الجهة المعنية: فريق اختبار الاختراق.,فريق اختبار الاختراق,مغلق
INC-02051,2021-09-26,متوسطة,نظام إدارة الأصول التقنية,خطة الاستجابة الاستراتيجية لحوادث قطاع العمليات,خطة استراتيجية لتصعيد الحوادث وتوزيع الأدوار بين الفرق. المرجع SOC-2021-7974 · الجهة المعنية: مركز العمليات السيبرانية.,مركز العمليات السيبرانية,قيد المعالجة
INC-02052,2023-10-29,حرجة,شبكة الربط الحكومي,حادثة مساس بمتطلبات سيادة البيانات في شبكة الربط الحكومي,نقل بيانات خارج النطاق المصرح بما يخل بمتطلبات سيادة البيانات. المرجع SOC-2023-7965 · الجهة المعنية: إدارة حوكمة البيانات.,إدارة حوكمة البيانات,مصعّد
INC-02053,2022-02-13,عالية,منصة تبادل البيانات الوطنية,حادثة رقم NSI-2022-821 - تصنيف اللجنة العليا,حادثة مصعّدة للجنة العليا لارتباطها بمواقع وطنية محددة. المرجع SOC-2022-9116 · الجهة المعنية: إدارة حوكمة البيانات.,إدارة حوكمة البيانات,قيد المعالجة
INC-02054,2022-07-13,عالية,مركز البيانات الرئيسي,كشف بيانات اعتماد إدارية في مستودع شيفرة خارجي,تحقيق في نشر بيانات اعتماد تشغيلية بمستودع عام وإجراءات الإبطال. المرجع SOC-2022-5505 · الجهة المعنية: فريق اختبار الاختراق.,فريق اختبار الاختراق,مغلق بعد المراجعة
INC-02055,2024-01-13,متوسطة,منصة التوثيق الإلكتروني,نتائج اختبار اختراق منصة التوثيق الإلكتروني - الربع الثاني 2024,تحقيق هجومي كشف مسارات تنفيذ أوامر عن بُعد قابلة للاستغلال. المرجع SOC-2024-2535 · الجهة المعنية: إدارة أمن المعلومات.,إدارة أمن المعلومات,مغلق بعد المراجعة
INC-02056,2023-05-10,متوسطة,منصة الاجتماعات المؤمّنة,مؤشرات اختراق مستمرة في شريحة الشبكة 14,نشاط مستمر غير مفسر داخل شريحة إنتاجية وخطة الاحتواء المرحلية. المرجع SOC-2023-4930 · الجهة المعنية: فريق الاستجابة للحوادث.,فريق الاستجابة للحوادث,مغلق
INC-02057,2022-04-10,متوسطة,منصة المراسلات الرسمية,تسريب مستندات تفاوضية من منصة المراسلات الرسمية,تحقيق في تسريب مستندات ذات قيمة تنافسية إلى خارج الجهة. المرجع SOC-2022-9627 · الجهة المعنية: فريق الاستجابة للحوادث.,فريق الاستجابة للحوادث,مغلق
INC-02058,2020-12-14,حرجة,منصة الاجتماعات المؤمّنة,رصد تحركات القوات في بيانات تتبع مسربة,ظهور بيانات تحركات القوات ضمن مجموعة بيانات مسربة قيد الفحص. المرجع SOC-2020-9529 · الجهة المعنية: إدارة أمن المعلومات.,إدارة أمن المعلومات,مغلق بعد المراجعة
INC-02059,2026-04-27,حرجة,منصة المراسلات الرسمية,اشتباه تسريب مفاتيح التشفير الخاصة بمنصة المراسلات الرسمية,مؤشرات على كشف مفاتيح التشفير المستخدمة في حماية قنوات وطنية. المرجع SOC-2026-9230 · الجهة المعنية: وحدة الالتزام التنظيمي.,وحدة الالتزام التنظيمي,مغلق
INC-02060,2022-09-27,عالية,شبكة الاتصالات الداخلية,إساءة استخدام صلاحيات إدارية في شبكة الاتصالات الداخلية,تحقيق في استخدام حساب إداري للوصول إلى سجلات خارج نطاق العمل. المرجع SOC-2022-1797 · الجهة المعنية: إدارة أمن المعلومات.,إدارة أمن المعلومات,قيد المراجعة
INC-02061,2019-05-26,متوسطة,منصة التوثيق الإلكتروني,تسريب مستندات تفاوضية من منصة التوثيق الإلكتروني,تحقيق في تسريب مستندات ذات قيمة تنافسية إلى خارج الجهة. المرجع SOC-2019-5829 · الجهة المعنية: إدارة أمن المعلومات.,إدارة أمن المعلومات,مغلق
INC-02062,2021-05-29,عالية,نظام إدارة العقود,إساءة استخدام صلاحيات إدارية في نظام إدارة العقود,تحقيق في استخدام حساب إداري للوصول إلى سجلات خارج نطاق العمل. المرجع SOC-2021-6255 · الجهة المعنية: وحدة الالتزام التنظيمي.,وحدة الالتزام التنظيمي,مصعّد
INC-02063,2026-05-14,حرجة,نظام التخطيط المؤسسي,محاولة اختراق أنظمة التحكم في شبكة الاتصالات الوطنية,رصد نشاط جهة تهديد مدعومة يستهدف أنظمة تحكم منشأة حيوية وطنية. المرجع SOC-2026-3763 · الجهة المعنية: فريق الاستجابة للحوادث.,فريق الاستجابة للحوادث,مصعّد
INC-02064,2022-12-28,متوسطة,منصة التوثيق الإلكتروني,كشف بيانات اعتماد إدارية في مستودع شيفرة خارجي,تحقيق في نشر بيانات اعتماد تشغيلية بمستودع عام وإجراءات الإبطال. المرجع SOC-2022-7082 · الجهة المعنية: وحدة الالتزام التنظيمي.,وحدة الالتزام التنظيمي,قيد المراجعة
INC-02065,2020-08-29,متوسطة,منصة تبادل البيانات الوطنية,مؤشرات اختراق مستمرة في شريحة الشبكة 160,نشاط مستمر غير مفسر داخل شريحة إنتاجية وخطة الاحتواء المرحلية. المرجع SOC-2020-3048 · الجهة المعنية: فريق اختبار الاختراق.,فريق اختبار الاختراق,مغلق
INC-02066,2025-10-05,منخفضة,شبكة الاتصالات الداخلية,منشور توعوي عن التصيّد الإلكتروني - ضبط الجودة الربع الرابع 2025,منشور توعوي عام يشرح مؤشرات الرسائل المشبوهة للجمهور. المرجع SOC-2025-1653 · الجهة المعنية: إدارة المخاطر التقنية.,إدارة المخاطر التقنية,مغلق
INC-02067,2022-07-05,عالية,بوابة الموردين الإلكترونية,كشف بيانات اعتماد إدارية في مستودع شيفرة خارجي,تحقيق في نشر بيانات اعتماد تشغيلية بمستودع عام وإجراءات الإبطال. المرجع SOC-2022-4205 · الجهة المعنية: إدارة أمن المعلومات.,إدارة أمن المعلومات,قيد المراجعة
INC-02068,2023-09-18,منخفضة,منصة الخدمات الحكومية الموحدة,تصريح عن اكتمال تحديث أمني في منصة الخدمات الحكومية الموحدة - 2023,تصريح رسمي عن اكتمال التحديث دون كشف تفاصيل فنية. المرجع SOC-2023-8887 · الجهة المعنية: إدارة أمن المعلومات.,إدارة أمن المعلومات,مغلق
INC-02069,2022-03-17,عالية,شبكة الربط الحكومي,نتائج اختبار اختراق شبكة الربط الحكومي - الربع الثاني 2022,تحقيق هجومي كشف مسارات رفع صلاحيات قابلة للاستغلال. المرجع SOC-2022-3413 · الجهة المعنية: إدارة أمن المعلومات.,إدارة أمن المعلومات,قيد المعالجة
INC-02070,2021-09-16,منخفضة,مركز البيانات الاحتياطي,مشاركة مخطط الشبكة مع مورد دون تصريح,إرسال مخطط الشبكة الداخلية لمورد خارج قناة الاعتماد. المرجع SOC-2021-7656 · الجهة المعنية: إدارة أمن المعلومات.,إدارة أمن المعلومات,قيد المعالجة
INC-02071,2025-02-01,منخفضة,نظام التحقق الرقمي,محاولة تصيّد موجهة لمنسوبي التدقيق الداخلي,رسائل تصيّد تطلب بيانات هوية ودخول من الموظفين. المرجع SOC-2025-7717 · الجهة المعنية: فريق الاستجابة للحوادث.,فريق الاستجابة للحوادث,مغلق
INC-02072,2020-10-28,عالية,نظام النسخ الاحتياطي المركزي,خطة الاستجابة الاستراتيجية لحوادث قطاع البنية التحتية,خطة استراتيجية لتصعيد الحوادث وتوزيع الأدوار بين الفرق. المرجع SOC-2020-6153 · الجهة المعنية: وحدة الالتزام التنظيمي.,وحدة الالتزام التنظيمي,قيد المراجعة
INC-02073,2020-04-27,عالية,نظام إدارة الهوية المركزي,حجب خدمة موزع على نظام إدارة الهوية المركزي - الجبيل,تحقيق في هجوم حجب خدمة أثّر على توفر المنصة وخطة الصد. المرجع SOC-2020-7882 · الجهة المعنية: وحدة الالتزام التنظيمي.,,قيد المعالجة
INC-02074,2025-08-17,عالية,منصة تبادل البيانات الوطنية,كشف بيانات اعتماد إدارية في مستودع شيفرة خارجي,تحقيق في نشر بيانات اعتماد تشغيلية بمستودع عام وإجراءات الإبطال. المرجع SOC-2025-7549 · الجهة المعنية: وحدة الالتزام التنظيمي.,وحدة الالتزام التنظيمي,مغلق بعد المراجعة
INC-02075,2023-05-22,عالية,منصة تبادل البيانات الوطنية,إحاطة عاجلة للمركز الوطني بشأن حادثة حائل,إحاطة تتضمن مؤشرات اختراق ومواقع تأثير لا يجوز تداولها. المرجع SOC-2023-5798 · الجهة المعنية: مركز العمليات السيبرانية.,مركز العمليات السيبرانية,قيد المراجعة
INC-02076,2025-05-29,متوسطة,بوابة الموردين الإلكترونية,كشف بيانات اعتماد إدارية في مستودع شيفرة خارجي,تحقيق في نشر بيانات اعتماد تشغيلية بمستودع عام وإجراءات الإبطال. المرجع SOC-2025-4207 · الجهة المعنية: إدارة المخاطر التقنية.,إدارة المخاطر التقنية,قيد المراجعة
INC-02077,2019-04-15,عالية,منصة الخدمات الحكومية الموحدة,ثغرة ضعف في تشفير القنوات في منصة الخدمات الحكومية الموحدة,تحقيق فني في ثغرة مكتشفة وتقييم قابلية الاستغلال وخطة المعالجة. المرجع SOC-2019-2422 · الجهة المعنية: إدارة أمن المعلومات.,إدارة أمن المعلومات,مغلق
INC-02078,2025-02-13,متوسطة,منصة المراسلات الرسمية,هجوم فدية على منصة المراسلات الرسمية - الخبر,قضية ابتزاز إلكتروني قيد المعالجة مع تقييم أثر التوقف التشغيلي. المرجع SOC-2025-9428 · الجهة المعنية: وحدة الالتزام التنظيمي.,وحدة الالتزام التنظيمي,مغلق بعد المراجعة
INC-02079,2025-01-20,عالية,نظام التحقق الرقمي,تقرير استخبارات تهديد عن حملة تستهدف نظام التحقق الرقمي,تحليل استخبارات مصادر مفتوحة ومغلقة لحملة موجهة ضد جهات وطنية. المرجع SOC-2025-5650 · الجهة المعنية: فريق اختبار الاختراق.,فريق اختبار الاختراق,قيد المعالجة
INC-02080,2025-05-27,عالية,بوابة المدفوعات الوطنية,كشف بيانات اعتماد إدارية في مستودع شيفرة خارجي,تحقيق في نشر بيانات اعتماد تشغيلية بمستودع عام وإجراءات الإبطال. المرجع SOC-2025-2739 · الجهة المعنية: إدارة أمن المعلومات.,إدارة أمن المعلومات,قيد المراجعة
INC-02081,2023-03-23,متوسطة,منصة التحليلات المؤسسية,كشف بيانات اعتماد إدارية في مستودع شيفرة خارجي,تحقيق في نشر بيانات اعتماد تشغيلية بمستودع عام وإجراءات الإبطال. المرجع SOC-2023-5754 · الجهة المعنية: إدارة حوكمة البيانات.,إدارة حوكمة البيانات,مصعّد
INC-02082,2019-12-17,متوسطة,نظام التحقق الرقمي,مخالفة خصوصية في مشاركة سجلات المستفيدين,مشاركة سجلات دون تطبيق ضوابط خصوصية المستفيدين. المرجع SOC-2019-5487 · الجهة المعنية: مركز العمليات السيبرانية.,مركز العمليات السيبرانية,مغلق بعد المراجعة
INC-02083,2019-10-12,متوسطة,نظام الأرشفة الإلكترونية,قضية احتيال إلكتروني على بوابة المدفوعات (2019),قضية احتيال قيد المتابعة مع الجهات المختصة وتقدير الخسارة. المرجع SOC-2019-9600 · الجهة المعنية: فريق اختبار الاختراق.,فريق اختبار الاختراق,مغلق
INC-02084,2023-01-28,متوسطة,نظام إدارة الأصول التقنية,قضية احتيال إلكتروني على بوابة المدفوعات (2023),قضية احتيال قيد المتابعة مع الجهات المختصة وتقدير الخسارة. المرجع SOC-2023-8241 · الجهة المعنية: مركز العمليات السيبرانية.,مركز العمليات السيبرانية,مغلق بعد المراجعة
INC-02085,2020-03-02,متوسطة,نظام إدارة الأصول التقنية,مراجعة ما بعد الحادثة لنظام إدارة الأصول التقنية,مراجعة تفصيلية لأسباب جذرية وثغرات ضبط لم تُعالج بعد. المرجع SOC-2020-8689 · الجهة المعنية: إدارة المخاطر التقنية.,إدارة المخاطر التقنية,قيد المعالجة
INC-02086,2024-12-28,عالية,بوابة المدفوعات الوطنية,قضية احتيال إلكتروني على بوابة المدفوعات (2024),قضية احتيال قيد المتابعة مع الجهات المختصة وتقدير الخسارة. المرجع SOC-2024-5613 · الجهة المعنية: إدارة أمن المعلومات.,إدارة أمن المعلومات,قيد المراجعة
INC-02087,2022-10-01,عالية,نظام إدارة العقود,قضية احتيال إلكتروني على بوابة المدفوعات (2022),قضية احتيال قيد المتابعة مع الجهات المختصة وتقدير الخسارة. المرجع SOC-2022-2220 · الجهة المعنية: إدارة حوكمة البيانات.,إدارة حوكمة البيانات,مصعّد
INC-02088,2019-09-01,متوسطة,منصة المراسلات الرسمية,تسريب مستندات تفاوضية من منصة المراسلات الرسمية,تحقيق في تسريب مستندات ذات قيمة تنافسية إلى خارج الجهة. المرجع SOC-2019-7886 · الجهة المعنية: فريق اختبار الاختراق.,فريق اختبار الاختراق,مغلق
INC-02089,2022-03-09,عالية,نظام إدارة العقود,خطة الاستجابة الاستراتيجية لحوادث قطاع الشراكات,خطة استراتيجية لتصعيد الحوادث وتوزيع الأدوار بين الفرق. المرجع SOC-2022-8577 · الجهة المعنية: إدارة المخاطر التقنية.,إدارة المخاطر التقنية,قيد المراجعة
INC-02090,2020-03-03,متوسطة,نظام النسخ الاحتياطي المركزي,كشف بيانات اعتماد إدارية في مستودع شيفرة خارجي,تحقيق في نشر بيانات اعتماد تشغيلية بمستودع عام وإجراءات الإبطال. المرجع SOC-2020-9750 · الجهة المعنية: إدارة أمن المعلومات.,إدارة أمن المعلومات,مغلق بعد المراجعة
INC-02091,2025-01-31,منخفضة,نظام إدارة الهوية المركزي,مشاركة مخطط الشبكة مع مورد دون تصريح,إرسال مخطط الشبكة الداخلية لمورد خارج قناة الاعتماد. المرجع SOC-2025-8880 · الجهة المعنية: إدارة أمن المعلومات.,,مغلق
INC-02092,2020-01-01,منخفضة,منصة تبادل البيانات الوطنية,محاولة تصيّد موجهة لمنسوبي التخطيط والتطوير,رسائل تصيّد تطلب بيانات هوية ودخول من الموظفين. المرجع SOC-2020-3399 · الجهة المعنية: مركز العمليات السيبرانية.,مركز العمليات السيبرانية,قيد المعالجة
INC-02093,2019-06-25,عالية,نظام إدارة العقود,إساءة استخدام صلاحيات إدارية في نظام إدارة العقود,تحقيق في استخدام حساب إداري للوصول إلى سجلات خارج نطاق العمل. المرجع SOC-2019-1471 · الجهة المعنية: إدارة استمرارية الأعمال.,إدارة استمرارية الأعمال,قيد المعالجة
INC-02094,2019-12-03,عالية,نظام التحقق الرقمي,رصد تحركات القوات في بيانات تتبع مسربة,ظهور بيانات تحركات القوات ضمن مجموعة بيانات مسربة قيد الفحص. المرجع SOC-2019-5000 · الجهة المعنية: فريق اختبار الاختراق.,فريق اختبار الاختراق,مصعّد
INC-02095,2020-05-09,عالية,نظام إدارة الهوية المركزي,حادثة مساس بمتطلبات سيادة البيانات في نظام إدارة الهوية المركزي,نقل بيانات خارج النطاق المصرح بما يخل بمتطلبات سيادة البيانات. المرجع SOC-2020-7793 · الجهة المعنية: مركز العمليات السيبرانية.,مركز العمليات السيبرانية,قيد المراجعة
INC-02096,2025-08-30,متوسطة,منصة التحليلات المؤسسية,مراجعة ما بعد الحادثة لمنصة التحليلات المؤسسية,مراجعة تفصيلية لأسباب جذرية وثغرات ضبط لم تُعالج بعد. المرجع SOC-2025-2265 · الجهة المعنية: فريق اختبار الاختراق.,فريق اختبار الاختراق,قيد المعالجة
INC-02097,2023-04-05,متوسطة,بوابة المستفيدين,كشف بيانات اعتماد إدارية في مستودع شيفرة خارجي,تحقيق في نشر بيانات اعتماد تشغيلية بمستودع عام وإجراءات الإبطال. المرجع SOC-2023-3148 · الجهة المعنية: إدارة حوكمة البيانات.,إدارة حوكمة البيانات,مغلق
INC-02098,2024-07-04,عالية,مركز البيانات الرئيسي,مؤشرات اختراق مستمرة في شريحة الشبكة 153,نشاط مستمر غير مفسر داخل شريحة إنتاجية وخطة الاحتواء المرحلية. المرجع SOC-2024-7925 · الجهة المعنية: مركز العمليات السيبرانية.,مركز العمليات السيبرانية,مغلق بعد المراجعة
INC-02099,2021-12-22,متوسطة,منصة الخدمات الحكومية الموحدة,نتائج اختبار اختراق منصة الخدمات الحكومية الموحدة - الربع الثالث 2021,تحقيق هجومي كشف مسارات تجاوز مصادقة قابلة للاستغلال. المرجع SOC-2021-4177 · الجهة المعنية: إدارة استمرارية الأعمال.,إدارة استمرارية الأعمال,مغلق
INC-02100,2022-09-09,حرجة,بوابة الموردين الإلكترونية,اختراق شبكة ربط تخدم منشأة حيوية في ينبع,وصول غير مصرح إلى شريحة شبكة تخدم منشأة حيوية وخطة العزل الفوري. المرجع SOC-2022-5599 · الجهة المعنية: إدارة حوكمة البيانات.,إدارة حوكمة البيانات,قيد المراجعة
INC-02101,2024-05-17,منخفضة,نظام النسخ الاحتياطي المركزي,مذكرة داخلية عن ضبط صلاحيات نظام النسخ الاحتياطي المركزي,مذكرة داخلية لتنظيم منح الصلاحيات ومراجعتها الدورية. المرجع SOC-2024-9339 · الجهة المعنية: فريق اختبار الاختراق.,فريق اختبار الاختراق,قيد المراجعة
INC-02102,2020-06-02,متوسطة,بوابة المستفيدين,حجب خدمة موزع على بوابة المستفيدين - ينبع,تحقيق في هجوم حجب خدمة أثّر على توفر المنصة وخطة الصد. المرجع SOC-2020-8735 · الجهة المعنية: إدارة حوكمة البيانات.,إدارة حوكمة البيانات,مغلق بعد المراجعة
INC-02103,2022-10-23,متوسطة,نظام النسخ الاحتياطي المركزي,محاولة وصول غير مصرح إلى مواقع تخزين النسخ الاحتياطية,محاولات متكررة للوصول إلى مواقع تخزين النسخ خارج ساعات العمل. المرجع SOC-2022-8473 · الجهة المعنية: إدارة حوكمة البيانات.,إدارة حوكمة البيانات,مغلق
INC-02104,2022-12-27,عالية,بوابة المستفيدين,اختراق شبكة ربط تخدم منشأة حيوية في سكاكا,وصول غير مصرح إلى شريحة شبكة تخدم منشأة حيوية وخطة العزل الفوري. المرجع SOC-2022-9589 · الجهة المعنية: مركز العمليات السيبرانية.,مركز العمليات السيبرانية,قيد المراجعة
INC-02105,2023-09-08,حرجة,منصة التحليلات المؤسسية,تنسيق عمليات أمنية مشتركة بعد حادثة عرعر,إجراءات عمليات أمنية مشتركة مع جهات وطنية عقب الحادثة. المرجع SOC-2023-8828 · الجهة المعنية: إدارة حوكمة البيانات.,,قيد المعالجة
INC-02106,2024-11-20,عالية,نظام التخطيط المؤسسي,تهديد بتعطيل منظومة ذات استخدام عسكري مساند,بلاغ عن استهداف منظومة عسكري الاستخدام مرتبطة بالجهة. المرجع SOC-2024-7024 · الجهة المعنية: إدارة المخاطر التقنية.,إدارة المخاطر التقنية,قيد المعالجة
INC-02107,2025-03-01,متوسطة,نظام النسخ الاحتياطي المركزي,ثغرة ضعف في تشفير القنوات في نظام النسخ الاحتياطي المركزي,تحقيق فني في ثغرة مكتشفة وتقييم قابلية الاستغلال وخطة المعالجة. المرجع SOC-2025-7343 · الجهة المعنية: فريق اختبار الاختراق.,فريق اختبار الاختراق,مغلق بعد المراجعة
INC-02108,2022-04-12,حرجة,نظام الأرشفة الإلكترونية,إحاطة عاجلة للمركز الوطني بشأن حادثة الأحساء,إحاطة تتضمن مؤشرات اختراق ومواقع تأثير لا يجوز تداولها. المرجع SOC-2022-4479 · الجهة المعنية: وحدة الالتزام التنظيمي.,وحدة الالتزام التنظيمي,قيد المعالجة
INC-02109,2025-06-12,متوسطة,منصة الخدمات الحكومية الموحدة,خطة الاستجابة الاستراتيجية لحوادث قطاع العمليات,خطة استراتيجية لتصعيد الحوادث وتوزيع الأدوار بين الفرق. المرجع SOC-2025-7691 · الجهة المعنية: إدارة المخاطر التقنية.,إدارة المخاطر التقنية,قيد المراجعة
INC-02110,2026-01-29,متوسطة,نظام التخطيط المؤسسي,نتائج اختبار اختراق نظام التخطيط المؤسسي - الربع الثالث 2026,تحقيق هجومي كشف مسارات كشف بيانات حساسة قابلة للاستغلال. المرجع SOC-2026-3874 · الجهة المعنية: إدارة حوكمة البيانات.,إدارة حوكمة البيانات,قيد المراجعة
INC-02111,2020-03-01,متوسطة,شبكة الاتصالات الداخلية,اختراق في سلسلة الإمداد عبر مكوّن طرف ثالث (2020),تحقيق في مكوّن مورد يحتوي شيفرة غير موثوقة داخل بيئة الإنتاج. المرجع SOC-2020-7297 · الجهة المعنية: فريق الاستجابة للحوادث.,فريق الاستجابة للحوادث,قيد المعالجة
INC-02112,2021-07-20,متوسطة,بوابة الموردين الإلكترونية,كشف بيانات اعتماد إدارية في مستودع شيفرة خارجي,تحقيق في نشر بيانات اعتماد تشغيلية بمستودع عام وإجراءات الإبطال. المرجع SOC-2021-5766 · الجهة المعنية: إدارة حوكمة البيانات.,إدارة حوكمة البيانات,قيد المراجعة
INC-02113,2020-02-17,متوسطة,بوابة المدفوعات الوطنية,خطة الاستجابة الاستراتيجية لحوادث قطاع العمليات,خطة استراتيجية لتصعيد الحوادث وتوزيع الأدوار بين الفرق. المرجع SOC-2020-9983 · الجهة المعنية: فريق اختبار الاختراق.,فريق اختبار الاختراق,قيد المعالجة
INC-02114,2020-12-25,متوسطة,نظام التخطيط المؤسسي,إساءة استخدام صلاحيات إدارية في نظام التخطيط المؤسسي,تحقيق في استخدام حساب إداري للوصول إلى سجلات خارج نطاق العمل. المرجع SOC-2020-8635 · الجهة المعنية: إدارة أمن المعلومات.,إدارة أمن المعلومات,قيد المعالجة
INC-02115,2022-12-19,عالية,نظام إدارة العقود,إساءة استخدام صلاحيات إدارية في نظام إدارة العقود,تحقيق في استخدام حساب إداري للوصول إلى سجلات خارج نطاق العمل. المرجع SOC-2022-2063 · الجهة المعنية: إدارة المخاطر التقنية.,إدارة المخاطر التقنية,مصعّد
INC-02116,2022-11-16,حرجة,منصة الخدمات الحكومية الموحدة,محاولة اختراق أنظمة التحكم في شبكة الاتصالات الوطنية,رصد نشاط مجموعة تهديد متقدمة يستهدف أنظمة تحكم منشأة حيوية وطنية. المرجع SOC-2022-4698 · الجهة المعنية: فريق اختبار الاختراق.,فريق اختبار الاختراق,قيد المعالجة
INC-02117,2023-02-17,عالية,نظام التخطيط المؤسسي,مراجعة ما بعد الحادثة لنظام التخطيط المؤسسي,مراجعة تفصيلية لأسباب جذرية وثغرات ضبط لم تُعالج بعد. المرجع SOC-2023-6683 · الجهة المعنية: مركز العمليات السيبرانية.,مركز العمليات السيبرانية,مغلق بعد المراجعة
INC-02118,2026-05-17,عالية,مركز البيانات الاحتياطي,حادثة مساس بمتطلبات سيادة البيانات في مركز البيانات الاحتياطي,نقل بيانات خارج النطاق المصرح بما يخل بمتطلبات سيادة البيانات. المرجع SOC-2026-7767 · الجهة المعنية: فريق الاستجابة للحوادث.,فريق الاستجابة للحوادث,مغلق بعد المراجعة
INC-02119,2023-06-13,عالية,شبكة الاتصالات الداخلية,خطة الاستجابة الاستراتيجية لحوادث قطاع البنية التحتية,خطة استراتيجية لتصعيد الحوادث وتوزيع الأدوار بين الفرق. المرجع SOC-2023-2354 · الجهة المعنية: إدارة أمن المعلومات.,إدارة أمن المعلومات,مغلق
INC-02120,2023-05-17,عالية,نظام التخطيط المؤسسي,تسريب مستندات تفاوضية من نظام التخطيط المؤسسي,تحقيق في تسريب مستندات ذات قيمة تنافسية إلى خارج الجهة. المرجع SOC-2023-4283 · الجهة المعنية: فريق اختبار الاختراق.,فريق اختبار الاختراق,قيد المعالجة
INC-02121,2025-08-22,متوسطة,منصة تبادل البيانات الوطنية,قضية احتيال إلكتروني على بوابة المدفوعات (2025),قضية احتيال قيد المتابعة مع الجهات المختصة وتقدير الخسارة. المرجع SOC-2025-6766 · الجهة المعنية: وحدة الالتزام التنظيمي.,وحدة الالتزام التنظيمي,مصعّد
INC-02122,2019-05-18,متوسطة,نظام النسخ الاحتياطي المركزي,مؤشرات اختراق مستمرة في شريحة الشبكة 69,نشاط مستمر غير مفسر داخل شريحة إنتاجية وخطة الاحتواء المرحلية. المرجع SOC-2019-2950 · الجهة المعنية: إدارة المخاطر التقنية.,إدارة المخاطر التقنية,مغلق بعد المراجعة
INC-02123,2024-03-22,عالية,منصة التحليلات المؤسسية,كشف بيانات اعتماد إدارية في مستودع شيفرة خارجي,تحقيق في نشر بيانات اعتماد تشغيلية بمستودع عام وإجراءات الإبطال. المرجع SOC-2024-6358 · الجهة المعنية: إدارة حوكمة البيانات.,إدارة حوكمة البيانات,مغلق بعد المراجعة
INC-02124,2025-12-31,منخفضة,مركز البيانات الاحتياطي,كشف غير مقصود لبيانات شخصية في مركز البيانات الاحتياطي,إعداد خاطئ أدى لظهور بيانات شخصية لعدد محدود من المستفيدين. المرجع SOC-2025-2349 · الجهة المعنية: إدارة استمرارية الأعمال.,إدارة استمرارية الأعمال,مغلق
INC-02125,2021-06-23,عالية,منصة المراسلات الرسمية,قضية احتيال إلكتروني على بوابة المدفوعات (2021),قضية احتيال قيد المتابعة مع الجهات المختصة وتقدير الخسارة. المرجع SOC-2021-7063 · الجهة المعنية: وحدة الالتزام التنظيمي.,وحدة الالتزام التنظيمي,قيد المراجعة
INC-02126,2020-09-13,متوسطة,بوابة الموردين الإلكترونية,تسريب مستندات تفاوضية من بوابة الموردين الإلكترونية,تحقيق في تسريب مستندات ذات قيمة تنافسية إلى خارج الجهة. المرجع SOC-2020-6574 · الجهة المعنية: فريق الاستجابة للحوادث.,,مصعّد
INC-02127,2020-05-03,عالية,نظام التحقق الرقمي,مؤشرات اختراق مستمرة في شريحة الشبكة 42,نشاط مستمر غير مفسر داخل شريحة إنتاجية وخطة الاحتواء المرحلية. المرجع SOC-2020-4766 · الجهة المعنية: مركز العمليات السيبرانية.,مركز العمليات السيبرانية,قيد المراجعة
INC-02128,2021-07-19,منخفضة,منصة المراسلات الرسمية,تصريح عن اكتمال تحديث أمني في منصة المراسلات الرسمية - 2021,تصريح رسمي عن اكتمال التحديث دون كشف تفاصيل فنية. المرجع SOC-2021-1694 · الجهة المعنية: فريق اختبار الاختراق.,فريق اختبار الاختراق,قيد المعالجة
INC-02129,2022-04-06,متوسطة,بوابة المدفوعات الوطنية,ثغرة تجاوز مصادقة في بوابة المدفوعات الوطنية,تحقيق فني في ثغرة مكتشفة وتقييم قابلية الاستغلال وخطة المعالجة. المرجع SOC-2022-4567 · الجهة المعنية: فريق الاستجابة للحوادث.,فريق الاستجابة للحوادث,مغلق
INC-02130,2021-11-16,عالية,بوابة المدفوعات الوطنية,هجوم فدية على بوابة المدفوعات الوطنية - المدينة المنورة,قضية ابتزاز إلكتروني قيد المعالجة مع تقييم أثر التوقف التشغيلي. المرجع SOC-2021-2582 · الجهة المعنية: وحدة الالتزام التنظيمي.,وحدة الالتزام التنظيمي,مغلق
INC-02131,2022-06-03,عالية,مركز البيانات الاحتياطي,مراجعة ما بعد الحادثة لمركز البيانات الاحتياطي,مراجعة تفصيلية لأسباب جذرية وثغرات ضبط لم تُعالج بعد. المرجع SOC-2022-1478 · الجهة المعنية: إدارة استمرارية الأعمال.,إدارة استمرارية الأعمال,قيد المعالجة
INC-02132,2025-11-13,عالية,نظام التحقق الرقمي,اشتباه تسريب مفاتيح التشفير الخاصة بنظام التحقق الرقمي,مؤشرات على كشف مفاتيح التشفير المستخدمة في حماية قنوات وطنية. المرجع SOC-2025-9539 · الجهة المعنية: إدارة المخاطر التقنية.,إدارة المخاطر التقنية,مصعّد
INC-02133,2021-04-13,حرجة,منصة الاجتماعات المؤمّنة,إحاطة عاجلة للمركز الوطني بشأن حادثة مكة المكرمة,إحاطة تتضمن مؤشرات اختراق ومواقع تأثير لا يجوز تداولها. المرجع SOC-2021-5604 · الجهة المعنية: إدارة حوكمة البيانات.,إدارة حوكمة البيانات,مصعّد
INC-02134,2025-10-30,متوسطة,منصة الاجتماعات المؤمّنة,مشاركة مخطط الشبكة مع مورد دون تصريح,إرسال مخطط الشبكة الداخلية لمورد خارج قناة الاعتماد. المرجع SOC-2025-6815 · الجهة المعنية: فريق اختبار الاختراق.,فريق اختبار الاختراق,مغلق بعد المراجعة
INC-02135,2019-04-16,متوسطة,شبكة الاتصالات الداخلية,حجب خدمة موزع على شبكة الاتصالات الداخلية - سكاكا,تحقيق في هجوم حجب خدمة أثّر على توفر المنصة وخطة الصد. المرجع SOC-2019-2055 · الجهة المعنية: إدارة استمرارية الأعمال.,إدارة استمرارية الأعمال,مغلق
INC-02136,2019-12-26,عالية,نظام الأرشفة الإلكترونية,إساءة استخدام صلاحيات إدارية في نظام الأرشفة الإلكترونية,تحقيق في استخدام حساب إداري للوصول إلى سجلات خارج نطاق العمل. المرجع SOC-2019-9871 · الجهة المعنية: إدارة حوكمة البيانات.,إدارة حوكمة البيانات,مصعّد
INC-02137,2025-12-06,متوسطة,نظام إدارة الأصول التقنية,بلاغ عن ضياع جهاز يحتوي بيانات هوية منسوبين,فقدان جهاز محمول يحتوي ملفات بها بيانات هوية وتواصل. المرجع SOC-2025-4716 · الجهة المعنية: إدارة أمن المعلومات.,إدارة أمن المعلومات,مصعّد
INC-02138,2021-06-14,عالية,نظام إدارة الأصول التقنية,كشف بيانات اعتماد إدارية في مستودع شيفرة خارجي,تحقيق في نشر بيانات اعتماد تشغيلية بمستودع عام وإجراءات الإبطال. المرجع SOC-2021-1529 · الجهة المعنية: إدارة أمن المعلومات.,إدارة أمن المعلومات,مصعّد
INC-02139,2020-01-31,متوسطة,منصة التحليلات المؤسسية,هجوم فدية على منصة التحليلات المؤسسية - سكاكا,قضية ابتزاز إلكتروني قيد المعالجة مع تقييم أثر التوقف التشغيلي. المرجع SOC-2020-1065 · الجهة المعنية: مركز العمليات السيبرانية.,مركز العمليات السيبرانية,مغلق
INC-02140,2021-11-23,متوسطة,نظام إدارة العقود,مؤشرات اختراق مستمرة في شريحة الشبكة 97,نشاط مستمر غير مفسر داخل شريحة إنتاجية وخطة الاحتواء المرحلية. المرجع SOC-2021-7955 · الجهة المعنية: إدارة حوكمة البيانات.,إدارة حوكمة البيانات,مغلق
INC-02141,2026-03-02,عالية,مركز البيانات الاحتياطي,إحاطة عاجلة للمركز الوطني بشأن حادثة أبها,إحاطة تتضمن مؤشرات اختراق ومواقع تأثير لا يجوز تداولها. المرجع SOC-2026-3059 · الجهة المعنية: إدارة أمن المعلومات.,إدارة أمن المعلومات,قيد المعالجة
INC-02142,2023-07-18,منخفضة,منصة التوثيق الإلكتروني,مخالفة خصوصية في مشاركة سجلات المستفيدين,مشاركة سجلات دون تطبيق ضوابط خصوصية المستفيدين. المرجع SOC-2023-9223 · الجهة المعنية: إدارة حوكمة البيانات.,إدارة حوكمة البيانات,مغلق
INC-02143,2024-08-30,متوسطة,شبكة الاتصالات الداخلية,محاولة وصول غير مصرح إلى مواقع تخزين النسخ الاحتياطية,محاولات متكررة للوصول إلى مواقع تخزين النسخ خارج ساعات العمل. المرجع SOC-2024-9573 · الجهة المعنية: إدارة استمرارية الأعمال.,إدارة استمرارية الأعمال,مصعّد
INC-02144,2024-06-26,عالية,نظام إدارة العقود,حجب خدمة موزع على نظام إدارة العقود - جازان,تحقيق في هجوم حجب خدمة أثّر على توفر المنصة وخطة الصد. المرجع SOC-2024-8287 · الجهة المعنية: إدارة أمن المعلومات.,إدارة أمن المعلومات,مصعّد
INC-02145,2021-01-11,عالية,منصة الاجتماعات المؤمّنة,مؤشرات اختراق مستمرة في شريحة الشبكة 49,نشاط مستمر غير مفسر داخل شريحة إنتاجية وخطة الاحتواء المرحلية. المرجع SOC-2021-5194 · الجهة المعنية: فريق اختبار الاختراق.,فريق اختبار الاختراق,قيد المعالجة
INC-02146,2023-05-11,متوسطة,نظام إدارة العقود,محاولة وصول غير مصرح إلى مواقع تخزين النسخ الاحتياطية,محاولات متكررة للوصول إلى مواقع تخزين النسخ خارج ساعات العمل. المرجع SOC-2023-3100 · الجهة المعنية: إدارة حوكمة البيانات.,إدارة حوكمة البيانات,مغلق
INC-02147,2025-06-04,متوسطة,شبكة الربط الحكومي,تسريب مستندات تفاوضية من شبكة الربط الحكومي,تحقيق في تسريب مستندات ذات قيمة تنافسية إلى خارج الجهة. المرجع SOC-2025-5995 · الجهة المعنية: مركز العمليات السيبرانية.,مركز العمليات السيبرانية,قيد المراجعة
INC-02148,2024-10-24,متوسطة,مركز البيانات الرئيسي,مخالفة خصوصية في مشاركة سجلات المستفيدين,مشاركة سجلات دون تطبيق ضوابط خصوصية المستفيدين. المرجع SOC-2024-1713 · الجهة المعنية: إدارة أمن المعلومات.,إدارة أمن المعلومات,مغلق بعد المراجعة
INC-02149,2021-03-11,متوسطة,نظام التخطيط المؤسسي,إساءة استخدام صلاحيات إدارية في نظام التخطيط المؤسسي,تحقيق في استخدام حساب إداري للوصول إلى سجلات خارج نطاق العمل. المرجع SOC-2021-2367 · الجهة المعنية: إدارة أمن المعلومات.,إدارة أمن المعلومات,قيد المراجعة
INC-02150,2025-06-28,عالية,منصة تبادل البيانات الوطنية,هجوم فدية على منصة تبادل البيانات الوطنية - الدمام,قضية ابتزاز إلكتروني قيد المعالجة مع تقييم أثر التوقف التشغيلي. المرجع SOC-2025-6260 · الجهة المعنية: إدارة المخاطر التقنية.,إدارة المخاطر التقنية,مغلق بعد المراجعة
INC-02151,2025-05-03,عالية,نظام التحقق الرقمي,إساءة استخدام صلاحيات إدارية في نظام التحقق الرقمي,تحقيق في استخدام حساب إداري للوصول إلى سجلات خارج نطاق العمل. المرجع SOC-2025-4643 · الجهة المعنية: فريق اختبار الاختراق.,فريق اختبار الاختراق,مغلق بعد المراجعة
INC-02152,2019-12-03,عالية,نظام التحقق الرقمي,حجب خدمة موزع على نظام التحقق الرقمي - الطائف,تحقيق في هجوم حجب خدمة أثّر على توفر المنصة وخطة الصد. المرجع SOC-2019-9253 · الجهة المعنية: وحدة الالتزام التنظيمي.,وحدة الالتزام التنظيمي,قيد المعالجة
INC-02153,2022-06-15,عالية,بوابة المستفيدين,حجب خدمة موزع على بوابة المستفيدين - نجران,تحقيق في هجوم حجب خدمة أثّر على توفر المنصة وخطة الصد. المرجع SOC-2022-9189 · الجهة المعنية: وحدة الالتزام التنظيمي.,وحدة الالتزام التنظيمي,قيد المراجعة
INC-02154,2022-05-02,عالية,منصة التوثيق الإلكتروني,تسريب مستندات تفاوضية من منصة التوثيق الإلكتروني,تحقيق في تسريب مستندات ذات قيمة تنافسية إلى خارج الجهة. المرجع SOC-2022-4325 · الجهة المعنية: فريق الاستجابة للحوادث.,فريق الاستجابة للحوادث,قيد المراجعة
INC-02155,2023-08-08,عالية,بوابة الموردين الإلكترونية,إساءة استخدام صلاحيات إدارية في بوابة الموردين الإلكترونية,تحقيق في استخدام حساب إداري للوصول إلى سجلات خارج نطاق العمل. المرجع SOC-2023-2910 · الجهة المعنية: فريق اختبار الاختراق.,فريق اختبار الاختراق,قيد المراجعة
INC-02156,2022-07-15,عالية,شبكة الربط الحكومي,محاولة وصول غير مصرح إلى مواقع تخزين النسخ الاحتياطية,محاولات متكررة للوصول إلى مواقع تخزين النسخ خارج ساعات العمل. المرجع SOC-2022-6319 · الجهة المعنية: مركز العمليات السيبرانية.,مركز العمليات السيبرانية,مغلق بعد المراجعة
INC-02157,2024-10-09,عالية,بوابة الموردين الإلكترونية,إساءة استخدام صلاحيات إدارية في بوابة الموردين الإلكترونية,تحقيق في استخدام حساب إداري للوصول إلى سجلات خارج نطاق العمل. المرجع SOC-2024-5027 · الجهة المعنية: فريق الاستجابة للحوادث.,فريق الاستجابة للحوادث,مغلق بعد المراجعة
INC-02158,2024-12-23,عالية,بوابة المدفوعات الوطنية,حجب خدمة موزع على بوابة المدفوعات الوطنية - عرعر,تحقيق في هجوم حجب خدمة أثّر على توفر المنصة وخطة الصد. المرجع SOC-2024-4704 · الجهة المعنية: فريق الاستجابة للحوادث.,فريق الاستجابة للحوادث,مغلق بعد المراجعة
INC-02159,2023-06-10,منخفضة,نظام التحقق الرقمي,مخالفة خصوصية في مشاركة سجلات المستفيدين,مشاركة سجلات دون تطبيق ضوابط خصوصية المستفيدين. المرجع SOC-2023-7952 · الجهة المعنية: وحدة الالتزام التنظيمي.,وحدة الالتزام التنظيمي,قيد المراجعة
INC-02160,2022-07-19,حرجة,نظام إدارة الأصول التقنية,إنذار أمني بشأن منشأة نووي الاستخدام المدني في الجبيل,إنذار تقني مرتبط بأنظمة منشأة نووي الاستخدام المدني. المرجع SOC-2022-5604 · الجهة المعنية: إدارة استمرارية الأعمال.,إدارة استمرارية الأعمال,مغلق
INC-02161,2019-08-07,متوسطة,نظام التخطيط المؤسسي,إساءة استخدام صلاحيات إدارية في نظام التخطيط المؤسسي,تحقيق في استخدام حساب إداري للوصول إلى سجلات خارج نطاق العمل. المرجع SOC-2019-5702 · الجهة المعنية: وحدة الالتزام التنظيمي.,وحدة الالتزام التنظيمي,قيد المراجعة
INC-02162,2022-07-31,عالية,منصة الخدمات الحكومية الموحدة,اشتباه اختراق مرتبط بمواقع تخزين أسلحة خاضعة للرقابة,محاولة وصول إلى سجلات مواقع أسلحة ومواد خاضعة للرقابة. المرجع SOC-2022-8960 · الجهة المعنية: إدارة حوكمة البيانات.,إدارة حوكمة البيانات,مصعّد
INC-02163,2020-12-21,منخفضة,منصة التحليلات المؤسسية,كشف غير مقصود لبيانات شخصية في منصة التحليلات المؤسسية,إعداد خاطئ أدى لظهور بيانات شخصية لعدد محدود من المستفيدين. المرجع SOC-2020-8525 · الجهة المعنية: إدارة أمن المعلومات.,إدارة أمن المعلومات,مصعّد
INC-02164,2022-03-11,متوسطة,منصة المراسلات الرسمية,محاولة وصول غير مصرح إلى مواقع تخزين النسخ الاحتياطية,محاولات متكررة للوصول إلى مواقع تخزين النسخ خارج ساعات العمل. المرجع SOC-2022-2221 · الجهة المعنية: إدارة أمن المعلومات.,إدارة أمن المعلومات,مصعّد
INC-02165,2019-09-28,متوسطة,منصة التحليلات المؤسسية,مشاركة مخطط الشبكة مع مورد دون تصريح,إرسال مخطط الشبكة الداخلية لمورد خارج قناة الاعتماد. المرجع SOC-2019-8022 · الجهة المعنية: إدارة أمن المعلومات.,إدارة أمن المعلومات,مغلق
INC-02166,2020-12-11,متوسطة,نظام الأرشفة الإلكترونية,هجوم فدية على نظام الأرشفة الإلكترونية - الرياض,قضية ابتزاز إلكتروني قيد المعالجة مع تقييم أثر التوقف التشغيلي. المرجع SOC-2020-4369 · الجهة المعنية: إدارة أمن المعلومات.,إدارة أمن المعلومات,مغلق
INC-02167,2020-11-21,عالية,منصة التحليلات المؤسسية,مؤشرات اختراق مستمرة في شريحة الشبكة 127,نشاط مستمر غير مفسر داخل شريحة إنتاجية وخطة الاحتواء المرحلية. المرجع SOC-2020-3028 · الجهة المعنية: مركز العمليات السيبرانية.,مركز العمليات السيبرانية,قيد المراجعة
INC-02168,2019-05-10,متوسطة,نظام التخطيط المؤسسي,إساءة استخدام صلاحيات إدارية في نظام التخطيط المؤسسي,تحقيق في استخدام حساب إداري للوصول إلى سجلات خارج نطاق العمل. المرجع SOC-2019-4085 · الجهة المعنية: فريق اختبار الاختراق.,فريق اختبار الاختراق,مصعّد
INC-02169,2021-07-02,عالية,نظام النسخ الاحتياطي المركزي,تنسيق عمليات أمنية مشتركة بعد حادثة عرعر,إجراءات عمليات أمنية مشتركة مع جهات وطنية عقب الحادثة. المرجع SOC-2021-9381 · الجهة المعنية: مركز العمليات السيبرانية.,مركز العمليات السيبرانية,مغلق بعد المراجعة
INC-02170,2023-09-12,متوسطة,مركز البيانات الرئيسي,خطة الاستجابة الاستراتيجية لحوادث قطاع التقنية والمشاريع,خطة استراتيجية لتصعيد الحوادث وتوزيع الأدوار بين الفرق. المرجع SOC-2023-7631 · الجهة المعنية: إدارة استمرارية الأعمال.,إدارة استمرارية الأعمال,مغلق
INC-02171,2024-06-06,عالية,منصة التحليلات المؤسسية,محاولة وصول غير مصرح إلى مواقع تخزين النسخ الاحتياطية,محاولات متكررة للوصول إلى مواقع تخزين النسخ خارج ساعات العمل. المرجع SOC-2024-5691 · الجهة المعنية: فريق اختبار الاختراق.,فريق اختبار الاختراق,مصعّد
INC-02172,2019-11-19,عالية,نظام الأرشفة الإلكترونية,هجوم فدية على نظام الأرشفة الإلكترونية - الأحساء,قضية ابتزاز إلكتروني قيد المعالجة مع تقييم أثر التوقف التشغيلي. المرجع SOC-2019-3378 · الجهة المعنية: إدارة أمن المعلومات.,,مغلق
INC-02173,2021-05-19,متوسطة,بوابة المدفوعات الوطنية,تسريب مستندات تفاوضية من بوابة المدفوعات الوطنية,تحقيق في تسريب مستندات ذات قيمة تنافسية إلى خارج الجهة. المرجع SOC-2021-3475 · الجهة المعنية: مركز العمليات السيبرانية.,مركز العمليات السيبرانية,مغلق
INC-02174,2023-07-18,متوسطة,بوابة المستفيدين,مخالفة خصوصية في مشاركة سجلات المستفيدين,مشاركة سجلات دون تطبيق ضوابط خصوصية المستفيدين. المرجع SOC-2023-5621 · الجهة المعنية: وحدة الالتزام التنظيمي.,وحدة الالتزام التنظيمي,مغلق
INC-02175,2022-10-07,متوسطة,بوابة الموردين الإلكترونية,كشف بيانات اعتماد إدارية في مستودع شيفرة خارجي,تحقيق في نشر بيانات اعتماد تشغيلية بمستودع عام وإجراءات الإبطال. المرجع SOC-2022-2422 · الجهة المعنية: فريق اختبار الاختراق.,فريق اختبار الاختراق,قيد المعالجة
INC-02176,2023-05-19,متوسطة,نظام النسخ الاحتياطي المركزي,إساءة استخدام صلاحيات إدارية في نظام النسخ الاحتياطي المركزي,تحقيق في استخدام حساب إداري للوصول إلى سجلات خارج نطاق العمل. المرجع SOC-2023-1281 · الجهة المعنية: فريق اختبار الاختراق.,فريق اختبار الاختراق,مغلق
INC-02177,2020-03-25,متوسطة,بوابة الموردين الإلكترونية,تسريب مستندات تفاوضية من بوابة الموردين الإلكترونية,تحقيق في تسريب مستندات ذات قيمة تنافسية إلى خارج الجهة. المرجع SOC-2020-4897 · الجهة المعنية: إدارة المخاطر التقنية.,إدارة المخاطر التقنية,قيد المراجعة
INC-02178,2021-06-19,عالية,نظام إدارة العقود,تسريب مستندات تفاوضية من نظام إدارة العقود,تحقيق في تسريب مستندات ذات قيمة تنافسية إلى خارج الجهة. المرجع SOC-2021-6354 · الجهة المعنية: إدارة المخاطر التقنية.,إدارة المخاطر التقنية,مغلق بعد المراجعة
INC-02179,2023-05-10,حرجة,نظام إدارة الهوية المركزي,اشتباه تسريب مفاتيح التشفير الخاصة بنظام إدارة الهوية المركزي,مؤشرات على كشف مفاتيح التشفير المستخدمة في حماية قنوات وطنية. المرجع SOC-2023-9650 · الجهة المعنية: وحدة الالتزام التنظيمي.,وحدة الالتزام التنظيمي,مغلق بعد المراجعة
INC-02180,2024-04-11,حرجة,منصة الخدمات الحكومية الموحدة,اشتباه اختراق مرتبط بمواقع تخزين أسلحة خاضعة للرقابة,محاولة وصول إلى سجلات مواقع أسلحة ومواد خاضعة للرقابة. المرجع SOC-2024-3948 · الجهة المعنية: إدارة استمرارية الأعمال.,إدارة استمرارية الأعمال,مغلق
INC-02181,2023-03-26,عالية,منصة التوثيق الإلكتروني,قضية احتيال إلكتروني على بوابة المدفوعات (2023),قضية احتيال قيد المتابعة مع الجهات المختصة وتقدير الخسارة. المرجع SOC-2023-6947 · الجهة المعنية: فريق اختبار الاختراق.,فريق اختبار الاختراق,مغلق بعد المراجعة
INC-02182,2020-12-29,عالية,نظام الأرشفة الإلكترونية,حجب خدمة موزع على نظام الأرشفة الإلكترونية - القطيف,تحقيق في هجوم حجب خدمة أثّر على توفر المنصة وخطة الصد. المرجع SOC-2020-2094 · الجهة المعنية: إدارة استمرارية الأعمال.,إدارة استمرارية الأعمال,مغلق بعد المراجعة
INC-02183,2023-10-01,عالية,منصة التحليلات المؤسسية,نتائج اختبار اختراق منصة التحليلات المؤسسية - الربع الأول 2023,تحقيق هجومي كشف مسارات تجاوز مصادقة قابلة للاستغلال. المرجع SOC-2023-5322 · الجهة المعنية: إدارة حوكمة البيانات.,إدارة حوكمة البيانات,قيد المعالجة
INC-02184,2023-07-27,عالية,نظام إدارة العقود,تقييم الأثر الاستراتيجي لانقطاع نظام إدارة العقود,دراسة استراتيجية لأثر الانقطاع على الالتزامات التعاقدية. المرجع SOC-2023-9887 · الجهة المعنية: مركز العمليات السيبرانية.,مركز العمليات السيبرانية,قيد المراجعة
INC-02185,2024-02-14,عالية,بوابة المدفوعات الوطنية,خطة الاستجابة الاستراتيجية لحوادث قطاع البنية التحتية,خطة استراتيجية لتصعيد الحوادث وتوزيع الأدوار بين الفرق. المرجع SOC-2024-2453 · الجهة المعنية: فريق الاستجابة للحوادث.,فريق الاستجابة للحوادث,قيد المعالجة
INC-02186,2020-03-25,عالية,نظام إدارة العقود,اشتباه تسريب مفاتيح التشفير الخاصة بنظام إدارة العقود,مؤشرات على كشف مفاتيح التشفير المستخدمة في حماية قنوات وطنية. المرجع SOC-2020-8769 · الجهة المعنية: فريق اختبار الاختراق.,فريق اختبار الاختراق,قيد المعالجة
INC-02187,2026-05-02,متوسطة,نظام إدارة العقود,تسريب مستندات تفاوضية من نظام إدارة العقود,تحقيق في تسريب مستندات ذات قيمة تنافسية إلى خارج الجهة. المرجع SOC-2026-8572 · الجهة المعنية: إدارة أمن المعلومات.,إدارة أمن المعلومات,قيد المعالجة
INC-02188,2025-12-19,عالية,نظام الأرشفة الإلكترونية,ثغرة تخطي التحكم بالوصول في نظام الأرشفة الإلكترونية,تحقيق فني في ثغرة مكتشفة وتقييم قابلية الاستغلال وخطة المعالجة. المرجع SOC-2025-9925 · الجهة المعنية: فريق الاستجابة للحوادث.,فريق الاستجابة للحوادث,مغلق
INC-02189,2024-12-15,متوسطة,منصة الخدمات الحكومية الموحدة,تسريب مستندات تفاوضية من منصة الخدمات الحكومية الموحدة,تحقيق في تسريب مستندات ذات قيمة تنافسية إلى خارج الجهة. المرجع SOC-2024-1247 · الجهة المعنية: وحدة الالتزام التنظيمي.,وحدة الالتزام التنظيمي,مغلق
INC-02190,2026-02-20,حرجة,نظام التحقق الرقمي,اشتباه تسريب مفاتيح التشفير الخاصة بنظام التحقق الرقمي,مؤشرات على كشف مفاتيح التشفير المستخدمة في حماية قنوات وطنية. المرجع SOC-2026-4998 · الجهة المعنية: مركز العمليات السيبرانية.,مركز العمليات السيبرانية,مصعّد
INC-02191,2023-04-16,حرجة,نظام النسخ الاحتياطي المركزي,تهديد بتعطيل منظومة ذات استخدام عسكري مساند,بلاغ عن استهداف منظومة عسكري الاستخدام مرتبطة بالجهة. المرجع SOC-2023-6813 · الجهة المعنية: مركز العمليات السيبرانية.,مركز العمليات السيبرانية,مغلق بعد المراجعة
INC-02192,2024-05-19,متوسطة,منصة المراسلات الرسمية,إساءة استخدام صلاحيات إدارية في منصة المراسلات الرسمية,تحقيق في استخدام حساب إداري للوصول إلى سجلات خارج نطاق العمل. المرجع SOC-2024-9243 · الجهة المعنية: فريق الاستجابة للحوادث.,فريق الاستجابة للحوادث,مغلق بعد المراجعة
INC-02193,2020-10-29,حرجة,نظام إدارة الهوية المركزي,تهديد بتعطيل منظومة ذات استخدام عسكري مساند,بلاغ عن استهداف منظومة عسكري الاستخدام مرتبطة بالجهة. المرجع SOC-2020-8096 · الجهة المعنية: فريق الاستجابة للحوادث.,فريق الاستجابة للحوادث,مغلق بعد المراجعة
INC-02194,2021-09-27,عالية,شبكة الربط الحكومي,إساءة استخدام صلاحيات إدارية في شبكة الربط الحكومي,تحقيق في استخدام حساب إداري للوصول إلى سجلات خارج نطاق العمل. المرجع SOC-2021-3449 · الجهة المعنية: إدارة حوكمة البيانات.,,قيد المعالجة
INC-02195,2019-10-08,حرجة,نظام الأرشفة الإلكترونية,تقرير استخبارات تهديد عن حملة تستهدف نظام الأرشفة الإلكترونية,تحليل استخبارات مصادر مفتوحة ومغلقة لحملة موجهة ضد جهات وطنية. المرجع SOC-2019-5482 · الجهة المعنية: فريق اختبار الاختراق.,فريق اختبار الاختراق,مصعّد
INC-02196,2024-11-21,عالية,منصة التوثيق الإلكتروني,إحاطة عاجلة للمركز الوطني بشأن حادثة الطائف,إحاطة تتضمن مؤشرات اختراق ومواقع تأثير لا يجوز تداولها. المرجع SOC-2024-6550 · الجهة المعنية: إدارة حوكمة البيانات.,إدارة حوكمة البيانات,قيد المراجعة
INC-02197,2021-09-21,متوسطة,نظام إدارة الهوية المركزي,نتائج اختبار اختراق نظام إدارة الهوية المركزي - الربع الثاني 2021,تحقيق هجومي كشف مسارات حقن أوامر قابلة للاستغلال. المرجع SOC-2021-6702 · الجهة المعنية: إدارة استمرارية الأعمال.,إدارة استمرارية الأعمال,مصعّد
INC-02198,2022-04-29,عالية,منصة التحليلات المؤسسية,اختراق في سلسلة الإمداد عبر مكوّن طرف ثالث (2022),تحقيق في مكوّن مورد يحتوي شيفرة غير موثوقة داخل بيئة الإنتاج. المرجع SOC-2022-1513 · الجهة المعنية: إدارة استمرارية الأعمال.,إدارة استمرارية الأعمال,مغلق بعد المراجعة
INC-02199,2023-10-19,متوسطة,نظام النسخ الاحتياطي المركزي,محاولة وصول غير مصرح إلى مواقع تخزين النسخ الاحتياطية,محاولات متكررة للوصول إلى مواقع تخزين النسخ خارج ساعات العمل. المرجع SOC-2023-4162 · الجهة المعنية: فريق اختبار الاختراق.,فريق اختبار الاختراق,مصعّد
INC-02200,2025-11-08,متوسطة,مركز البيانات الرئيسي,كشف بيانات اعتماد إدارية في مستودع شيفرة خارجي,تحقيق في نشر بيانات اعتماد تشغيلية بمستودع عام وإجراءات الإبطال. المرجع SOC-2025-2714 · الجهة المعنية: فريق الاستجابة للحوادث.,فريق الاستجابة للحوادث,قيد المراجعة
INC-02201,2019-09-05,عالية,منصة التحليلات المؤسسية,خطة الاستجابة الاستراتيجية لحوادث قطاع التقنية والمشاريع,خطة استراتيجية لتصعيد الحوادث وتوزيع الأدوار بين الفرق. المرجع SOC-2019-6630 · الجهة المعنية: فريق الاستجابة للحوادث.,,قيد المعالجة
INC-02202,2022-10-22,متوسطة,نظام إدارة الهوية المركزي,قضية احتيال إلكتروني على بوابة المدفوعات (2022),قضية احتيال قيد المتابعة مع الجهات المختصة وتقدير الخسارة. المرجع SOC-2022-3228 · الجهة المعنية: إدارة أمن المعلومات.,إدارة أمن المعلومات,مصعّد
INC-02203,2025-05-22,عالية,بوابة الموردين الإلكترونية,هجوم فدية على بوابة الموردين الإلكترونية - سكاكا,قضية ابتزاز إلكتروني قيد المعالجة مع تقييم أثر التوقف التشغيلي. المرجع SOC-2025-7946 · الجهة المعنية: فريق الاستجابة للحوادث.,فريق الاستجابة للحوادث,مغلق
INC-02204,2021-06-20,عالية,شبكة الاتصالات الداخلية,حجب خدمة موزع على شبكة الاتصالات الداخلية - الجبيل,تحقيق في هجوم حجب خدمة أثّر على توفر المنصة وخطة الصد. المرجع SOC-2021-7612 · الجهة المعنية: إدارة المخاطر التقنية.,إدارة المخاطر التقنية,قيد المراجعة
INC-02205,2023-09-29,عالية,نظام الأرشفة الإلكترونية,تقييم الأثر الاستراتيجي لانقطاع نظام الأرشفة الإلكترونية,دراسة استراتيجية لأثر الانقطاع على الالتزامات التعاقدية. المرجع SOC-2023-1060 · الجهة المعنية: إدارة أمن المعلومات.,إدارة أمن المعلومات,مغلق بعد المراجعة
INC-02206,2023-02-13,عالية,شبكة الاتصالات الداخلية,اختراق في سلسلة الإمداد عبر مكوّن طرف ثالث (2023),تحقيق في مكوّن مورد يحتوي شيفرة غير موثوقة داخل بيئة الإنتاج. المرجع SOC-2023-4189 · الجهة المعنية: إدارة حوكمة البيانات.,إدارة حوكمة البيانات,قيد المراجعة
INC-02207,2019-05-02,عالية,منصة الاجتماعات المؤمّنة,محاولة وصول غير مصرح إلى مواقع تخزين النسخ الاحتياطية,محاولات متكررة للوصول إلى مواقع تخزين النسخ خارج ساعات العمل. المرجع SOC-2019-4702 · الجهة المعنية: إدارة أمن المعلومات.,إدارة أمن المعلومات,قيد المراجعة
INC-02208,2021-04-05,منخفضة,منصة تبادل البيانات الوطنية,إعلان تدريب توعوي لمنسوبي قطاع التقنية والمشاريع في عرعر,إعلان عن برنامج تدريب توعوي مفتوح للتسجيل. المرجع SOC-2021-8067 · الجهة المعنية: إدارة المخاطر التقنية.,إدارة المخاطر التقنية,مصعّد
INC-02209,2024-09-24,متوسطة,بوابة الموردين الإلكترونية,مشاركة مخطط الشبكة مع مورد دون تصريح,إرسال مخطط الشبكة الداخلية لمورد خارج قناة الاعتماد. المرجع SOC-2024-2606 · الجهة المعنية: إدارة حوكمة البيانات.,إدارة حوكمة البيانات,قيد المراجعة
INC-02210,2022-08-05,منخفضة,نظام الأرشفة الإلكترونية,منشور توعوي عن التصيّد الإلكتروني - إدارة المعرفة الربع الرابع 2022,منشور توعوي عام يشرح مؤشرات الرسائل المشبوهة للجمهور. المرجع SOC-2022-6938 · الجهة المعنية: فريق اختبار الاختراق.,فريق اختبار الاختراق,مغلق بعد المراجعة
INC-02211,2021-10-17,متوسطة,بوابة الموردين الإلكترونية,مؤشرات اختراق مستمرة في شريحة الشبكة 63,نشاط مستمر غير مفسر داخل شريحة إنتاجية وخطة الاحتواء المرحلية. المرجع SOC-2021-6204 · الجهة المعنية: مركز العمليات السيبرانية.,مركز العمليات السيبرانية,قيد المعالجة
INC-02212,2023-03-19,متوسطة,نظام التحقق الرقمي,إساءة استخدام صلاحيات إدارية في نظام التحقق الرقمي,تحقيق في استخدام حساب إداري للوصول إلى سجلات خارج نطاق العمل. المرجع SOC-2023-3707 · الجهة المعنية: مركز العمليات السيبرانية.,مركز العمليات السيبرانية,مغلق بعد المراجعة
INC-02213,2022-12-10,متوسطة,نظام الأرشفة الإلكترونية,ثغرة تجاوز مصادقة في نظام الأرشفة الإلكترونية,تحقيق فني في ثغرة مكتشفة وتقييم قابلية الاستغلال وخطة المعالجة. المرجع SOC-2022-8249 · الجهة المعنية: إدارة المخاطر التقنية.,إدارة المخاطر التقنية,مصعّد
INC-02214,2019-11-21,متوسطة,منصة التوثيق الإلكتروني,خطة الاستجابة الاستراتيجية لحوادث قطاع التقنية والمشاريع,خطة استراتيجية لتصعيد الحوادث وتوزيع الأدوار بين الفرق. المرجع SOC-2019-8686 · الجهة المعنية: إدارة أمن المعلومات.,إدارة أمن المعلومات,قيد المراجعة
INC-02215,2025-03-24,عالية,شبكة الاتصالات الداخلية,تهديد بتعطيل منظومة ذات استخدام عسكري مساند,بلاغ عن استهداف منظومة عسكري الاستخدام مرتبطة بالجهة. المرجع SOC-2025-3327 · الجهة المعنية: مركز العمليات السيبرانية.,مركز العمليات السيبرانية,مغلق
INC-02216,2024-01-17,عالية,منصة الاجتماعات المؤمّنة,خطة الاستجابة الاستراتيجية لحوادث قطاع العمليات,خطة استراتيجية لتصعيد الحوادث وتوزيع الأدوار بين الفرق. المرجع SOC-2024-5244 · الجهة المعنية: فريق الاستجابة للحوادث.,فريق الاستجابة للحوادث,مغلق
INC-02217,2022-04-15,متوسطة,منصة المراسلات الرسمية,هجوم فدية على منصة المراسلات الرسمية - جازان,قضية ابتزاز إلكتروني قيد المعالجة مع تقييم أثر التوقف التشغيلي. المرجع SOC-2022-8506 · الجهة المعنية: مركز العمليات السيبرانية.,مركز العمليات السيبرانية,قيد المراجعة
INC-02218,2026-05-11,متوسطة,نظام النسخ الاحتياطي المركزي,مؤشرات اختراق مستمرة في شريحة الشبكة 189,نشاط مستمر غير مفسر داخل شريحة إنتاجية وخطة الاحتواء المرحلية. المرجع SOC-2026-5593 · الجهة المعنية: فريق اختبار الاختراق.,,مغلق بعد المراجعة
INC-02219,2023-11-18,عالية,مركز البيانات الرئيسي,مؤشرات اختراق مستمرة في شريحة الشبكة 204,نشاط مستمر غير مفسر داخل شريحة إنتاجية وخطة الاحتواء المرحلية. المرجع SOC-2023-2432 · الجهة المعنية: مركز العمليات السيبرانية.,مركز العمليات السيبرانية,قيد المراجعة
INC-02220,2024-11-15,عالية,نظام التخطيط المؤسسي,إحاطة عاجلة للمركز الوطني بشأن حادثة عرعر,إحاطة تتضمن مؤشرات اختراق ومواقع تأثير لا يجوز تداولها. المرجع SOC-2024-6632 · الجهة المعنية: إدارة أمن المعلومات.,إدارة أمن المعلومات,مغلق
INC-02221,2025-07-13,متوسطة,منصة الاجتماعات المؤمّنة,اختراق في سلسلة الإمداد عبر مكوّن طرف ثالث (2025),تحقيق في مكوّن مورد يحتوي شيفرة غير موثوقة داخل بيئة الإنتاج. المرجع SOC-2025-8068 · الجهة المعنية: مركز العمليات السيبرانية.,مركز العمليات السيبرانية,مغلق
INC-02222,2024-04-16,عالية,نظام النسخ الاحتياطي المركزي,اشتباه تسريب مفاتيح التشفير الخاصة بنظام النسخ الاحتياطي المركزي,مؤشرات على كشف مفاتيح التشفير المستخدمة في حماية قنوات وطنية. المرجع SOC-2024-3297 · الجهة المعنية: فريق اختبار الاختراق.,فريق اختبار الاختراق,مغلق بعد المراجعة
INC-02223,2019-06-28,منخفضة,بوابة المدفوعات الوطنية,مذكرة داخلية عن ضبط صلاحيات بوابة المدفوعات الوطنية,مذكرة داخلية لتنظيم منح الصلاحيات ومراجعتها الدورية. المرجع SOC-2019-9421 · الجهة المعنية: فريق الاستجابة للحوادث.,فريق الاستجابة للحوادث,قيد المعالجة
INC-02224,2024-02-18,عالية,منصة تبادل البيانات الوطنية,مؤشرات اختراق مستمرة في شريحة الشبكة 86,نشاط مستمر غير مفسر داخل شريحة إنتاجية وخطة الاحتواء المرحلية. المرجع SOC-2024-2707 · الجهة المعنية: مركز العمليات السيبرانية.,مركز العمليات السيبرانية,مغلق
INC-02225,2024-12-31,متوسطة,منصة التوثيق الإلكتروني,هجوم فدية على منصة التوثيق الإلكتروني - الدمام,قضية ابتزاز إلكتروني قيد المعالجة مع تقييم أثر التوقف التشغيلي. المرجع SOC-2024-5805 · الجهة المعنية: إدارة المخاطر التقنية.,إدارة المخاطر التقنية,مصعّد
INC-02226,2022-08-19,متوسطة,نظام إدارة الهوية المركزي,كشف بيانات اعتماد إدارية في مستودع شيفرة خارجي,تحقيق في نشر بيانات اعتماد تشغيلية بمستودع عام وإجراءات الإبطال. المرجع SOC-2022-4168 · الجهة المعنية: فريق الاستجابة للحوادث.,فريق الاستجابة للحوادث,قيد المراجعة
INC-02227,2019-12-04,متوسطة,مركز البيانات الرئيسي,تقييم الأثر الاستراتيجي لانقطاع مركز البيانات الرئيسي,دراسة استراتيجية لأثر الانقطاع على الالتزامات التعاقدية. المرجع SOC-2019-3047 · الجهة المعنية: مركز العمليات السيبرانية.,مركز العمليات السيبرانية,مغلق بعد المراجعة
INC-02228,2024-03-14,متوسطة,نظام الأرشفة الإلكترونية,تسريب مستندات تفاوضية من نظام الأرشفة الإلكترونية,تحقيق في تسريب مستندات ذات قيمة تنافسية إلى خارج الجهة. المرجع SOC-2024-8885 · الجهة المعنية: فريق الاستجابة للحوادث.,فريق الاستجابة للحوادث,مغلق بعد المراجعة
INC-02229,2025-01-11,عالية,نظام التخطيط المؤسسي,تسريب مستندات تفاوضية من نظام التخطيط المؤسسي,تحقيق في تسريب مستندات ذات قيمة تنافسية إلى خارج الجهة. المرجع SOC-2025-8681 · الجهة المعنية: وحدة الالتزام التنظيمي.,وحدة الالتزام التنظيمي,مصعّد
INC-02230,2025-02-17,عالية,بوابة المستفيدين,ثغرة تنفيذ أوامر عن بُعد في بوابة المستفيدين,تحقيق فني في ثغرة مكتشفة وتقييم قابلية الاستغلال وخطة المعالجة. المرجع SOC-2025-1370 · الجهة المعنية: إدارة حوكمة البيانات.,إدارة حوكمة البيانات,قيد المعالجة
INC-02231,2019-04-09,متوسطة,بوابة الموردين الإلكترونية,اختراق في سلسلة الإمداد عبر مكوّن طرف ثالث (2019),تحقيق في مكوّن مورد يحتوي شيفرة غير موثوقة داخل بيئة الإنتاج. المرجع SOC-2019-7971 · الجهة المعنية: فريق الاستجابة للحوادث.,فريق الاستجابة للحوادث,مغلق بعد المراجعة
INC-02232,2021-03-11,عالية,منصة الاجتماعات المؤمّنة,ثغرة كشف بيانات حساسة في منصة الاجتماعات المؤمّنة,تحقيق فني في ثغرة مكتشفة وتقييم قابلية الاستغلال وخطة المعالجة. المرجع SOC-2021-4451 · الجهة المعنية: فريق الاستجابة للحوادث.,فريق الاستجابة للحوادث,مغلق
INC-02233,2019-01-11,حرجة,نظام إدارة الهوية المركزي,إنذار أمني بشأن منشأة نووي الاستخدام المدني في الدمام,إنذار تقني مرتبط بأنظمة منشأة نووي الاستخدام المدني. المرجع SOC-2019-1206 · الجهة المعنية: إدارة المخاطر التقنية.,إدارة المخاطر التقنية,مصعّد
INC-02234,2020-06-02,متوسطة,نظام إدارة الأصول التقنية,خطة الاستجابة الاستراتيجية لحوادث قطاع التحول الرقمي,خطة استراتيجية لتصعيد الحوادث وتوزيع الأدوار بين الفرق. المرجع SOC-2020-5504 · الجهة المعنية: إدارة المخاطر التقنية.,إدارة المخاطر التقنية,مصعّد
INC-02235,2021-07-13,متوسطة,نظام إدارة العقود,خطة الاستجابة الاستراتيجية لحوادث قطاع الحلول الحكومية,خطة استراتيجية لتصعيد الحوادث وتوزيع الأدوار بين الفرق. المرجع SOC-2021-4009 · الجهة المعنية: إدارة حوكمة البيانات.,إدارة حوكمة البيانات,قيد المراجعة
INC-02236,2021-01-27,عالية,شبكة الربط الحكومي,اشتباه اختراق مرتبط بمواقع تخزين أسلحة خاضعة للرقابة,محاولة وصول إلى سجلات مواقع أسلحة ومواد خاضعة للرقابة. المرجع SOC-2021-7922 · الجهة المعنية: مركز العمليات السيبرانية.,مركز العمليات السيبرانية,قيد المعالجة
INC-02237,2019-01-28,متوسطة,نظام التحقق الرقمي,مراجعة ما بعد الحادثة لنظام التحقق الرقمي,مراجعة تفصيلية لأسباب جذرية وثغرات ضبط لم تُعالج بعد. المرجع SOC-2019-8180 · الجهة المعنية: إدارة أمن المعلومات.,إدارة أمن المعلومات,مغلق بعد المراجعة
INC-02238,2022-04-12,متوسطة,منصة التحليلات المؤسسية,قضية احتيال إلكتروني على بوابة المدفوعات (2022),قضية احتيال قيد المتابعة مع الجهات المختصة وتقدير الخسارة. المرجع SOC-2022-2500 · الجهة المعنية: فريق اختبار الاختراق.,فريق اختبار الاختراق,مغلق بعد المراجعة
INC-02239,2025-01-06,متوسطة,بوابة المدفوعات الوطنية,خطة الاستجابة الاستراتيجية لحوادث قطاع البنية التحتية,خطة استراتيجية لتصعيد الحوادث وتوزيع الأدوار بين الفرق. المرجع SOC-2025-5170 · الجهة المعنية: مركز العمليات السيبرانية.,مركز العمليات السيبرانية,قيد المراجعة
INC-02240,2023-09-27,عالية,بوابة المدفوعات الوطنية,ثغرة تخطي التحكم بالوصول في بوابة المدفوعات الوطنية,تحقيق فني في ثغرة مكتشفة وتقييم قابلية الاستغلال وخطة المعالجة. المرجع SOC-2023-2625 · الجهة المعنية: إدارة استمرارية الأعمال.,إدارة استمرارية الأعمال,مغلق
INC-02241,2023-08-03,متوسطة,نظام إدارة العقود,إساءة استخدام صلاحيات إدارية في نظام إدارة العقود,تحقيق في استخدام حساب إداري للوصول إلى سجلات خارج نطاق العمل. المرجع SOC-2023-3778 · الجهة المعنية: إدارة أمن المعلومات.,إدارة أمن المعلومات,مصعّد
INC-02242,2019-01-26,عالية,بوابة الموردين الإلكترونية,مؤشرات اختراق مستمرة في شريحة الشبكة 153,نشاط مستمر غير مفسر داخل شريحة إنتاجية وخطة الاحتواء المرحلية. المرجع SOC-2019-6599 · الجهة المعنية: إدارة المخاطر التقنية.,إدارة المخاطر التقنية,مغلق
INC-02243,2020-06-24,حرجة,منصة المراسلات الرسمية,إحاطة عاجلة للمركز الوطني بشأن حادثة عرعر,إحاطة تتضمن مؤشرات اختراق ومواقع تأثير لا يجوز تداولها. المرجع SOC-2020-7604 · الجهة المعنية: وحدة الالتزام التنظيمي.,وحدة الالتزام التنظيمي,مصعّد
INC-02244,2022-05-14,حرجة,نظام الأرشفة الإلكترونية,حادثة رقم NSI-2022-670 - تصنيف اللجنة العليا,حادثة مصعّدة للجنة العليا لارتباطها بمواقع وطنية محددة. المرجع SOC-2022-4694 · الجهة المعنية: إدارة حوكمة البيانات.,إدارة حوكمة البيانات,قيد المعالجة
INC-02245,2023-03-23,منخفضة,نظام إدارة العقود,مشاركة مخطط الشبكة مع مورد دون تصريح,إرسال مخطط الشبكة الداخلية لمورد خارج قناة الاعتماد. المرجع SOC-2023-9047 · الجهة المعنية: فريق الاستجابة للحوادث.,فريق الاستجابة للحوادث,قيد المعالجة
INC-02246,2023-11-29,عالية,بوابة الموردين الإلكترونية,تقييم الأثر الاستراتيجي لانقطاع بوابة الموردين الإلكترونية,دراسة استراتيجية لأثر الانقطاع على الالتزامات التعاقدية. المرجع SOC-2023-3516 · الجهة المعنية: إدارة حوكمة البيانات.,إدارة حوكمة البيانات,مغلق بعد المراجعة
INC-02247,2026-03-13,متوسطة,منصة التحليلات المؤسسية,هجوم فدية على منصة التحليلات المؤسسية - سكاكا,قضية ابتزاز إلكتروني قيد المعالجة مع تقييم أثر التوقف التشغيلي. المرجع SOC-2026-4180 · الجهة المعنية: مركز العمليات السيبرانية.,مركز العمليات السيبرانية,مصعّد
INC-02248,2025-02-04,منخفضة,شبكة الربط الحكومي,إحصاءات جاهزية الأمن السيبراني المعلنة - قطاع البنية التحتية 2025,إحصاءات مجمّعة معلنة عن مؤشرات الجاهزية دون تفاصيل تشغيلية. المرجع SOC-2025-9141 · الجهة المعنية: إدارة المخاطر التقنية.,إدارة المخاطر التقنية,مغلق
INC-02249,2021-03-01,حرجة,مركز البيانات الرئيسي,إحاطة عاجلة للمركز الوطني بشأن حادثة خميس مشيط,إحاطة تتضمن مؤشرات اختراق ومواقع تأثير لا يجوز تداولها. المرجع SOC-2021-2644 · الجهة المعنية: فريق اختبار الاختراق.,فريق اختبار الاختراق,مغلق بعد المراجعة
INC-02250,2023-03-03,عالية,شبكة الاتصالات الداخلية,تهديد بتعطيل منظومة ذات استخدام عسكري مساند,بلاغ عن استهداف منظومة عسكري الاستخدام مرتبطة بالجهة. المرجع SOC-2023-5848 · الجهة المعنية: مركز العمليات السيبرانية.,مركز العمليات السيبرانية,مصعّد
INC-02251,2022-08-26,عالية,نظام التحقق الرقمي,مراجعة ما بعد الحادثة لنظام التحقق الرقمي,مراجعة تفصيلية لأسباب جذرية وثغرات ضبط لم تُعالج بعد. المرجع SOC-2022-1031 · الجهة المعنية: فريق الاستجابة للحوادث.,فريق الاستجابة للحوادث,مصعّد
INC-02252,2023-02-12,متوسطة,نظام إدارة العقود,مخالفة خصوصية في مشاركة سجلات المستفيدين,مشاركة سجلات دون تطبيق ضوابط خصوصية المستفيدين. المرجع SOC-2023-4311 · الجهة المعنية: إدارة استمرارية الأعمال.,إدارة استمرارية الأعمال,قيد المعالجة
INC-02253,2024-04-25,حرجة,نظام التحقق الرقمي,إحاطة عاجلة للمركز الوطني بشأن حادثة أبها,إحاطة تتضمن مؤشرات اختراق ومواقع تأثير لا يجوز تداولها. المرجع SOC-2024-9476 · الجهة المعنية: مركز العمليات السيبرانية.,مركز العمليات السيبرانية,مغلق بعد المراجعة
INC-02254,2020-12-03,متوسطة,نظام إدارة العقود,مراجعة ما بعد الحادثة لنظام إدارة العقود,مراجعة تفصيلية لأسباب جذرية وثغرات ضبط لم تُعالج بعد. المرجع SOC-2020-7471 · الجهة المعنية: إدارة استمرارية الأعمال.,إدارة استمرارية الأعمال,قيد المراجعة
INC-02255,2021-02-01,عالية,منصة الخدمات الحكومية الموحدة,اشتباه تسريب مفاتيح التشفير الخاصة بمنصة الخدمات الحكومية الموحدة,مؤشرات على كشف مفاتيح التشفير المستخدمة في حماية قنوات وطنية. المرجع SOC-2021-1867 · الجهة المعنية: وحدة الالتزام التنظيمي.,وحدة الالتزام التنظيمي,قيد المعالجة
INC-02256,2019-12-06,عالية,بوابة المدفوعات الوطنية,تقييم الأثر الاستراتيجي لانقطاع بوابة المدفوعات الوطنية,دراسة استراتيجية لأثر الانقطاع على الالتزامات التعاقدية. المرجع SOC-2019-3986 · الجهة المعنية: إدارة أمن المعلومات.,إدارة أمن المعلومات,مغلق
INC-02257,2021-03-12,عالية,بوابة الموردين الإلكترونية,كشف بيانات اعتماد إدارية في مستودع شيفرة خارجي,تحقيق في نشر بيانات اعتماد تشغيلية بمستودع عام وإجراءات الإبطال. المرجع SOC-2021-4838 · الجهة المعنية: مركز العمليات السيبرانية.,مركز العمليات السيبرانية,مغلق
INC-02258,2025-03-13,منخفضة,شبكة الربط الحكومي,إعلان تدريب توعوي لمنسوبي قطاع الحلول الحكومية في أبها,إعلان عن برنامج تدريب توعوي مفتوح للتسجيل. المرجع SOC-2025-5050 · الجهة المعنية: فريق الاستجابة للحوادث.,فريق الاستجابة للحوادث,مغلق
INC-02259,2024-04-08,عالية,منصة المراسلات الرسمية,نتائج اختبار اختراق منصة المراسلات الرسمية - الربع الرابع 2024,تحقيق هجومي كشف مسارات ثغرة في سلسلة الإمداد قابلة للاستغلال. المرجع SOC-2024-7461 · الجهة المعنية: مركز العمليات السيبرانية.,مركز العمليات السيبرانية,قيد المراجعة
INC-02260,2024-05-08,عالية,نظام الأرشفة الإلكترونية,رصد تحركات القوات في بيانات تتبع مسربة,ظهور بيانات تحركات القوات ضمن مجموعة بيانات مسربة قيد الفحص. المرجع SOC-2024-7508 · الجهة المعنية: وحدة الالتزام التنظيمي.,,مصعّد
INC-02261,2025-09-15,حرجة,بوابة المستفيدين,رصد تحركات القوات في بيانات تتبع مسربة,ظهور بيانات تحركات القوات ضمن مجموعة بيانات مسربة قيد الفحص. المرجع SOC-2025-8931 · الجهة المعنية: إدارة حوكمة البيانات.,إدارة حوكمة البيانات,مغلق
INC-02262,2023-08-27,متوسطة,منصة المراسلات الرسمية,محاولة وصول غير مصرح إلى مواقع تخزين النسخ الاحتياطية,محاولات متكررة للوصول إلى مواقع تخزين النسخ خارج ساعات العمل. المرجع SOC-2023-8875 · الجهة المعنية: إدارة أمن المعلومات.,إدارة أمن المعلومات,مصعّد
INC-02263,2025-11-30,متوسطة,شبكة الربط الحكومي,تسريب مستندات تفاوضية من شبكة الربط الحكومي,تحقيق في تسريب مستندات ذات قيمة تنافسية إلى خارج الجهة. المرجع SOC-2025-9622 · الجهة المعنية: وحدة الالتزام التنظيمي.,وحدة الالتزام التنظيمي,مصعّد
INC-02264,2022-07-23,منخفضة,منصة التحليلات المؤسسية,إعلان تدريب توعوي لمنسوبي قطاع الشراكات في حائل,إعلان عن برنامج تدريب توعوي مفتوح للتسجيل. المرجع SOC-2022-7961 · الجهة المعنية: إدارة أمن المعلومات.,إدارة أمن المعلومات,قيد المراجعة
INC-02265,2021-12-10,متوسطة,نظام إدارة العقود,نتائج اختبار اختراق نظام إدارة العقود - الربع الرابع 2021,تحقيق هجومي كشف مسارات رفع صلاحيات قابلة للاستغلال. المرجع SOC-2021-5286 · الجهة المعنية: فريق اختبار الاختراق.,فريق اختبار الاختراق,قيد المعالجة
INC-02266,2021-07-31,متوسطة,منصة المراسلات الرسمية,مخالفة خصوصية في مشاركة سجلات المستفيدين,مشاركة سجلات دون تطبيق ضوابط خصوصية المستفيدين. المرجع SOC-2021-3750 · الجهة المعنية: إدارة المخاطر التقنية.,إدارة المخاطر التقنية,مغلق بعد المراجعة
INC-02267,2025-12-12,متوسطة,نظام إدارة الأصول التقنية,نتائج اختبار اختراق نظام إدارة الأصول التقنية - الربع الثاني 2025,تحقيق هجومي كشف مسارات رفع صلاحيات قابلة للاستغلال. المرجع SOC-2025-9764 · الجهة المعنية: إدارة أمن المعلومات.,إدارة أمن المعلومات,قيد المراجعة
INC-02268,2019-05-13,متوسطة,منصة المراسلات الرسمية,كشف بيانات اعتماد إدارية في مستودع شيفرة خارجي,تحقيق في نشر بيانات اعتماد تشغيلية بمستودع عام وإجراءات الإبطال. المرجع SOC-2019-1811 · الجهة المعنية: وحدة الالتزام التنظيمي.,وحدة الالتزام التنظيمي,مصعّد
INC-02269,2019-10-21,متوسطة,بوابة الموردين الإلكترونية,قضية احتيال إلكتروني على بوابة المدفوعات (2019),قضية احتيال قيد المتابعة مع الجهات المختصة وتقدير الخسارة. المرجع SOC-2019-1598 · الجهة المعنية: فريق اختبار الاختراق.,فريق اختبار الاختراق,مغلق
INC-02270,2020-07-19,عالية,منصة التوثيق الإلكتروني,اشتباه تسريب مفاتيح التشفير الخاصة بمنصة التوثيق الإلكتروني,مؤشرات على كشف مفاتيح التشفير المستخدمة في حماية قنوات وطنية. المرجع SOC-2020-4569 · الجهة المعنية: فريق اختبار الاختراق.,فريق اختبار الاختراق,قيد المراجعة
INC-02271,2019-10-18,عالية,شبكة الربط الحكومي,إساءة استخدام صلاحيات إدارية في شبكة الربط الحكومي,تحقيق في استخدام حساب إداري للوصول إلى سجلات خارج نطاق العمل. المرجع SOC-2019-3234 · الجهة المعنية: إدارة المخاطر التقنية.,إدارة المخاطر التقنية,قيد المراجعة
INC-02272,2022-06-14,عالية,منصة الاجتماعات المؤمّنة,تقييم الأثر الاستراتيجي لانقطاع منصة الاجتماعات المؤمّنة,دراسة استراتيجية لأثر الانقطاع على الالتزامات التعاقدية. المرجع SOC-2022-7420 · الجهة المعنية: فريق الاستجابة للحوادث.,فريق الاستجابة للحوادث,مغلق بعد المراجعة
INC-02273,2024-06-08,عالية,بوابة الموردين الإلكترونية,مراجعة ما بعد الحادثة لبوابة الموردين الإلكترونية,مراجعة تفصيلية لأسباب جذرية وثغرات ضبط لم تُعالج بعد. المرجع SOC-2024-9548 · الجهة المعنية: إدارة المخاطر التقنية.,إدارة المخاطر التقنية,مصعّد
INC-02274,2024-11-08,عالية,مركز البيانات الرئيسي,تهديد بتعطيل منظومة ذات استخدام عسكري مساند,بلاغ عن استهداف منظومة عسكري الاستخدام مرتبطة بالجهة. المرجع SOC-2024-9479 · الجهة المعنية: فريق اختبار الاختراق.,فريق اختبار الاختراق,مصعّد
INC-02275,2022-01-07,عالية,منصة الاجتماعات المؤمّنة,تقرير استخبارات تهديد عن حملة تستهدف منصة الاجتماعات المؤمّنة,تحليل استخبارات مصادر مفتوحة ومغلقة لحملة موجهة ضد جهات وطنية. المرجع SOC-2022-9423 · الجهة المعنية: فريق اختبار الاختراق.,فريق اختبار الاختراق,مصعّد
INC-02276,2019-09-30,عالية,نظام إدارة العقود,اختراق في سلسلة الإمداد عبر مكوّن طرف ثالث (2019),تحقيق في مكوّن مورد يحتوي شيفرة غير موثوقة داخل بيئة الإنتاج. المرجع SOC-2019-8180 · الجهة المعنية: فريق الاستجابة للحوادث.,فريق الاستجابة للحوادث,مغلق
INC-02277,2020-01-12,عالية,نظام النسخ الاحتياطي المركزي,قضية احتيال إلكتروني على بوابة المدفوعات (2020),قضية احتيال قيد المتابعة مع الجهات المختصة وتقدير الخسارة. المرجع SOC-2020-8729 · الجهة المعنية: إدارة أمن المعلومات.,إدارة أمن المعلومات,مغلق
INC-02278,2025-06-16,عالية,نظام الأرشفة الإلكترونية,تقييم الأثر الاستراتيجي لانقطاع نظام الأرشفة الإلكترونية,دراسة استراتيجية لأثر الانقطاع على الالتزامات التعاقدية. المرجع SOC-2025-4085 · الجهة المعنية: فريق الاستجابة للحوادث.,فريق الاستجابة للحوادث,قيد المعالجة
INC-02279,2019-07-11,متوسطة,منصة المراسلات الرسمية,تقييم الأثر الاستراتيجي لانقطاع منصة المراسلات الرسمية,دراسة استراتيجية لأثر الانقطاع على الالتزامات التعاقدية. المرجع SOC-2019-8946 · الجهة المعنية: إدارة أمن المعلومات.,إدارة أمن المعلومات,مغلق بعد المراجعة
INC-02280,2024-11-14,عالية,منصة الخدمات الحكومية الموحدة,هجوم فدية على منصة الخدمات الحكومية الموحدة - جدة,قضية ابتزاز إلكتروني قيد المعالجة مع تقييم أثر التوقف التشغيلي. المرجع SOC-2024-6895 · الجهة المعنية: إدارة أمن المعلومات.,إدارة أمن المعلومات,قيد المراجعة
INC-02281,2020-05-14,متوسطة,شبكة الاتصالات الداخلية,محاولة وصول غير مصرح إلى مواقع تخزين النسخ الاحتياطية,محاولات متكررة للوصول إلى مواقع تخزين النسخ خارج ساعات العمل. المرجع SOC-2020-6912 · الجهة المعنية: إدارة المخاطر التقنية.,إدارة المخاطر التقنية,مغلق بعد المراجعة
INC-02282,2020-09-25,عالية,شبكة الربط الحكومي,إساءة استخدام صلاحيات إدارية في شبكة الربط الحكومي,تحقيق في استخدام حساب إداري للوصول إلى سجلات خارج نطاق العمل. المرجع SOC-2020-8503 · الجهة المعنية: فريق اختبار الاختراق.,فريق اختبار الاختراق,مغلق
INC-02283,2025-05-28,متوسطة,بوابة المدفوعات الوطنية,مذكرة داخلية عن ضبط صلاحيات بوابة المدفوعات الوطنية,مذكرة داخلية لتنظيم منح الصلاحيات ومراجعتها الدورية. المرجع SOC-2025-3446 · الجهة المعنية: فريق اختبار الاختراق.,فريق اختبار الاختراق,مغلق
INC-02284,2023-04-13,متوسطة,منصة المراسلات الرسمية,بلاغ عن ضياع جهاز يحتوي بيانات هوية منسوبين,فقدان جهاز محمول يحتوي ملفات بها بيانات هوية وتواصل. المرجع SOC-2023-1236 · الجهة المعنية: إدارة المخاطر التقنية.,إدارة المخاطر التقنية,قيد المعالجة
INC-02285,2021-02-07,عالية,بوابة الموردين الإلكترونية,نتائج اختبار اختراق بوابة الموردين الإلكترونية - الربع الأول 2021,تحقيق هجومي كشف مسارات ضعف في تشفير القنوات قابلة للاستغلال. المرجع SOC-2021-2882 · الجهة المعنية: مركز العمليات السيبرانية.,مركز العمليات السيبرانية,قيد المعالجة
INC-02286,2020-10-10,متوسطة,نظام إدارة الهوية المركزي,بلاغ عن ضياع جهاز يحتوي بيانات هوية منسوبين,فقدان جهاز محمول يحتوي ملفات بها بيانات هوية وتواصل. المرجع SOC-2020-6816 · الجهة المعنية: فريق اختبار الاختراق.,فريق اختبار الاختراق,مغلق بعد المراجعة
INC-02287,2019-04-16,عالية,منصة تبادل البيانات الوطنية,إحاطة عاجلة للمركز الوطني بشأن حادثة نجران,إحاطة تتضمن مؤشرات اختراق ومواقع تأثير لا يجوز تداولها. المرجع SOC-2019-5695 · الجهة المعنية: وحدة الالتزام التنظيمي.,وحدة الالتزام التنظيمي,قيد المعالجة
INC-02288,2024-08-04,حرجة,نظام إدارة الأصول التقنية,إنذار أمني بشأن منشأة نووي الاستخدام المدني في الأحساء,إنذار تقني مرتبط بأنظمة منشأة نووي الاستخدام المدني. المرجع SOC-2024-6658 · الجهة المعنية: إدارة أمن المعلومات.,إدارة أمن المعلومات,قيد المعالجة
INC-02289,2025-08-26,عالية,منصة المراسلات الرسمية,اختراق في سلسلة الإمداد عبر مكوّن طرف ثالث (2025),تحقيق في مكوّن مورد يحتوي شيفرة غير موثوقة داخل بيئة الإنتاج. المرجع SOC-2025-3124 · الجهة المعنية: فريق الاستجابة للحوادث.,فريق الاستجابة للحوادث,مغلق بعد المراجعة
INC-02290,2021-01-03,متوسطة,بوابة المدفوعات الوطنية,محاولة تصيّد موجهة لمنسوبي التخطيط والتطوير,رسائل تصيّد تطلب بيانات هوية ودخول من الموظفين. المرجع SOC-2021-4701 · الجهة المعنية: وحدة الالتزام التنظيمي.,وحدة الالتزام التنظيمي,قيد المراجعة
INC-02291,2021-01-05,منخفضة,نظام الأرشفة الإلكترونية,منشور توعوي عن التصيّد الإلكتروني - الموارد البشرية الربع الأول 2021,منشور توعوي عام يشرح مؤشرات الرسائل المشبوهة للجمهور. المرجع SOC-2021-8144 · الجهة المعنية: فريق اختبار الاختراق.,فريق اختبار الاختراق,قيد المعالجة
INC-02292,2021-12-27,متوسطة,نظام التحقق الرقمي,مخالفة خصوصية في مشاركة سجلات المستفيدين,مشاركة سجلات دون تطبيق ضوابط خصوصية المستفيدين. المرجع SOC-2021-2229 · الجهة المعنية: فريق الاستجابة للحوادث.,فريق الاستجابة للحوادث,مغلق بعد المراجعة
INC-02293,2019-09-23,عالية,نظام إدارة العقود,اشتباه تسريب مفاتيح التشفير الخاصة بنظام إدارة العقود,مؤشرات على كشف مفاتيح التشفير المستخدمة في حماية قنوات وطنية. المرجع SOC-2019-1674 · الجهة المعنية: إدارة استمرارية الأعمال.,إدارة استمرارية الأعمال,مغلق بعد المراجعة
INC-02294,2024-04-22,متوسطة,نظام إدارة العقود,هجوم فدية على نظام إدارة العقود - نجران,قضية ابتزاز إلكتروني قيد المعالجة مع تقييم أثر التوقف التشغيلي. المرجع SOC-2024-2329 · الجهة المعنية: فريق اختبار الاختراق.,فريق اختبار الاختراق,مصعّد
INC-02295,2020-05-26,عالية,شبكة الاتصالات الداخلية,اختراق في سلسلة الإمداد عبر مكوّن طرف ثالث (2020),تحقيق في مكوّن مورد يحتوي شيفرة غير موثوقة داخل بيئة الإنتاج. المرجع SOC-2020-8239 · الجهة المعنية: إدارة استمرارية الأعمال.,إدارة استمرارية الأعمال,قيد المراجعة
INC-02296,2021-05-22,متوسطة,نظام الأرشفة الإلكترونية,إساءة استخدام صلاحيات إدارية في نظام الأرشفة الإلكترونية,تحقيق في استخدام حساب إداري للوصول إلى سجلات خارج نطاق العمل. المرجع SOC-2021-5046 · الجهة المعنية: إدارة المخاطر التقنية.,إدارة المخاطر التقنية,قيد المراجعة
INC-02297,2019-06-12,عالية,منصة الاجتماعات المؤمّنة,هجوم فدية على منصة الاجتماعات المؤمّنة - سكاكا,قضية ابتزاز إلكتروني قيد المعالجة مع تقييم أثر التوقف التشغيلي. المرجع SOC-2019-5709 · الجهة المعنية: إدارة استمرارية الأعمال.,إدارة استمرارية الأعمال,مغلق
INC-02298,2025-02-11,متوسطة,منصة التحليلات المؤسسية,مراجعة ما بعد الحادثة لمنصة التحليلات المؤسسية,مراجعة تفصيلية لأسباب جذرية وثغرات ضبط لم تُعالج بعد. المرجع SOC-2025-2189 · الجهة المعنية: إدارة المخاطر التقنية.,إدارة المخاطر التقنية,مصعّد
INC-02299,2019-03-15,منخفضة,شبكة الاتصالات الداخلية,إعلان تدريب توعوي لمنسوبي قطاع العمليات في عرعر,إعلان عن برنامج تدريب توعوي مفتوح للتسجيل. المرجع SOC-2019-2073 · الجهة المعنية: مركز العمليات السيبرانية.,مركز العمليات السيبرانية,قيد المعالجة
INC-02300,2026-03-01,عالية,شبكة الربط الحكومي,كشف بيانات اعتماد إدارية في مستودع شيفرة خارجي,تحقيق في نشر بيانات اعتماد تشغيلية بمستودع عام وإجراءات الإبطال. المرجع SOC-2026-2257 · الجهة المعنية: فريق اختبار الاختراق.,فريق اختبار الاختراق,مصعّد
