case_id,reported_date,case_type,subject_ar,case_summary_ar,handling_unit,case_status
CASE-00001,2022-11-20,تسريب معلومات,تحقيق في تسريب مسودة مذكرة تفاهم مع شريك خارجي,تسريب مسودة مذكرة تفاهم قبل توقيعها رسميًا. المرجع CASE-2022-9808 · الجهة المعنية: إدارة المخاطر.,إدارة المخاطر,قيد المراجعة القانونية
CASE-00002,2019-08-05,إساءة استخدام صلاحيات,تحقيق في تواطؤ محتمل بين موردي قطاع الأعمال المؤسسية,تحقيق في مؤشرات تنسيق أسعار بين موردين في منافسة مغلقة. المرجع CASE-2019-7935 · الجهة المعنية: الأمانة العامة.,الأمانة العامة,منتهي بتوصيات
CASE-00003,2026-02-11,بلاغ مبلّغ,تحقيق في احتيال مالي بقيمة تقديرية 14 مليون ريال,تحقيق داخلي في معاملات مالية غير مبررة وتوصيات الإحالة. المرجع CASE-2026-2322 · الجهة المعنية: التدقيق الداخلي.,التدقيق الداخلي,قيد التحقيق
CASE-00004,2021-12-10,مخالفة مشتريات,شكوى بيئة عمل في الخدمات المساندة,شكوى موظف تتضمن بيانات شخصية وتفاصيل تواصل داخلية. المرجع CASE-2021-6270 · الجهة المعنية: التدقيق الداخلي.,التدقيق الداخلي,مغلق
CASE-00005,2022-05-21,إساءة استخدام صلاحيات,قضية تعارض مصالح في ترسية برنامج الاستحواذ التقني,قضية تعارض مصالح بين عضو لجنة وأحد الموردين المتنافسين. المرجع CASE-2022-5380 · الجهة المعنية: مكتب حماية المبلّغين.,,محال للجهة المختصة
CASE-00006,2020-04-23,مخالفة سلوك مهني,ملف مراجعة خاصة رقم SR-2020-689,مراجعة خاصة بتوجيه من اللجنة مع حظر التداول حتى صدور النتيجة. المرجع CASE-2020-6917 · الجهة المعنية: مكتب حماية المبلّغين.,مكتب حماية المبلّغين,قيد المراجعة القانونية
CASE-00007,2024-08-26,بلاغ مبلّغ,تحقيق في تواطؤ محتمل بين موردي قطاع الشراكات,تحقيق في مؤشرات تنسيق أسعار بين موردين في منافسة مغلقة. المرجع CASE-2024-4225 · الجهة المعنية: وحدة الالتزام التنظيمي.,وحدة الالتزام التنظيمي,منتهي بتوصيات
CASE-00008,2025-08-24,تسريب معلومات,بلاغ عن مخالفة في التعامل مع مواد أسلحة خاضعة للرقابة,مخالفة إجراءات مناولة أسلحة ومواد خاضعة للرقابة داخل موقع تشغيلي. المرجع CASE-2025-9226 · الجهة المعنية: وحدة مكافحة الاحتيال.,وحدة مكافحة الاحتيال,محال للجهة المختصة
CASE-00009,2023-11-30,مخالفة تعاقدية,تحقيق في تلاعب بسجلات الاعتماد في مركز البيانات الاحتياطي,تحقيق في تعديل غير مصرح لسجلات الاعتماد المالي. المرجع CASE-2023-7412 · الجهة المعنية: وحدة الالتزام التنظيمي.,وحدة الالتزام التنظيمي,محال للجهة المختصة
CASE-00010,2024-01-21,تسريب معلومات,مذكرة داخلية بشأن ضبط الحضور في المشتريات,مذكرة داخلية تنظيمية حول التزام الحضور والانصراف. المرجع CASE-2024-7106 · الجهة المعنية: إدارة المخاطر.,إدارة المخاطر,بانتظار الرد
CASE-00011,2022-01-05,إساءة استخدام صلاحيات,ملخص مواجهة أطراف في الملف رقم MF-2022-590,محضر مواجهة يتضمن إفادات أطراف قد ترتب مسؤولية نظامية. المرجع CASE-2022-5233 · الجهة المعنية: الشؤون القانونية.,الشؤون القانونية,قيد التحقيق
CASE-00012,2020-09-03,بلاغ مبلّغ,تحقيق في تواطؤ محتمل بين موردي قطاع الخدمات الرقمية,تحقيق في مؤشرات تنسيق أسعار بين موردين في منافسة مغلقة. المرجع CASE-2020-1194 · الجهة المعنية: مكتب حماية المبلّغين.,مكتب حماية المبلّغين,بانتظار الرد
CASE-00013,2026-04-13,احتيال مالي,تحقيق في تسريب مسودة مذكرة تفاهم مع شريك خارجي,تسريب مسودة مذكرة تفاهم قبل توقيعها رسميًا. المرجع CASE-2026-9465 · الجهة المعنية: وحدة الالتزام التنظيمي.,وحدة الالتزام التنظيمي,مغلق
CASE-00014,2023-10-15,بلاغ مبلّغ,تحقيق في احتيال مالي بقيمة تقديرية 33 مليون ريال,تحقيق داخلي في معاملات مالية غير مبررة وتوصيات الإحالة. المرجع CASE-2023-7144 · الجهة المعنية: التدقيق الداخلي.,التدقيق الداخلي,محال للجهة المختصة
CASE-00015,2022-04-05,مخالفة سلوك مهني,بلاغ مبلّغ عن مخالفات في ضبط الجودة,تحقيق سري في بلاغ مبلّغ مع حماية هويته وفق السياسة. المرجع CASE-2022-1158 · الجهة المعنية: إدارة المخاطر.,إدارة المخاطر,منتهي بتوصيات
CASE-00016,2020-01-22,مخالفة مشتريات,تحقيق في تواطؤ محتمل بين موردي قطاع الخدمات الرقمية,تحقيق في مؤشرات تنسيق أسعار بين موردين في منافسة مغلقة. المرجع CASE-2020-7788 · الجهة المعنية: الأمانة العامة.,الأمانة العامة,مغلق
CASE-00017,2020-05-27,مخالفة سلوك مهني,طلب إجازة طبي ممتدة - الموارد البشرية,ملف طبي داعم لطلب إجازة ممتدة لأحد المنسوبين. المرجع CASE-2020-5945 · الجهة المعنية: الشؤون القانونية.,الشؤون القانونية,قيد التحقيق
CASE-00018,2025-08-07,احتيال مالي,قضية تسريب الميزانية الاستراتيجية قبل الاعتماد,تسريب أرقام الميزانية الاستراتيجية إلى جهة خارجية قبل اعتمادها. المرجع CASE-2025-2193 · الجهة المعنية: التدقيق الداخلي.,التدقيق الداخلي,بانتظار الرد
CASE-00019,2022-10-29,مخالفة مشتريات,قضية تعارض مصالح في ترسية برنامج الحوسبة السيادية,قضية تعارض مصالح بين عضو لجنة وأحد الموردين المتنافسين. المرجع CASE-2022-5573 · الجهة المعنية: وحدة الالتزام التنظيمي.,وحدة الالتزام التنظيمي,مغلق
CASE-00020,2022-03-25,إساءة استخدام صلاحيات,تحقيق في تسريب مسودة مذكرة تفاهم مع شريك خارجي,تسريب مسودة مذكرة تفاهم قبل توقيعها رسميًا. المرجع CASE-2022-3533 · الجهة المعنية: إدارة المخاطر.,إدارة المخاطر,محال للجهة المختصة
CASE-00021,2022-03-17,تعارض مصالح,تحقيق في تواطؤ محتمل بين موردي قطاع الحلول الحكومية,تحقيق في مؤشرات تنسيق أسعار بين موردين في منافسة مغلقة. المرجع CASE-2022-8441 · الجهة المعنية: مكتب حماية المبلّغين.,مكتب حماية المبلّغين,مغلق
CASE-00022,2023-11-11,مخالفة تعاقدية,بلاغ مبلّغ عن مخالفات في الموارد البشرية,تحقيق سري في بلاغ مبلّغ مع حماية هويته وفق السياسة. المرجع CASE-2023-2411 · الجهة المعنية: مكتب حماية المبلّغين.,مكتب حماية المبلّغين,قيد المراجعة القانونية
CASE-00023,2023-07-03,إساءة استخدام صلاحيات,تحقيق في تلاعب بسجلات الاعتماد في نظام الأرشفة الإلكترونية,تحقيق في تعديل غير مصرح لسجلات الاعتماد المالي. المرجع CASE-2023-9757 · الجهة المعنية: وحدة مكافحة الاحتيال.,وحدة مكافحة الاحتيال,بانتظار الرد
CASE-00024,2023-08-04,تعارض مصالح,تحقيق في تلاعب بسجلات الاعتماد في شبكة الربط الحكومي,تحقيق في تعديل غير مصرح لسجلات الاعتماد المالي. المرجع CASE-2023-2089 · الجهة المعنية: الأمانة العامة.,الأمانة العامة,منتهي بتوصيات
CASE-00025,2019-11-30,بلاغ مبلّغ,قضية تعارض مصالح في ترسية برنامج التحول الرقمي,قضية تعارض مصالح بين عضو لجنة وأحد الموردين المتنافسين. المرجع CASE-2019-4892 · الجهة المعنية: الأمانة العامة.,الأمانة العامة,منتهي بتوصيات
CASE-00026,2024-08-18,احتيال مالي,قضية مساس بمتطلبات سيادة البيانات الوطنية,استضافة بيانات وطنية خارج النطاق بما يخالف متطلبات سيادة البيانات. المرجع CASE-2024-3173 · الجهة المعنية: الأمانة العامة.,الأمانة العامة,قيد التحقيق
CASE-00027,2024-09-10,مخالفة تعاقدية,تحقيق في مخالفة تعاقدية مع دولة شريكة,تحقيق في إخلال ببنود تعاقدية قد يرتب مطالبات مالية كبيرة. المرجع CASE-2024-3702 · الجهة المعنية: إدارة المخاطر.,إدارة المخاطر,قيد التحقيق
CASE-00028,2022-12-02,تعارض مصالح,قضية استخدام غير مصرح لبيانات مواقع تخزين تشغيلية,استخراج قوائم مواقع تخزين تشغيلية دون تصريح. المرجع CASE-2022-8133 · الجهة المعنية: الشؤون القانونية.,الشؤون القانونية,مغلق
CASE-00029,2024-04-21,مخالفة مشتريات,قضية تسريب الميزانية الاستراتيجية قبل الاعتماد,تسريب أرقام الميزانية الاستراتيجية إلى جهة خارجية قبل اعتمادها. المرجع CASE-2024-6485 · الجهة المعنية: التدقيق الداخلي.,التدقيق الداخلي,منتهي بتوصيات
CASE-00030,2022-07-22,إساءة استخدام صلاحيات,مراجعة استراتيجية لمخاطر الالتزام في قطاع الأعمال المؤسسية,مراجعة استراتيجية لمخاطر التزام قد تؤدي إلى غرامات تنظيمية. المرجع CASE-2022-6128 · الجهة المعنية: وحدة الالتزام التنظيمي.,وحدة الالتزام التنظيمي,منتهي بتوصيات
CASE-00031,2022-04-05,مخالفة تعاقدية,تحقيق في تواطؤ محتمل بين موردي قطاع التقنية والمشاريع,تحقيق في مؤشرات تنسيق أسعار بين موردين في منافسة مغلقة. المرجع CASE-2022-8969 · الجهة المعنية: التدقيق الداخلي.,التدقيق الداخلي,بانتظار الرد
CASE-00032,2025-08-03,احتيال مالي,قضية تسريب الميزانية الاستراتيجية قبل الاعتماد,تسريب أرقام الميزانية الاستراتيجية إلى جهة خارجية قبل اعتمادها. المرجع CASE-2025-3306 · الجهة المعنية: وحدة الالتزام التنظيمي.,وحدة الالتزام التنظيمي,مغلق
CASE-00033,2020-07-23,مخالفة مشتريات,قضية إساءة استخدام معلومات داخلية في قطاع الحلول الحكومية,قضية استخدام معلومات غير معلنة لتحقيق منفعة شخصية. المرجع CASE-2020-8605 · الجهة المعنية: وحدة مكافحة الاحتيال.,وحدة مكافحة الاحتيال,مغلق
CASE-00034,2025-11-01,مخالفة سلوك مهني,بلاغ مبلّغ عن مخالفات في التشغيل,تحقيق سري في بلاغ مبلّغ مع حماية هويته وفق السياسة. المرجع CASE-2025-5110 · الجهة المعنية: الأمانة العامة.,الأمانة العامة,قيد التحقيق
CASE-00035,2024-11-01,مخالفة تعاقدية,قضية تعارض مصالح في ترسية برنامج الاستحواذ التقني,قضية تعارض مصالح بين عضو لجنة وأحد الموردين المتنافسين. المرجع CASE-2024-1071 · الجهة المعنية: التدقيق الداخلي.,التدقيق الداخلي,قيد المراجعة القانونية
CASE-00036,2021-12-23,تسريب معلومات,تحقيق في تلاعب بسجلات الاعتماد في نظام التحقق الرقمي,تحقيق في تعديل غير مصرح لسجلات الاعتماد المالي. المرجع CASE-2021-6880 · الجهة المعنية: إدارة المخاطر.,إدارة المخاطر,مغلق
CASE-00037,2026-06-06,تسريب معلومات,قضية تعارض مصالح في ترسية برنامج أمن سلاسل الإمداد,قضية تعارض مصالح بين عضو لجنة وأحد الموردين المتنافسين. المرجع CASE-2026-6612 · الجهة المعنية: وحدة مكافحة الاحتيال.,وحدة مكافحة الاحتيال,مغلق
CASE-00038,2022-09-11,احتيال مالي,تحقيق في تسريب خطط عمليات أمنية لفعالية وطنية,تسريب جدول عمليات أمنية قبل تنفيذ الفعالية الوطنية. المرجع CASE-2022-5326 · الجهة المعنية: الموارد البشرية.,الموارد البشرية,بانتظار الرد
CASE-00039,2019-12-30,مخالفة تعاقدية,قضية تعارض مصالح في ترسية برنامج الذكاء الاصطناعي المؤسسي,قضية تعارض مصالح بين عضو لجنة وأحد الموردين المتنافسين. المرجع CASE-2019-6448 · الجهة المعنية: الموارد البشرية.,الموارد البشرية,محال للجهة المختصة
CASE-00040,2022-05-07,استخدام غير مصرح للأنظمة,قضية تسريب الميزانية الاستراتيجية قبل الاعتماد,تسريب أرقام الميزانية الاستراتيجية إلى جهة خارجية قبل اعتمادها. المرجع CASE-2022-4784 · الجهة المعنية: إدارة المخاطر.,إدارة المخاطر,منتهي بتوصيات
CASE-00041,2019-02-18,إساءة استخدام صلاحيات,قضية إساءة استخدام معلومات داخلية في قطاع التقنية والمشاريع,قضية استخدام معلومات غير معلنة لتحقيق منفعة شخصية. المرجع CASE-2019-8776 · الجهة المعنية: وحدة مكافحة الاحتيال.,وحدة مكافحة الاحتيال,مغلق
CASE-00042,2023-03-22,بلاغ مبلّغ,طلب إجازة طبي ممتدة - المالية,ملف طبي داعم لطلب إجازة ممتدة لأحد المنسوبين. المرجع CASE-2023-2141 · الجهة المعنية: الأمانة العامة.,الأمانة العامة,منتهي بتوصيات
CASE-00043,2024-12-23,مخالفة سلوك مهني,مراجعة استراتيجية لمخاطر الالتزام في قطاع الشراكات,مراجعة استراتيجية لمخاطر التزام قد تؤدي إلى غرامات تنظيمية. المرجع CASE-2024-4186 · الجهة المعنية: الأمانة العامة.,الأمانة العامة,بانتظار الرد
CASE-00044,2025-03-08,مخالفة مشتريات,مراجعة استراتيجية لمخاطر الالتزام في قطاع الأعمال المؤسسية,مراجعة استراتيجية لمخاطر التزام قد تؤدي إلى غرامات تنظيمية. المرجع CASE-2025-5749 · الجهة المعنية: التدقيق الداخلي.,التدقيق الداخلي,منتهي بتوصيات
CASE-00045,2024-09-27,مخالفة تعاقدية,قضية تسريب الميزانية الاستراتيجية قبل الاعتماد,تسريب أرقام الميزانية الاستراتيجية إلى جهة خارجية قبل اعتمادها. المرجع CASE-2024-1659 · الجهة المعنية: الشؤون القانونية.,الشؤون القانونية,بانتظار الرد
CASE-00046,2023-12-21,تسريب معلومات,تحقيق في احتيال مالي بقيمة تقديرية 23 مليون ريال,تحقيق داخلي في معاملات مالية غير مبررة وتوصيات الإحالة. المرجع CASE-2023-5296 · الجهة المعنية: التدقيق الداخلي.,التدقيق الداخلي,مغلق
CASE-00047,2020-10-30,مخالفة سلوك مهني,بلاغ مبلّغ عن مخالفات في الاتصال المؤسسي,تحقيق سري في بلاغ مبلّغ مع حماية هويته وفق السياسة. المرجع CASE-2020-3011 · الجهة المعنية: وحدة مكافحة الاحتيال.,وحدة مكافحة الاحتيال,منتهي بتوصيات
CASE-00048,2022-11-22,تسريب معلومات,بلاغ مبلّغ عن مخالفات في الخدمات المساندة,تحقيق سري في بلاغ مبلّغ مع حماية هويته وفق السياسة. المرجع CASE-2022-5356 · الجهة المعنية: الموارد البشرية.,الموارد البشرية,قيد المراجعة القانونية
CASE-00049,2022-02-05,تسريب معلومات,طلب تصحيح بيانات هوية في سجل الموظفين,طلب تصحيح حقول هوية وبيانات تواصل في السجل. المرجع CASE-2022-3369 · الجهة المعنية: التدقيق الداخلي.,التدقيق الداخلي,قيد التحقيق
CASE-00050,2019-02-25,مخالفة سلوك مهني,ملف مراجعة خاصة رقم SR-2019-688,مراجعة خاصة بتوجيه من اللجنة مع حظر التداول حتى صدور النتيجة. المرجع CASE-2019-2671 · الجهة المعنية: الموارد البشرية.,الموارد البشرية,قيد التحقيق
CASE-00051,2026-06-19,مخالفة تعاقدية,مراجعة استراتيجية لمخاطر الالتزام في قطاع الخدمات الرقمية,مراجعة استراتيجية لمخاطر التزام قد تؤدي إلى غرامات تنظيمية. المرجع CASE-2026-8461 · الجهة المعنية: وحدة الالتزام التنظيمي.,وحدة الالتزام التنظيمي,قيد المراجعة القانونية
CASE-00052,2021-04-06,مخالفة سلوك مهني,تحقيق في مخالفة تعاقدية مع دولة شريكة,تحقيق في إخلال ببنود تعاقدية قد يرتب مطالبات مالية كبيرة. المرجع CASE-2021-6739 · الجهة المعنية: الأمانة العامة.,الأمانة العامة,منتهي بتوصيات
CASE-00053,2020-10-21,إساءة استخدام صلاحيات,قضية مساس بمتطلبات سيادة البيانات الوطنية,استضافة بيانات وطنية خارج النطاق بما يخالف متطلبات سيادة البيانات. المرجع CASE-2020-9832 · الجهة المعنية: الشؤون القانونية.,الشؤون القانونية,بانتظار الرد
CASE-00054,2020-05-10,إساءة استخدام صلاحيات,تحقيق في احتيال مالي بقيمة تقديرية 32 مليون ريال,تحقيق داخلي في معاملات مالية غير مبررة وتوصيات الإحالة. المرجع CASE-2020-8041 · الجهة المعنية: التدقيق الداخلي.,التدقيق الداخلي,مغلق
CASE-00055,2024-11-24,مخالفة مشتريات,مخالفة في التعامل مع مخرجات مورد عسكري المنشأ,استخدام مكوّن عسكري المنشأ خارج الضوابط التعاقدية المعتمدة. المرجع CASE-2024-3383 · الجهة المعنية: مكتب حماية المبلّغين.,مكتب حماية المبلّغين,منتهي بتوصيات
CASE-00056,2022-05-30,مخالفة مشتريات,قضية استخدام غير مصرح لبيانات مواقع تخزين تشغيلية,استخراج قوائم مواقع تخزين تشغيلية دون تصريح. المرجع CASE-2022-3260 · الجهة المعنية: مكتب حماية المبلّغين.,مكتب حماية المبلّغين,منتهي بتوصيات
CASE-00057,2024-10-16,تسريب معلومات,تحقيق في تلاعب بسجلات الاعتماد في نظام الأرشفة الإلكترونية,تحقيق في تعديل غير مصرح لسجلات الاعتماد المالي. المرجع CASE-2024-8822 · الجهة المعنية: وحدة مكافحة الاحتيال.,وحدة مكافحة الاحتيال,بانتظار الرد
CASE-00058,2021-04-23,إساءة استخدام صلاحيات,قضية استخدام غير مصرح لبيانات مواقع تخزين تشغيلية,استخراج قوائم مواقع تخزين تشغيلية دون تصريح. المرجع CASE-2021-3447 · الجهة المعنية: وحدة الالتزام التنظيمي.,وحدة الالتزام التنظيمي,محال للجهة المختصة
CASE-00059,2019-10-10,تسريب معلومات,ملخص مواجهة أطراف في الملف رقم MF-2019-758,محضر مواجهة يتضمن إفادات أطراف قد ترتب مسؤولية نظامية. المرجع CASE-2019-8474 · الجهة المعنية: مكتب حماية المبلّغين.,مكتب حماية المبلّغين,قيد التحقيق
CASE-00060,2019-05-11,تعارض مصالح,تحقيق في احتيال مالي بقيمة تقديرية 35 مليون ريال,تحقيق داخلي في معاملات مالية غير مبررة وتوصيات الإحالة. المرجع CASE-2019-2345 · الجهة المعنية: إدارة المخاطر.,إدارة المخاطر,بانتظار الرد
CASE-00061,2025-07-19,مخالفة تعاقدية,مراجعة استراتيجية لمخاطر الالتزام في قطاع الأعمال المؤسسية,مراجعة استراتيجية لمخاطر التزام قد تؤدي إلى غرامات تنظيمية. المرجع CASE-2025-7232 · الجهة المعنية: إدارة المخاطر.,إدارة المخاطر,قيد التحقيق
CASE-00062,2024-01-26,تعارض مصالح,قضية مساس بمتطلبات سيادة البيانات الوطنية,استضافة بيانات وطنية خارج النطاق بما يخالف متطلبات سيادة البيانات. المرجع CASE-2024-2500 · الجهة المعنية: إدارة المخاطر.,إدارة المخاطر,مغلق
CASE-00063,2026-02-18,احتيال مالي,ملف مراجعة خاصة رقم SR-2026-229,مراجعة خاصة بتوجيه من اللجنة مع حظر التداول حتى صدور النتيجة. المرجع CASE-2026-9286 · الجهة المعنية: إدارة المخاطر.,إدارة المخاطر,قيد المراجعة القانونية
CASE-00064,2025-06-16,استخدام غير مصرح للأنظمة,قضية استخدام غير مصرح لبيانات مواقع تخزين تشغيلية,استخراج قوائم مواقع تخزين تشغيلية دون تصريح. المرجع CASE-2025-2059 · الجهة المعنية: التدقيق الداخلي.,التدقيق الداخلي,مغلق
CASE-00065,2019-01-17,تعارض مصالح,مراجعة استراتيجية لمخاطر الالتزام في قطاع الشراكات,مراجعة استراتيجية لمخاطر التزام قد تؤدي إلى غرامات تنظيمية. المرجع CASE-2019-5869 · الجهة المعنية: الأمانة العامة.,الأمانة العامة,بانتظار الرد
CASE-00066,2022-02-11,تسريب معلومات,شكوى بيئة عمل في المشتريات,شكوى موظف تتضمن بيانات شخصية وتفاصيل تواصل داخلية. المرجع CASE-2022-6168 · الجهة المعنية: التدقيق الداخلي.,التدقيق الداخلي,قيد المراجعة القانونية
CASE-00067,2020-03-31,تسريب معلومات,مراجعة استراتيجية لمخاطر الالتزام في قطاع الحلول الحكومية,مراجعة استراتيجية لمخاطر التزام قد تؤدي إلى غرامات تنظيمية. المرجع CASE-2020-1808 · الجهة المعنية: مكتب حماية المبلّغين.,مكتب حماية المبلّغين,قيد المراجعة القانونية
CASE-00068,2023-12-04,بلاغ مبلّغ,تحقيق في مخالفة تعاقدية مع تحالف صناعي دولي,تحقيق في إخلال ببنود تعاقدية قد يرتب مطالبات مالية كبيرة. المرجع CASE-2023-4262 · الجهة المعنية: إدارة المخاطر.,إدارة المخاطر,محال للجهة المختصة
CASE-00069,2022-08-16,مخالفة تعاقدية,مراجعة استراتيجية لمخاطر الالتزام في قطاع البنية التحتية,مراجعة استراتيجية لمخاطر التزام قد تؤدي إلى غرامات تنظيمية. المرجع CASE-2022-6301 · الجهة المعنية: الأمانة العامة.,الأمانة العامة,منتهي بتوصيات
CASE-00070,2024-03-05,مخالفة سلوك مهني,قضية تسريب الميزانية الاستراتيجية قبل الاعتماد,تسريب أرقام الميزانية الاستراتيجية إلى جهة خارجية قبل اعتمادها. المرجع CASE-2024-4110 · الجهة المعنية: الموارد البشرية.,الموارد البشرية,قيد التحقيق
CASE-00071,2024-07-28,إساءة استخدام صلاحيات,تحقيق في تسريب خطط عمليات أمنية لفعالية وطنية,تسريب جدول عمليات أمنية قبل تنفيذ الفعالية الوطنية. المرجع CASE-2024-4763 · الجهة المعنية: إدارة المخاطر.,إدارة المخاطر,مغلق
CASE-00072,2024-09-15,تعارض مصالح,منشور سياسة السلوك المهني - التخطيط والتطوير 2024,منشور عام يوضح مبادئ السلوك المهني المعتمدة. المرجع CASE-2024-7816 · الجهة المعنية: الموارد البشرية.,الموارد البشرية,بانتظار الرد
CASE-00073,2019-03-09,مخالفة مشتريات,منشور سياسة السلوك المهني - المالية 2019,منشور عام يوضح مبادئ السلوك المهني المعتمدة. المرجع CASE-2019-9058 · الجهة المعنية: وحدة الالتزام التنظيمي.,وحدة الالتزام التنظيمي,منتهي بتوصيات
CASE-00074,2020-05-22,احتيال مالي,قضية مساس بمتطلبات سيادة البيانات الوطنية,استضافة بيانات وطنية خارج النطاق بما يخالف متطلبات سيادة البيانات. المرجع CASE-2020-6639 · الجهة المعنية: الموارد البشرية.,الموارد البشرية,مغلق
CASE-00075,2023-12-01,إساءة استخدام صلاحيات,تحقيق في تسريب مسودة مذكرة تفاهم مع شريك خارجي,تسريب مسودة مذكرة تفاهم قبل توقيعها رسميًا. المرجع CASE-2023-8223 · الجهة المعنية: وحدة الالتزام التنظيمي.,وحدة الالتزام التنظيمي,قيد المراجعة القانونية
CASE-00076,2019-10-15,مخالفة سلوك مهني,طلب تصحيح بيانات هوية في سجل الموظفين,طلب تصحيح حقول هوية وبيانات تواصل في السجل. المرجع CASE-2019-6898 · الجهة المعنية: الشؤون القانونية.,الشؤون القانونية,محال للجهة المختصة
CASE-00077,2024-05-07,مخالفة مشتريات,ملف مراجعة خاصة رقم SR-2024-717,مراجعة خاصة بتوجيه من اللجنة مع حظر التداول حتى صدور النتيجة. المرجع CASE-2024-9721 · الجهة المعنية: الأمانة العامة.,الأمانة العامة,محال للجهة المختصة
CASE-00078,2021-05-08,بلاغ مبلّغ,قضية اشتباه تجسس إلكتروني على شبكة الربط الحكومي,تعاون مع جهات استخبارات وطنية بشأن نشاط تجسس مشتبه به. المرجع CASE-2021-9873 · الجهة المعنية: الموارد البشرية.,الموارد البشرية,قيد المراجعة القانونية
CASE-00079,2022-03-12,مخالفة مشتريات,بلاغ مبلّغ عن مخالفات في التدقيق الداخلي,تحقيق سري في بلاغ مبلّغ مع حماية هويته وفق السياسة. المرجع CASE-2022-6236 · الجهة المعنية: التدقيق الداخلي.,التدقيق الداخلي,منتهي بتوصيات
CASE-00080,2023-01-02,بلاغ مبلّغ,تحقيق في احتيال مالي بقيمة تقديرية 20 مليون ريال,تحقيق داخلي في معاملات مالية غير مبررة وتوصيات الإحالة. المرجع CASE-2023-1925 · الجهة المعنية: إدارة المخاطر.,إدارة المخاطر,قيد التحقيق
CASE-00081,2021-12-25,مخالفة سلوك مهني,قضية تسريب الميزانية الاستراتيجية قبل الاعتماد,تسريب أرقام الميزانية الاستراتيجية إلى جهة خارجية قبل اعتمادها. المرجع CASE-2021-7799 · الجهة المعنية: الموارد البشرية.,الموارد البشرية,منتهي بتوصيات
CASE-00082,2021-08-03,استخدام غير مصرح للأنظمة,قضية تعارض مصالح في ترسية برنامج تحديث البنية التقنية,قضية تعارض مصالح بين عضو لجنة وأحد الموردين المتنافسين. المرجع CASE-2021-3730 · الجهة المعنية: وحدة الالتزام التنظيمي.,وحدة الالتزام التنظيمي,قيد التحقيق
CASE-00083,2025-05-21,مخالفة سلوك مهني,تحقيق في مخالفة تعاقدية مع دولة شريكة,تحقيق في إخلال ببنود تعاقدية قد يرتب مطالبات مالية كبيرة. المرجع CASE-2025-7998 · الجهة المعنية: التدقيق الداخلي.,التدقيق الداخلي,محال للجهة المختصة
CASE-00084,2021-08-18,احتيال مالي,طلب تصحيح بيانات هوية في سجل الموظفين,طلب تصحيح حقول هوية وبيانات تواصل في السجل. المرجع CASE-2021-9500 · الجهة المعنية: مكتب حماية المبلّغين.,مكتب حماية المبلّغين,مغلق
CASE-00085,2025-02-11,بلاغ مبلّغ,قضية اشتباه تجسس إلكتروني على شبكة الربط الحكومي,تعاون مع جهات استخبارات وطنية بشأن نشاط تجسس مشتبه به. المرجع CASE-2025-5046 · الجهة المعنية: التدقيق الداخلي.,التدقيق الداخلي,مغلق
CASE-00086,2023-12-09,تعارض مصالح,تحقيق في تسريب مسودة مذكرة تفاهم مع شريك خارجي,تسريب مسودة مذكرة تفاهم قبل توقيعها رسميًا. المرجع CASE-2023-2322 · الجهة المعنية: مكتب حماية المبلّغين.,مكتب حماية المبلّغين,بانتظار الرد
CASE-00087,2020-03-06,استخدام غير مصرح للأنظمة,تحقيق في احتيال مالي بقيمة تقديرية 35 مليون ريال,تحقيق داخلي في معاملات مالية غير مبررة وتوصيات الإحالة. المرجع CASE-2020-5435 · الجهة المعنية: الموارد البشرية.,الموارد البشرية,قيد المراجعة القانونية
CASE-00088,2023-07-02,احتيال مالي,طلب تصحيح بيانات هوية في سجل الموظفين,طلب تصحيح حقول هوية وبيانات تواصل في السجل. المرجع CASE-2023-1478 · الجهة المعنية: الشؤون القانونية.,الشؤون القانونية,محال للجهة المختصة
CASE-00089,2019-09-18,استخدام غير مصرح للأنظمة,قضية تعارض مصالح في ترسية برنامج تكامل الأنظمة الحكومية,قضية تعارض مصالح بين عضو لجنة وأحد الموردين المتنافسين. المرجع CASE-2019-6661 · الجهة المعنية: وحدة الالتزام التنظيمي.,وحدة الالتزام التنظيمي,مغلق
CASE-00090,2021-02-15,استخدام غير مصرح للأنظمة,ملف مراجعة خاصة رقم SR-2021-166,مراجعة خاصة بتوجيه من اللجنة مع حظر التداول حتى صدور النتيجة. المرجع CASE-2021-2297 · الجهة المعنية: الأمانة العامة.,الأمانة العامة,قيد المراجعة القانونية
CASE-00091,2023-11-04,مخالفة مشتريات,تحقيق في مخالفة تعاقدية مع صندوق استثماري دولي,تحقيق في إخلال ببنود تعاقدية قد يرتب مطالبات مالية كبيرة. المرجع CASE-2023-3758 · الجهة المعنية: الموارد البشرية.,الموارد البشرية,بانتظار الرد
CASE-00092,2021-04-10,تعارض مصالح,اعتراض على احتساب راتب موظف في الاتصال المؤسسي,طلب مراجعة احتساب راتب وبدلات لموظف واحد. المرجع CASE-2021-7411 · الجهة المعنية: إدارة المخاطر.,إدارة المخاطر,قيد التحقيق
CASE-00093,2024-12-01,بلاغ مبلّغ,مراجعة استراتيجية لمخاطر الالتزام في قطاع البنية التحتية,مراجعة استراتيجية لمخاطر التزام قد تؤدي إلى غرامات تنظيمية. المرجع CASE-2024-7351 · الجهة المعنية: الأمانة العامة.,الأمانة العامة,محال للجهة المختصة
CASE-00094,2019-07-13,مخالفة سلوك مهني,تحقيق في تسريب خطط عمليات أمنية لفعالية وطنية,تسريب جدول عمليات أمنية قبل تنفيذ الفعالية الوطنية. المرجع CASE-2019-6781 · الجهة المعنية: الأمانة العامة.,الأمانة العامة,قيد المراجعة القانونية
CASE-00095,2024-09-25,تعارض مصالح,قضية مساس بمتطلبات سيادة البيانات الوطنية,استضافة بيانات وطنية خارج النطاق بما يخالف متطلبات سيادة البيانات. المرجع CASE-2024-3014 · الجهة المعنية: الشؤون القانونية.,الشؤون القانونية,محال للجهة المختصة
CASE-00096,2020-01-25,بلاغ مبلّغ,بلاغ عن تسريب بيانات تخص منشأة حيوية وطنية,بلاغ داخلي عن نقل وثائق تخص منشأة حيوية إلى جهة غير مصرح لها. المرجع CASE-2020-4177 · الجهة المعنية: الشؤون القانونية.,الشؤون القانونية,مغلق
CASE-00097,2023-07-18,مخالفة سلوك مهني,بلاغ مبلّغ عن مخالفات في الشؤون القانونية,تحقيق سري في بلاغ مبلّغ مع حماية هويته وفق السياسة. المرجع CASE-2023-3262 · الجهة المعنية: وحدة مكافحة الاحتيال.,وحدة مكافحة الاحتيال,قيد التحقيق
CASE-00098,2020-01-10,مخالفة تعاقدية,تحقيق في تلاعب بسجلات الاعتماد في مركز البيانات الرئيسي,تحقيق في تعديل غير مصرح لسجلات الاعتماد المالي. المرجع CASE-2020-7232 · الجهة المعنية: التدقيق الداخلي.,التدقيق الداخلي,بانتظار الرد
CASE-00099,2019-04-01,استخدام غير مصرح للأنظمة,تحقيق في احتيال مالي بقيمة تقديرية 8 مليون ريال,تحقيق داخلي في معاملات مالية غير مبررة وتوصيات الإحالة. المرجع CASE-2019-4090 · الجهة المعنية: وحدة الالتزام التنظيمي.,وحدة الالتزام التنظيمي,بانتظار الرد
CASE-00100,2025-03-31,تعارض مصالح,بلاغ مبلّغ عن مخالفات في الخدمات المساندة,تحقيق سري في بلاغ مبلّغ مع حماية هويته وفق السياسة. المرجع CASE-2025-6429 · الجهة المعنية: إدارة المخاطر.,إدارة المخاطر,قيد التحقيق
CASE-00101,2019-12-07,مخالفة مشتريات,بلاغ عن مخالفة في التعامل مع مواد أسلحة خاضعة للرقابة,مخالفة إجراءات مناولة أسلحة ومواد خاضعة للرقابة داخل موقع تشغيلي. المرجع CASE-2019-9767 · الجهة المعنية: الشؤون القانونية.,الشؤون القانونية,قيد التحقيق
CASE-00102,2024-03-22,مخالفة مشتريات,قضية استخدام غير مصرح لبيانات مواقع تخزين تشغيلية,استخراج قوائم مواقع تخزين تشغيلية دون تصريح. المرجع CASE-2024-5001 · الجهة المعنية: التدقيق الداخلي.,التدقيق الداخلي,قيد التحقيق
CASE-00103,2022-12-09,استخدام غير مصرح للأنظمة,تحقيق في تواطؤ محتمل بين موردي قطاع التقنية والمشاريع,تحقيق في مؤشرات تنسيق أسعار بين موردين في منافسة مغلقة. المرجع CASE-2022-8518 · الجهة المعنية: التدقيق الداخلي.,التدقيق الداخلي,بانتظار الرد
CASE-00104,2025-12-05,مخالفة مشتريات,قضية مساس بمتطلبات سيادة البيانات الوطنية,استضافة بيانات وطنية خارج النطاق بما يخالف متطلبات سيادة البيانات. المرجع CASE-2025-6140 · الجهة المعنية: إدارة المخاطر.,إدارة المخاطر,قيد التحقيق
CASE-00105,2024-12-28,تعارض مصالح,قضية اشتباه تجسس إلكتروني على منصة المراسلات الرسمية,تعاون مع جهات استخبارات وطنية بشأن نشاط تجسس مشتبه به. المرجع CASE-2024-6725 · الجهة المعنية: الموارد البشرية.,الموارد البشرية,منتهي بتوصيات
CASE-00106,2021-11-18,مخالفة مشتريات,قضية إساءة استخدام معلومات داخلية في قطاع الخدمات الرقمية,قضية استخدام معلومات غير معلنة لتحقيق منفعة شخصية. المرجع CASE-2021-5037 · الجهة المعنية: وحدة مكافحة الاحتيال.,وحدة مكافحة الاحتيال,قيد المراجعة القانونية
CASE-00107,2020-07-11,مخالفة سلوك مهني,مذكرة داخلية بشأن ضبط الحضور في الخدمات المساندة,مذكرة داخلية تنظيمية حول التزام الحضور والانصراف. المرجع CASE-2020-9350 · الجهة المعنية: وحدة مكافحة الاحتيال.,وحدة مكافحة الاحتيال,محال للجهة المختصة
CASE-00108,2023-02-23,استخدام غير مصرح للأنظمة,قضية تعارض مصالح في ترسية برنامج تحديث البنية التقنية,قضية تعارض مصالح بين عضو لجنة وأحد الموردين المتنافسين. المرجع CASE-2023-8220 · الجهة المعنية: الشؤون القانونية.,الشؤون القانونية,منتهي بتوصيات
CASE-00109,2019-04-06,مخالفة مشتريات,تحقيق في تلاعب بسجلات الاعتماد في نظام الأرشفة الإلكترونية,تحقيق في تعديل غير مصرح لسجلات الاعتماد المالي. المرجع CASE-2019-4811 · الجهة المعنية: مكتب حماية المبلّغين.,مكتب حماية المبلّغين,قيد التحقيق
CASE-00110,2022-04-01,بلاغ مبلّغ,قضية تعارض مصالح في ترسية برنامج التوسع الإقليمي,قضية تعارض مصالح بين عضو لجنة وأحد الموردين المتنافسين. المرجع CASE-2022-1830 · الجهة المعنية: مكتب حماية المبلّغين.,مكتب حماية المبلّغين,محال للجهة المختصة
CASE-00111,2021-01-21,تعارض مصالح,تحقيق في احتيال مالي بقيمة تقديرية 10 مليون ريال,تحقيق داخلي في معاملات مالية غير مبررة وتوصيات الإحالة. المرجع CASE-2021-4619 · الجهة المعنية: وحدة الالتزام التنظيمي.,وحدة الالتزام التنظيمي,مغلق
CASE-00112,2025-12-25,تعارض مصالح,قضية استخدام غير مصرح لبيانات مواقع تخزين تشغيلية,استخراج قوائم مواقع تخزين تشغيلية دون تصريح. المرجع CASE-2025-5618 · الجهة المعنية: وحدة مكافحة الاحتيال.,وحدة مكافحة الاحتيال,بانتظار الرد
CASE-00113,2019-04-25,تسريب معلومات,تحقيق في مخالفة تعاقدية مع منظمة إقليمية,تحقيق في إخلال ببنود تعاقدية قد يرتب مطالبات مالية كبيرة. المرجع CASE-2019-1499 · الجهة المعنية: التدقيق الداخلي.,التدقيق الداخلي,محال للجهة المختصة
CASE-00114,2024-04-06,إساءة استخدام صلاحيات,قضية تعارض مصالح في ترسية برنامج التحول الرقمي,قضية تعارض مصالح بين عضو لجنة وأحد الموردين المتنافسين. المرجع CASE-2024-3823 · الجهة المعنية: الموارد البشرية.,الموارد البشرية,محال للجهة المختصة
CASE-00115,2020-07-03,احتيال مالي,تحقيق في تسريب خطط عمليات أمنية لفعالية وطنية,تسريب جدول عمليات أمنية قبل تنفيذ الفعالية الوطنية. المرجع CASE-2020-4571 · الجهة المعنية: الموارد البشرية.,الموارد البشرية,منتهي بتوصيات
CASE-00116,2025-10-15,مخالفة مشتريات,مراجعة استراتيجية لمخاطر الالتزام في قطاع العمليات,مراجعة استراتيجية لمخاطر التزام قد تؤدي إلى غرامات تنظيمية. المرجع CASE-2025-4779 · الجهة المعنية: الشؤون القانونية.,الشؤون القانونية,محال للجهة المختصة
CASE-00117,2025-08-02,احتيال مالي,قضية تعارض مصالح في ترسية برنامج الاستحواذ التقني,قضية تعارض مصالح بين عضو لجنة وأحد الموردين المتنافسين. المرجع CASE-2025-8308 · الجهة المعنية: الأمانة العامة.,الأمانة العامة,منتهي بتوصيات
CASE-00118,2026-01-30,احتيال مالي,تحقيق في تسريب مسودة مذكرة تفاهم مع شريك خارجي,تسريب مسودة مذكرة تفاهم قبل توقيعها رسميًا. المرجع CASE-2026-9960 · الجهة المعنية: وحدة مكافحة الاحتيال.,وحدة مكافحة الاحتيال,بانتظار الرد
CASE-00119,2022-04-25,استخدام غير مصرح للأنظمة,تحقيق في تواطؤ محتمل بين موردي قطاع العمليات,تحقيق في مؤشرات تنسيق أسعار بين موردين في منافسة مغلقة. المرجع CASE-2022-5909 · الجهة المعنية: وحدة الالتزام التنظيمي.,وحدة الالتزام التنظيمي,قيد التحقيق
CASE-00120,2021-10-31,استخدام غير مصرح للأنظمة,طلب تصحيح بيانات هوية في سجل الموظفين,طلب تصحيح حقول هوية وبيانات تواصل في السجل. المرجع CASE-2021-4540 · الجهة المعنية: الأمانة العامة.,الأمانة العامة,بانتظار الرد
CASE-00121,2023-04-24,إساءة استخدام صلاحيات,بلاغ مبلّغ عن مخالفات في المشتريات,تحقيق سري في بلاغ مبلّغ مع حماية هويته وفق السياسة. المرجع CASE-2023-9446 · الجهة المعنية: مكتب حماية المبلّغين.,مكتب حماية المبلّغين,بانتظار الرد
CASE-00122,2025-09-20,مخالفة سلوك مهني,بلاغ عن مخالفة في التعامل مع مواد أسلحة خاضعة للرقابة,مخالفة إجراءات مناولة أسلحة ومواد خاضعة للرقابة داخل موقع تشغيلي. المرجع CASE-2025-7080 · الجهة المعنية: الشؤون القانونية.,الشؤون القانونية,قيد المراجعة القانونية
CASE-00123,2021-05-06,تعارض مصالح,قضية استخدام غير مصرح لبيانات مواقع تخزين تشغيلية,استخراج قوائم مواقع تخزين تشغيلية دون تصريح. المرجع CASE-2021-7773 · الجهة المعنية: التدقيق الداخلي.,التدقيق الداخلي,بانتظار الرد
CASE-00124,2021-09-29,مخالفة مشتريات,بلاغ مبلّغ عن مخالفات في الموارد البشرية,تحقيق سري في بلاغ مبلّغ مع حماية هويته وفق السياسة. المرجع CASE-2021-8044 · الجهة المعنية: التدقيق الداخلي.,التدقيق الداخلي,قيد المراجعة القانونية
CASE-00125,2019-06-08,إساءة استخدام صلاحيات,بلاغ مبلّغ عن مخالفات في المشتريات,تحقيق سري في بلاغ مبلّغ مع حماية هويته وفق السياسة. المرجع CASE-2019-4803 · الجهة المعنية: وحدة الالتزام التنظيمي.,وحدة الالتزام التنظيمي,قيد التحقيق
CASE-00126,2020-01-29,بلاغ مبلّغ,قضية تمويل مشبوه مرتبط بشبكة خارجية,إحالة إلى الجهات الأمنية بعد رصد نمط تمويل يتصل بأنشطة استخبارات. المرجع CASE-2020-7893 · الجهة المعنية: إدارة المخاطر.,إدارة المخاطر,قيد المراجعة القانونية
CASE-00127,2021-10-24,احتيال مالي,تحقيق في تلاعب بسجلات الاعتماد في بوابة المستفيدين,تحقيق في تعديل غير مصرح لسجلات الاعتماد المالي. المرجع CASE-2021-2638 · الجهة المعنية: مكتب حماية المبلّغين.,مكتب حماية المبلّغين,مغلق
CASE-00128,2024-01-14,مخالفة سلوك مهني,ملخص مواجهة أطراف في الملف رقم MF-2024-111,محضر مواجهة يتضمن إفادات أطراف قد ترتب مسؤولية نظامية. المرجع CASE-2024-7717 · الجهة المعنية: الأمانة العامة.,الأمانة العامة,مغلق
CASE-00129,2021-12-22,احتيال مالي,تحقيق في تواطؤ محتمل بين موردي قطاع التحول الرقمي,تحقيق في مؤشرات تنسيق أسعار بين موردين في منافسة مغلقة. المرجع CASE-2021-7286 · الجهة المعنية: الموارد البشرية.,الموارد البشرية,محال للجهة المختصة
CASE-00130,2019-01-20,مخالفة سلوك مهني,تحقيق في احتيال مالي بقيمة تقديرية 6 مليون ريال,تحقيق داخلي في معاملات مالية غير مبررة وتوصيات الإحالة. المرجع CASE-2019-3609 · الجهة المعنية: الأمانة العامة.,الأمانة العامة,مغلق
CASE-00131,2024-11-03,تعارض مصالح,قضية استخدام غير مصرح لبيانات مواقع تخزين تشغيلية,استخراج قوائم مواقع تخزين تشغيلية دون تصريح. المرجع CASE-2024-8418 · الجهة المعنية: الأمانة العامة.,الأمانة العامة,قيد المراجعة القانونية
CASE-00132,2023-08-20,احتيال مالي,قضية تسريب الميزانية الاستراتيجية قبل الاعتماد,تسريب أرقام الميزانية الاستراتيجية إلى جهة خارجية قبل اعتمادها. المرجع CASE-2023-6588 · الجهة المعنية: الأمانة العامة.,الأمانة العامة,محال للجهة المختصة
CASE-00133,2020-01-01,مخالفة مشتريات,ملخص مواجهة أطراف في الملف رقم MF-2020-707,محضر مواجهة يتضمن إفادات أطراف قد ترتب مسؤولية نظامية. المرجع CASE-2020-4483 · الجهة المعنية: إدارة المخاطر.,إدارة المخاطر,قيد التحقيق
CASE-00134,2025-10-22,احتيال مالي,شكوى بيئة عمل في إدارة المخاطر,شكوى موظف تتضمن بيانات شخصية وتفاصيل تواصل داخلية. المرجع CASE-2025-1367 · الجهة المعنية: التدقيق الداخلي.,التدقيق الداخلي,بانتظار الرد
CASE-00135,2021-12-06,مخالفة مشتريات,تحقيق في تلاعب بسجلات الاعتماد في نظام الأرشفة الإلكترونية,تحقيق في تعديل غير مصرح لسجلات الاعتماد المالي. المرجع CASE-2021-7085 · الجهة المعنية: مكتب حماية المبلّغين.,مكتب حماية المبلّغين,قيد المراجعة القانونية
CASE-00136,2019-03-25,استخدام غير مصرح للأنظمة,بلاغ عن مخالفة في التعامل مع مواد أسلحة خاضعة للرقابة,مخالفة إجراءات مناولة أسلحة ومواد خاضعة للرقابة داخل موقع تشغيلي. المرجع CASE-2019-1344 · الجهة المعنية: إدارة المخاطر.,إدارة المخاطر,قيد التحقيق
CASE-00137,2020-05-21,استخدام غير مصرح للأنظمة,طلب إجازة طبي ممتدة - التدقيق الداخلي,ملف طبي داعم لطلب إجازة ممتدة لأحد المنسوبين. المرجع CASE-2020-9069 · الجهة المعنية: وحدة مكافحة الاحتيال.,وحدة مكافحة الاحتيال,بانتظار الرد
CASE-00138,2024-05-06,إساءة استخدام صلاحيات,مراجعة استراتيجية لمخاطر الالتزام في قطاع البنية التحتية,مراجعة استراتيجية لمخاطر التزام قد تؤدي إلى غرامات تنظيمية. المرجع CASE-2024-8197 · الجهة المعنية: الموارد البشرية.,الموارد البشرية,قيد التحقيق
CASE-00139,2019-06-16,استخدام غير مصرح للأنظمة,قضية اشتباه تجسس إلكتروني على منصة الخدمات الحكومية الموحدة,تعاون مع جهات استخبارات وطنية بشأن نشاط تجسس مشتبه به. المرجع CASE-2019-6471 · الجهة المعنية: الأمانة العامة.,الأمانة العامة,منتهي بتوصيات
CASE-00140,2021-08-04,بلاغ مبلّغ,ملف مراجعة خاصة رقم SR-2021-839,مراجعة خاصة بتوجيه من اللجنة مع حظر التداول حتى صدور النتيجة. المرجع CASE-2021-9744 · الجهة المعنية: التدقيق الداخلي.,التدقيق الداخلي,قيد التحقيق
CASE-00141,2020-02-07,مخالفة سلوك مهني,ملخص مواجهة أطراف في الملف رقم MF-2020-141,محضر مواجهة يتضمن إفادات أطراف قد ترتب مسؤولية نظامية. المرجع CASE-2020-1792 · الجهة المعنية: مكتب حماية المبلّغين.,مكتب حماية المبلّغين,محال للجهة المختصة
CASE-00142,2024-03-18,احتيال مالي,تحقيق في احتيال مالي بقيمة تقديرية 4 مليون ريال,تحقيق داخلي في معاملات مالية غير مبررة وتوصيات الإحالة. المرجع CASE-2024-4247 · الجهة المعنية: الأمانة العامة.,الأمانة العامة,قيد المراجعة القانونية
CASE-00143,2021-09-27,إساءة استخدام صلاحيات,قضية تعارض مصالح في ترسية برنامج المدن الذكية,قضية تعارض مصالح بين عضو لجنة وأحد الموردين المتنافسين. المرجع CASE-2021-1789 · الجهة المعنية: وحدة مكافحة الاحتيال.,وحدة مكافحة الاحتيال,قيد التحقيق
CASE-00144,2019-05-21,بلاغ مبلّغ,مذكرة داخلية بشأن ضبط الحضور في إدارة المعرفة,مذكرة داخلية تنظيمية حول التزام الحضور والانصراف. المرجع CASE-2019-3277 · الجهة المعنية: الأمانة العامة.,الأمانة العامة,مغلق
CASE-00145,2022-07-29,مخالفة مشتريات,تحقيق في مخالفة تعاقدية مع شريك تقني عالمي,تحقيق في إخلال ببنود تعاقدية قد يرتب مطالبات مالية كبيرة. المرجع CASE-2022-1863 · الجهة المعنية: مكتب حماية المبلّغين.,مكتب حماية المبلّغين,محال للجهة المختصة
CASE-00146,2023-02-13,إساءة استخدام صلاحيات,قضية إساءة استخدام معلومات داخلية في قطاع العمليات,قضية استخدام معلومات غير معلنة لتحقيق منفعة شخصية. المرجع CASE-2023-7550 · الجهة المعنية: إدارة المخاطر.,إدارة المخاطر,قيد التحقيق
CASE-00147,2021-04-02,تعارض مصالح,قضية إساءة استخدام معلومات داخلية في قطاع التحول الرقمي,قضية استخدام معلومات غير معلنة لتحقيق منفعة شخصية. المرجع CASE-2021-6339 · الجهة المعنية: وحدة مكافحة الاحتيال.,وحدة مكافحة الاحتيال,مغلق
CASE-00148,2023-10-14,تعارض مصالح,مراجعة استراتيجية لمخاطر الالتزام في قطاع الحلول الحكومية,مراجعة استراتيجية لمخاطر التزام قد تؤدي إلى غرامات تنظيمية. المرجع CASE-2023-9986 · الجهة المعنية: وحدة الالتزام التنظيمي.,وحدة الالتزام التنظيمي,مغلق
CASE-00149,2023-05-02,مخالفة سلوك مهني,ملف مراجعة خاصة رقم SR-2023-504,مراجعة خاصة بتوجيه من اللجنة مع حظر التداول حتى صدور النتيجة. المرجع CASE-2023-7243 · الجهة المعنية: مكتب حماية المبلّغين.,مكتب حماية المبلّغين,قيد المراجعة القانونية
CASE-00150,2021-08-31,تعارض مصالح,طلب إجازة طبي ممتدة - إدارة المعرفة,ملف طبي داعم لطلب إجازة ممتدة لأحد المنسوبين. المرجع CASE-2021-4452 · الجهة المعنية: وحدة مكافحة الاحتيال.,وحدة مكافحة الاحتيال,مغلق
CASE-00151,2023-07-17,مخالفة تعاقدية,قضية تعارض مصالح في ترسية برنامج التوسع الإقليمي,قضية تعارض مصالح بين عضو لجنة وأحد الموردين المتنافسين. المرجع CASE-2023-9476 · الجهة المعنية: التدقيق الداخلي.,التدقيق الداخلي,مغلق
CASE-00152,2022-05-14,بلاغ مبلّغ,ملف محال للجهة العليا رقم HC-2022-93,ملف محال لجهة عليا لارتباطه بمواقع ومنشآت وطنية محددة. المرجع CASE-2022-9067 · الجهة المعنية: التدقيق الداخلي.,التدقيق الداخلي,مغلق
CASE-00153,2021-12-15,تسريب معلومات,تحقيق في احتيال مالي بقيمة تقديرية 13 مليون ريال,تحقيق داخلي في معاملات مالية غير مبررة وتوصيات الإحالة. المرجع CASE-2021-2503 · الجهة المعنية: وحدة الالتزام التنظيمي.,وحدة الالتزام التنظيمي,محال للجهة المختصة
CASE-00154,2024-10-23,مخالفة تعاقدية,ملخص مواجهة أطراف في الملف رقم MF-2024-417,محضر مواجهة يتضمن إفادات أطراف قد ترتب مسؤولية نظامية. المرجع CASE-2024-3058 · الجهة المعنية: الشؤون القانونية.,الشؤون القانونية,بانتظار الرد
CASE-00155,2021-04-13,احتيال مالي,اعتراض على احتساب راتب موظف في ضبط الجودة,طلب مراجعة احتساب راتب وبدلات لموظف واحد. المرجع CASE-2021-6556 · الجهة المعنية: وحدة الالتزام التنظيمي.,,منتهي بتوصيات
CASE-00156,2020-06-23,احتيال مالي,طلب تصحيح بيانات هوية في سجل الموظفين,طلب تصحيح حقول هوية وبيانات تواصل في السجل. المرجع CASE-2020-6250 · الجهة المعنية: التدقيق الداخلي.,التدقيق الداخلي,منتهي بتوصيات
CASE-00157,2024-12-24,احتيال مالي,قضية تسريب الميزانية الاستراتيجية قبل الاعتماد,تسريب أرقام الميزانية الاستراتيجية إلى جهة خارجية قبل اعتمادها. المرجع CASE-2024-3431 · الجهة المعنية: الأمانة العامة.,الأمانة العامة,محال للجهة المختصة
CASE-00158,2022-01-18,إساءة استخدام صلاحيات,قضية استخدام غير مصرح لبيانات مواقع تخزين تشغيلية,استخراج قوائم مواقع تخزين تشغيلية دون تصريح. المرجع CASE-2022-6267 · الجهة المعنية: مكتب حماية المبلّغين.,مكتب حماية المبلّغين,مغلق
CASE-00159,2020-12-07,احتيال مالي,قضية إساءة استخدام معلومات داخلية في قطاع العمليات,قضية استخدام معلومات غير معلنة لتحقيق منفعة شخصية. المرجع CASE-2020-9097 · الجهة المعنية: الأمانة العامة.,الأمانة العامة,مغلق
CASE-00160,2019-11-01,مخالفة تعاقدية,مخالفة خصوصية في تداول ملفات المنسوبين,تداول ملفات موظفين دون مراعاة ضوابط خصوصية البيانات. المرجع CASE-2019-6390 · الجهة المعنية: الشؤون القانونية.,الشؤون القانونية,منتهي بتوصيات
CASE-00161,2024-08-03,مخالفة مشتريات,منشور سياسة السلوك المهني - الاتصال المؤسسي 2024,منشور عام يوضح مبادئ السلوك المهني المعتمدة. المرجع CASE-2024-4743 · الجهة المعنية: وحدة الالتزام التنظيمي.,وحدة الالتزام التنظيمي,مغلق
CASE-00162,2022-02-23,استخدام غير مصرح للأنظمة,تحقيق في تواطؤ محتمل بين موردي قطاع التقنية والمشاريع,تحقيق في مؤشرات تنسيق أسعار بين موردين في منافسة مغلقة. المرجع CASE-2022-9363 · الجهة المعنية: إدارة المخاطر.,إدارة المخاطر,محال للجهة المختصة
CASE-00163,2020-11-11,استخدام غير مصرح للأنظمة,ملف محال للجهة العليا رقم HC-2020-78,ملف محال لجهة عليا لارتباطه بمواقع ومنشآت وطنية محددة. المرجع CASE-2020-7872 · الجهة المعنية: التدقيق الداخلي.,التدقيق الداخلي,منتهي بتوصيات
CASE-00164,2021-07-25,إساءة استخدام صلاحيات,ملف مراجعة خاصة رقم SR-2021-140,مراجعة خاصة بتوجيه من اللجنة مع حظر التداول حتى صدور النتيجة. المرجع CASE-2021-8370 · الجهة المعنية: إدارة المخاطر.,إدارة المخاطر,محال للجهة المختصة
CASE-00165,2023-12-05,مخالفة مشتريات,تحقيق في تواطؤ محتمل بين موردي قطاع التحول الرقمي,تحقيق في مؤشرات تنسيق أسعار بين موردين في منافسة مغلقة. المرجع CASE-2023-9146 · الجهة المعنية: الموارد البشرية.,الموارد البشرية,منتهي بتوصيات
CASE-00166,2020-09-15,بلاغ مبلّغ,تحقيق في مخالفة تعاقدية مع منظمة إقليمية,تحقيق في إخلال ببنود تعاقدية قد يرتب مطالبات مالية كبيرة. المرجع CASE-2020-6891 · الجهة المعنية: وحدة مكافحة الاحتيال.,وحدة مكافحة الاحتيال,محال للجهة المختصة
CASE-00167,2021-07-13,تعارض مصالح,ملف مراجعة خاصة رقم SR-2021-737,مراجعة خاصة بتوجيه من اللجنة مع حظر التداول حتى صدور النتيجة. المرجع CASE-2021-7751 · الجهة المعنية: الشؤون القانونية.,الشؤون القانونية,محال للجهة المختصة
CASE-00168,2021-09-19,احتيال مالي,تحقيق في مخالفة تعاقدية مع تحالف صناعي دولي,تحقيق في إخلال ببنود تعاقدية قد يرتب مطالبات مالية كبيرة. المرجع CASE-2021-9637 · الجهة المعنية: الموارد البشرية.,الموارد البشرية,قيد المراجعة القانونية
CASE-00169,2019-06-01,إساءة استخدام صلاحيات,قضية إساءة استخدام معلومات داخلية في قطاع الخدمات الرقمية,قضية استخدام معلومات غير معلنة لتحقيق منفعة شخصية. المرجع CASE-2019-4826 · الجهة المعنية: الشؤون القانونية.,الشؤون القانونية,مغلق
CASE-00170,2023-02-24,مخالفة مشتريات,تحقيق في تلاعب بسجلات الاعتماد في شبكة الاتصالات الداخلية,تحقيق في تعديل غير مصرح لسجلات الاعتماد المالي. المرجع CASE-2023-3829 · الجهة المعنية: التدقيق الداخلي.,التدقيق الداخلي,قيد المراجعة القانونية
CASE-00171,2019-07-30,إساءة استخدام صلاحيات,شكوى بيئة عمل في التدقيق الداخلي,شكوى موظف تتضمن بيانات شخصية وتفاصيل تواصل داخلية. المرجع CASE-2019-5102 · الجهة المعنية: إدارة المخاطر.,إدارة المخاطر,قيد التحقيق
CASE-00172,2023-04-15,احتيال مالي,إعلان قناة البلاغات في أبها - 2023,إعلان رسمي عن إطلاق قناة استقبال البلاغات وآلية استخدامها. المرجع CASE-2023-9981 · الجهة المعنية: وحدة مكافحة الاحتيال.,وحدة مكافحة الاحتيال,مغلق
CASE-00173,2024-08-02,استخدام غير مصرح للأنظمة,تحقيق في محاولة الوصول إلى سجلات تحركات القوات,محاولة موظف الوصول إلى سجلات تحركات القوات دون تصريح. المرجع CASE-2024-9110 · الجهة المعنية: الموارد البشرية.,الموارد البشرية,بانتظار الرد
CASE-00174,2019-04-14,بلاغ مبلّغ,قضية تمويل مشبوه مرتبط بشبكة خارجية,إحالة إلى الجهات الأمنية بعد رصد نمط تمويل يتصل بأنشطة استخبارات. المرجع CASE-2019-2356 · الجهة المعنية: الشؤون القانونية.,الشؤون القانونية,منتهي بتوصيات
CASE-00175,2020-07-26,إساءة استخدام صلاحيات,طلب تصحيح بيانات هوية في سجل الموظفين,طلب تصحيح حقول هوية وبيانات تواصل في السجل. المرجع CASE-2020-4356 · الجهة المعنية: الموارد البشرية.,الموارد البشرية,مغلق
CASE-00176,2019-09-06,احتيال مالي,تحقيق في تسريب خطط عمليات أمنية لفعالية وطنية,تسريب جدول عمليات أمنية قبل تنفيذ الفعالية الوطنية. المرجع CASE-2019-7115 · الجهة المعنية: الأمانة العامة.,الأمانة العامة,مغلق
CASE-00177,2025-11-08,تعارض مصالح,تحقيق في احتيال مالي بقيمة تقديرية 34 مليون ريال,تحقيق داخلي في معاملات مالية غير مبررة وتوصيات الإحالة. المرجع CASE-2025-3899 · الجهة المعنية: وحدة مكافحة الاحتيال.,وحدة مكافحة الاحتيال,مغلق
CASE-00178,2024-06-02,تعارض مصالح,تحقيق في مخالفة تعاقدية مع دولة شريكة,تحقيق في إخلال ببنود تعاقدية قد يرتب مطالبات مالية كبيرة. المرجع CASE-2024-1933 · الجهة المعنية: الأمانة العامة.,الأمانة العامة,قيد التحقيق
CASE-00179,2019-02-09,تسريب معلومات,بلاغ مبلّغ عن مخالفات في الخدمات المساندة,تحقيق سري في بلاغ مبلّغ مع حماية هويته وفق السياسة. المرجع CASE-2019-9690 · الجهة المعنية: وحدة الالتزام التنظيمي.,وحدة الالتزام التنظيمي,قيد المراجعة القانونية
CASE-00180,2020-12-25,مخالفة تعاقدية,منشور سياسة السلوك المهني - الاتصال المؤسسي 2020,منشور عام يوضح مبادئ السلوك المهني المعتمدة. المرجع CASE-2020-4134 · الجهة المعنية: التدقيق الداخلي.,التدقيق الداخلي,قيد المراجعة القانونية
CASE-00181,2023-12-28,مخالفة مشتريات,بلاغ مبلّغ عن مخالفات في الخدمات المساندة,تحقيق سري في بلاغ مبلّغ مع حماية هويته وفق السياسة. المرجع CASE-2023-4544 · الجهة المعنية: التدقيق الداخلي.,التدقيق الداخلي,بانتظار الرد
CASE-00182,2021-04-03,بلاغ مبلّغ,تحقيق في احتيال مالي بقيمة تقديرية 37 مليون ريال,تحقيق داخلي في معاملات مالية غير مبررة وتوصيات الإحالة. المرجع CASE-2021-8886 · الجهة المعنية: مكتب حماية المبلّغين.,مكتب حماية المبلّغين,محال للجهة المختصة
CASE-00183,2019-04-02,إساءة استخدام صلاحيات,تحقيق في تسريب خطط عمليات أمنية لفعالية وطنية,تسريب جدول عمليات أمنية قبل تنفيذ الفعالية الوطنية. المرجع CASE-2019-2143 · الجهة المعنية: مكتب حماية المبلّغين.,مكتب حماية المبلّغين,مغلق
CASE-00184,2020-12-09,مخالفة تعاقدية,قضية تعارض مصالح في ترسية برنامج الحوسبة السيادية,قضية تعارض مصالح بين عضو لجنة وأحد الموردين المتنافسين. المرجع CASE-2020-2846 · الجهة المعنية: مكتب حماية المبلّغين.,مكتب حماية المبلّغين,بانتظار الرد
CASE-00185,2022-09-14,مخالفة سلوك مهني,تحقيق في تلاعب بسجلات الاعتماد في نظام النسخ الاحتياطي المركزي,تحقيق في تعديل غير مصرح لسجلات الاعتماد المالي. المرجع CASE-2022-8153 · الجهة المعنية: مكتب حماية المبلّغين.,مكتب حماية المبلّغين,منتهي بتوصيات
CASE-00186,2024-06-24,مخالفة سلوك مهني,قضية تسريب الميزانية الاستراتيجية قبل الاعتماد,تسريب أرقام الميزانية الاستراتيجية إلى جهة خارجية قبل اعتمادها. المرجع CASE-2024-7252 · الجهة المعنية: وحدة مكافحة الاحتيال.,وحدة مكافحة الاحتيال,قيد التحقيق
CASE-00187,2021-07-03,إساءة استخدام صلاحيات,تحقيق في محاولة الوصول إلى سجلات تحركات القوات,محاولة موظف الوصول إلى سجلات تحركات القوات دون تصريح. المرجع CASE-2021-9940 · الجهة المعنية: وحدة الالتزام التنظيمي.,وحدة الالتزام التنظيمي,محال للجهة المختصة
CASE-00188,2023-03-18,تسريب معلومات,تحقيق في تواطؤ محتمل بين موردي قطاع الخدمات الرقمية,تحقيق في مؤشرات تنسيق أسعار بين موردين في منافسة مغلقة. المرجع CASE-2023-9294 · الجهة المعنية: مكتب حماية المبلّغين.,مكتب حماية المبلّغين,محال للجهة المختصة
CASE-00189,2023-12-14,إساءة استخدام صلاحيات,مراجعة استراتيجية لمخاطر الالتزام في قطاع العمليات,مراجعة استراتيجية لمخاطر التزام قد تؤدي إلى غرامات تنظيمية. المرجع CASE-2023-4868 · الجهة المعنية: الشؤون القانونية.,الشؤون القانونية,مغلق
CASE-00190,2026-03-20,إساءة استخدام صلاحيات,قضية تعارض مصالح في ترسية برنامج تحديث البنية التقنية,قضية تعارض مصالح بين عضو لجنة وأحد الموردين المتنافسين. المرجع CASE-2026-2354 · الجهة المعنية: وحدة مكافحة الاحتيال.,وحدة مكافحة الاحتيال,مغلق
CASE-00191,2026-01-30,إساءة استخدام صلاحيات,ملف مراجعة خاصة رقم SR-2026-601,مراجعة خاصة بتوجيه من اللجنة مع حظر التداول حتى صدور النتيجة. المرجع CASE-2026-1609 · الجهة المعنية: الأمانة العامة.,الأمانة العامة,مغلق
CASE-00192,2026-05-16,بلاغ مبلّغ,ملف مراجعة خاصة رقم SR-2026-247,مراجعة خاصة بتوجيه من اللجنة مع حظر التداول حتى صدور النتيجة. المرجع CASE-2026-7679 · الجهة المعنية: الشؤون القانونية.,الشؤون القانونية,مغلق
CASE-00193,2020-09-08,احتيال مالي,بلاغ عن تسريب بيانات تخص منشأة حيوية وطنية,بلاغ داخلي عن نقل وثائق تخص منشأة حيوية إلى جهة غير مصرح لها. المرجع CASE-2020-1564 · الجهة المعنية: الموارد البشرية.,الموارد البشرية,منتهي بتوصيات
CASE-00194,2019-04-19,احتيال مالي,ملف مراجعة خاصة رقم SR-2019-955,مراجعة خاصة بتوجيه من اللجنة مع حظر التداول حتى صدور النتيجة. المرجع CASE-2019-8751 · الجهة المعنية: الأمانة العامة.,الأمانة العامة,منتهي بتوصيات
CASE-00195,2025-02-09,مخالفة مشتريات,ملخص مواجهة أطراف في الملف رقم MF-2025-443,محضر مواجهة يتضمن إفادات أطراف قد ترتب مسؤولية نظامية. المرجع CASE-2025-3380 · الجهة المعنية: الشؤون القانونية.,الشؤون القانونية,منتهي بتوصيات
CASE-00196,2019-03-27,مخالفة سلوك مهني,تحقيق في تسريب خطط عمليات أمنية لفعالية وطنية,تسريب جدول عمليات أمنية قبل تنفيذ الفعالية الوطنية. المرجع CASE-2019-9423 · الجهة المعنية: الموارد البشرية.,الموارد البشرية,مغلق
CASE-00197,2021-01-29,مخالفة سلوك مهني,قضية تعارض مصالح في ترسية برنامج تحديث البنية التقنية,قضية تعارض مصالح بين عضو لجنة وأحد الموردين المتنافسين. المرجع CASE-2021-5511 · الجهة المعنية: وحدة مكافحة الاحتيال.,وحدة مكافحة الاحتيال,محال للجهة المختصة
CASE-00198,2020-01-17,إساءة استخدام صلاحيات,ملف مراجعة خاصة رقم SR-2020-591,مراجعة خاصة بتوجيه من اللجنة مع حظر التداول حتى صدور النتيجة. المرجع CASE-2020-2761 · الجهة المعنية: مكتب حماية المبلّغين.,مكتب حماية المبلّغين,مغلق
CASE-00199,2024-03-06,استخدام غير مصرح للأنظمة,بلاغ عن تسريب بيانات تخص منشأة حيوية وطنية,بلاغ داخلي عن نقل وثائق تخص منشأة حيوية إلى جهة غير مصرح لها. المرجع CASE-2024-8370 · الجهة المعنية: الموارد البشرية.,الموارد البشرية,منتهي بتوصيات
CASE-00200,2025-04-13,بلاغ مبلّغ,مذكرة داخلية بشأن ضبط الحضور في التخطيط والتطوير,مذكرة داخلية تنظيمية حول التزام الحضور والانصراف. المرجع CASE-2025-2844 · الجهة المعنية: الشؤون القانونية.,الشؤون القانونية,بانتظار الرد
CASE-00201,2019-03-13,تعارض مصالح,قضية تعارض مصالح في ترسية برنامج المدن الذكية,قضية تعارض مصالح بين عضو لجنة وأحد الموردين المتنافسين. المرجع CASE-2019-8708 · الجهة المعنية: الأمانة العامة.,الأمانة العامة,منتهي بتوصيات
CASE-00202,2022-08-27,مخالفة سلوك مهني,قضية تسريب الميزانية الاستراتيجية قبل الاعتماد,تسريب أرقام الميزانية الاستراتيجية إلى جهة خارجية قبل اعتمادها. المرجع CASE-2022-3038 · الجهة المعنية: وحدة مكافحة الاحتيال.,وحدة مكافحة الاحتيال,مغلق
CASE-00203,2022-10-06,مخالفة تعاقدية,تحقيق في تسريب مسودة مذكرة تفاهم مع شريك خارجي,تسريب مسودة مذكرة تفاهم قبل توقيعها رسميًا. المرجع CASE-2022-4460 · الجهة المعنية: إدارة المخاطر.,إدارة المخاطر,محال للجهة المختصة
CASE-00204,2023-04-03,تعارض مصالح,بلاغ عن مخالفة في التعامل مع مواد أسلحة خاضعة للرقابة,مخالفة إجراءات مناولة أسلحة ومواد خاضعة للرقابة داخل موقع تشغيلي. المرجع CASE-2023-3145 · الجهة المعنية: الشؤون القانونية.,الشؤون القانونية,قيد المراجعة القانونية
CASE-00205,2024-09-11,بلاغ مبلّغ,تحقيق في مخالفة تعاقدية مع تحالف صناعي دولي,تحقيق في إخلال ببنود تعاقدية قد يرتب مطالبات مالية كبيرة. المرجع CASE-2024-1679 · الجهة المعنية: الشؤون القانونية.,الشؤون القانونية,مغلق
CASE-00206,2025-12-16,إساءة استخدام صلاحيات,بلاغ مبلّغ عن مخالفات في التشغيل,تحقيق سري في بلاغ مبلّغ مع حماية هويته وفق السياسة. المرجع CASE-2025-3446 · الجهة المعنية: الأمانة العامة.,الأمانة العامة,مغلق
CASE-00207,2021-05-07,احتيال مالي,تحقيق في تواطؤ محتمل بين موردي قطاع الحلول الحكومية,تحقيق في مؤشرات تنسيق أسعار بين موردين في منافسة مغلقة. المرجع CASE-2021-4421 · الجهة المعنية: مكتب حماية المبلّغين.,مكتب حماية المبلّغين,مغلق
CASE-00208,2019-12-06,مخالفة سلوك مهني,طلب تصحيح بيانات هوية في سجل الموظفين,طلب تصحيح حقول هوية وبيانات تواصل في السجل. المرجع CASE-2019-4706 · الجهة المعنية: الأمانة العامة.,الأمانة العامة,قيد التحقيق
CASE-00209,2024-06-03,مخالفة تعاقدية,مراجعة استراتيجية لمخاطر الالتزام في قطاع الحلول الحكومية,مراجعة استراتيجية لمخاطر التزام قد تؤدي إلى غرامات تنظيمية. المرجع CASE-2024-4124 · الجهة المعنية: الموارد البشرية.,الموارد البشرية,قيد التحقيق
CASE-00210,2026-01-14,إساءة استخدام صلاحيات,قضية تسريب الميزانية الاستراتيجية قبل الاعتماد,تسريب أرقام الميزانية الاستراتيجية إلى جهة خارجية قبل اعتمادها. المرجع CASE-2026-1961 · الجهة المعنية: إدارة المخاطر.,إدارة المخاطر,بانتظار الرد
CASE-00211,2023-01-08,تعارض مصالح,تحقيق في احتيال مالي بقيمة تقديرية 12 مليون ريال,تحقيق داخلي في معاملات مالية غير مبررة وتوصيات الإحالة. المرجع CASE-2023-1656 · الجهة المعنية: التدقيق الداخلي.,التدقيق الداخلي,قيد المراجعة القانونية
CASE-00212,2023-03-14,مخالفة تعاقدية,قضية تعارض مصالح في ترسية برنامج المرونة التشغيلية,قضية تعارض مصالح بين عضو لجنة وأحد الموردين المتنافسين. المرجع CASE-2023-1770 · الجهة المعنية: وحدة الالتزام التنظيمي.,وحدة الالتزام التنظيمي,مغلق
CASE-00213,2023-10-23,بلاغ مبلّغ,تحقيق في تلاعب بسجلات الاعتماد في نظام التحقق الرقمي,تحقيق في تعديل غير مصرح لسجلات الاعتماد المالي. المرجع CASE-2023-8489 · الجهة المعنية: التدقيق الداخلي.,التدقيق الداخلي,مغلق
CASE-00214,2021-10-05,احتيال مالي,قضية تسريب الميزانية الاستراتيجية قبل الاعتماد,تسريب أرقام الميزانية الاستراتيجية إلى جهة خارجية قبل اعتمادها. المرجع CASE-2021-5425 · الجهة المعنية: التدقيق الداخلي.,التدقيق الداخلي,بانتظار الرد
CASE-00215,2023-04-20,مخالفة سلوك مهني,تحقيق في احتيال مالي بقيمة تقديرية 36 مليون ريال,تحقيق داخلي في معاملات مالية غير مبررة وتوصيات الإحالة. المرجع CASE-2023-7068 · الجهة المعنية: الأمانة العامة.,الأمانة العامة,محال للجهة المختصة
CASE-00216,2021-09-30,بلاغ مبلّغ,مراجعة استراتيجية لمخاطر الالتزام في قطاع الأعمال المؤسسية,مراجعة استراتيجية لمخاطر التزام قد تؤدي إلى غرامات تنظيمية. المرجع CASE-2021-8341 · الجهة المعنية: التدقيق الداخلي.,التدقيق الداخلي,قيد المراجعة القانونية
CASE-00217,2019-10-05,مخالفة تعاقدية,مخالفة في التعامل مع مخرجات مورد عسكري المنشأ,استخدام مكوّن عسكري المنشأ خارج الضوابط التعاقدية المعتمدة. المرجع CASE-2019-8218 · الجهة المعنية: الشؤون القانونية.,,قيد التحقيق
CASE-00218,2024-08-24,احتيال مالي,بلاغ عن تسريب بيانات تخص منشأة حيوية وطنية,بلاغ داخلي عن نقل وثائق تخص منشأة حيوية إلى جهة غير مصرح لها. المرجع CASE-2024-7679 · الجهة المعنية: الموارد البشرية.,الموارد البشرية,مغلق
CASE-00219,2025-11-13,إساءة استخدام صلاحيات,ملف مراجعة خاصة رقم SR-2025-726,مراجعة خاصة بتوجيه من اللجنة مع حظر التداول حتى صدور النتيجة. المرجع CASE-2025-7883 · الجهة المعنية: مكتب حماية المبلّغين.,مكتب حماية المبلّغين,قيد المراجعة القانونية
CASE-00220,2024-05-02,مخالفة تعاقدية,قضية إساءة استخدام معلومات داخلية في قطاع العمليات,قضية استخدام معلومات غير معلنة لتحقيق منفعة شخصية. المرجع CASE-2024-1256 · الجهة المعنية: وحدة الالتزام التنظيمي.,وحدة الالتزام التنظيمي,بانتظار الرد
CASE-00221,2021-10-10,مخالفة سلوك مهني,قضية اشتباه تجسس إلكتروني على منصة المراسلات الرسمية,تعاون مع جهات استخبارات وطنية بشأن نشاط تجسس مشتبه به. المرجع CASE-2021-8666 · الجهة المعنية: إدارة المخاطر.,إدارة المخاطر,قيد التحقيق
CASE-00222,2023-06-10,مخالفة سلوك مهني,مراجعة استراتيجية لمخاطر الالتزام في قطاع الأعمال المؤسسية,مراجعة استراتيجية لمخاطر التزام قد تؤدي إلى غرامات تنظيمية. المرجع CASE-2023-3386 · الجهة المعنية: وحدة الالتزام التنظيمي.,وحدة الالتزام التنظيمي,مغلق
CASE-00223,2020-10-30,تعارض مصالح,ملف مراجعة خاصة رقم SR-2020-457,مراجعة خاصة بتوجيه من اللجنة مع حظر التداول حتى صدور النتيجة. المرجع CASE-2020-9088 · الجهة المعنية: إدارة المخاطر.,إدارة المخاطر,محال للجهة المختصة
CASE-00224,2022-04-10,مخالفة تعاقدية,قضية مساس بمتطلبات سيادة البيانات الوطنية,استضافة بيانات وطنية خارج النطاق بما يخالف متطلبات سيادة البيانات. المرجع CASE-2022-2633 · الجهة المعنية: وحدة الالتزام التنظيمي.,وحدة الالتزام التنظيمي,مغلق
CASE-00225,2024-06-03,مخالفة تعاقدية,قضية تمويل مشبوه مرتبط بشبكة خارجية,إحالة إلى الجهات الأمنية بعد رصد نمط تمويل يتصل بأنشطة استخبارات. المرجع CASE-2024-8841 · الجهة المعنية: وحدة الالتزام التنظيمي.,وحدة الالتزام التنظيمي,منتهي بتوصيات
CASE-00226,2020-03-29,إساءة استخدام صلاحيات,تحقيق في تسريب خطط عمليات أمنية لفعالية وطنية,تسريب جدول عمليات أمنية قبل تنفيذ الفعالية الوطنية. المرجع CASE-2020-1473 · الجهة المعنية: الموارد البشرية.,الموارد البشرية,محال للجهة المختصة
CASE-00227,2021-09-27,تعارض مصالح,تحقيق في تواطؤ محتمل بين موردي قطاع الأعمال المؤسسية,تحقيق في مؤشرات تنسيق أسعار بين موردين في منافسة مغلقة. المرجع CASE-2021-6935 · الجهة المعنية: الشؤون القانونية.,الشؤون القانونية,قيد التحقيق
CASE-00228,2019-12-07,مخالفة سلوك مهني,قضية تعارض مصالح في ترسية برنامج الاستحواذ التقني,قضية تعارض مصالح بين عضو لجنة وأحد الموردين المتنافسين. المرجع CASE-2019-1480 · الجهة المعنية: إدارة المخاطر.,إدارة المخاطر,بانتظار الرد
CASE-00229,2021-04-26,مخالفة تعاقدية,قضية استخدام غير مصرح لبيانات مواقع تخزين تشغيلية,استخراج قوائم مواقع تخزين تشغيلية دون تصريح. المرجع CASE-2021-5486 · الجهة المعنية: إدارة المخاطر.,إدارة المخاطر,قيد المراجعة القانونية
CASE-00230,2022-05-26,بلاغ مبلّغ,بلاغ مبلّغ عن مخالفات في الموارد البشرية,تحقيق سري في بلاغ مبلّغ مع حماية هويته وفق السياسة. المرجع CASE-2022-1195 · الجهة المعنية: إدارة المخاطر.,إدارة المخاطر,قيد المراجعة القانونية
CASE-00231,2019-08-06,تعارض مصالح,مراجعة استراتيجية لمخاطر الالتزام في قطاع البنية التحتية,مراجعة استراتيجية لمخاطر التزام قد تؤدي إلى غرامات تنظيمية. المرجع CASE-2019-4859 · الجهة المعنية: الشؤون القانونية.,الشؤون القانونية,مغلق
CASE-00232,2021-10-22,مخالفة سلوك مهني,قضية استخدام غير مصرح لبيانات مواقع تخزين تشغيلية,استخراج قوائم مواقع تخزين تشغيلية دون تصريح. المرجع CASE-2021-5758 · الجهة المعنية: وحدة الالتزام التنظيمي.,وحدة الالتزام التنظيمي,بانتظار الرد
CASE-00233,2021-05-07,احتيال مالي,مراجعة استراتيجية لمخاطر الالتزام في قطاع العمليات,مراجعة استراتيجية لمخاطر التزام قد تؤدي إلى غرامات تنظيمية. المرجع CASE-2021-1359 · الجهة المعنية: الأمانة العامة.,الأمانة العامة,قيد التحقيق
CASE-00234,2019-10-28,استخدام غير مصرح للأنظمة,قضية تسريب الميزانية الاستراتيجية قبل الاعتماد,تسريب أرقام الميزانية الاستراتيجية إلى جهة خارجية قبل اعتمادها. المرجع CASE-2019-9177 · الجهة المعنية: التدقيق الداخلي.,التدقيق الداخلي,محال للجهة المختصة
CASE-00235,2024-10-23,احتيال مالي,ملف مراجعة خاصة رقم SR-2024-991,مراجعة خاصة بتوجيه من اللجنة مع حظر التداول حتى صدور النتيجة. المرجع CASE-2024-5425 · الجهة المعنية: التدقيق الداخلي.,التدقيق الداخلي,قيد التحقيق
CASE-00236,2024-02-19,بلاغ مبلّغ,ملف مراجعة خاصة رقم SR-2024-605,مراجعة خاصة بتوجيه من اللجنة مع حظر التداول حتى صدور النتيجة. المرجع CASE-2024-3422 · الجهة المعنية: الشؤون القانونية.,الشؤون القانونية,قيد المراجعة القانونية
CASE-00237,2026-03-16,تعارض مصالح,بلاغ مبلّغ عن مخالفات في ضبط الجودة,تحقيق سري في بلاغ مبلّغ مع حماية هويته وفق السياسة. المرجع CASE-2026-9247 · الجهة المعنية: التدقيق الداخلي.,التدقيق الداخلي,قيد المراجعة القانونية
CASE-00238,2023-05-13,مخالفة مشتريات,تحقيق في محاولة الوصول إلى سجلات تحركات القوات,محاولة موظف الوصول إلى سجلات تحركات القوات دون تصريح. المرجع CASE-2023-7419 · الجهة المعنية: الموارد البشرية.,الموارد البشرية,منتهي بتوصيات
CASE-00239,2024-06-01,بلاغ مبلّغ,تحقيق في مخالفة تعاقدية مع منظمة إقليمية,تحقيق في إخلال ببنود تعاقدية قد يرتب مطالبات مالية كبيرة. المرجع CASE-2024-4491 · الجهة المعنية: إدارة المخاطر.,إدارة المخاطر,مغلق
CASE-00240,2021-08-22,استخدام غير مصرح للأنظمة,تحقيق في محاولة الوصول إلى سجلات تحركات القوات,محاولة موظف الوصول إلى سجلات تحركات القوات دون تصريح. المرجع CASE-2021-6588 · الجهة المعنية: التدقيق الداخلي.,التدقيق الداخلي,منتهي بتوصيات
CASE-00241,2022-02-12,مخالفة مشتريات,دليل خدمات الالتزام المنشور - قطاع التقنية والمشاريع 2022,دليل خدمات منشور يشرح مسارات الالتزام المتاحة. المرجع CASE-2022-2142 · الجهة المعنية: وحدة مكافحة الاحتيال.,وحدة مكافحة الاحتيال,مغلق
CASE-00242,2019-10-17,مخالفة مشتريات,تحقيق في احتيال مالي بقيمة تقديرية 21 مليون ريال,تحقيق داخلي في معاملات مالية غير مبررة وتوصيات الإحالة. المرجع CASE-2019-2569 · الجهة المعنية: مكتب حماية المبلّغين.,مكتب حماية المبلّغين,قيد التحقيق
CASE-00243,2025-08-01,استخدام غير مصرح للأنظمة,مراجعة استراتيجية لمخاطر الالتزام في قطاع الحلول الحكومية,مراجعة استراتيجية لمخاطر التزام قد تؤدي إلى غرامات تنظيمية. المرجع CASE-2025-8142 · الجهة المعنية: وحدة الالتزام التنظيمي.,وحدة الالتزام التنظيمي,قيد التحقيق
CASE-00244,2019-01-21,بلاغ مبلّغ,تحقيق في احتيال مالي بقيمة تقديرية 35 مليون ريال,تحقيق داخلي في معاملات مالية غير مبررة وتوصيات الإحالة. المرجع CASE-2019-6263 · الجهة المعنية: الشؤون القانونية.,الشؤون القانونية,مغلق
CASE-00245,2023-11-07,مخالفة سلوك مهني,قضية تسريب الميزانية الاستراتيجية قبل الاعتماد,تسريب أرقام الميزانية الاستراتيجية إلى جهة خارجية قبل اعتمادها. المرجع CASE-2023-6227 · الجهة المعنية: مكتب حماية المبلّغين.,مكتب حماية المبلّغين,محال للجهة المختصة
CASE-00246,2019-03-07,استخدام غير مصرح للأنظمة,منشور سياسة السلوك المهني - التشغيل 2019,منشور عام يوضح مبادئ السلوك المهني المعتمدة. المرجع CASE-2019-4439 · الجهة المعنية: وحدة مكافحة الاحتيال.,وحدة مكافحة الاحتيال,بانتظار الرد
CASE-00247,2023-03-06,استخدام غير مصرح للأنظمة,قضية اشتباه تجسس إلكتروني على بوابة المستفيدين,تعاون مع جهات استخبارات وطنية بشأن نشاط تجسس مشتبه به. المرجع CASE-2023-4601 · الجهة المعنية: إدارة المخاطر.,إدارة المخاطر,قيد المراجعة القانونية
CASE-00248,2025-10-23,مخالفة تعاقدية,قضية استخدام غير مصرح لبيانات مواقع تخزين تشغيلية,استخراج قوائم مواقع تخزين تشغيلية دون تصريح. المرجع CASE-2025-4751 · الجهة المعنية: الأمانة العامة.,الأمانة العامة,محال للجهة المختصة
CASE-00249,2020-02-05,استخدام غير مصرح للأنظمة,بلاغ مبلّغ عن مخالفات في التشغيل,تحقيق سري في بلاغ مبلّغ مع حماية هويته وفق السياسة. المرجع CASE-2020-6426 · الجهة المعنية: الأمانة العامة.,الأمانة العامة,منتهي بتوصيات
CASE-00250,2022-06-03,مخالفة مشتريات,قضية استخدام غير مصرح لبيانات مواقع تخزين تشغيلية,استخراج قوائم مواقع تخزين تشغيلية دون تصريح. المرجع CASE-2022-4063 · الجهة المعنية: وحدة الالتزام التنظيمي.,وحدة الالتزام التنظيمي,قيد المراجعة القانونية
CASE-00251,2022-09-19,تسريب معلومات,قضية مساس بمتطلبات سيادة البيانات الوطنية,استضافة بيانات وطنية خارج النطاق بما يخالف متطلبات سيادة البيانات. المرجع CASE-2022-7354 · الجهة المعنية: إدارة المخاطر.,إدارة المخاطر,منتهي بتوصيات
CASE-00252,2020-08-19,مخالفة مشتريات,مراجعة استراتيجية لمخاطر الالتزام في قطاع العمليات,مراجعة استراتيجية لمخاطر التزام قد تؤدي إلى غرامات تنظيمية. المرجع CASE-2020-5451 · الجهة المعنية: مكتب حماية المبلّغين.,مكتب حماية المبلّغين,مغلق
CASE-00253,2021-10-21,إساءة استخدام صلاحيات,قضية تسريب الميزانية الاستراتيجية قبل الاعتماد,تسريب أرقام الميزانية الاستراتيجية إلى جهة خارجية قبل اعتمادها. المرجع CASE-2021-4185 · الجهة المعنية: إدارة المخاطر.,إدارة المخاطر,بانتظار الرد
CASE-00254,2021-11-19,تعارض مصالح,إعلان قناة البلاغات في ينبع - 2021,إعلان رسمي عن إطلاق قناة استقبال البلاغات وآلية استخدامها. المرجع CASE-2021-9674 · الجهة المعنية: الأمانة العامة.,الأمانة العامة,بانتظار الرد
CASE-00255,2025-12-13,مخالفة مشتريات,منشور سياسة السلوك المهني - تقنية المعلومات 2025,منشور عام يوضح مبادئ السلوك المهني المعتمدة. المرجع CASE-2025-4071 · الجهة المعنية: التدقيق الداخلي.,التدقيق الداخلي,بانتظار الرد
CASE-00256,2023-01-25,مخالفة تعاقدية,طلب إجازة طبي ممتدة - إدارة المخاطر,ملف طبي داعم لطلب إجازة ممتدة لأحد المنسوبين. المرجع CASE-2023-4047 · الجهة المعنية: مكتب حماية المبلّغين.,مكتب حماية المبلّغين,قيد المراجعة القانونية
CASE-00257,2024-05-19,مخالفة مشتريات,قضية تعارض مصالح في ترسية برنامج التوسع الإقليمي,قضية تعارض مصالح بين عضو لجنة وأحد الموردين المتنافسين. المرجع CASE-2024-8688 · الجهة المعنية: الأمانة العامة.,الأمانة العامة,محال للجهة المختصة
CASE-00258,2022-12-05,احتيال مالي,طلب إجازة طبي ممتدة - التخطيط والتطوير,ملف طبي داعم لطلب إجازة ممتدة لأحد المنسوبين. المرجع CASE-2022-5012 · الجهة المعنية: الشؤون القانونية.,الشؤون القانونية,مغلق
CASE-00259,2021-10-22,احتيال مالي,تحقيق في مخالفة تعاقدية مع منظمة إقليمية,تحقيق في إخلال ببنود تعاقدية قد يرتب مطالبات مالية كبيرة. المرجع CASE-2021-6088 · الجهة المعنية: التدقيق الداخلي.,التدقيق الداخلي,بانتظار الرد
CASE-00260,2020-05-25,إساءة استخدام صلاحيات,منشور سياسة السلوك المهني - التخطيط والتطوير 2020,منشور عام يوضح مبادئ السلوك المهني المعتمدة. المرجع CASE-2020-8536 · الجهة المعنية: الشؤون القانونية.,الشؤون القانونية,قيد التحقيق
CASE-00261,2025-07-23,إساءة استخدام صلاحيات,طلب إجازة طبي ممتدة - التخطيط والتطوير,ملف طبي داعم لطلب إجازة ممتدة لأحد المنسوبين. المرجع CASE-2025-4468 · الجهة المعنية: إدارة المخاطر.,إدارة المخاطر,منتهي بتوصيات
CASE-00262,2024-04-18,تسريب معلومات,مراجعة استراتيجية لمخاطر الالتزام في قطاع الحلول الحكومية,مراجعة استراتيجية لمخاطر التزام قد تؤدي إلى غرامات تنظيمية. المرجع CASE-2024-7070 · الجهة المعنية: التدقيق الداخلي.,التدقيق الداخلي,مغلق
CASE-00263,2025-06-23,استخدام غير مصرح للأنظمة,قضية تمويل مشبوه مرتبط بشبكة خارجية,إحالة إلى الجهات الأمنية بعد رصد نمط تمويل يتصل بأنشطة استخبارات. المرجع CASE-2025-8829 · الجهة المعنية: التدقيق الداخلي.,التدقيق الداخلي,قيد التحقيق
CASE-00264,2021-10-19,استخدام غير مصرح للأنظمة,بلاغ مبلّغ عن مخالفات في تقنية المعلومات,تحقيق سري في بلاغ مبلّغ مع حماية هويته وفق السياسة. المرجع CASE-2021-6794 · الجهة المعنية: مكتب حماية المبلّغين.,مكتب حماية المبلّغين,بانتظار الرد
CASE-00265,2021-01-23,احتيال مالي,طلب تصحيح بيانات هوية في سجل الموظفين,طلب تصحيح حقول هوية وبيانات تواصل في السجل. المرجع CASE-2021-5204 · الجهة المعنية: الموارد البشرية.,الموارد البشرية,مغلق
CASE-00266,2019-01-11,بلاغ مبلّغ,تحقيق في تسريب مسودة مذكرة تفاهم مع شريك خارجي,تسريب مسودة مذكرة تفاهم قبل توقيعها رسميًا. المرجع CASE-2019-1615 · الجهة المعنية: وحدة الالتزام التنظيمي.,وحدة الالتزام التنظيمي,قيد المراجعة القانونية
CASE-00267,2025-07-29,تسريب معلومات,ملف مراجعة خاصة رقم SR-2025-750,مراجعة خاصة بتوجيه من اللجنة مع حظر التداول حتى صدور النتيجة. المرجع CASE-2025-6384 · الجهة المعنية: وحدة مكافحة الاحتيال.,وحدة مكافحة الاحتيال,قيد التحقيق
CASE-00268,2021-06-16,احتيال مالي,بلاغ مبلّغ عن مخالفات في الخدمات المساندة,تحقيق سري في بلاغ مبلّغ مع حماية هويته وفق السياسة. المرجع CASE-2021-8097 · الجهة المعنية: وحدة مكافحة الاحتيال.,وحدة مكافحة الاحتيال,محال للجهة المختصة
CASE-00269,2025-11-27,تعارض مصالح,قضية تعارض مصالح في ترسية برنامج المدن الذكية,قضية تعارض مصالح بين عضو لجنة وأحد الموردين المتنافسين. المرجع CASE-2025-7650 · الجهة المعنية: الأمانة العامة.,الأمانة العامة,بانتظار الرد
CASE-00270,2024-09-26,مخالفة سلوك مهني,بلاغ عن تسريب بيانات تخص منشأة حيوية وطنية,بلاغ داخلي عن نقل وثائق تخص منشأة حيوية إلى جهة غير مصرح لها. المرجع CASE-2024-9745 · الجهة المعنية: الأمانة العامة.,الأمانة العامة,منتهي بتوصيات
CASE-00271,2022-09-04,مخالفة تعاقدية,ملخص مواجهة أطراف في الملف رقم MF-2022-308,محضر مواجهة يتضمن إفادات أطراف قد ترتب مسؤولية نظامية. المرجع CASE-2022-1844 · الجهة المعنية: الشؤون القانونية.,,بانتظار الرد
CASE-00272,2023-01-13,مخالفة مشتريات,مخالفة في التعامل مع مخرجات مورد عسكري المنشأ,استخدام مكوّن عسكري المنشأ خارج الضوابط التعاقدية المعتمدة. المرجع CASE-2023-7611 · الجهة المعنية: إدارة المخاطر.,إدارة المخاطر,منتهي بتوصيات
CASE-00273,2019-09-23,تعارض مصالح,ملف مراجعة خاصة رقم SR-2019-363,مراجعة خاصة بتوجيه من اللجنة مع حظر التداول حتى صدور النتيجة. المرجع CASE-2019-6624 · الجهة المعنية: الموارد البشرية.,الموارد البشرية,قيد المراجعة القانونية
CASE-00274,2024-06-04,تعارض مصالح,بلاغ عن تسريب بيانات تخص منشأة حيوية وطنية,بلاغ داخلي عن نقل وثائق تخص منشأة حيوية إلى جهة غير مصرح لها. المرجع CASE-2024-8270 · الجهة المعنية: الموارد البشرية.,الموارد البشرية,مغلق
CASE-00275,2023-12-20,احتيال مالي,مراجعة استراتيجية لمخاطر الالتزام في قطاع الشراكات,مراجعة استراتيجية لمخاطر التزام قد تؤدي إلى غرامات تنظيمية. المرجع CASE-2023-1772 · الجهة المعنية: الشؤون القانونية.,الشؤون القانونية,محال للجهة المختصة
CASE-00276,2020-09-12,إساءة استخدام صلاحيات,تحقيق في تسريب مسودة مذكرة تفاهم مع شريك خارجي,تسريب مسودة مذكرة تفاهم قبل توقيعها رسميًا. المرجع CASE-2020-7776 · الجهة المعنية: إدارة المخاطر.,إدارة المخاطر,محال للجهة المختصة
CASE-00277,2019-03-04,تعارض مصالح,قضية إساءة استخدام معلومات داخلية في قطاع الشراكات,قضية استخدام معلومات غير معلنة لتحقيق منفعة شخصية. المرجع CASE-2019-9007 · الجهة المعنية: وحدة الالتزام التنظيمي.,وحدة الالتزام التنظيمي,محال للجهة المختصة
CASE-00278,2024-11-10,مخالفة سلوك مهني,قضية استخدام غير مصرح لبيانات مواقع تخزين تشغيلية,استخراج قوائم مواقع تخزين تشغيلية دون تصريح. المرجع CASE-2024-4854 · الجهة المعنية: وحدة مكافحة الاحتيال.,وحدة مكافحة الاحتيال,مغلق
CASE-00279,2025-08-23,تعارض مصالح,شكوى بيئة عمل في التدقيق الداخلي,شكوى موظف تتضمن بيانات شخصية وتفاصيل تواصل داخلية. المرجع CASE-2025-8870 · الجهة المعنية: الشؤون القانونية.,الشؤون القانونية,قيد المراجعة القانونية
CASE-00280,2019-02-02,احتيال مالي,قضية تسريب الميزانية الاستراتيجية قبل الاعتماد,تسريب أرقام الميزانية الاستراتيجية إلى جهة خارجية قبل اعتمادها. المرجع CASE-2019-7279 · الجهة المعنية: مكتب حماية المبلّغين.,مكتب حماية المبلّغين,قيد التحقيق
CASE-00281,2020-09-16,تعارض مصالح,مخالفة في التعامل مع مخرجات مورد عسكري المنشأ,استخدام مكوّن عسكري المنشأ خارج الضوابط التعاقدية المعتمدة. المرجع CASE-2020-6420 · الجهة المعنية: مكتب حماية المبلّغين.,مكتب حماية المبلّغين,قيد التحقيق
CASE-00282,2021-02-05,تعارض مصالح,اعتراض على احتساب راتب موظف في تقنية المعلومات,طلب مراجعة احتساب راتب وبدلات لموظف واحد. المرجع CASE-2021-5817 · الجهة المعنية: مكتب حماية المبلّغين.,مكتب حماية المبلّغين,قيد التحقيق
CASE-00283,2026-06-10,تسريب معلومات,مخالفة خصوصية في تداول ملفات المنسوبين,تداول ملفات موظفين دون مراعاة ضوابط خصوصية البيانات. المرجع CASE-2026-5524 · الجهة المعنية: الشؤون القانونية.,الشؤون القانونية,قيد المراجعة القانونية
CASE-00284,2021-06-22,تعارض مصالح,قضية تسريب الميزانية الاستراتيجية قبل الاعتماد,تسريب أرقام الميزانية الاستراتيجية إلى جهة خارجية قبل اعتمادها. المرجع CASE-2021-3032 · الجهة المعنية: وحدة الالتزام التنظيمي.,وحدة الالتزام التنظيمي,بانتظار الرد
CASE-00285,2022-11-16,مخالفة مشتريات,دليل خدمات الالتزام المنشور - قطاع العمليات 2022,دليل خدمات منشور يشرح مسارات الالتزام المتاحة. المرجع CASE-2022-5546 · الجهة المعنية: مكتب حماية المبلّغين.,مكتب حماية المبلّغين,مغلق
CASE-00286,2022-12-26,مخالفة سلوك مهني,بلاغ مبلّغ عن مخالفات في المشتريات,تحقيق سري في بلاغ مبلّغ مع حماية هويته وفق السياسة. المرجع CASE-2022-1518 · الجهة المعنية: الشؤون القانونية.,الشؤون القانونية,قيد التحقيق
CASE-00287,2019-02-26,مخالفة سلوك مهني,قضية إساءة استخدام معلومات داخلية في قطاع الحلول الحكومية,قضية استخدام معلومات غير معلنة لتحقيق منفعة شخصية. المرجع CASE-2019-9811 · الجهة المعنية: مكتب حماية المبلّغين.,مكتب حماية المبلّغين,محال للجهة المختصة
CASE-00288,2020-02-16,مخالفة سلوك مهني,تحقيق في مخالفة تعاقدية مع منظمة إقليمية,تحقيق في إخلال ببنود تعاقدية قد يرتب مطالبات مالية كبيرة. المرجع CASE-2020-8320 · الجهة المعنية: التدقيق الداخلي.,التدقيق الداخلي,مغلق
CASE-00289,2024-01-20,احتيال مالي,ملف مراجعة خاصة رقم SR-2024-302,مراجعة خاصة بتوجيه من اللجنة مع حظر التداول حتى صدور النتيجة. المرجع CASE-2024-4254 · الجهة المعنية: وحدة الالتزام التنظيمي.,وحدة الالتزام التنظيمي,قيد التحقيق
CASE-00290,2023-12-29,مخالفة مشتريات,قضية استخدام غير مصرح لبيانات مواقع تخزين تشغيلية,استخراج قوائم مواقع تخزين تشغيلية دون تصريح. المرجع CASE-2023-4872 · الجهة المعنية: وحدة الالتزام التنظيمي.,وحدة الالتزام التنظيمي,قيد المراجعة القانونية
CASE-00291,2023-06-20,احتيال مالي,ملف مراجعة خاصة رقم SR-2023-801,مراجعة خاصة بتوجيه من اللجنة مع حظر التداول حتى صدور النتيجة. المرجع CASE-2023-2776 · الجهة المعنية: التدقيق الداخلي.,التدقيق الداخلي,مغلق
CASE-00292,2020-06-18,مخالفة تعاقدية,مراجعة استراتيجية لمخاطر الالتزام في قطاع العمليات,مراجعة استراتيجية لمخاطر التزام قد تؤدي إلى غرامات تنظيمية. المرجع CASE-2020-9782 · الجهة المعنية: إدارة المخاطر.,إدارة المخاطر,قيد التحقيق
CASE-00293,2022-10-17,تعارض مصالح,تحقيق في تلاعب بسجلات الاعتماد في نظام الأرشفة الإلكترونية,تحقيق في تعديل غير مصرح لسجلات الاعتماد المالي. المرجع CASE-2022-5630 · الجهة المعنية: الأمانة العامة.,الأمانة العامة,قيد المراجعة القانونية
CASE-00294,2023-07-14,تسريب معلومات,قضية تسريب الميزانية الاستراتيجية قبل الاعتماد,تسريب أرقام الميزانية الاستراتيجية إلى جهة خارجية قبل اعتمادها. المرجع CASE-2023-1343 · الجهة المعنية: وحدة مكافحة الاحتيال.,وحدة مكافحة الاحتيال,منتهي بتوصيات
CASE-00295,2023-05-07,استخدام غير مصرح للأنظمة,قضية إساءة استخدام معلومات داخلية في قطاع التحول الرقمي,قضية استخدام معلومات غير معلنة لتحقيق منفعة شخصية. المرجع CASE-2023-3279 · الجهة المعنية: وحدة مكافحة الاحتيال.,وحدة مكافحة الاحتيال,بانتظار الرد
CASE-00296,2021-08-07,استخدام غير مصرح للأنظمة,مراجعة استراتيجية لمخاطر الالتزام في قطاع التقنية والمشاريع,مراجعة استراتيجية لمخاطر التزام قد تؤدي إلى غرامات تنظيمية. المرجع CASE-2021-2697 · الجهة المعنية: إدارة المخاطر.,إدارة المخاطر,قيد التحقيق
CASE-00297,2024-06-05,استخدام غير مصرح للأنظمة,مراجعة استراتيجية لمخاطر الالتزام في قطاع التقنية والمشاريع,مراجعة استراتيجية لمخاطر التزام قد تؤدي إلى غرامات تنظيمية. المرجع CASE-2024-4371 · الجهة المعنية: الموارد البشرية.,الموارد البشرية,قيد التحقيق
CASE-00298,2024-01-15,احتيال مالي,تحقيق في تلاعب بسجلات الاعتماد في منصة التوثيق الإلكتروني,تحقيق في تعديل غير مصرح لسجلات الاعتماد المالي. المرجع CASE-2024-1748 · الجهة المعنية: وحدة الالتزام التنظيمي.,وحدة الالتزام التنظيمي,قيد التحقيق
CASE-00299,2025-08-01,إساءة استخدام صلاحيات,مراجعة استراتيجية لمخاطر الالتزام في قطاع الحلول الحكومية,مراجعة استراتيجية لمخاطر التزام قد تؤدي إلى غرامات تنظيمية. المرجع CASE-2025-2937 · الجهة المعنية: التدقيق الداخلي.,التدقيق الداخلي,قيد المراجعة القانونية
CASE-00300,2024-04-26,تعارض مصالح,قضية إساءة استخدام معلومات داخلية في قطاع الخدمات الرقمية,قضية استخدام معلومات غير معلنة لتحقيق منفعة شخصية. المرجع CASE-2024-4715 · الجهة المعنية: مكتب حماية المبلّغين.,مكتب حماية المبلّغين,قيد التحقيق
CASE-00301,2026-03-23,إساءة استخدام صلاحيات,بلاغ مبلّغ عن مخالفات في الخدمات المساندة,تحقيق سري في بلاغ مبلّغ مع حماية هويته وفق السياسة. المرجع CASE-2026-6728 · الجهة المعنية: وحدة مكافحة الاحتيال.,وحدة مكافحة الاحتيال,قيد المراجعة القانونية
CASE-00302,2022-09-03,إساءة استخدام صلاحيات,إعلان قناة البلاغات في عرعر - 2022,إعلان رسمي عن إطلاق قناة استقبال البلاغات وآلية استخدامها. المرجع CASE-2022-5965 · الجهة المعنية: وحدة الالتزام التنظيمي.,وحدة الالتزام التنظيمي,قيد التحقيق
CASE-00303,2022-02-25,مخالفة مشتريات,مراجعة استراتيجية لمخاطر الالتزام في قطاع الخدمات الرقمية,مراجعة استراتيجية لمخاطر التزام قد تؤدي إلى غرامات تنظيمية. المرجع CASE-2022-6215 · الجهة المعنية: مكتب حماية المبلّغين.,مكتب حماية المبلّغين,محال للجهة المختصة
CASE-00304,2025-10-02,تعارض مصالح,ملخص مواجهة أطراف في الملف رقم MF-2025-816,محضر مواجهة يتضمن إفادات أطراف قد ترتب مسؤولية نظامية. المرجع CASE-2025-2422 · الجهة المعنية: التدقيق الداخلي.,التدقيق الداخلي,منتهي بتوصيات
CASE-00305,2025-07-13,إساءة استخدام صلاحيات,مراجعة استراتيجية لمخاطر الالتزام في قطاع البنية التحتية,مراجعة استراتيجية لمخاطر التزام قد تؤدي إلى غرامات تنظيمية. المرجع CASE-2025-1844 · الجهة المعنية: الأمانة العامة.,الأمانة العامة,محال للجهة المختصة
CASE-00306,2022-04-29,تسريب معلومات,بلاغ عن تسريب بيانات تخص منشأة حيوية وطنية,بلاغ داخلي عن نقل وثائق تخص منشأة حيوية إلى جهة غير مصرح لها. المرجع CASE-2022-1182 · الجهة المعنية: وحدة الالتزام التنظيمي.,وحدة الالتزام التنظيمي,مغلق
CASE-00307,2019-02-27,بلاغ مبلّغ,قضية تسريب الميزانية الاستراتيجية قبل الاعتماد,تسريب أرقام الميزانية الاستراتيجية إلى جهة خارجية قبل اعتمادها. المرجع CASE-2019-6423 · الجهة المعنية: الشؤون القانونية.,الشؤون القانونية,مغلق
CASE-00308,2025-10-01,احتيال مالي,تحقيق في تلاعب بسجلات الاعتماد في بوابة المدفوعات الوطنية,تحقيق في تعديل غير مصرح لسجلات الاعتماد المالي. المرجع CASE-2025-6319 · الجهة المعنية: الأمانة العامة.,الأمانة العامة,محال للجهة المختصة
CASE-00309,2025-01-31,استخدام غير مصرح للأنظمة,قضية مساس بمتطلبات سيادة البيانات الوطنية,استضافة بيانات وطنية خارج النطاق بما يخالف متطلبات سيادة البيانات. المرجع CASE-2025-2103 · الجهة المعنية: إدارة المخاطر.,إدارة المخاطر,محال للجهة المختصة
CASE-00310,2020-11-14,إساءة استخدام صلاحيات,مخالفة في التعامل مع مخرجات مورد عسكري المنشأ,استخدام مكوّن عسكري المنشأ خارج الضوابط التعاقدية المعتمدة. المرجع CASE-2020-3420 · الجهة المعنية: الأمانة العامة.,الأمانة العامة,قيد المراجعة القانونية
CASE-00311,2023-06-25,تعارض مصالح,تحقيق في تلاعب بسجلات الاعتماد في بوابة الموردين الإلكترونية,تحقيق في تعديل غير مصرح لسجلات الاعتماد المالي. المرجع CASE-2023-3846 · الجهة المعنية: مكتب حماية المبلّغين.,مكتب حماية المبلّغين,محال للجهة المختصة
CASE-00312,2024-04-01,استخدام غير مصرح للأنظمة,مذكرة داخلية بشأن ضبط الحضور في إدارة المعرفة,مذكرة داخلية تنظيمية حول التزام الحضور والانصراف. المرجع CASE-2024-6951 · الجهة المعنية: مكتب حماية المبلّغين.,مكتب حماية المبلّغين,مغلق
CASE-00313,2023-10-26,تسريب معلومات,ملف مراجعة خاصة رقم SR-2023-373,مراجعة خاصة بتوجيه من اللجنة مع حظر التداول حتى صدور النتيجة. المرجع CASE-2023-6047 · الجهة المعنية: وحدة مكافحة الاحتيال.,وحدة مكافحة الاحتيال,مغلق
CASE-00314,2021-07-27,تسريب معلومات,قضية تعارض مصالح في ترسية برنامج التوسع الإقليمي,قضية تعارض مصالح بين عضو لجنة وأحد الموردين المتنافسين. المرجع CASE-2021-5987 · الجهة المعنية: إدارة المخاطر.,إدارة المخاطر,منتهي بتوصيات
CASE-00315,2022-03-16,تسريب معلومات,تحقيق في تسريب مسودة مذكرة تفاهم مع شريك خارجي,تسريب مسودة مذكرة تفاهم قبل توقيعها رسميًا. المرجع CASE-2022-5890 · الجهة المعنية: الأمانة العامة.,الأمانة العامة,قيد التحقيق
CASE-00316,2024-01-13,تعارض مصالح,تحقيق في تواطؤ محتمل بين موردي قطاع الأعمال المؤسسية,تحقيق في مؤشرات تنسيق أسعار بين موردين في منافسة مغلقة. المرجع CASE-2024-6903 · الجهة المعنية: وحدة مكافحة الاحتيال.,وحدة مكافحة الاحتيال,قيد التحقيق
CASE-00317,2020-10-13,تسريب معلومات,تحقيق في تسريب مسودة مذكرة تفاهم مع شريك خارجي,تسريب مسودة مذكرة تفاهم قبل توقيعها رسميًا. المرجع CASE-2020-3898 · الجهة المعنية: التدقيق الداخلي.,التدقيق الداخلي,بانتظار الرد
CASE-00318,2020-08-16,مخالفة سلوك مهني,مراجعة استراتيجية لمخاطر الالتزام في قطاع الحلول الحكومية,مراجعة استراتيجية لمخاطر التزام قد تؤدي إلى غرامات تنظيمية. المرجع CASE-2020-2242 · الجهة المعنية: إدارة المخاطر.,إدارة المخاطر,بانتظار الرد
CASE-00319,2022-04-21,مخالفة تعاقدية,مخالفة في التعامل مع مخرجات مورد عسكري المنشأ,استخدام مكوّن عسكري المنشأ خارج الضوابط التعاقدية المعتمدة. المرجع CASE-2022-7925 · الجهة المعنية: الأمانة العامة.,الأمانة العامة,منتهي بتوصيات
CASE-00320,2022-04-02,احتيال مالي,قضية تسريب الميزانية الاستراتيجية قبل الاعتماد,تسريب أرقام الميزانية الاستراتيجية إلى جهة خارجية قبل اعتمادها. المرجع CASE-2022-8283 · الجهة المعنية: وحدة الالتزام التنظيمي.,وحدة الالتزام التنظيمي,منتهي بتوصيات
CASE-00321,2021-12-08,تسريب معلومات,تحقيق في احتيال مالي بقيمة تقديرية 16 مليون ريال,تحقيق داخلي في معاملات مالية غير مبررة وتوصيات الإحالة. المرجع CASE-2021-9338 · الجهة المعنية: الأمانة العامة.,الأمانة العامة,قيد المراجعة القانونية
CASE-00322,2025-11-19,احتيال مالي,قضية استخدام غير مصرح لبيانات مواقع تخزين تشغيلية,استخراج قوائم مواقع تخزين تشغيلية دون تصريح. المرجع CASE-2025-5561 · الجهة المعنية: إدارة المخاطر.,إدارة المخاطر,قيد المراجعة القانونية
CASE-00323,2025-06-02,احتيال مالي,تحقيق في تواطؤ محتمل بين موردي قطاع الشراكات,تحقيق في مؤشرات تنسيق أسعار بين موردين في منافسة مغلقة. المرجع CASE-2025-1240 · الجهة المعنية: إدارة المخاطر.,إدارة المخاطر,قيد التحقيق
CASE-00324,2024-07-07,بلاغ مبلّغ,تحقيق في محاولة الوصول إلى سجلات تحركات القوات,محاولة موظف الوصول إلى سجلات تحركات القوات دون تصريح. المرجع CASE-2024-3415 · الجهة المعنية: الشؤون القانونية.,الشؤون القانونية,محال للجهة المختصة
CASE-00325,2024-10-08,مخالفة سلوك مهني,تحقيق في احتيال مالي بقيمة تقديرية 28 مليون ريال,تحقيق داخلي في معاملات مالية غير مبررة وتوصيات الإحالة. المرجع CASE-2024-7537 · الجهة المعنية: مكتب حماية المبلّغين.,مكتب حماية المبلّغين,منتهي بتوصيات
CASE-00326,2022-11-13,استخدام غير مصرح للأنظمة,ملخص مواجهة أطراف في الملف رقم MF-2022-895,محضر مواجهة يتضمن إفادات أطراف قد ترتب مسؤولية نظامية. المرجع CASE-2022-4729 · الجهة المعنية: مكتب حماية المبلّغين.,مكتب حماية المبلّغين,مغلق
CASE-00327,2025-10-04,احتيال مالي,طلب إجازة طبي ممتدة - التدقيق الداخلي,ملف طبي داعم لطلب إجازة ممتدة لأحد المنسوبين. المرجع CASE-2025-9993 · الجهة المعنية: التدقيق الداخلي.,التدقيق الداخلي,قيد التحقيق
CASE-00328,2025-11-14,إساءة استخدام صلاحيات,مراجعة استراتيجية لمخاطر الالتزام في قطاع الشراكات,مراجعة استراتيجية لمخاطر التزام قد تؤدي إلى غرامات تنظيمية. المرجع CASE-2025-6523 · الجهة المعنية: وحدة مكافحة الاحتيال.,وحدة مكافحة الاحتيال,محال للجهة المختصة
CASE-00329,2022-08-14,تسريب معلومات,تحقيق في تسريب خطط عمليات أمنية لفعالية وطنية,تسريب جدول عمليات أمنية قبل تنفيذ الفعالية الوطنية. المرجع CASE-2022-1499 · الجهة المعنية: الأمانة العامة.,الأمانة العامة,قيد المراجعة القانونية
CASE-00330,2020-02-25,إساءة استخدام صلاحيات,ملخص مواجهة أطراف في الملف رقم MF-2020-737,محضر مواجهة يتضمن إفادات أطراف قد ترتب مسؤولية نظامية. المرجع CASE-2020-1750 · الجهة المعنية: الأمانة العامة.,الأمانة العامة,بانتظار الرد
CASE-00331,2023-02-12,تسريب معلومات,قضية تسريب الميزانية الاستراتيجية قبل الاعتماد,تسريب أرقام الميزانية الاستراتيجية إلى جهة خارجية قبل اعتمادها. المرجع CASE-2023-3267 · الجهة المعنية: وحدة مكافحة الاحتيال.,وحدة مكافحة الاحتيال,منتهي بتوصيات
CASE-00332,2023-09-06,تسريب معلومات,تحقيق في تلاعب بسجلات الاعتماد في نظام التخطيط المؤسسي,تحقيق في تعديل غير مصرح لسجلات الاعتماد المالي. المرجع CASE-2023-9535 · الجهة المعنية: الموارد البشرية.,الموارد البشرية,بانتظار الرد
CASE-00333,2025-07-08,احتيال مالي,قضية تعارض مصالح في ترسية برنامج المرونة التشغيلية,قضية تعارض مصالح بين عضو لجنة وأحد الموردين المتنافسين. المرجع CASE-2025-8456 · الجهة المعنية: وحدة الالتزام التنظيمي.,وحدة الالتزام التنظيمي,بانتظار الرد
CASE-00334,2020-02-04,إساءة استخدام صلاحيات,قضية استخدام غير مصرح لبيانات مواقع تخزين تشغيلية,استخراج قوائم مواقع تخزين تشغيلية دون تصريح. المرجع CASE-2020-4217 · الجهة المعنية: مكتب حماية المبلّغين.,مكتب حماية المبلّغين,بانتظار الرد
CASE-00335,2022-07-11,احتيال مالي,تحقيق في تسريب مسودة مذكرة تفاهم مع شريك خارجي,تسريب مسودة مذكرة تفاهم قبل توقيعها رسميًا. المرجع CASE-2022-2005 · الجهة المعنية: الموارد البشرية.,الموارد البشرية,قيد المراجعة القانونية
CASE-00336,2020-01-15,تعارض مصالح,بلاغ عن تسريب بيانات تخص منشأة حيوية وطنية,بلاغ داخلي عن نقل وثائق تخص منشأة حيوية إلى جهة غير مصرح لها. المرجع CASE-2020-9478 · الجهة المعنية: التدقيق الداخلي.,التدقيق الداخلي,قيد التحقيق
CASE-00337,2025-09-22,إساءة استخدام صلاحيات,قضية تسريب الميزانية الاستراتيجية قبل الاعتماد,تسريب أرقام الميزانية الاستراتيجية إلى جهة خارجية قبل اعتمادها. المرجع CASE-2025-7784 · الجهة المعنية: مكتب حماية المبلّغين.,مكتب حماية المبلّغين,محال للجهة المختصة
CASE-00338,2024-10-15,إساءة استخدام صلاحيات,تحقيق في تواطؤ محتمل بين موردي قطاع الخدمات الرقمية,تحقيق في مؤشرات تنسيق أسعار بين موردين في منافسة مغلقة. المرجع CASE-2024-8071 · الجهة المعنية: إدارة المخاطر.,إدارة المخاطر,قيد المراجعة القانونية
CASE-00339,2022-12-28,احتيال مالي,قضية استخدام غير مصرح لبيانات مواقع تخزين تشغيلية,استخراج قوائم مواقع تخزين تشغيلية دون تصريح. المرجع CASE-2022-2172 · الجهة المعنية: وحدة الالتزام التنظيمي.,وحدة الالتزام التنظيمي,محال للجهة المختصة
CASE-00340,2022-04-25,احتيال مالي,قضية استخدام غير مصرح لبيانات مواقع تخزين تشغيلية,استخراج قوائم مواقع تخزين تشغيلية دون تصريح. المرجع CASE-2022-7094 · الجهة المعنية: الأمانة العامة.,الأمانة العامة,مغلق
CASE-00341,2022-11-17,مخالفة مشتريات,قضية تسريب الميزانية الاستراتيجية قبل الاعتماد,تسريب أرقام الميزانية الاستراتيجية إلى جهة خارجية قبل اعتمادها. المرجع CASE-2022-4695 · الجهة المعنية: وحدة مكافحة الاحتيال.,وحدة مكافحة الاحتيال,منتهي بتوصيات
CASE-00342,2022-12-29,مخالفة مشتريات,قضية تعارض مصالح في ترسية برنامج أمن سلاسل الإمداد,قضية تعارض مصالح بين عضو لجنة وأحد الموردين المتنافسين. المرجع CASE-2022-1377 · الجهة المعنية: الموارد البشرية.,الموارد البشرية,مغلق
CASE-00343,2026-06-03,مخالفة مشتريات,مراجعة استراتيجية لمخاطر الالتزام في قطاع الشراكات,مراجعة استراتيجية لمخاطر التزام قد تؤدي إلى غرامات تنظيمية. المرجع CASE-2026-4084 · الجهة المعنية: وحدة مكافحة الاحتيال.,وحدة مكافحة الاحتيال,بانتظار الرد
CASE-00344,2019-04-15,بلاغ مبلّغ,ملف محال للجهة العليا رقم HC-2019-26,ملف محال لجهة عليا لارتباطه بمواقع ومنشآت وطنية محددة. المرجع CASE-2019-5646 · الجهة المعنية: الأمانة العامة.,الأمانة العامة,محال للجهة المختصة
CASE-00345,2020-05-10,مخالفة سلوك مهني,قضية استخدام غير مصرح لبيانات مواقع تخزين تشغيلية,استخراج قوائم مواقع تخزين تشغيلية دون تصريح. المرجع CASE-2020-3745 · الجهة المعنية: التدقيق الداخلي.,التدقيق الداخلي,قيد المراجعة القانونية
CASE-00346,2025-03-10,بلاغ مبلّغ,بلاغ مبلّغ عن مخالفات في الموارد البشرية,تحقيق سري في بلاغ مبلّغ مع حماية هويته وفق السياسة. المرجع CASE-2025-6703 · الجهة المعنية: إدارة المخاطر.,إدارة المخاطر,قيد المراجعة القانونية
CASE-00347,2020-04-06,بلاغ مبلّغ,تحقيق في تلاعب بسجلات الاعتماد في منصة المراسلات الرسمية,تحقيق في تعديل غير مصرح لسجلات الاعتماد المالي. المرجع CASE-2020-8814 · الجهة المعنية: الموارد البشرية.,الموارد البشرية,قيد المراجعة القانونية
CASE-00348,2024-05-03,مخالفة مشتريات,بلاغ عن مخالفة في التعامل مع مواد أسلحة خاضعة للرقابة,مخالفة إجراءات مناولة أسلحة ومواد خاضعة للرقابة داخل موقع تشغيلي. المرجع CASE-2024-6356 · الجهة المعنية: مكتب حماية المبلّغين.,مكتب حماية المبلّغين,بانتظار الرد
CASE-00349,2023-04-11,تعارض مصالح,منشور سياسة السلوك المهني - ضبط الجودة 2023,منشور عام يوضح مبادئ السلوك المهني المعتمدة. المرجع CASE-2023-5563 · الجهة المعنية: إدارة المخاطر.,إدارة المخاطر,منتهي بتوصيات
CASE-00350,2022-10-22,مخالفة تعاقدية,طلب تصحيح بيانات هوية في سجل الموظفين,طلب تصحيح حقول هوية وبيانات تواصل في السجل. المرجع CASE-2022-9205 · الجهة المعنية: التدقيق الداخلي.,التدقيق الداخلي,محال للجهة المختصة
CASE-00351,2025-01-27,مخالفة تعاقدية,شكوى بيئة عمل في الخدمات المساندة,شكوى موظف تتضمن بيانات شخصية وتفاصيل تواصل داخلية. المرجع CASE-2025-5244 · الجهة المعنية: الموارد البشرية.,الموارد البشرية,منتهي بتوصيات
CASE-00352,2024-10-06,مخالفة تعاقدية,إعلان قناة البلاغات في أبها - 2024,إعلان رسمي عن إطلاق قناة استقبال البلاغات وآلية استخدامها. المرجع CASE-2024-7413 · الجهة المعنية: التدقيق الداخلي.,التدقيق الداخلي,محال للجهة المختصة
CASE-00353,2019-05-22,تعارض مصالح,تحقيق في احتيال مالي بقيمة تقديرية 20 مليون ريال,تحقيق داخلي في معاملات مالية غير مبررة وتوصيات الإحالة. المرجع CASE-2019-2507 · الجهة المعنية: إدارة المخاطر.,إدارة المخاطر,بانتظار الرد
CASE-00354,2022-02-26,مخالفة سلوك مهني,بلاغ مبلّغ عن مخالفات في الموارد البشرية,تحقيق سري في بلاغ مبلّغ مع حماية هويته وفق السياسة. المرجع CASE-2022-1784 · الجهة المعنية: وحدة الالتزام التنظيمي.,وحدة الالتزام التنظيمي,قيد التحقيق
CASE-00355,2026-05-26,استخدام غير مصرح للأنظمة,طلب إجازة طبي ممتدة - الاتصال المؤسسي,ملف طبي داعم لطلب إجازة ممتدة لأحد المنسوبين. المرجع CASE-2026-2394 · الجهة المعنية: مكتب حماية المبلّغين.,مكتب حماية المبلّغين,مغلق
CASE-00356,2019-04-22,مخالفة تعاقدية,منشور سياسة السلوك المهني - إدارة المخاطر 2019,منشور عام يوضح مبادئ السلوك المهني المعتمدة. المرجع CASE-2019-8733 · الجهة المعنية: مكتب حماية المبلّغين.,مكتب حماية المبلّغين,قيد المراجعة القانونية
CASE-00357,2026-05-17,تعارض مصالح,تحقيق في تلاعب بسجلات الاعتماد في نظام إدارة الهوية المركزي,تحقيق في تعديل غير مصرح لسجلات الاعتماد المالي. المرجع CASE-2026-2028 · الجهة المعنية: وحدة مكافحة الاحتيال.,وحدة مكافحة الاحتيال,بانتظار الرد
CASE-00358,2022-10-17,استخدام غير مصرح للأنظمة,قضية تعارض مصالح في ترسية برنامج المرونة التشغيلية,قضية تعارض مصالح بين عضو لجنة وأحد الموردين المتنافسين. المرجع CASE-2022-1471 · الجهة المعنية: مكتب حماية المبلّغين.,مكتب حماية المبلّغين,قيد التحقيق
CASE-00359,2024-09-25,مخالفة تعاقدية,ملف مراجعة خاصة رقم SR-2024-429,مراجعة خاصة بتوجيه من اللجنة مع حظر التداول حتى صدور النتيجة. المرجع CASE-2024-6717 · الجهة المعنية: التدقيق الداخلي.,التدقيق الداخلي,قيد المراجعة القانونية
CASE-00360,2019-04-27,احتيال مالي,بلاغ عن مخالفة في التعامل مع مواد أسلحة خاضعة للرقابة,مخالفة إجراءات مناولة أسلحة ومواد خاضعة للرقابة داخل موقع تشغيلي. المرجع CASE-2019-1624 · الجهة المعنية: الموارد البشرية.,الموارد البشرية,محال للجهة المختصة
CASE-00361,2022-05-30,تعارض مصالح,تحقيق في تواطؤ محتمل بين موردي قطاع العمليات,تحقيق في مؤشرات تنسيق أسعار بين موردين في منافسة مغلقة. المرجع CASE-2022-1046 · الجهة المعنية: الشؤون القانونية.,الشؤون القانونية,مغلق
CASE-00362,2021-04-16,تسريب معلومات,تحقيق في تلاعب بسجلات الاعتماد في نظام النسخ الاحتياطي المركزي,تحقيق في تعديل غير مصرح لسجلات الاعتماد المالي. المرجع CASE-2021-3409 · الجهة المعنية: الموارد البشرية.,الموارد البشرية,بانتظار الرد
CASE-00363,2022-05-27,احتيال مالي,بلاغ مبلّغ عن مخالفات في تقنية المعلومات,تحقيق سري في بلاغ مبلّغ مع حماية هويته وفق السياسة. المرجع CASE-2022-5776 · الجهة المعنية: الأمانة العامة.,الأمانة العامة,بانتظار الرد
CASE-00364,2021-09-03,احتيال مالي,مراجعة استراتيجية لمخاطر الالتزام في قطاع التحول الرقمي,مراجعة استراتيجية لمخاطر التزام قد تؤدي إلى غرامات تنظيمية. المرجع CASE-2021-8961 · الجهة المعنية: الشؤون القانونية.,الشؤون القانونية,منتهي بتوصيات
CASE-00365,2021-05-26,تسريب معلومات,طلب تصحيح بيانات هوية في سجل الموظفين,طلب تصحيح حقول هوية وبيانات تواصل في السجل. المرجع CASE-2021-4964 · الجهة المعنية: الشؤون القانونية.,الشؤون القانونية,منتهي بتوصيات
CASE-00366,2020-02-27,مخالفة تعاقدية,بلاغ عن مخالفة في التعامل مع مواد أسلحة خاضعة للرقابة,مخالفة إجراءات مناولة أسلحة ومواد خاضعة للرقابة داخل موقع تشغيلي. المرجع CASE-2020-5795 · الجهة المعنية: إدارة المخاطر.,إدارة المخاطر,محال للجهة المختصة
CASE-00367,2019-12-08,تعارض مصالح,تحقيق في محاولة الوصول إلى سجلات تحركات القوات,محاولة موظف الوصول إلى سجلات تحركات القوات دون تصريح. المرجع CASE-2019-2473 · الجهة المعنية: الشؤون القانونية.,الشؤون القانونية,منتهي بتوصيات
CASE-00368,2019-07-02,مخالفة تعاقدية,تحقيق في تسريب مسودة مذكرة تفاهم مع شريك خارجي,تسريب مسودة مذكرة تفاهم قبل توقيعها رسميًا. المرجع CASE-2019-7295 · الجهة المعنية: الموارد البشرية.,الموارد البشرية,قيد التحقيق
CASE-00369,2019-06-10,بلاغ مبلّغ,تحقيق في احتيال مالي بقيمة تقديرية 2 مليون ريال,تحقيق داخلي في معاملات مالية غير مبررة وتوصيات الإحالة. المرجع CASE-2019-4804 · الجهة المعنية: مكتب حماية المبلّغين.,مكتب حماية المبلّغين,قيد التحقيق
CASE-00370,2023-04-03,تعارض مصالح,تحقيق في تواطؤ محتمل بين موردي قطاع الشراكات,تحقيق في مؤشرات تنسيق أسعار بين موردين في منافسة مغلقة. المرجع CASE-2023-7385 · الجهة المعنية: الشؤون القانونية.,الشؤون القانونية,قيد المراجعة القانونية
CASE-00371,2019-04-04,مخالفة مشتريات,ملخص مواجهة أطراف في الملف رقم MF-2019-700,محضر مواجهة يتضمن إفادات أطراف قد ترتب مسؤولية نظامية. المرجع CASE-2019-3240 · الجهة المعنية: التدقيق الداخلي.,التدقيق الداخلي,محال للجهة المختصة
CASE-00372,2022-02-05,تعارض مصالح,مخالفة خصوصية في تداول ملفات المنسوبين,تداول ملفات موظفين دون مراعاة ضوابط خصوصية البيانات. المرجع CASE-2022-8058 · الجهة المعنية: مكتب حماية المبلّغين.,مكتب حماية المبلّغين,قيد المراجعة القانونية
CASE-00373,2019-11-09,إساءة استخدام صلاحيات,تحقيق في تسريب خطط عمليات أمنية لفعالية وطنية,تسريب جدول عمليات أمنية قبل تنفيذ الفعالية الوطنية. المرجع CASE-2019-2780 · الجهة المعنية: التدقيق الداخلي.,التدقيق الداخلي,بانتظار الرد
CASE-00374,2023-12-04,مخالفة مشتريات,تحقيق في احتيال مالي بقيمة تقديرية 38 مليون ريال,تحقيق داخلي في معاملات مالية غير مبررة وتوصيات الإحالة. المرجع CASE-2023-1496 · الجهة المعنية: وحدة مكافحة الاحتيال.,وحدة مكافحة الاحتيال,منتهي بتوصيات
CASE-00375,2022-07-26,مخالفة تعاقدية,تحقيق في مخالفة تعاقدية مع شريك تقني عالمي,تحقيق في إخلال ببنود تعاقدية قد يرتب مطالبات مالية كبيرة. المرجع CASE-2022-8644 · الجهة المعنية: وحدة مكافحة الاحتيال.,وحدة مكافحة الاحتيال,قيد المراجعة القانونية
CASE-00376,2024-05-01,إساءة استخدام صلاحيات,مراجعة استراتيجية لمخاطر الالتزام في قطاع العمليات,مراجعة استراتيجية لمخاطر التزام قد تؤدي إلى غرامات تنظيمية. المرجع CASE-2024-5792 · الجهة المعنية: وحدة مكافحة الاحتيال.,وحدة مكافحة الاحتيال,منتهي بتوصيات
CASE-00377,2019-11-18,تسريب معلومات,تحقيق في مخالفة تعاقدية مع جهة سيادية شريكة,تحقيق في إخلال ببنود تعاقدية قد يرتب مطالبات مالية كبيرة. المرجع CASE-2019-7823 · الجهة المعنية: وحدة مكافحة الاحتيال.,وحدة مكافحة الاحتيال,محال للجهة المختصة
CASE-00378,2025-10-13,استخدام غير مصرح للأنظمة,قضية تعارض مصالح في ترسية برنامج الحوسبة السيادية,قضية تعارض مصالح بين عضو لجنة وأحد الموردين المتنافسين. المرجع CASE-2025-8319 · الجهة المعنية: وحدة مكافحة الاحتيال.,وحدة مكافحة الاحتيال,قيد المراجعة القانونية
CASE-00379,2026-05-03,تسريب معلومات,تحقيق في مخالفة تعاقدية مع تحالف صناعي دولي,تحقيق في إخلال ببنود تعاقدية قد يرتب مطالبات مالية كبيرة. المرجع CASE-2026-5277 · الجهة المعنية: مكتب حماية المبلّغين.,مكتب حماية المبلّغين,مغلق
CASE-00380,2024-01-15,تسريب معلومات,ملخص مواجهة أطراف في الملف رقم MF-2024-195,محضر مواجهة يتضمن إفادات أطراف قد ترتب مسؤولية نظامية. المرجع CASE-2024-9031 · الجهة المعنية: إدارة المخاطر.,إدارة المخاطر,محال للجهة المختصة
CASE-00381,2025-10-25,مخالفة سلوك مهني,قضية اشتباه تجسس إلكتروني على شبكة الربط الحكومي,تعاون مع جهات استخبارات وطنية بشأن نشاط تجسس مشتبه به. المرجع CASE-2025-3241 · الجهة المعنية: التدقيق الداخلي.,التدقيق الداخلي,مغلق
CASE-00382,2019-12-25,مخالفة تعاقدية,تحقيق في محاولة الوصول إلى سجلات تحركات القوات,محاولة موظف الوصول إلى سجلات تحركات القوات دون تصريح. المرجع CASE-2019-1843 · الجهة المعنية: وحدة الالتزام التنظيمي.,وحدة الالتزام التنظيمي,قيد التحقيق
CASE-00383,2026-01-27,مخالفة تعاقدية,تحقيق في احتيال مالي بقيمة تقديرية 2 مليون ريال,تحقيق داخلي في معاملات مالية غير مبررة وتوصيات الإحالة. المرجع CASE-2026-9566 · الجهة المعنية: وحدة مكافحة الاحتيال.,وحدة مكافحة الاحتيال,منتهي بتوصيات
CASE-00384,2020-07-16,بلاغ مبلّغ,قضية تعارض مصالح في ترسية برنامج التوسع الإقليمي,قضية تعارض مصالح بين عضو لجنة وأحد الموردين المتنافسين. المرجع CASE-2020-1008 · الجهة المعنية: الشؤون القانونية.,الشؤون القانونية,مغلق
CASE-00385,2021-04-24,مخالفة سلوك مهني,قضية استخدام غير مصرح لبيانات مواقع تخزين تشغيلية,استخراج قوائم مواقع تخزين تشغيلية دون تصريح. المرجع CASE-2021-5806 · الجهة المعنية: إدارة المخاطر.,إدارة المخاطر,محال للجهة المختصة
CASE-00386,2026-02-26,احتيال مالي,مراجعة استراتيجية لمخاطر الالتزام في قطاع الحلول الحكومية,مراجعة استراتيجية لمخاطر التزام قد تؤدي إلى غرامات تنظيمية. المرجع CASE-2026-5352 · الجهة المعنية: الشؤون القانونية.,الشؤون القانونية,قيد التحقيق
CASE-00387,2020-12-23,احتيال مالي,قضية تعارض مصالح في ترسية برنامج التوسع الإقليمي,قضية تعارض مصالح بين عضو لجنة وأحد الموردين المتنافسين. المرجع CASE-2020-8780 · الجهة المعنية: الشؤون القانونية.,الشؤون القانونية,قيد التحقيق
CASE-00388,2026-03-17,مخالفة تعاقدية,قضية تمويل مشبوه مرتبط بشبكة خارجية,إحالة إلى الجهات الأمنية بعد رصد نمط تمويل يتصل بأنشطة استخبارات. المرجع CASE-2026-9249 · الجهة المعنية: مكتب حماية المبلّغين.,مكتب حماية المبلّغين,منتهي بتوصيات
CASE-00389,2020-01-23,مخالفة سلوك مهني,شكوى بيئة عمل في المشتريات,شكوى موظف تتضمن بيانات شخصية وتفاصيل تواصل داخلية. المرجع CASE-2020-5158 · الجهة المعنية: الموارد البشرية.,الموارد البشرية,منتهي بتوصيات
CASE-00390,2019-02-28,احتيال مالي,قضية استخدام غير مصرح لبيانات مواقع تخزين تشغيلية,استخراج قوائم مواقع تخزين تشغيلية دون تصريح. المرجع CASE-2019-6474 · الجهة المعنية: الموارد البشرية.,الموارد البشرية,مغلق
CASE-00391,2024-07-23,مخالفة تعاقدية,تحقيق في تسريب مسودة مذكرة تفاهم مع شريك خارجي,تسريب مسودة مذكرة تفاهم قبل توقيعها رسميًا. المرجع CASE-2024-2597 · الجهة المعنية: التدقيق الداخلي.,التدقيق الداخلي,قيد التحقيق
CASE-00392,2026-04-19,مخالفة سلوك مهني,إعلان قناة البلاغات في أبها - 2026,إعلان رسمي عن إطلاق قناة استقبال البلاغات وآلية استخدامها. المرجع CASE-2026-9837 · الجهة المعنية: الأمانة العامة.,الأمانة العامة,بانتظار الرد
CASE-00393,2021-03-19,مخالفة مشتريات,بلاغ مبلّغ عن مخالفات في الخدمات المساندة,تحقيق سري في بلاغ مبلّغ مع حماية هويته وفق السياسة. المرجع CASE-2021-2751 · الجهة المعنية: إدارة المخاطر.,إدارة المخاطر,قيد المراجعة القانونية
CASE-00394,2024-08-01,مخالفة تعاقدية,تحقيق في مخالفة تعاقدية مع دولة شريكة,تحقيق في إخلال ببنود تعاقدية قد يرتب مطالبات مالية كبيرة. المرجع CASE-2024-3791 · الجهة المعنية: إدارة المخاطر.,إدارة المخاطر,مغلق
CASE-00395,2023-05-20,مخالفة سلوك مهني,قضية تعارض مصالح في ترسية برنامج التوسع الإقليمي,قضية تعارض مصالح بين عضو لجنة وأحد الموردين المتنافسين. المرجع CASE-2023-1992 · الجهة المعنية: الشؤون القانونية.,الشؤون القانونية,مغلق
CASE-00396,2024-07-26,احتيال مالي,ملف مراجعة خاصة رقم SR-2024-574,مراجعة خاصة بتوجيه من اللجنة مع حظر التداول حتى صدور النتيجة. المرجع CASE-2024-4946 · الجهة المعنية: التدقيق الداخلي.,التدقيق الداخلي,منتهي بتوصيات
CASE-00397,2024-07-16,مخالفة تعاقدية,مخالفة في التعامل مع مخرجات مورد عسكري المنشأ,استخدام مكوّن عسكري المنشأ خارج الضوابط التعاقدية المعتمدة. المرجع CASE-2024-7561 · الجهة المعنية: وحدة مكافحة الاحتيال.,وحدة مكافحة الاحتيال,قيد المراجعة القانونية
CASE-00398,2025-09-19,بلاغ مبلّغ,قضية إساءة استخدام معلومات داخلية في قطاع البنية التحتية,قضية استخدام معلومات غير معلنة لتحقيق منفعة شخصية. المرجع CASE-2025-4629 · الجهة المعنية: الشؤون القانونية.,الشؤون القانونية,مغلق
CASE-00399,2021-05-31,استخدام غير مصرح للأنظمة,قضية اشتباه تجسس إلكتروني على نظام النسخ الاحتياطي المركزي,تعاون مع جهات استخبارات وطنية بشأن نشاط تجسس مشتبه به. المرجع CASE-2021-5778 · الجهة المعنية: وحدة الالتزام التنظيمي.,وحدة الالتزام التنظيمي,مغلق
CASE-00400,2023-02-21,استخدام غير مصرح للأنظمة,قضية تمويل مشبوه مرتبط بشبكة خارجية,إحالة إلى الجهات الأمنية بعد رصد نمط تمويل يتصل بأنشطة استخبارات. المرجع CASE-2023-2636 · الجهة المعنية: وحدة الالتزام التنظيمي.,وحدة الالتزام التنظيمي,محال للجهة المختصة
CASE-00401,2024-01-27,مخالفة مشتريات,ملخص مواجهة أطراف في الملف رقم MF-2024-173,محضر مواجهة يتضمن إفادات أطراف قد ترتب مسؤولية نظامية. المرجع CASE-2024-7652 · الجهة المعنية: الموارد البشرية.,,منتهي بتوصيات
CASE-00402,2025-07-08,بلاغ مبلّغ,ملخص مواجهة أطراف في الملف رقم MF-2025-224,محضر مواجهة يتضمن إفادات أطراف قد ترتب مسؤولية نظامية. المرجع CASE-2025-4540 · الجهة المعنية: الأمانة العامة.,الأمانة العامة,محال للجهة المختصة
CASE-00403,2020-01-12,استخدام غير مصرح للأنظمة,بلاغ مبلّغ عن مخالفات في التخطيط والتطوير,تحقيق سري في بلاغ مبلّغ مع حماية هويته وفق السياسة. المرجع CASE-2020-1953 · الجهة المعنية: مكتب حماية المبلّغين.,مكتب حماية المبلّغين,مغلق
CASE-00404,2022-06-30,إساءة استخدام صلاحيات,تحقيق في تلاعب بسجلات الاعتماد في منصة الخدمات الحكومية الموحدة,تحقيق في تعديل غير مصرح لسجلات الاعتماد المالي. المرجع CASE-2022-3902 · الجهة المعنية: مكتب حماية المبلّغين.,مكتب حماية المبلّغين,منتهي بتوصيات
CASE-00405,2022-09-06,إساءة استخدام صلاحيات,تحقيق في تلاعب بسجلات الاعتماد في منصة تبادل البيانات الوطنية,تحقيق في تعديل غير مصرح لسجلات الاعتماد المالي. المرجع CASE-2022-4718 · الجهة المعنية: الأمانة العامة.,الأمانة العامة,قيد التحقيق
CASE-00406,2023-09-18,مخالفة مشتريات,تحقيق في تسريب مسودة مذكرة تفاهم مع شريك خارجي,تسريب مسودة مذكرة تفاهم قبل توقيعها رسميًا. المرجع CASE-2023-5182 · الجهة المعنية: وحدة الالتزام التنظيمي.,وحدة الالتزام التنظيمي,بانتظار الرد
CASE-00407,2021-12-31,مخالفة سلوك مهني,تحقيق في تلاعب بسجلات الاعتماد في منصة الخدمات الحكومية الموحدة,تحقيق في تعديل غير مصرح لسجلات الاعتماد المالي. المرجع CASE-2021-9969 · الجهة المعنية: التدقيق الداخلي.,التدقيق الداخلي,مغلق
CASE-00408,2020-10-29,إساءة استخدام صلاحيات,قضية تسريب الميزانية الاستراتيجية قبل الاعتماد,تسريب أرقام الميزانية الاستراتيجية إلى جهة خارجية قبل اعتمادها. المرجع CASE-2020-2371 · الجهة المعنية: الشؤون القانونية.,الشؤون القانونية,بانتظار الرد
CASE-00409,2022-12-02,استخدام غير مصرح للأنظمة,قضية تعارض مصالح في ترسية برنامج الذكاء الاصطناعي المؤسسي,قضية تعارض مصالح بين عضو لجنة وأحد الموردين المتنافسين. المرجع CASE-2022-1769 · الجهة المعنية: إدارة المخاطر.,إدارة المخاطر,قيد المراجعة القانونية
CASE-00410,2020-12-29,مخالفة مشتريات,شكوى بيئة عمل في الشؤون القانونية,شكوى موظف تتضمن بيانات شخصية وتفاصيل تواصل داخلية. المرجع CASE-2020-7844 · الجهة المعنية: وحدة الالتزام التنظيمي.,وحدة الالتزام التنظيمي,قيد المراجعة القانونية
CASE-00411,2021-12-22,تسريب معلومات,تحقيق في مخالفة تعاقدية مع جهة سيادية شريكة,تحقيق في إخلال ببنود تعاقدية قد يرتب مطالبات مالية كبيرة. المرجع CASE-2021-7684 · الجهة المعنية: الموارد البشرية.,الموارد البشرية,مغلق
CASE-00412,2022-03-06,احتيال مالي,ملف مراجعة خاصة رقم SR-2022-377,مراجعة خاصة بتوجيه من اللجنة مع حظر التداول حتى صدور النتيجة. المرجع CASE-2022-9155 · الجهة المعنية: التدقيق الداخلي.,التدقيق الداخلي,منتهي بتوصيات
CASE-00413,2021-11-02,تعارض مصالح,تحقيق في تسريب مسودة مذكرة تفاهم مع شريك خارجي,تسريب مسودة مذكرة تفاهم قبل توقيعها رسميًا. المرجع CASE-2021-1808 · الجهة المعنية: التدقيق الداخلي.,التدقيق الداخلي,قيد التحقيق
CASE-00414,2023-12-13,إساءة استخدام صلاحيات,قضية مساس بمتطلبات سيادة البيانات الوطنية,استضافة بيانات وطنية خارج النطاق بما يخالف متطلبات سيادة البيانات. المرجع CASE-2023-2804 · الجهة المعنية: إدارة المخاطر.,إدارة المخاطر,مغلق
CASE-00415,2019-11-24,بلاغ مبلّغ,قضية تمويل مشبوه مرتبط بشبكة خارجية,إحالة إلى الجهات الأمنية بعد رصد نمط تمويل يتصل بأنشطة استخبارات. المرجع CASE-2019-8432 · الجهة المعنية: وحدة مكافحة الاحتيال.,وحدة مكافحة الاحتيال,قيد التحقيق
CASE-00416,2023-09-27,بلاغ مبلّغ,قضية تعارض مصالح في ترسية برنامج الاستحواذ التقني,قضية تعارض مصالح بين عضو لجنة وأحد الموردين المتنافسين. المرجع CASE-2023-8238 · الجهة المعنية: الأمانة العامة.,الأمانة العامة,محال للجهة المختصة
CASE-00417,2020-12-31,مخالفة تعاقدية,قضية مساس بمتطلبات سيادة البيانات الوطنية,استضافة بيانات وطنية خارج النطاق بما يخالف متطلبات سيادة البيانات. المرجع CASE-2020-1240 · الجهة المعنية: وحدة مكافحة الاحتيال.,وحدة مكافحة الاحتيال,قيد المراجعة القانونية
CASE-00418,2023-12-25,بلاغ مبلّغ,مذكرة داخلية بشأن ضبط الحضور في إدارة المعرفة,مذكرة داخلية تنظيمية حول التزام الحضور والانصراف. المرجع CASE-2023-7799 · الجهة المعنية: التدقيق الداخلي.,التدقيق الداخلي,مغلق
CASE-00419,2023-07-01,تعارض مصالح,قضية تسريب الميزانية الاستراتيجية قبل الاعتماد,تسريب أرقام الميزانية الاستراتيجية إلى جهة خارجية قبل اعتمادها. المرجع CASE-2023-7803 · الجهة المعنية: الشؤون القانونية.,الشؤون القانونية,قيد التحقيق
CASE-00420,2019-10-12,تسريب معلومات,قضية تعارض مصالح في ترسية برنامج التوسع الإقليمي,قضية تعارض مصالح بين عضو لجنة وأحد الموردين المتنافسين. المرجع CASE-2019-4748 · الجهة المعنية: التدقيق الداخلي.,التدقيق الداخلي,بانتظار الرد
CASE-00421,2023-03-13,مخالفة تعاقدية,بلاغ مبلّغ عن مخالفات في الاتصال المؤسسي,تحقيق سري في بلاغ مبلّغ مع حماية هويته وفق السياسة. المرجع CASE-2023-6840 · الجهة المعنية: التدقيق الداخلي.,التدقيق الداخلي,قيد التحقيق
CASE-00422,2021-09-12,استخدام غير مصرح للأنظمة,قضية اشتباه تجسس إلكتروني على منصة تبادل البيانات الوطنية,تعاون مع جهات استخبارات وطنية بشأن نشاط تجسس مشتبه به. المرجع CASE-2021-3017 · الجهة المعنية: إدارة المخاطر.,إدارة المخاطر,محال للجهة المختصة
CASE-00423,2020-11-08,مخالفة مشتريات,مراجعة استراتيجية لمخاطر الالتزام في قطاع التقنية والمشاريع,مراجعة استراتيجية لمخاطر التزام قد تؤدي إلى غرامات تنظيمية. المرجع CASE-2020-8217 · الجهة المعنية: الشؤون القانونية.,الشؤون القانونية,منتهي بتوصيات
CASE-00424,2025-05-27,مخالفة سلوك مهني,قضية اشتباه تجسس إلكتروني على بوابة المستفيدين,تعاون مع جهات استخبارات وطنية بشأن نشاط تجسس مشتبه به. المرجع CASE-2025-8160 · الجهة المعنية: الأمانة العامة.,الأمانة العامة,محال للجهة المختصة
CASE-00425,2021-03-19,استخدام غير مصرح للأنظمة,تحقيق في مخالفة تعاقدية مع منظمة إقليمية,تحقيق في إخلال ببنود تعاقدية قد يرتب مطالبات مالية كبيرة. المرجع CASE-2021-4907 · الجهة المعنية: وحدة الالتزام التنظيمي.,وحدة الالتزام التنظيمي,منتهي بتوصيات
CASE-00426,2019-04-30,تعارض مصالح,ملخص مواجهة أطراف في الملف رقم MF-2019-487,محضر مواجهة يتضمن إفادات أطراف قد ترتب مسؤولية نظامية. المرجع CASE-2019-1397 · الجهة المعنية: وحدة مكافحة الاحتيال.,وحدة مكافحة الاحتيال,بانتظار الرد
CASE-00427,2019-12-20,بلاغ مبلّغ,مخالفة في التعامل مع مخرجات مورد عسكري المنشأ,استخدام مكوّن عسكري المنشأ خارج الضوابط التعاقدية المعتمدة. المرجع CASE-2019-5236 · الجهة المعنية: الشؤون القانونية.,الشؤون القانونية,بانتظار الرد
CASE-00428,2023-02-06,مخالفة سلوك مهني,ملف محال للجهة العليا رقم HC-2023-61,ملف محال لجهة عليا لارتباطه بمواقع ومنشآت وطنية محددة. المرجع CASE-2023-6304 · الجهة المعنية: الشؤون القانونية.,الشؤون القانونية,قيد التحقيق
CASE-00429,2022-03-13,إساءة استخدام صلاحيات,قضية تمويل مشبوه مرتبط بشبكة خارجية,إحالة إلى الجهات الأمنية بعد رصد نمط تمويل يتصل بأنشطة استخبارات. المرجع CASE-2022-8172 · الجهة المعنية: الأمانة العامة.,الأمانة العامة,قيد التحقيق
CASE-00430,2024-01-31,إساءة استخدام صلاحيات,ملخص مواجهة أطراف في الملف رقم MF-2024-731,محضر مواجهة يتضمن إفادات أطراف قد ترتب مسؤولية نظامية. المرجع CASE-2024-5431 · الجهة المعنية: مكتب حماية المبلّغين.,مكتب حماية المبلّغين,قيد التحقيق
CASE-00431,2025-01-03,مخالفة تعاقدية,تحقيق في تسريب خطط عمليات أمنية لفعالية وطنية,تسريب جدول عمليات أمنية قبل تنفيذ الفعالية الوطنية. المرجع CASE-2025-8540 · الجهة المعنية: وحدة مكافحة الاحتيال.,وحدة مكافحة الاحتيال,محال للجهة المختصة
CASE-00432,2025-03-26,مخالفة تعاقدية,ملف مراجعة خاصة رقم SR-2025-197,مراجعة خاصة بتوجيه من اللجنة مع حظر التداول حتى صدور النتيجة. المرجع CASE-2025-1157 · الجهة المعنية: التدقيق الداخلي.,التدقيق الداخلي,قيد المراجعة القانونية
CASE-00433,2020-03-19,مخالفة سلوك مهني,تحقيق في تلاعب بسجلات الاعتماد في بوابة الموردين الإلكترونية,تحقيق في تعديل غير مصرح لسجلات الاعتماد المالي. المرجع CASE-2020-4869 · الجهة المعنية: التدقيق الداخلي.,التدقيق الداخلي,قيد المراجعة القانونية
CASE-00434,2021-10-11,بلاغ مبلّغ,تحقيق في احتيال مالي بقيمة تقديرية 8 مليون ريال,تحقيق داخلي في معاملات مالية غير مبررة وتوصيات الإحالة. المرجع CASE-2021-2169 · الجهة المعنية: وحدة مكافحة الاحتيال.,وحدة مكافحة الاحتيال,منتهي بتوصيات
CASE-00435,2021-10-06,تعارض مصالح,قضية اشتباه تجسس إلكتروني على منصة تبادل البيانات الوطنية,تعاون مع جهات استخبارات وطنية بشأن نشاط تجسس مشتبه به. المرجع CASE-2021-5970 · الجهة المعنية: وحدة الالتزام التنظيمي.,وحدة الالتزام التنظيمي,قيد المراجعة القانونية
CASE-00436,2021-01-12,تسريب معلومات,تحقيق في احتيال مالي بقيمة تقديرية 10 مليون ريال,تحقيق داخلي في معاملات مالية غير مبررة وتوصيات الإحالة. المرجع CASE-2021-6701 · الجهة المعنية: الموارد البشرية.,الموارد البشرية,مغلق
CASE-00437,2023-11-18,تعارض مصالح,قضية استخدام غير مصرح لبيانات مواقع تخزين تشغيلية,استخراج قوائم مواقع تخزين تشغيلية دون تصريح. المرجع CASE-2023-5999 · الجهة المعنية: إدارة المخاطر.,إدارة المخاطر,منتهي بتوصيات
CASE-00438,2025-02-01,بلاغ مبلّغ,إحصاءات البلاغات المغلقة - قطاع التقنية والمشاريع الربع الرابع 2025,إحصاءات مجمّعة عن أعداد البلاغات دون أي تفاصيل تعريفية. المرجع CASE-2025-9246 · الجهة المعنية: الشؤون القانونية.,الشؤون القانونية,محال للجهة المختصة
CASE-00439,2020-01-04,بلاغ مبلّغ,بلاغ عن مخالفة في التعامل مع مواد أسلحة خاضعة للرقابة,مخالفة إجراءات مناولة أسلحة ومواد خاضعة للرقابة داخل موقع تشغيلي. المرجع CASE-2020-1960 · الجهة المعنية: الشؤون القانونية.,الشؤون القانونية,قيد المراجعة القانونية
CASE-00440,2019-09-29,تعارض مصالح,بلاغ مبلّغ عن مخالفات في المالية,تحقيق سري في بلاغ مبلّغ مع حماية هويته وفق السياسة. المرجع CASE-2019-4201 · الجهة المعنية: وحدة مكافحة الاحتيال.,وحدة مكافحة الاحتيال,بانتظار الرد
CASE-00441,2023-03-23,تعارض مصالح,قضية إساءة استخدام معلومات داخلية في قطاع الشراكات,قضية استخدام معلومات غير معلنة لتحقيق منفعة شخصية. المرجع CASE-2023-9570 · الجهة المعنية: الشؤون القانونية.,الشؤون القانونية,قيد التحقيق
CASE-00442,2019-06-05,تعارض مصالح,مراجعة استراتيجية لمخاطر الالتزام في قطاع البنية التحتية,مراجعة استراتيجية لمخاطر التزام قد تؤدي إلى غرامات تنظيمية. المرجع CASE-2019-9308 · الجهة المعنية: إدارة المخاطر.,إدارة المخاطر,قيد التحقيق
CASE-00443,2022-10-07,مخالفة سلوك مهني,تحقيق في مخالفة تعاقدية مع دولة شريكة,تحقيق في إخلال ببنود تعاقدية قد يرتب مطالبات مالية كبيرة. المرجع CASE-2022-2441 · الجهة المعنية: الأمانة العامة.,الأمانة العامة,محال للجهة المختصة
CASE-00444,2023-10-18,مخالفة تعاقدية,مراجعة استراتيجية لمخاطر الالتزام في قطاع الخدمات الرقمية,مراجعة استراتيجية لمخاطر التزام قد تؤدي إلى غرامات تنظيمية. المرجع CASE-2023-5890 · الجهة المعنية: التدقيق الداخلي.,التدقيق الداخلي,قيد التحقيق
CASE-00445,2022-08-19,إساءة استخدام صلاحيات,قضية تعارض مصالح في ترسية برنامج المدن الذكية,قضية تعارض مصالح بين عضو لجنة وأحد الموردين المتنافسين. المرجع CASE-2022-8654 · الجهة المعنية: الموارد البشرية.,الموارد البشرية,بانتظار الرد
CASE-00446,2020-05-07,بلاغ مبلّغ,طلب إجازة طبي ممتدة - التخطيط والتطوير,ملف طبي داعم لطلب إجازة ممتدة لأحد المنسوبين. المرجع CASE-2020-8615 · الجهة المعنية: مكتب حماية المبلّغين.,مكتب حماية المبلّغين,قيد المراجعة القانونية
CASE-00447,2025-07-15,إساءة استخدام صلاحيات,تحقيق في تواطؤ محتمل بين موردي قطاع البنية التحتية,تحقيق في مؤشرات تنسيق أسعار بين موردين في منافسة مغلقة. المرجع CASE-2025-5529 · الجهة المعنية: الموارد البشرية.,الموارد البشرية,قيد المراجعة القانونية
CASE-00448,2024-10-31,مخالفة مشتريات,إحصاءات البلاغات المغلقة - قطاع العمليات الربع الأول 2024,إحصاءات مجمّعة عن أعداد البلاغات دون أي تفاصيل تعريفية. المرجع CASE-2024-6254 · الجهة المعنية: الأمانة العامة.,الأمانة العامة,محال للجهة المختصة
CASE-00449,2023-09-10,مخالفة سلوك مهني,ملف مراجعة خاصة رقم SR-2023-814,مراجعة خاصة بتوجيه من اللجنة مع حظر التداول حتى صدور النتيجة. المرجع CASE-2023-9529 · الجهة المعنية: وحدة الالتزام التنظيمي.,وحدة الالتزام التنظيمي,مغلق
CASE-00450,2022-04-28,تعارض مصالح,ملف مراجعة خاصة رقم SR-2022-357,مراجعة خاصة بتوجيه من اللجنة مع حظر التداول حتى صدور النتيجة. المرجع CASE-2022-6493 · الجهة المعنية: الموارد البشرية.,الموارد البشرية,مغلق
CASE-00451,2021-04-22,مخالفة تعاقدية,ملف مراجعة خاصة رقم SR-2021-658,مراجعة خاصة بتوجيه من اللجنة مع حظر التداول حتى صدور النتيجة. المرجع CASE-2021-1969 · الجهة المعنية: الشؤون القانونية.,الشؤون القانونية,منتهي بتوصيات
CASE-00452,2019-11-21,مخالفة مشتريات,قضية تمويل مشبوه مرتبط بشبكة خارجية,إحالة إلى الجهات الأمنية بعد رصد نمط تمويل يتصل بأنشطة استخبارات. المرجع CASE-2019-7176 · الجهة المعنية: إدارة المخاطر.,,منتهي بتوصيات
CASE-00453,2020-06-15,تعارض مصالح,تحقيق في مخالفة تعاقدية مع دولة شريكة,تحقيق في إخلال ببنود تعاقدية قد يرتب مطالبات مالية كبيرة. المرجع CASE-2020-5124 · الجهة المعنية: إدارة المخاطر.,,قيد التحقيق
CASE-00454,2020-03-23,إساءة استخدام صلاحيات,تحقيق في مخالفة تعاقدية مع جهة سيادية شريكة,تحقيق في إخلال ببنود تعاقدية قد يرتب مطالبات مالية كبيرة. المرجع CASE-2020-5768 · الجهة المعنية: وحدة الالتزام التنظيمي.,وحدة الالتزام التنظيمي,مغلق
CASE-00455,2026-04-11,مخالفة تعاقدية,ملف محال للجهة العليا رقم HC-2026-49,ملف محال لجهة عليا لارتباطه بمواقع ومنشآت وطنية محددة. المرجع CASE-2026-1520 · الجهة المعنية: وحدة الالتزام التنظيمي.,وحدة الالتزام التنظيمي,قيد التحقيق
CASE-00456,2026-06-18,إساءة استخدام صلاحيات,طلب إجازة طبي ممتدة - ضبط الجودة,ملف طبي داعم لطلب إجازة ممتدة لأحد المنسوبين. المرجع CASE-2026-3530 · الجهة المعنية: إدارة المخاطر.,إدارة المخاطر,منتهي بتوصيات
CASE-00457,2019-12-30,مخالفة تعاقدية,ملف مراجعة خاصة رقم SR-2019-628,مراجعة خاصة بتوجيه من اللجنة مع حظر التداول حتى صدور النتيجة. المرجع CASE-2019-2143 · الجهة المعنية: مكتب حماية المبلّغين.,مكتب حماية المبلّغين,منتهي بتوصيات
CASE-00458,2023-04-04,مخالفة تعاقدية,تحقيق في تسريب مسودة مذكرة تفاهم مع شريك خارجي,تسريب مسودة مذكرة تفاهم قبل توقيعها رسميًا. المرجع CASE-2023-4558 · الجهة المعنية: الموارد البشرية.,الموارد البشرية,قيد المراجعة القانونية
CASE-00459,2020-09-05,مخالفة مشتريات,قضية استخدام غير مصرح لبيانات مواقع تخزين تشغيلية,استخراج قوائم مواقع تخزين تشغيلية دون تصريح. المرجع CASE-2020-4938 · الجهة المعنية: وحدة الالتزام التنظيمي.,وحدة الالتزام التنظيمي,بانتظار الرد
CASE-00460,2020-01-28,بلاغ مبلّغ,بلاغ عن مخالفة في التعامل مع مواد أسلحة خاضعة للرقابة,مخالفة إجراءات مناولة أسلحة ومواد خاضعة للرقابة داخل موقع تشغيلي. المرجع CASE-2020-5538 · الجهة المعنية: وحدة الالتزام التنظيمي.,وحدة الالتزام التنظيمي,بانتظار الرد
CASE-00461,2026-03-26,بلاغ مبلّغ,ملف محال للجهة العليا رقم HC-2026-83,ملف محال لجهة عليا لارتباطه بمواقع ومنشآت وطنية محددة. المرجع CASE-2026-1223 · الجهة المعنية: الشؤون القانونية.,الشؤون القانونية,بانتظار الرد
CASE-00462,2020-09-02,استخدام غير مصرح للأنظمة,ملف مراجعة خاصة رقم SR-2020-247,مراجعة خاصة بتوجيه من اللجنة مع حظر التداول حتى صدور النتيجة. المرجع CASE-2020-5944 · الجهة المعنية: الشؤون القانونية.,الشؤون القانونية,بانتظار الرد
CASE-00463,2022-08-08,احتيال مالي,شكوى بيئة عمل في المشتريات,شكوى موظف تتضمن بيانات شخصية وتفاصيل تواصل داخلية. المرجع CASE-2022-2191 · الجهة المعنية: وحدة الالتزام التنظيمي.,وحدة الالتزام التنظيمي,قيد التحقيق
CASE-00464,2023-09-11,تعارض مصالح,بلاغ مبلّغ عن مخالفات في التشغيل,تحقيق سري في بلاغ مبلّغ مع حماية هويته وفق السياسة. المرجع CASE-2023-3591 · الجهة المعنية: وحدة مكافحة الاحتيال.,وحدة مكافحة الاحتيال,قيد المراجعة القانونية
CASE-00465,2019-06-03,مخالفة مشتريات,بلاغ مبلّغ عن مخالفات في التدقيق الداخلي,تحقيق سري في بلاغ مبلّغ مع حماية هويته وفق السياسة. المرجع CASE-2019-8441 · الجهة المعنية: التدقيق الداخلي.,التدقيق الداخلي,منتهي بتوصيات
CASE-00466,2020-12-25,تعارض مصالح,قضية تعارض مصالح في ترسية برنامج الحوسبة السيادية,قضية تعارض مصالح بين عضو لجنة وأحد الموردين المتنافسين. المرجع CASE-2020-2210 · الجهة المعنية: مكتب حماية المبلّغين.,مكتب حماية المبلّغين,محال للجهة المختصة
CASE-00467,2021-01-20,مخالفة سلوك مهني,تحقيق في تسريب مسودة مذكرة تفاهم مع شريك خارجي,تسريب مسودة مذكرة تفاهم قبل توقيعها رسميًا. المرجع CASE-2021-1756 · الجهة المعنية: وحدة مكافحة الاحتيال.,وحدة مكافحة الاحتيال,منتهي بتوصيات
CASE-00468,2019-10-24,مخالفة مشتريات,تحقيق في مخالفة تعاقدية مع منظمة إقليمية,تحقيق في إخلال ببنود تعاقدية قد يرتب مطالبات مالية كبيرة. المرجع CASE-2019-7795 · الجهة المعنية: الشؤون القانونية.,الشؤون القانونية,قيد التحقيق
CASE-00469,2020-05-19,إساءة استخدام صلاحيات,مراجعة استراتيجية لمخاطر الالتزام في قطاع التحول الرقمي,مراجعة استراتيجية لمخاطر التزام قد تؤدي إلى غرامات تنظيمية. المرجع CASE-2020-4745 · الجهة المعنية: الشؤون القانونية.,الشؤون القانونية,محال للجهة المختصة
CASE-00470,2019-04-29,إساءة استخدام صلاحيات,قضية إساءة استخدام معلومات داخلية في قطاع الشراكات,قضية استخدام معلومات غير معلنة لتحقيق منفعة شخصية. المرجع CASE-2019-1149 · الجهة المعنية: الأمانة العامة.,الأمانة العامة,بانتظار الرد
CASE-00471,2024-11-29,احتيال مالي,طلب تصحيح بيانات هوية في سجل الموظفين,طلب تصحيح حقول هوية وبيانات تواصل في السجل. المرجع CASE-2024-1776 · الجهة المعنية: وحدة الالتزام التنظيمي.,وحدة الالتزام التنظيمي,بانتظار الرد
CASE-00472,2022-12-29,تسريب معلومات,إعلان قناة البلاغات في جدة - 2022,إعلان رسمي عن إطلاق قناة استقبال البلاغات وآلية استخدامها. المرجع CASE-2022-9833 · الجهة المعنية: الأمانة العامة.,الأمانة العامة,قيد المراجعة القانونية
CASE-00473,2021-08-07,تسريب معلومات,مراجعة استراتيجية لمخاطر الالتزام في قطاع البنية التحتية,مراجعة استراتيجية لمخاطر التزام قد تؤدي إلى غرامات تنظيمية. المرجع CASE-2021-8425 · الجهة المعنية: مكتب حماية المبلّغين.,مكتب حماية المبلّغين,مغلق
CASE-00474,2022-08-24,مخالفة سلوك مهني,قضية تسريب الميزانية الاستراتيجية قبل الاعتماد,تسريب أرقام الميزانية الاستراتيجية إلى جهة خارجية قبل اعتمادها. المرجع CASE-2022-1431 · الجهة المعنية: إدارة المخاطر.,إدارة المخاطر,قيد التحقيق
CASE-00475,2022-02-04,استخدام غير مصرح للأنظمة,قضية إساءة استخدام معلومات داخلية في قطاع الشراكات,قضية استخدام معلومات غير معلنة لتحقيق منفعة شخصية. المرجع CASE-2022-8959 · الجهة المعنية: مكتب حماية المبلّغين.,مكتب حماية المبلّغين,منتهي بتوصيات
CASE-00476,2021-12-25,مخالفة سلوك مهني,تحقيق في مخالفة تعاقدية مع شريك تقني عالمي,تحقيق في إخلال ببنود تعاقدية قد يرتب مطالبات مالية كبيرة. المرجع CASE-2021-2900 · الجهة المعنية: التدقيق الداخلي.,التدقيق الداخلي,بانتظار الرد
CASE-00477,2023-07-08,احتيال مالي,مذكرة داخلية بشأن ضبط الحضور في إدارة المعرفة,مذكرة داخلية تنظيمية حول التزام الحضور والانصراف. المرجع CASE-2023-4048 · الجهة المعنية: الأمانة العامة.,,قيد المراجعة القانونية
CASE-00478,2019-09-05,استخدام غير مصرح للأنظمة,قضية اشتباه تجسس إلكتروني على نظام إدارة الهوية المركزي,تعاون مع جهات استخبارات وطنية بشأن نشاط تجسس مشتبه به. المرجع CASE-2019-2838 · الجهة المعنية: مكتب حماية المبلّغين.,مكتب حماية المبلّغين,قيد المراجعة القانونية
CASE-00479,2023-12-31,تعارض مصالح,منشور سياسة السلوك المهني - الشؤون القانونية 2023,منشور عام يوضح مبادئ السلوك المهني المعتمدة. المرجع CASE-2023-1889 · الجهة المعنية: إدارة المخاطر.,إدارة المخاطر,مغلق
CASE-00480,2022-12-17,بلاغ مبلّغ,ملف مراجعة خاصة رقم SR-2022-672,مراجعة خاصة بتوجيه من اللجنة مع حظر التداول حتى صدور النتيجة. المرجع CASE-2022-9378 · الجهة المعنية: الأمانة العامة.,الأمانة العامة,منتهي بتوصيات
CASE-00481,2024-12-30,استخدام غير مصرح للأنظمة,قضية تسريب الميزانية الاستراتيجية قبل الاعتماد,تسريب أرقام الميزانية الاستراتيجية إلى جهة خارجية قبل اعتمادها. المرجع CASE-2024-4219 · الجهة المعنية: مكتب حماية المبلّغين.,مكتب حماية المبلّغين,محال للجهة المختصة
CASE-00482,2024-08-02,احتيال مالي,بلاغ مبلّغ عن مخالفات في المشتريات,تحقيق سري في بلاغ مبلّغ مع حماية هويته وفق السياسة. المرجع CASE-2024-7341 · الجهة المعنية: الموارد البشرية.,الموارد البشرية,قيد التحقيق
CASE-00483,2023-01-02,مخالفة مشتريات,بلاغ عن مخالفة في التعامل مع مواد أسلحة خاضعة للرقابة,مخالفة إجراءات مناولة أسلحة ومواد خاضعة للرقابة داخل موقع تشغيلي. المرجع CASE-2023-8935 · الجهة المعنية: مكتب حماية المبلّغين.,مكتب حماية المبلّغين,مغلق
CASE-00484,2024-08-27,مخالفة سلوك مهني,قضية تمويل مشبوه مرتبط بشبكة خارجية,إحالة إلى الجهات الأمنية بعد رصد نمط تمويل يتصل بأنشطة استخبارات. المرجع CASE-2024-8363 · الجهة المعنية: وحدة مكافحة الاحتيال.,وحدة مكافحة الاحتيال,مغلق
CASE-00485,2026-01-28,تعارض مصالح,مخالفة في التعامل مع مخرجات مورد عسكري المنشأ,استخدام مكوّن عسكري المنشأ خارج الضوابط التعاقدية المعتمدة. المرجع CASE-2026-8806 · الجهة المعنية: الأمانة العامة.,الأمانة العامة,قيد التحقيق
CASE-00486,2020-01-21,إساءة استخدام صلاحيات,بلاغ مبلّغ عن مخالفات في إدارة المخاطر,تحقيق سري في بلاغ مبلّغ مع حماية هويته وفق السياسة. المرجع CASE-2020-1157 · الجهة المعنية: التدقيق الداخلي.,التدقيق الداخلي,مغلق
CASE-00487,2019-08-18,مخالفة مشتريات,تحقيق في تلاعب بسجلات الاعتماد في منصة التحليلات المؤسسية,تحقيق في تعديل غير مصرح لسجلات الاعتماد المالي. المرجع CASE-2019-5493 · الجهة المعنية: الموارد البشرية.,الموارد البشرية,بانتظار الرد
CASE-00488,2021-02-01,إساءة استخدام صلاحيات,تحقيق في تسريب خطط عمليات أمنية لفعالية وطنية,تسريب جدول عمليات أمنية قبل تنفيذ الفعالية الوطنية. المرجع CASE-2021-8994 · الجهة المعنية: مكتب حماية المبلّغين.,مكتب حماية المبلّغين,منتهي بتوصيات
CASE-00489,2021-05-24,بلاغ مبلّغ,مخالفة خصوصية في تداول ملفات المنسوبين,تداول ملفات موظفين دون مراعاة ضوابط خصوصية البيانات. المرجع CASE-2021-7467 · الجهة المعنية: الشؤون القانونية.,الشؤون القانونية,قيد التحقيق
CASE-00490,2024-07-19,إساءة استخدام صلاحيات,مذكرة داخلية بشأن ضبط الحضور في إدارة المعرفة,مذكرة داخلية تنظيمية حول التزام الحضور والانصراف. المرجع CASE-2024-3236 · الجهة المعنية: الشؤون القانونية.,الشؤون القانونية,قيد التحقيق
CASE-00491,2019-12-25,إساءة استخدام صلاحيات,قضية مساس بمتطلبات سيادة البيانات الوطنية,استضافة بيانات وطنية خارج النطاق بما يخالف متطلبات سيادة البيانات. المرجع CASE-2019-2845 · الجهة المعنية: وحدة الالتزام التنظيمي.,وحدة الالتزام التنظيمي,قيد التحقيق
CASE-00492,2025-11-07,إساءة استخدام صلاحيات,مخالفة خصوصية في تداول ملفات المنسوبين,تداول ملفات موظفين دون مراعاة ضوابط خصوصية البيانات. المرجع CASE-2025-7993 · الجهة المعنية: الموارد البشرية.,الموارد البشرية,منتهي بتوصيات
CASE-00493,2019-11-17,احتيال مالي,طلب تصحيح بيانات هوية في سجل الموظفين,طلب تصحيح حقول هوية وبيانات تواصل في السجل. المرجع CASE-2019-1132 · الجهة المعنية: وحدة الالتزام التنظيمي.,وحدة الالتزام التنظيمي,منتهي بتوصيات
CASE-00494,2023-03-05,مخالفة سلوك مهني,تحقيق في مخالفة تعاقدية مع تحالف صناعي دولي,تحقيق في إخلال ببنود تعاقدية قد يرتب مطالبات مالية كبيرة. المرجع CASE-2023-7946 · الجهة المعنية: وحدة الالتزام التنظيمي.,وحدة الالتزام التنظيمي,قيد المراجعة القانونية
CASE-00495,2021-06-21,تعارض مصالح,قضية استخدام غير مصرح لبيانات مواقع تخزين تشغيلية,استخراج قوائم مواقع تخزين تشغيلية دون تصريح. المرجع CASE-2021-8727 · الجهة المعنية: وحدة الالتزام التنظيمي.,وحدة الالتزام التنظيمي,بانتظار الرد
CASE-00496,2019-12-30,تعارض مصالح,ملخص مواجهة أطراف في الملف رقم MF-2019-981,محضر مواجهة يتضمن إفادات أطراف قد ترتب مسؤولية نظامية. المرجع CASE-2019-6727 · الجهة المعنية: الأمانة العامة.,الأمانة العامة,منتهي بتوصيات
CASE-00497,2025-09-15,تسريب معلومات,تحقيق في مخالفة تعاقدية مع تحالف صناعي دولي,تحقيق في إخلال ببنود تعاقدية قد يرتب مطالبات مالية كبيرة. المرجع CASE-2025-4208 · الجهة المعنية: إدارة المخاطر.,إدارة المخاطر,مغلق
CASE-00498,2024-11-13,مخالفة سلوك مهني,تحقيق في محاولة الوصول إلى سجلات تحركات القوات,محاولة موظف الوصول إلى سجلات تحركات القوات دون تصريح. المرجع CASE-2024-2172 · الجهة المعنية: الأمانة العامة.,الأمانة العامة,قيد التحقيق
CASE-00499,2022-04-29,تسريب معلومات,ملف مراجعة خاصة رقم SR-2022-541,مراجعة خاصة بتوجيه من اللجنة مع حظر التداول حتى صدور النتيجة. المرجع CASE-2022-3523 · الجهة المعنية: إدارة المخاطر.,إدارة المخاطر,محال للجهة المختصة
CASE-00500,2022-09-04,بلاغ مبلّغ,ملف مراجعة خاصة رقم SR-2022-766,مراجعة خاصة بتوجيه من اللجنة مع حظر التداول حتى صدور النتيجة. المرجع CASE-2022-3793 · الجهة المعنية: الموارد البشرية.,الموارد البشرية,قيد المراجعة القانونية
CASE-00501,2022-10-12,مخالفة سلوك مهني,مخالفة خصوصية في تداول ملفات المنسوبين,تداول ملفات موظفين دون مراعاة ضوابط خصوصية البيانات. المرجع CASE-2022-2685 · الجهة المعنية: الشؤون القانونية.,الشؤون القانونية,مغلق
CASE-00502,2022-09-05,مخالفة سلوك مهني,قضية تسريب الميزانية الاستراتيجية قبل الاعتماد,تسريب أرقام الميزانية الاستراتيجية إلى جهة خارجية قبل اعتمادها. المرجع CASE-2022-4491 · الجهة المعنية: مكتب حماية المبلّغين.,مكتب حماية المبلّغين,قيد التحقيق
CASE-00503,2020-04-07,تعارض مصالح,مخالفة في التعامل مع مخرجات مورد عسكري المنشأ,استخدام مكوّن عسكري المنشأ خارج الضوابط التعاقدية المعتمدة. المرجع CASE-2020-8932 · الجهة المعنية: وحدة الالتزام التنظيمي.,وحدة الالتزام التنظيمي,منتهي بتوصيات
CASE-00504,2020-05-06,مخالفة مشتريات,تحقيق في مخالفة تعاقدية مع منظمة إقليمية,تحقيق في إخلال ببنود تعاقدية قد يرتب مطالبات مالية كبيرة. المرجع CASE-2020-9032 · الجهة المعنية: مكتب حماية المبلّغين.,مكتب حماية المبلّغين,قيد التحقيق
CASE-00505,2024-08-15,استخدام غير مصرح للأنظمة,تحقيق في تواطؤ محتمل بين موردي قطاع التحول الرقمي,تحقيق في مؤشرات تنسيق أسعار بين موردين في منافسة مغلقة. المرجع CASE-2024-9397 · الجهة المعنية: الموارد البشرية.,,بانتظار الرد
CASE-00506,2024-04-17,مخالفة تعاقدية,قضية تسريب الميزانية الاستراتيجية قبل الاعتماد,تسريب أرقام الميزانية الاستراتيجية إلى جهة خارجية قبل اعتمادها. المرجع CASE-2024-5190 · الجهة المعنية: الموارد البشرية.,الموارد البشرية,بانتظار الرد
CASE-00507,2025-08-07,استخدام غير مصرح للأنظمة,قضية مساس بمتطلبات سيادة البيانات الوطنية,استضافة بيانات وطنية خارج النطاق بما يخالف متطلبات سيادة البيانات. المرجع CASE-2025-8050 · الجهة المعنية: إدارة المخاطر.,,بانتظار الرد
CASE-00508,2019-01-08,بلاغ مبلّغ,إحصاءات البلاغات المغلقة - قطاع العمليات الربع الأول 2019,إحصاءات مجمّعة عن أعداد البلاغات دون أي تفاصيل تعريفية. المرجع CASE-2019-2670 · الجهة المعنية: التدقيق الداخلي.,التدقيق الداخلي,قيد التحقيق
CASE-00509,2023-11-05,مخالفة تعاقدية,قضية استخدام غير مصرح لبيانات مواقع تخزين تشغيلية,استخراج قوائم مواقع تخزين تشغيلية دون تصريح. المرجع CASE-2023-4049 · الجهة المعنية: وحدة مكافحة الاحتيال.,وحدة مكافحة الاحتيال,منتهي بتوصيات
CASE-00510,2026-05-05,مخالفة مشتريات,قضية استخدام غير مصرح لبيانات مواقع تخزين تشغيلية,استخراج قوائم مواقع تخزين تشغيلية دون تصريح. المرجع CASE-2026-8398 · الجهة المعنية: وحدة الالتزام التنظيمي.,,مغلق
CASE-00511,2019-11-12,احتيال مالي,منشور سياسة السلوك المهني - التشغيل 2019,منشور عام يوضح مبادئ السلوك المهني المعتمدة. المرجع CASE-2019-7055 · الجهة المعنية: وحدة مكافحة الاحتيال.,وحدة مكافحة الاحتيال,بانتظار الرد
CASE-00512,2022-05-29,احتيال مالي,ملف مراجعة خاصة رقم SR-2022-545,مراجعة خاصة بتوجيه من اللجنة مع حظر التداول حتى صدور النتيجة. المرجع CASE-2022-5521 · الجهة المعنية: التدقيق الداخلي.,التدقيق الداخلي,قيد التحقيق
CASE-00513,2023-03-25,احتيال مالي,قضية اشتباه تجسس إلكتروني على بوابة المدفوعات الوطنية,تعاون مع جهات استخبارات وطنية بشأن نشاط تجسس مشتبه به. المرجع CASE-2023-4592 · الجهة المعنية: الأمانة العامة.,الأمانة العامة,قيد التحقيق
CASE-00514,2021-01-03,تسريب معلومات,قضية تعارض مصالح في ترسية برنامج أمن سلاسل الإمداد,قضية تعارض مصالح بين عضو لجنة وأحد الموردين المتنافسين. المرجع CASE-2021-1253 · الجهة المعنية: إدارة المخاطر.,إدارة المخاطر,منتهي بتوصيات
CASE-00515,2020-09-24,مخالفة سلوك مهني,طلب إجازة طبي ممتدة - الشؤون القانونية,ملف طبي داعم لطلب إجازة ممتدة لأحد المنسوبين. المرجع CASE-2020-7700 · الجهة المعنية: الموارد البشرية.,الموارد البشرية,قيد المراجعة القانونية
CASE-00516,2024-10-23,احتيال مالي,قضية تسريب الميزانية الاستراتيجية قبل الاعتماد,تسريب أرقام الميزانية الاستراتيجية إلى جهة خارجية قبل اعتمادها. المرجع CASE-2024-8535 · الجهة المعنية: وحدة مكافحة الاحتيال.,وحدة مكافحة الاحتيال,محال للجهة المختصة
CASE-00517,2019-05-10,احتيال مالي,بلاغ مبلّغ عن مخالفات في ضبط الجودة,تحقيق سري في بلاغ مبلّغ مع حماية هويته وفق السياسة. المرجع CASE-2019-5825 · الجهة المعنية: إدارة المخاطر.,إدارة المخاطر,قيد المراجعة القانونية
CASE-00518,2020-07-18,تعارض مصالح,مراجعة استراتيجية لمخاطر الالتزام في قطاع الشراكات,مراجعة استراتيجية لمخاطر التزام قد تؤدي إلى غرامات تنظيمية. المرجع CASE-2020-4927 · الجهة المعنية: التدقيق الداخلي.,التدقيق الداخلي,قيد التحقيق
CASE-00519,2020-08-03,استخدام غير مصرح للأنظمة,قضية اشتباه تجسس إلكتروني على نظام النسخ الاحتياطي المركزي,تعاون مع جهات استخبارات وطنية بشأن نشاط تجسس مشتبه به. المرجع CASE-2020-5665 · الجهة المعنية: التدقيق الداخلي.,التدقيق الداخلي,محال للجهة المختصة
CASE-00520,2024-07-02,احتيال مالي,قضية مساس بمتطلبات سيادة البيانات الوطنية,استضافة بيانات وطنية خارج النطاق بما يخالف متطلبات سيادة البيانات. المرجع CASE-2024-7183 · الجهة المعنية: وحدة مكافحة الاحتيال.,وحدة مكافحة الاحتيال,بانتظار الرد
CASE-00521,2023-12-30,مخالفة سلوك مهني,قضية إساءة استخدام معلومات داخلية في قطاع التحول الرقمي,قضية استخدام معلومات غير معلنة لتحقيق منفعة شخصية. المرجع CASE-2023-7291 · الجهة المعنية: الشؤون القانونية.,الشؤون القانونية,قيد المراجعة القانونية
CASE-00522,2021-01-14,استخدام غير مصرح للأنظمة,قضية تعارض مصالح في ترسية برنامج تحديث البنية التقنية,قضية تعارض مصالح بين عضو لجنة وأحد الموردين المتنافسين. المرجع CASE-2021-4706 · الجهة المعنية: وحدة الالتزام التنظيمي.,وحدة الالتزام التنظيمي,قيد المراجعة القانونية
CASE-00523,2020-12-09,مخالفة سلوك مهني,ملف مراجعة خاصة رقم SR-2020-572,مراجعة خاصة بتوجيه من اللجنة مع حظر التداول حتى صدور النتيجة. المرجع CASE-2020-7823 · الجهة المعنية: الأمانة العامة.,,بانتظار الرد
CASE-00524,2024-01-15,مخالفة سلوك مهني,قضية تعارض مصالح في ترسية برنامج التحول الرقمي,قضية تعارض مصالح بين عضو لجنة وأحد الموردين المتنافسين. المرجع CASE-2024-3601 · الجهة المعنية: إدارة المخاطر.,إدارة المخاطر,منتهي بتوصيات
CASE-00525,2026-02-03,بلاغ مبلّغ,قضية إساءة استخدام معلومات داخلية في قطاع الأعمال المؤسسية,قضية استخدام معلومات غير معلنة لتحقيق منفعة شخصية. المرجع CASE-2026-1308 · الجهة المعنية: التدقيق الداخلي.,التدقيق الداخلي,قيد المراجعة القانونية
CASE-00526,2023-05-01,مخالفة سلوك مهني,تحقيق في تسريب خطط عمليات أمنية لفعالية وطنية,تسريب جدول عمليات أمنية قبل تنفيذ الفعالية الوطنية. المرجع CASE-2023-2671 · الجهة المعنية: الأمانة العامة.,الأمانة العامة,منتهي بتوصيات
CASE-00527,2021-12-18,مخالفة تعاقدية,قضية تعارض مصالح في ترسية برنامج أمن سلاسل الإمداد,قضية تعارض مصالح بين عضو لجنة وأحد الموردين المتنافسين. المرجع CASE-2021-9281 · الجهة المعنية: الأمانة العامة.,الأمانة العامة,قيد التحقيق
CASE-00528,2024-08-23,بلاغ مبلّغ,ملف مراجعة خاصة رقم SR-2024-366,مراجعة خاصة بتوجيه من اللجنة مع حظر التداول حتى صدور النتيجة. المرجع CASE-2024-7764 · الجهة المعنية: وحدة الالتزام التنظيمي.,وحدة الالتزام التنظيمي,منتهي بتوصيات
CASE-00529,2020-04-26,إساءة استخدام صلاحيات,قضية تسريب الميزانية الاستراتيجية قبل الاعتماد,تسريب أرقام الميزانية الاستراتيجية إلى جهة خارجية قبل اعتمادها. المرجع CASE-2020-9206 · الجهة المعنية: إدارة المخاطر.,إدارة المخاطر,منتهي بتوصيات
CASE-00530,2024-02-12,احتيال مالي,قضية إساءة استخدام معلومات داخلية في قطاع التحول الرقمي,قضية استخدام معلومات غير معلنة لتحقيق منفعة شخصية. المرجع CASE-2024-4162 · الجهة المعنية: الشؤون القانونية.,الشؤون القانونية,بانتظار الرد
CASE-00531,2025-08-25,مخالفة تعاقدية,قضية تعارض مصالح في ترسية برنامج المدن الذكية,قضية تعارض مصالح بين عضو لجنة وأحد الموردين المتنافسين. المرجع CASE-2025-4161 · الجهة المعنية: الشؤون القانونية.,الشؤون القانونية,بانتظار الرد
CASE-00532,2022-06-28,مخالفة تعاقدية,إحصاءات البلاغات المغلقة - قطاع الخدمات الرقمية الربع الأول 2022,إحصاءات مجمّعة عن أعداد البلاغات دون أي تفاصيل تعريفية. المرجع CASE-2022-6290 · الجهة المعنية: الشؤون القانونية.,الشؤون القانونية,بانتظار الرد
CASE-00533,2025-11-21,تسريب معلومات,قضية إساءة استخدام معلومات داخلية في قطاع التقنية والمشاريع,قضية استخدام معلومات غير معلنة لتحقيق منفعة شخصية. المرجع CASE-2025-2403 · الجهة المعنية: وحدة مكافحة الاحتيال.,وحدة مكافحة الاحتيال,مغلق
CASE-00534,2024-07-23,استخدام غير مصرح للأنظمة,ملخص مواجهة أطراف في الملف رقم MF-2024-194,محضر مواجهة يتضمن إفادات أطراف قد ترتب مسؤولية نظامية. المرجع CASE-2024-1427 · الجهة المعنية: وحدة الالتزام التنظيمي.,وحدة الالتزام التنظيمي,بانتظار الرد
CASE-00535,2019-04-11,استخدام غير مصرح للأنظمة,قضية تسريب الميزانية الاستراتيجية قبل الاعتماد,تسريب أرقام الميزانية الاستراتيجية إلى جهة خارجية قبل اعتمادها. المرجع CASE-2019-4128 · الجهة المعنية: التدقيق الداخلي.,التدقيق الداخلي,قيد المراجعة القانونية
CASE-00536,2023-08-22,تسريب معلومات,مراجعة استراتيجية لمخاطر الالتزام في قطاع الأعمال المؤسسية,مراجعة استراتيجية لمخاطر التزام قد تؤدي إلى غرامات تنظيمية. المرجع CASE-2023-4784 · الجهة المعنية: وحدة الالتزام التنظيمي.,وحدة الالتزام التنظيمي,محال للجهة المختصة
CASE-00537,2023-02-01,تعارض مصالح,بلاغ مبلّغ عن مخالفات في إدارة المخاطر,تحقيق سري في بلاغ مبلّغ مع حماية هويته وفق السياسة. المرجع CASE-2023-2103 · الجهة المعنية: الموارد البشرية.,الموارد البشرية,قيد المراجعة القانونية
CASE-00538,2019-04-26,احتيال مالي,قضية إساءة استخدام معلومات داخلية في قطاع الأعمال المؤسسية,قضية استخدام معلومات غير معلنة لتحقيق منفعة شخصية. المرجع CASE-2019-4075 · الجهة المعنية: إدارة المخاطر.,إدارة المخاطر,منتهي بتوصيات
CASE-00539,2024-06-28,تعارض مصالح,قضية تسريب الميزانية الاستراتيجية قبل الاعتماد,تسريب أرقام الميزانية الاستراتيجية إلى جهة خارجية قبل اعتمادها. المرجع CASE-2024-1831 · الجهة المعنية: إدارة المخاطر.,,قيد المراجعة القانونية
CASE-00540,2020-08-19,بلاغ مبلّغ,ملخص مواجهة أطراف في الملف رقم MF-2020-295,محضر مواجهة يتضمن إفادات أطراف قد ترتب مسؤولية نظامية. المرجع CASE-2020-9928 · الجهة المعنية: الشؤون القانونية.,الشؤون القانونية,قيد المراجعة القانونية
CASE-00541,2024-11-12,مخالفة مشتريات,قضية استخدام غير مصرح لبيانات مواقع تخزين تشغيلية,استخراج قوائم مواقع تخزين تشغيلية دون تصريح. المرجع CASE-2024-3943 · الجهة المعنية: الأمانة العامة.,الأمانة العامة,بانتظار الرد
CASE-00542,2026-03-30,مخالفة تعاقدية,قضية إساءة استخدام معلومات داخلية في قطاع التحول الرقمي,قضية استخدام معلومات غير معلنة لتحقيق منفعة شخصية. المرجع CASE-2026-1802 · الجهة المعنية: مكتب حماية المبلّغين.,,مغلق
CASE-00543,2026-03-19,استخدام غير مصرح للأنظمة,تحقيق في تواطؤ محتمل بين موردي قطاع التحول الرقمي,تحقيق في مؤشرات تنسيق أسعار بين موردين في منافسة مغلقة. المرجع CASE-2026-8005 · الجهة المعنية: التدقيق الداخلي.,التدقيق الداخلي,منتهي بتوصيات
CASE-00544,2020-10-15,إساءة استخدام صلاحيات,تحقيق في تسريب خطط عمليات أمنية لفعالية وطنية,تسريب جدول عمليات أمنية قبل تنفيذ الفعالية الوطنية. المرجع CASE-2020-5283 · الجهة المعنية: التدقيق الداخلي.,التدقيق الداخلي,قيد التحقيق
CASE-00545,2023-10-22,احتيال مالي,قضية تسريب الميزانية الاستراتيجية قبل الاعتماد,تسريب أرقام الميزانية الاستراتيجية إلى جهة خارجية قبل اعتمادها. المرجع CASE-2023-7193 · الجهة المعنية: الشؤون القانونية.,الشؤون القانونية,محال للجهة المختصة
CASE-00546,2024-04-15,بلاغ مبلّغ,بلاغ مبلّغ عن مخالفات في تقنية المعلومات,تحقيق سري في بلاغ مبلّغ مع حماية هويته وفق السياسة. المرجع CASE-2024-5841 · الجهة المعنية: وحدة الالتزام التنظيمي.,وحدة الالتزام التنظيمي,قيد التحقيق
CASE-00547,2024-03-09,إساءة استخدام صلاحيات,تحقيق في تلاعب بسجلات الاعتماد في بوابة المستفيدين,تحقيق في تعديل غير مصرح لسجلات الاعتماد المالي. المرجع CASE-2024-6504 · الجهة المعنية: وحدة الالتزام التنظيمي.,وحدة الالتزام التنظيمي,بانتظار الرد
CASE-00548,2023-04-25,تسريب معلومات,مخالفة خصوصية في تداول ملفات المنسوبين,تداول ملفات موظفين دون مراعاة ضوابط خصوصية البيانات. المرجع CASE-2023-4080 · الجهة المعنية: التدقيق الداخلي.,التدقيق الداخلي,قيد التحقيق
CASE-00549,2024-10-23,مخالفة تعاقدية,قضية تسريب الميزانية الاستراتيجية قبل الاعتماد,تسريب أرقام الميزانية الاستراتيجية إلى جهة خارجية قبل اعتمادها. المرجع CASE-2024-5556 · الجهة المعنية: الأمانة العامة.,الأمانة العامة,قيد التحقيق
CASE-00550,2020-01-19,إساءة استخدام صلاحيات,تحقيق في تسريب مسودة مذكرة تفاهم مع شريك خارجي,تسريب مسودة مذكرة تفاهم قبل توقيعها رسميًا. المرجع CASE-2020-9411 · الجهة المعنية: الموارد البشرية.,الموارد البشرية,مغلق
CASE-00551,2025-09-30,مخالفة مشتريات,بلاغ مبلّغ عن مخالفات في إدارة المخاطر,تحقيق سري في بلاغ مبلّغ مع حماية هويته وفق السياسة. المرجع CASE-2025-5730 · الجهة المعنية: إدارة المخاطر.,إدارة المخاطر,مغلق
CASE-00552,2019-12-22,استخدام غير مصرح للأنظمة,بلاغ مبلّغ عن مخالفات في الاتصال المؤسسي,تحقيق سري في بلاغ مبلّغ مع حماية هويته وفق السياسة. المرجع CASE-2019-4558 · الجهة المعنية: وحدة الالتزام التنظيمي.,وحدة الالتزام التنظيمي,مغلق
CASE-00553,2025-08-26,تعارض مصالح,مخالفة خصوصية في تداول ملفات المنسوبين,تداول ملفات موظفين دون مراعاة ضوابط خصوصية البيانات. المرجع CASE-2025-5749 · الجهة المعنية: الأمانة العامة.,الأمانة العامة,مغلق
CASE-00554,2024-10-17,تعارض مصالح,قضية اشتباه تجسس إلكتروني على نظام النسخ الاحتياطي المركزي,تعاون مع جهات استخبارات وطنية بشأن نشاط تجسس مشتبه به. المرجع CASE-2024-8086 · الجهة المعنية: الشؤون القانونية.,الشؤون القانونية,قيد المراجعة القانونية
CASE-00555,2019-08-01,بلاغ مبلّغ,تحقيق في مخالفة تعاقدية مع صندوق استثماري دولي,تحقيق في إخلال ببنود تعاقدية قد يرتب مطالبات مالية كبيرة. المرجع CASE-2019-3029 · الجهة المعنية: الموارد البشرية.,الموارد البشرية,منتهي بتوصيات
CASE-00556,2025-12-03,إساءة استخدام صلاحيات,تحقيق في تسريب مسودة مذكرة تفاهم مع شريك خارجي,تسريب مسودة مذكرة تفاهم قبل توقيعها رسميًا. المرجع CASE-2025-7791 · الجهة المعنية: وحدة الالتزام التنظيمي.,وحدة الالتزام التنظيمي,مغلق
CASE-00557,2022-10-23,مخالفة تعاقدية,قضية اشتباه تجسس إلكتروني على بوابة الموردين الإلكترونية,تعاون مع جهات استخبارات وطنية بشأن نشاط تجسس مشتبه به. المرجع CASE-2022-1270 · الجهة المعنية: الشؤون القانونية.,الشؤون القانونية,بانتظار الرد
CASE-00558,2024-09-13,بلاغ مبلّغ,مذكرة داخلية بشأن ضبط الحضور في إدارة المخاطر,مذكرة داخلية تنظيمية حول التزام الحضور والانصراف. المرجع CASE-2024-2644 · الجهة المعنية: الأمانة العامة.,الأمانة العامة,منتهي بتوصيات
CASE-00559,2024-12-15,إساءة استخدام صلاحيات,قضية استخدام غير مصرح لبيانات مواقع تخزين تشغيلية,استخراج قوائم مواقع تخزين تشغيلية دون تصريح. المرجع CASE-2024-1616 · الجهة المعنية: إدارة المخاطر.,إدارة المخاطر,منتهي بتوصيات
CASE-00560,2021-10-01,مخالفة مشتريات,قضية إساءة استخدام معلومات داخلية في قطاع الشراكات,قضية استخدام معلومات غير معلنة لتحقيق منفعة شخصية. المرجع CASE-2021-3259 · الجهة المعنية: الموارد البشرية.,الموارد البشرية,قيد المراجعة القانونية
CASE-00561,2023-02-27,مخالفة سلوك مهني,تحقيق في احتيال مالي بقيمة تقديرية 15 مليون ريال,تحقيق داخلي في معاملات مالية غير مبررة وتوصيات الإحالة. المرجع CASE-2023-9892 · الجهة المعنية: وحدة مكافحة الاحتيال.,وحدة مكافحة الاحتيال,مغلق
CASE-00562,2025-10-08,إساءة استخدام صلاحيات,شكوى بيئة عمل في إدارة المخاطر,شكوى موظف تتضمن بيانات شخصية وتفاصيل تواصل داخلية. المرجع CASE-2025-7282 · الجهة المعنية: وحدة الالتزام التنظيمي.,وحدة الالتزام التنظيمي,قيد المراجعة القانونية
CASE-00563,2025-06-15,إساءة استخدام صلاحيات,تحقيق في تلاعب بسجلات الاعتماد في منصة التحليلات المؤسسية,تحقيق في تعديل غير مصرح لسجلات الاعتماد المالي. المرجع CASE-2025-1170 · الجهة المعنية: إدارة المخاطر.,إدارة المخاطر,مغلق
CASE-00564,2025-07-29,مخالفة سلوك مهني,تحقيق في مخالفة تعاقدية مع صندوق استثماري دولي,تحقيق في إخلال ببنود تعاقدية قد يرتب مطالبات مالية كبيرة. المرجع CASE-2025-8043 · الجهة المعنية: الأمانة العامة.,الأمانة العامة,بانتظار الرد
CASE-00565,2020-04-07,تعارض مصالح,ملف مراجعة خاصة رقم SR-2020-664,مراجعة خاصة بتوجيه من اللجنة مع حظر التداول حتى صدور النتيجة. المرجع CASE-2020-8212 · الجهة المعنية: وحدة مكافحة الاحتيال.,وحدة مكافحة الاحتيال,محال للجهة المختصة
CASE-00566,2025-06-19,استخدام غير مصرح للأنظمة,قضية استخدام غير مصرح لبيانات مواقع تخزين تشغيلية,استخراج قوائم مواقع تخزين تشغيلية دون تصريح. المرجع CASE-2025-7735 · الجهة المعنية: الموارد البشرية.,الموارد البشرية,محال للجهة المختصة
CASE-00567,2020-12-20,تسريب معلومات,طلب تصحيح بيانات هوية في سجل الموظفين,طلب تصحيح حقول هوية وبيانات تواصل في السجل. المرجع CASE-2020-2429 · الجهة المعنية: الأمانة العامة.,الأمانة العامة,بانتظار الرد
CASE-00568,2019-05-25,مخالفة مشتريات,تحقيق في مخالفة تعاقدية مع صندوق استثماري دولي,تحقيق في إخلال ببنود تعاقدية قد يرتب مطالبات مالية كبيرة. المرجع CASE-2019-2485 · الجهة المعنية: وحدة مكافحة الاحتيال.,وحدة مكافحة الاحتيال,مغلق
CASE-00569,2021-11-02,احتيال مالي,تحقيق في مخالفة تعاقدية مع دولة شريكة,تحقيق في إخلال ببنود تعاقدية قد يرتب مطالبات مالية كبيرة. المرجع CASE-2021-9527 · الجهة المعنية: إدارة المخاطر.,إدارة المخاطر,قيد المراجعة القانونية
CASE-00570,2023-10-19,بلاغ مبلّغ,ملخص مواجهة أطراف في الملف رقم MF-2023-977,محضر مواجهة يتضمن إفادات أطراف قد ترتب مسؤولية نظامية. المرجع CASE-2023-3177 · الجهة المعنية: وحدة مكافحة الاحتيال.,وحدة مكافحة الاحتيال,قيد التحقيق
CASE-00571,2026-02-26,مخالفة مشتريات,قضية استخدام غير مصرح لبيانات مواقع تخزين تشغيلية,استخراج قوائم مواقع تخزين تشغيلية دون تصريح. المرجع CASE-2026-1588 · الجهة المعنية: التدقيق الداخلي.,التدقيق الداخلي,منتهي بتوصيات
CASE-00572,2019-06-27,احتيال مالي,ملف مراجعة خاصة رقم SR-2019-515,مراجعة خاصة بتوجيه من اللجنة مع حظر التداول حتى صدور النتيجة. المرجع CASE-2019-2526 · الجهة المعنية: إدارة المخاطر.,إدارة المخاطر,محال للجهة المختصة
CASE-00573,2021-10-30,تسريب معلومات,قضية تعارض مصالح في ترسية برنامج التحول الرقمي,قضية تعارض مصالح بين عضو لجنة وأحد الموردين المتنافسين. المرجع CASE-2021-4285 · الجهة المعنية: التدقيق الداخلي.,التدقيق الداخلي,محال للجهة المختصة
CASE-00574,2023-06-20,إساءة استخدام صلاحيات,قضية تعارض مصالح في ترسية برنامج تحديث البنية التقنية,قضية تعارض مصالح بين عضو لجنة وأحد الموردين المتنافسين. المرجع CASE-2023-8365 · الجهة المعنية: الموارد البشرية.,الموارد البشرية,منتهي بتوصيات
CASE-00575,2020-10-17,إساءة استخدام صلاحيات,قضية استخدام غير مصرح لبيانات مواقع تخزين تشغيلية,استخراج قوائم مواقع تخزين تشغيلية دون تصريح. المرجع CASE-2020-1529 · الجهة المعنية: التدقيق الداخلي.,التدقيق الداخلي,قيد المراجعة القانونية
CASE-00576,2024-03-03,مخالفة تعاقدية,ملخص مواجهة أطراف في الملف رقم MF-2024-218,محضر مواجهة يتضمن إفادات أطراف قد ترتب مسؤولية نظامية. المرجع CASE-2024-5466 · الجهة المعنية: وحدة الالتزام التنظيمي.,وحدة الالتزام التنظيمي,منتهي بتوصيات
CASE-00577,2026-03-11,استخدام غير مصرح للأنظمة,قضية إساءة استخدام معلومات داخلية في قطاع التقنية والمشاريع,قضية استخدام معلومات غير معلنة لتحقيق منفعة شخصية. المرجع CASE-2026-1204 · الجهة المعنية: إدارة المخاطر.,إدارة المخاطر,مغلق
CASE-00578,2019-01-16,مخالفة تعاقدية,ملخص مواجهة أطراف في الملف رقم MF-2019-506,محضر مواجهة يتضمن إفادات أطراف قد ترتب مسؤولية نظامية. المرجع CASE-2019-8167 · الجهة المعنية: مكتب حماية المبلّغين.,مكتب حماية المبلّغين,منتهي بتوصيات
CASE-00579,2021-07-25,تعارض مصالح,تحقيق في احتيال مالي بقيمة تقديرية 11 مليون ريال,تحقيق داخلي في معاملات مالية غير مبررة وتوصيات الإحالة. المرجع CASE-2021-6467 · الجهة المعنية: التدقيق الداخلي.,التدقيق الداخلي,بانتظار الرد
CASE-00580,2021-11-06,احتيال مالي,قضية تعارض مصالح في ترسية برنامج تحديث البنية التقنية,قضية تعارض مصالح بين عضو لجنة وأحد الموردين المتنافسين. المرجع CASE-2021-4331 · الجهة المعنية: الموارد البشرية.,,بانتظار الرد
CASE-00581,2022-04-25,مخالفة سلوك مهني,ملخص مواجهة أطراف في الملف رقم MF-2022-366,محضر مواجهة يتضمن إفادات أطراف قد ترتب مسؤولية نظامية. المرجع CASE-2022-2689 · الجهة المعنية: إدارة المخاطر.,إدارة المخاطر,قيد المراجعة القانونية
CASE-00582,2021-10-13,مخالفة مشتريات,قضية مساس بمتطلبات سيادة البيانات الوطنية,استضافة بيانات وطنية خارج النطاق بما يخالف متطلبات سيادة البيانات. المرجع CASE-2021-4060 · الجهة المعنية: الموارد البشرية.,الموارد البشرية,قيد المراجعة القانونية
CASE-00583,2024-09-07,تعارض مصالح,منشور سياسة السلوك المهني - التخطيط والتطوير 2024,منشور عام يوضح مبادئ السلوك المهني المعتمدة. المرجع CASE-2024-5507 · الجهة المعنية: الموارد البشرية.,الموارد البشرية,مغلق
CASE-00584,2023-01-24,تسريب معلومات,تحقيق في احتيال مالي بقيمة تقديرية 35 مليون ريال,تحقيق داخلي في معاملات مالية غير مبررة وتوصيات الإحالة. المرجع CASE-2023-8072 · الجهة المعنية: إدارة المخاطر.,إدارة المخاطر,محال للجهة المختصة
CASE-00585,2019-10-21,تعارض مصالح,مراجعة استراتيجية لمخاطر الالتزام في قطاع الخدمات الرقمية,مراجعة استراتيجية لمخاطر التزام قد تؤدي إلى غرامات تنظيمية. المرجع CASE-2019-2054 · الجهة المعنية: مكتب حماية المبلّغين.,مكتب حماية المبلّغين,محال للجهة المختصة
CASE-00586,2019-12-11,إساءة استخدام صلاحيات,إحصاءات البلاغات المغلقة - قطاع الأعمال المؤسسية الربع الثالث 2019,إحصاءات مجمّعة عن أعداد البلاغات دون أي تفاصيل تعريفية. المرجع CASE-2019-1022 · الجهة المعنية: الشؤون القانونية.,الشؤون القانونية,قيد التحقيق
CASE-00587,2024-08-07,تعارض مصالح,قضية تسريب الميزانية الاستراتيجية قبل الاعتماد,تسريب أرقام الميزانية الاستراتيجية إلى جهة خارجية قبل اعتمادها. المرجع CASE-2024-8114 · الجهة المعنية: وحدة مكافحة الاحتيال.,وحدة مكافحة الاحتيال,محال للجهة المختصة
CASE-00588,2024-05-27,بلاغ مبلّغ,تحقيق في تسريب مسودة مذكرة تفاهم مع شريك خارجي,تسريب مسودة مذكرة تفاهم قبل توقيعها رسميًا. المرجع CASE-2024-6829 · الجهة المعنية: الموارد البشرية.,الموارد البشرية,منتهي بتوصيات
CASE-00589,2021-06-27,تسريب معلومات,ملف مراجعة خاصة رقم SR-2021-693,مراجعة خاصة بتوجيه من اللجنة مع حظر التداول حتى صدور النتيجة. المرجع CASE-2021-3512 · الجهة المعنية: وحدة مكافحة الاحتيال.,وحدة مكافحة الاحتيال,بانتظار الرد
CASE-00590,2022-12-27,مخالفة تعاقدية,ملف محال للجهة العليا رقم HC-2022-54,ملف محال لجهة عليا لارتباطه بمواقع ومنشآت وطنية محددة. المرجع CASE-2022-7715 · الجهة المعنية: مكتب حماية المبلّغين.,مكتب حماية المبلّغين,قيد المراجعة القانونية
CASE-00591,2022-03-18,مخالفة سلوك مهني,بلاغ مبلّغ عن مخالفات في تقنية المعلومات,تحقيق سري في بلاغ مبلّغ مع حماية هويته وفق السياسة. المرجع CASE-2022-8965 · الجهة المعنية: مكتب حماية المبلّغين.,مكتب حماية المبلّغين,منتهي بتوصيات
CASE-00592,2024-10-16,بلاغ مبلّغ,ملخص مواجهة أطراف في الملف رقم MF-2024-529,محضر مواجهة يتضمن إفادات أطراف قد ترتب مسؤولية نظامية. المرجع CASE-2024-9686 · الجهة المعنية: التدقيق الداخلي.,التدقيق الداخلي,منتهي بتوصيات
CASE-00593,2026-03-12,احتيال مالي,ملف مراجعة خاصة رقم SR-2026-743,مراجعة خاصة بتوجيه من اللجنة مع حظر التداول حتى صدور النتيجة. المرجع CASE-2026-4002 · الجهة المعنية: الأمانة العامة.,الأمانة العامة,بانتظار الرد
CASE-00594,2026-03-01,تسريب معلومات,إعلان قناة البلاغات في الرياض - 2026,إعلان رسمي عن إطلاق قناة استقبال البلاغات وآلية استخدامها. المرجع CASE-2026-9556 · الجهة المعنية: الأمانة العامة.,الأمانة العامة,منتهي بتوصيات
CASE-00595,2024-07-17,بلاغ مبلّغ,مراجعة استراتيجية لمخاطر الالتزام في قطاع الشراكات,مراجعة استراتيجية لمخاطر التزام قد تؤدي إلى غرامات تنظيمية. المرجع CASE-2024-1296 · الجهة المعنية: وحدة مكافحة الاحتيال.,وحدة مكافحة الاحتيال,بانتظار الرد
CASE-00596,2023-10-14,مخالفة تعاقدية,بلاغ مبلّغ عن مخالفات في تقنية المعلومات,تحقيق سري في بلاغ مبلّغ مع حماية هويته وفق السياسة. المرجع CASE-2023-3717 · الجهة المعنية: التدقيق الداخلي.,التدقيق الداخلي,منتهي بتوصيات
CASE-00597,2020-09-22,احتيال مالي,مخالفة خصوصية في تداول ملفات المنسوبين,تداول ملفات موظفين دون مراعاة ضوابط خصوصية البيانات. المرجع CASE-2020-9715 · الجهة المعنية: مكتب حماية المبلّغين.,مكتب حماية المبلّغين,محال للجهة المختصة
CASE-00598,2020-08-15,مخالفة مشتريات,تحقيق في احتيال مالي بقيمة تقديرية 26 مليون ريال,تحقيق داخلي في معاملات مالية غير مبررة وتوصيات الإحالة. المرجع CASE-2020-1815 · الجهة المعنية: الأمانة العامة.,الأمانة العامة,محال للجهة المختصة
CASE-00599,2024-12-06,مخالفة سلوك مهني,مراجعة استراتيجية لمخاطر الالتزام في قطاع الحلول الحكومية,مراجعة استراتيجية لمخاطر التزام قد تؤدي إلى غرامات تنظيمية. المرجع CASE-2024-6555 · الجهة المعنية: التدقيق الداخلي.,التدقيق الداخلي,محال للجهة المختصة
CASE-00600,2025-11-30,استخدام غير مصرح للأنظمة,قضية اشتباه تجسس إلكتروني على منصة الخدمات الحكومية الموحدة,تعاون مع جهات استخبارات وطنية بشأن نشاط تجسس مشتبه به. المرجع CASE-2025-3116 · الجهة المعنية: الشؤون القانونية.,الشؤون القانونية,محال للجهة المختصة
CASE-00601,2022-09-01,مخالفة تعاقدية,تحقيق في محاولة الوصول إلى سجلات تحركات القوات,محاولة موظف الوصول إلى سجلات تحركات القوات دون تصريح. المرجع CASE-2022-2407 · الجهة المعنية: إدارة المخاطر.,إدارة المخاطر,بانتظار الرد
CASE-00602,2023-04-25,احتيال مالي,مخالفة خصوصية في تداول ملفات المنسوبين,تداول ملفات موظفين دون مراعاة ضوابط خصوصية البيانات. المرجع CASE-2023-8288 · الجهة المعنية: الموارد البشرية.,الموارد البشرية,قيد التحقيق
CASE-00603,2026-01-29,مخالفة سلوك مهني,تحقيق في تواطؤ محتمل بين موردي قطاع العمليات,تحقيق في مؤشرات تنسيق أسعار بين موردين في منافسة مغلقة. المرجع CASE-2026-6675 · الجهة المعنية: الشؤون القانونية.,,بانتظار الرد
CASE-00604,2026-02-22,تسريب معلومات,اعتراض على احتساب راتب موظف في التخطيط والتطوير,طلب مراجعة احتساب راتب وبدلات لموظف واحد. المرجع CASE-2026-1591 · الجهة المعنية: التدقيق الداخلي.,التدقيق الداخلي,منتهي بتوصيات
CASE-00605,2023-12-25,مخالفة سلوك مهني,منشور سياسة السلوك المهني - الخدمات المساندة 2023,منشور عام يوضح مبادئ السلوك المهني المعتمدة. المرجع CASE-2023-8488 · الجهة المعنية: الموارد البشرية.,الموارد البشرية,محال للجهة المختصة
CASE-00606,2022-07-11,تعارض مصالح,اعتراض على احتساب راتب موظف في التدقيق الداخلي,طلب مراجعة احتساب راتب وبدلات لموظف واحد. المرجع CASE-2022-4222 · الجهة المعنية: مكتب حماية المبلّغين.,مكتب حماية المبلّغين,بانتظار الرد
CASE-00607,2019-07-04,مخالفة تعاقدية,قضية استخدام غير مصرح لبيانات مواقع تخزين تشغيلية,استخراج قوائم مواقع تخزين تشغيلية دون تصريح. المرجع CASE-2019-5858 · الجهة المعنية: التدقيق الداخلي.,التدقيق الداخلي,مغلق
CASE-00608,2025-06-13,بلاغ مبلّغ,تحقيق في مخالفة تعاقدية مع منظمة إقليمية,تحقيق في إخلال ببنود تعاقدية قد يرتب مطالبات مالية كبيرة. المرجع CASE-2025-2865 · الجهة المعنية: الموارد البشرية.,الموارد البشرية,مغلق
CASE-00609,2025-08-08,استخدام غير مصرح للأنظمة,طلب إجازة طبي ممتدة - إدارة المخاطر,ملف طبي داعم لطلب إجازة ممتدة لأحد المنسوبين. المرجع CASE-2025-3371 · الجهة المعنية: وحدة مكافحة الاحتيال.,وحدة مكافحة الاحتيال,قيد المراجعة القانونية
CASE-00610,2023-03-25,مخالفة مشتريات,تحقيق في تواطؤ محتمل بين موردي قطاع الحلول الحكومية,تحقيق في مؤشرات تنسيق أسعار بين موردين في منافسة مغلقة. المرجع CASE-2023-7893 · الجهة المعنية: الشؤون القانونية.,الشؤون القانونية,قيد المراجعة القانونية
CASE-00611,2023-08-15,احتيال مالي,تحقيق في احتيال مالي بقيمة تقديرية 22 مليون ريال,تحقيق داخلي في معاملات مالية غير مبررة وتوصيات الإحالة. المرجع CASE-2023-4493 · الجهة المعنية: الأمانة العامة.,الأمانة العامة,بانتظار الرد
CASE-00612,2025-03-11,مخالفة سلوك مهني,طلب إجازة طبي ممتدة - التخطيط والتطوير,ملف طبي داعم لطلب إجازة ممتدة لأحد المنسوبين. المرجع CASE-2025-7948 · الجهة المعنية: مكتب حماية المبلّغين.,مكتب حماية المبلّغين,محال للجهة المختصة
CASE-00613,2025-09-12,تسريب معلومات,بلاغ عن مخالفة في التعامل مع مواد أسلحة خاضعة للرقابة,مخالفة إجراءات مناولة أسلحة ومواد خاضعة للرقابة داخل موقع تشغيلي. المرجع CASE-2025-1314 · الجهة المعنية: وحدة الالتزام التنظيمي.,وحدة الالتزام التنظيمي,قيد المراجعة القانونية
CASE-00614,2025-06-29,تسريب معلومات,تحقيق في مخالفة تعاقدية مع شريك تقني عالمي,تحقيق في إخلال ببنود تعاقدية قد يرتب مطالبات مالية كبيرة. المرجع CASE-2025-2745 · الجهة المعنية: الموارد البشرية.,الموارد البشرية,مغلق
CASE-00615,2020-03-24,مخالفة مشتريات,قضية تمويل مشبوه مرتبط بشبكة خارجية,إحالة إلى الجهات الأمنية بعد رصد نمط تمويل يتصل بأنشطة استخبارات. المرجع CASE-2020-4706 · الجهة المعنية: مكتب حماية المبلّغين.,مكتب حماية المبلّغين,قيد المراجعة القانونية
CASE-00616,2022-06-13,تسريب معلومات,تحقيق في احتيال مالي بقيمة تقديرية 33 مليون ريال,تحقيق داخلي في معاملات مالية غير مبررة وتوصيات الإحالة. المرجع CASE-2022-5150 · الجهة المعنية: إدارة المخاطر.,إدارة المخاطر,قيد التحقيق
CASE-00617,2021-07-16,مخالفة تعاقدية,ملخص مواجهة أطراف في الملف رقم MF-2021-623,محضر مواجهة يتضمن إفادات أطراف قد ترتب مسؤولية نظامية. المرجع CASE-2021-5847 · الجهة المعنية: إدارة المخاطر.,إدارة المخاطر,قيد المراجعة القانونية
CASE-00618,2024-06-16,مخالفة تعاقدية,بلاغ عن مخالفة في التعامل مع مواد أسلحة خاضعة للرقابة,مخالفة إجراءات مناولة أسلحة ومواد خاضعة للرقابة داخل موقع تشغيلي. المرجع CASE-2024-7928 · الجهة المعنية: الموارد البشرية.,,محال للجهة المختصة
CASE-00619,2019-02-18,تسريب معلومات,قضية تسريب الميزانية الاستراتيجية قبل الاعتماد,تسريب أرقام الميزانية الاستراتيجية إلى جهة خارجية قبل اعتمادها. المرجع CASE-2019-5825 · الجهة المعنية: الأمانة العامة.,الأمانة العامة,محال للجهة المختصة
CASE-00620,2020-11-26,مخالفة سلوك مهني,قضية تعارض مصالح في ترسية برنامج أمن سلاسل الإمداد,قضية تعارض مصالح بين عضو لجنة وأحد الموردين المتنافسين. المرجع CASE-2020-6366 · الجهة المعنية: إدارة المخاطر.,إدارة المخاطر,قيد المراجعة القانونية
CASE-00621,2022-04-07,إساءة استخدام صلاحيات,قضية استخدام غير مصرح لبيانات مواقع تخزين تشغيلية,استخراج قوائم مواقع تخزين تشغيلية دون تصريح. المرجع CASE-2022-5472 · الجهة المعنية: الأمانة العامة.,الأمانة العامة,قيد المراجعة القانونية
CASE-00622,2023-05-16,بلاغ مبلّغ,قضية تسريب الميزانية الاستراتيجية قبل الاعتماد,تسريب أرقام الميزانية الاستراتيجية إلى جهة خارجية قبل اعتمادها. المرجع CASE-2023-5772 · الجهة المعنية: الأمانة العامة.,الأمانة العامة,بانتظار الرد
CASE-00623,2022-08-20,استخدام غير مصرح للأنظمة,مخالفة في التعامل مع مخرجات مورد عسكري المنشأ,استخدام مكوّن عسكري المنشأ خارج الضوابط التعاقدية المعتمدة. المرجع CASE-2022-9744 · الجهة المعنية: الموارد البشرية.,الموارد البشرية,قيد التحقيق
CASE-00624,2019-09-04,احتيال مالي,قضية تعارض مصالح في ترسية برنامج التحول الرقمي,قضية تعارض مصالح بين عضو لجنة وأحد الموردين المتنافسين. المرجع CASE-2019-7548 · الجهة المعنية: الشؤون القانونية.,الشؤون القانونية,بانتظار الرد
CASE-00625,2020-08-23,إساءة استخدام صلاحيات,قضية استخدام غير مصرح لبيانات مواقع تخزين تشغيلية,استخراج قوائم مواقع تخزين تشغيلية دون تصريح. المرجع CASE-2020-9301 · الجهة المعنية: الموارد البشرية.,الموارد البشرية,محال للجهة المختصة
CASE-00626,2023-07-28,مخالفة مشتريات,بلاغ مبلّغ عن مخالفات في إدارة المخاطر,تحقيق سري في بلاغ مبلّغ مع حماية هويته وفق السياسة. المرجع CASE-2023-9461 · الجهة المعنية: الشؤون القانونية.,الشؤون القانونية,قيد التحقيق
CASE-00627,2019-04-02,احتيال مالي,طلب إجازة طبي ممتدة - المشتريات,ملف طبي داعم لطلب إجازة ممتدة لأحد المنسوبين. المرجع CASE-2019-5018 · الجهة المعنية: الشؤون القانونية.,الشؤون القانونية,قيد التحقيق
CASE-00628,2022-07-26,مخالفة سلوك مهني,قضية تسريب الميزانية الاستراتيجية قبل الاعتماد,تسريب أرقام الميزانية الاستراتيجية إلى جهة خارجية قبل اعتمادها. المرجع CASE-2022-4393 · الجهة المعنية: وحدة مكافحة الاحتيال.,وحدة مكافحة الاحتيال,قيد التحقيق
CASE-00629,2024-11-12,إساءة استخدام صلاحيات,قضية مساس بمتطلبات سيادة البيانات الوطنية,استضافة بيانات وطنية خارج النطاق بما يخالف متطلبات سيادة البيانات. المرجع CASE-2024-8626 · الجهة المعنية: التدقيق الداخلي.,التدقيق الداخلي,قيد المراجعة القانونية
CASE-00630,2024-06-06,تسريب معلومات,ملخص مواجهة أطراف في الملف رقم MF-2024-352,محضر مواجهة يتضمن إفادات أطراف قد ترتب مسؤولية نظامية. المرجع CASE-2024-1569 · الجهة المعنية: مكتب حماية المبلّغين.,مكتب حماية المبلّغين,قيد التحقيق
CASE-00631,2020-09-26,تعارض مصالح,دليل خدمات الالتزام المنشور - قطاع التحول الرقمي 2020,دليل خدمات منشور يشرح مسارات الالتزام المتاحة. المرجع CASE-2020-4890 · الجهة المعنية: مكتب حماية المبلّغين.,مكتب حماية المبلّغين,منتهي بتوصيات
CASE-00632,2024-11-13,بلاغ مبلّغ,بلاغ مبلّغ عن مخالفات في ضبط الجودة,تحقيق سري في بلاغ مبلّغ مع حماية هويته وفق السياسة. المرجع CASE-2024-7104 · الجهة المعنية: الأمانة العامة.,الأمانة العامة,قيد المراجعة القانونية
CASE-00633,2026-02-04,تعارض مصالح,قضية تعارض مصالح في ترسية برنامج أمن سلاسل الإمداد,قضية تعارض مصالح بين عضو لجنة وأحد الموردين المتنافسين. المرجع CASE-2026-1892 · الجهة المعنية: الموارد البشرية.,الموارد البشرية,قيد التحقيق
CASE-00634,2024-05-24,مخالفة تعاقدية,قضية إساءة استخدام معلومات داخلية في قطاع الأعمال المؤسسية,قضية استخدام معلومات غير معلنة لتحقيق منفعة شخصية. المرجع CASE-2024-4641 · الجهة المعنية: الموارد البشرية.,الموارد البشرية,منتهي بتوصيات
CASE-00635,2020-07-22,تعارض مصالح,قضية إساءة استخدام معلومات داخلية في قطاع التحول الرقمي,قضية استخدام معلومات غير معلنة لتحقيق منفعة شخصية. المرجع CASE-2020-9269 · الجهة المعنية: إدارة المخاطر.,إدارة المخاطر,قيد التحقيق
CASE-00636,2019-08-25,مخالفة تعاقدية,مذكرة داخلية بشأن ضبط الحضور في المالية,مذكرة داخلية تنظيمية حول التزام الحضور والانصراف. المرجع CASE-2019-7266 · الجهة المعنية: الأمانة العامة.,الأمانة العامة,قيد المراجعة القانونية
CASE-00637,2020-10-15,بلاغ مبلّغ,بلاغ مبلّغ عن مخالفات في التخطيط والتطوير,تحقيق سري في بلاغ مبلّغ مع حماية هويته وفق السياسة. المرجع CASE-2020-3642 · الجهة المعنية: الموارد البشرية.,الموارد البشرية,محال للجهة المختصة
CASE-00638,2022-08-09,احتيال مالي,شكوى بيئة عمل في إدارة المخاطر,شكوى موظف تتضمن بيانات شخصية وتفاصيل تواصل داخلية. المرجع CASE-2022-5869 · الجهة المعنية: التدقيق الداخلي.,التدقيق الداخلي,بانتظار الرد
CASE-00639,2020-01-03,إساءة استخدام صلاحيات,قضية تمويل مشبوه مرتبط بشبكة خارجية,إحالة إلى الجهات الأمنية بعد رصد نمط تمويل يتصل بأنشطة استخبارات. المرجع CASE-2020-6130 · الجهة المعنية: إدارة المخاطر.,إدارة المخاطر,قيد التحقيق
CASE-00640,2021-03-18,مخالفة سلوك مهني,دليل خدمات الالتزام المنشور - قطاع البنية التحتية 2021,دليل خدمات منشور يشرح مسارات الالتزام المتاحة. المرجع CASE-2021-9954 · الجهة المعنية: الأمانة العامة.,الأمانة العامة,قيد المراجعة القانونية
CASE-00641,2025-06-23,احتيال مالي,تحقيق في تواطؤ محتمل بين موردي قطاع الخدمات الرقمية,تحقيق في مؤشرات تنسيق أسعار بين موردين في منافسة مغلقة. المرجع CASE-2025-8223 · الجهة المعنية: إدارة المخاطر.,إدارة المخاطر,قيد المراجعة القانونية
CASE-00642,2023-08-22,تعارض مصالح,تحقيق في تلاعب بسجلات الاعتماد في بوابة المستفيدين,تحقيق في تعديل غير مصرح لسجلات الاعتماد المالي. المرجع CASE-2023-9228 · الجهة المعنية: وحدة مكافحة الاحتيال.,وحدة مكافحة الاحتيال,قيد التحقيق
CASE-00643,2022-02-26,مخالفة مشتريات,شكوى بيئة عمل في تقنية المعلومات,شكوى موظف تتضمن بيانات شخصية وتفاصيل تواصل داخلية. المرجع CASE-2022-9371 · الجهة المعنية: وحدة الالتزام التنظيمي.,وحدة الالتزام التنظيمي,قيد التحقيق
CASE-00644,2024-12-19,مخالفة تعاقدية,ملف مراجعة خاصة رقم SR-2024-230,مراجعة خاصة بتوجيه من اللجنة مع حظر التداول حتى صدور النتيجة. المرجع CASE-2024-4771 · الجهة المعنية: إدارة المخاطر.,إدارة المخاطر,قيد التحقيق
CASE-00645,2023-03-20,استخدام غير مصرح للأنظمة,دليل خدمات الالتزام المنشور - قطاع الأعمال المؤسسية 2023,دليل خدمات منشور يشرح مسارات الالتزام المتاحة. المرجع CASE-2023-5592 · الجهة المعنية: الموارد البشرية.,الموارد البشرية,محال للجهة المختصة
CASE-00646,2021-02-22,تعارض مصالح,تحقيق في مخالفة تعاقدية مع جهة سيادية شريكة,تحقيق في إخلال ببنود تعاقدية قد يرتب مطالبات مالية كبيرة. المرجع CASE-2021-9931 · الجهة المعنية: الشؤون القانونية.,الشؤون القانونية,مغلق
CASE-00647,2025-04-28,بلاغ مبلّغ,تحقيق في احتيال مالي بقيمة تقديرية 17 مليون ريال,تحقيق داخلي في معاملات مالية غير مبررة وتوصيات الإحالة. المرجع CASE-2025-2275 · الجهة المعنية: الشؤون القانونية.,الشؤون القانونية,محال للجهة المختصة
CASE-00648,2023-11-10,مخالفة تعاقدية,مراجعة استراتيجية لمخاطر الالتزام في قطاع العمليات,مراجعة استراتيجية لمخاطر التزام قد تؤدي إلى غرامات تنظيمية. المرجع CASE-2023-6886 · الجهة المعنية: وحدة الالتزام التنظيمي.,وحدة الالتزام التنظيمي,مغلق
CASE-00649,2025-01-01,مخالفة سلوك مهني,بلاغ مبلّغ عن مخالفات في الخدمات المساندة,تحقيق سري في بلاغ مبلّغ مع حماية هويته وفق السياسة. المرجع CASE-2025-1651 · الجهة المعنية: إدارة المخاطر.,إدارة المخاطر,محال للجهة المختصة
CASE-00650,2024-09-30,إساءة استخدام صلاحيات,قضية تسريب الميزانية الاستراتيجية قبل الاعتماد,تسريب أرقام الميزانية الاستراتيجية إلى جهة خارجية قبل اعتمادها. المرجع CASE-2024-5737 · الجهة المعنية: الأمانة العامة.,الأمانة العامة,محال للجهة المختصة
CASE-00651,2026-05-19,تعارض مصالح,تحقيق في تلاعب بسجلات الاعتماد في بوابة المستفيدين,تحقيق في تعديل غير مصرح لسجلات الاعتماد المالي. المرجع CASE-2026-7594 · الجهة المعنية: مكتب حماية المبلّغين.,مكتب حماية المبلّغين,مغلق
CASE-00652,2023-11-04,مخالفة سلوك مهني,ملخص مواجهة أطراف في الملف رقم MF-2023-689,محضر مواجهة يتضمن إفادات أطراف قد ترتب مسؤولية نظامية. المرجع CASE-2023-6818 · الجهة المعنية: الأمانة العامة.,الأمانة العامة,قيد التحقيق
CASE-00653,2022-06-26,بلاغ مبلّغ,تحقيق في احتيال مالي بقيمة تقديرية 9 مليون ريال,تحقيق داخلي في معاملات مالية غير مبررة وتوصيات الإحالة. المرجع CASE-2022-8177 · الجهة المعنية: الموارد البشرية.,الموارد البشرية,مغلق
CASE-00654,2025-01-15,مخالفة تعاقدية,مخالفة في التعامل مع مخرجات مورد عسكري المنشأ,استخدام مكوّن عسكري المنشأ خارج الضوابط التعاقدية المعتمدة. المرجع CASE-2025-7051 · الجهة المعنية: الموارد البشرية.,الموارد البشرية,منتهي بتوصيات
CASE-00655,2021-05-25,مخالفة تعاقدية,مراجعة استراتيجية لمخاطر الالتزام في قطاع الحلول الحكومية,مراجعة استراتيجية لمخاطر التزام قد تؤدي إلى غرامات تنظيمية. المرجع CASE-2021-2047 · الجهة المعنية: مكتب حماية المبلّغين.,مكتب حماية المبلّغين,منتهي بتوصيات
CASE-00656,2023-07-24,تسريب معلومات,قضية اشتباه تجسس إلكتروني على نظام إدارة العقود,تعاون مع جهات استخبارات وطنية بشأن نشاط تجسس مشتبه به. المرجع CASE-2023-4728 · الجهة المعنية: الموارد البشرية.,الموارد البشرية,محال للجهة المختصة
CASE-00657,2020-09-28,تسريب معلومات,قضية تسريب الميزانية الاستراتيجية قبل الاعتماد,تسريب أرقام الميزانية الاستراتيجية إلى جهة خارجية قبل اعتمادها. المرجع CASE-2020-7887 · الجهة المعنية: الشؤون القانونية.,الشؤون القانونية,بانتظار الرد
CASE-00658,2020-08-18,إساءة استخدام صلاحيات,ملخص مواجهة أطراف في الملف رقم MF-2020-225,محضر مواجهة يتضمن إفادات أطراف قد ترتب مسؤولية نظامية. المرجع CASE-2020-5152 · الجهة المعنية: الموارد البشرية.,الموارد البشرية,مغلق
CASE-00659,2024-07-07,إساءة استخدام صلاحيات,طلب إجازة طبي ممتدة - الخدمات المساندة,ملف طبي داعم لطلب إجازة ممتدة لأحد المنسوبين. المرجع CASE-2024-9433 · الجهة المعنية: التدقيق الداخلي.,التدقيق الداخلي,منتهي بتوصيات
CASE-00660,2021-06-16,تعارض مصالح,مذكرة داخلية بشأن ضبط الحضور في تقنية المعلومات,مذكرة داخلية تنظيمية حول التزام الحضور والانصراف. المرجع CASE-2021-1490 · الجهة المعنية: التدقيق الداخلي.,التدقيق الداخلي,بانتظار الرد
CASE-00661,2025-03-26,بلاغ مبلّغ,دليل خدمات الالتزام المنشور - قطاع الخدمات الرقمية 2025,دليل خدمات منشور يشرح مسارات الالتزام المتاحة. المرجع CASE-2025-1213 · الجهة المعنية: الشؤون القانونية.,الشؤون القانونية,محال للجهة المختصة
CASE-00662,2020-09-06,تعارض مصالح,تحقيق في مخالفة تعاقدية مع دولة شريكة,تحقيق في إخلال ببنود تعاقدية قد يرتب مطالبات مالية كبيرة. المرجع CASE-2020-9361 · الجهة المعنية: الموارد البشرية.,الموارد البشرية,محال للجهة المختصة
CASE-00663,2024-02-19,تسريب معلومات,تحقيق في تواطؤ محتمل بين موردي قطاع الحلول الحكومية,تحقيق في مؤشرات تنسيق أسعار بين موردين في منافسة مغلقة. المرجع CASE-2024-6178 · الجهة المعنية: التدقيق الداخلي.,التدقيق الداخلي,منتهي بتوصيات
CASE-00664,2021-12-10,إساءة استخدام صلاحيات,مراجعة استراتيجية لمخاطر الالتزام في قطاع التحول الرقمي,مراجعة استراتيجية لمخاطر التزام قد تؤدي إلى غرامات تنظيمية. المرجع CASE-2021-2709 · الجهة المعنية: مكتب حماية المبلّغين.,مكتب حماية المبلّغين,قيد المراجعة القانونية
CASE-00665,2020-01-14,مخالفة سلوك مهني,ملف مراجعة خاصة رقم SR-2020-572,مراجعة خاصة بتوجيه من اللجنة مع حظر التداول حتى صدور النتيجة. المرجع CASE-2020-6845 · الجهة المعنية: إدارة المخاطر.,إدارة المخاطر,قيد المراجعة القانونية
CASE-00666,2020-09-18,إساءة استخدام صلاحيات,مراجعة استراتيجية لمخاطر الالتزام في قطاع العمليات,مراجعة استراتيجية لمخاطر التزام قد تؤدي إلى غرامات تنظيمية. المرجع CASE-2020-5109 · الجهة المعنية: الموارد البشرية.,الموارد البشرية,مغلق
CASE-00667,2023-03-17,بلاغ مبلّغ,تحقيق في تواطؤ محتمل بين موردي قطاع التحول الرقمي,تحقيق في مؤشرات تنسيق أسعار بين موردين في منافسة مغلقة. المرجع CASE-2023-5333 · الجهة المعنية: إدارة المخاطر.,إدارة المخاطر,محال للجهة المختصة
CASE-00668,2020-03-11,استخدام غير مصرح للأنظمة,مذكرة داخلية بشأن ضبط الحضور في التخطيط والتطوير,مذكرة داخلية تنظيمية حول التزام الحضور والانصراف. المرجع CASE-2020-5354 · الجهة المعنية: الشؤون القانونية.,الشؤون القانونية,بانتظار الرد
CASE-00669,2019-12-20,بلاغ مبلّغ,تحقيق في مخالفة تعاقدية مع تحالف صناعي دولي,تحقيق في إخلال ببنود تعاقدية قد يرتب مطالبات مالية كبيرة. المرجع CASE-2019-2787 · الجهة المعنية: الشؤون القانونية.,الشؤون القانونية,قيد التحقيق
CASE-00670,2019-04-19,بلاغ مبلّغ,مخالفة في التعامل مع مخرجات مورد عسكري المنشأ,استخدام مكوّن عسكري المنشأ خارج الضوابط التعاقدية المعتمدة. المرجع CASE-2019-4762 · الجهة المعنية: الأمانة العامة.,الأمانة العامة,قيد التحقيق
CASE-00671,2025-12-02,بلاغ مبلّغ,تحقيق في تلاعب بسجلات الاعتماد في منصة تبادل البيانات الوطنية,تحقيق في تعديل غير مصرح لسجلات الاعتماد المالي. المرجع CASE-2025-2341 · الجهة المعنية: وحدة مكافحة الاحتيال.,وحدة مكافحة الاحتيال,منتهي بتوصيات
CASE-00672,2023-12-21,تسريب معلومات,بلاغ عن تسريب بيانات تخص منشأة حيوية وطنية,بلاغ داخلي عن نقل وثائق تخص منشأة حيوية إلى جهة غير مصرح لها. المرجع CASE-2023-2458 · الجهة المعنية: إدارة المخاطر.,إدارة المخاطر,محال للجهة المختصة
CASE-00673,2022-09-14,مخالفة مشتريات,ملخص مواجهة أطراف في الملف رقم MF-2022-175,محضر مواجهة يتضمن إفادات أطراف قد ترتب مسؤولية نظامية. المرجع CASE-2022-1211 · الجهة المعنية: مكتب حماية المبلّغين.,مكتب حماية المبلّغين,قيد المراجعة القانونية
CASE-00674,2020-09-05,تعارض مصالح,مراجعة استراتيجية لمخاطر الالتزام في قطاع البنية التحتية,مراجعة استراتيجية لمخاطر التزام قد تؤدي إلى غرامات تنظيمية. المرجع CASE-2020-7022 · الجهة المعنية: إدارة المخاطر.,إدارة المخاطر,قيد التحقيق
CASE-00675,2024-08-05,إساءة استخدام صلاحيات,تحقيق في محاولة الوصول إلى سجلات تحركات القوات,محاولة موظف الوصول إلى سجلات تحركات القوات دون تصريح. المرجع CASE-2024-1456 · الجهة المعنية: الأمانة العامة.,الأمانة العامة,منتهي بتوصيات
CASE-00676,2026-02-27,احتيال مالي,قضية استخدام غير مصرح لبيانات مواقع تخزين تشغيلية,استخراج قوائم مواقع تخزين تشغيلية دون تصريح. المرجع CASE-2026-2527 · الجهة المعنية: الأمانة العامة.,الأمانة العامة,قيد التحقيق
CASE-00677,2022-01-16,إساءة استخدام صلاحيات,قضية إساءة استخدام معلومات داخلية في قطاع الأعمال المؤسسية,قضية استخدام معلومات غير معلنة لتحقيق منفعة شخصية. المرجع CASE-2022-6133 · الجهة المعنية: الشؤون القانونية.,الشؤون القانونية,بانتظار الرد
CASE-00678,2025-06-21,تسريب معلومات,بلاغ عن مخالفة في التعامل مع مواد أسلحة خاضعة للرقابة,مخالفة إجراءات مناولة أسلحة ومواد خاضعة للرقابة داخل موقع تشغيلي. المرجع CASE-2025-5586 · الجهة المعنية: مكتب حماية المبلّغين.,مكتب حماية المبلّغين,محال للجهة المختصة
CASE-00679,2019-03-08,مخالفة تعاقدية,تحقيق في احتيال مالي بقيمة تقديرية 18 مليون ريال,تحقيق داخلي في معاملات مالية غير مبررة وتوصيات الإحالة. المرجع CASE-2019-1444 · الجهة المعنية: الشؤون القانونية.,الشؤون القانونية,قيد المراجعة القانونية
CASE-00680,2022-08-08,تعارض مصالح,قضية اشتباه تجسس إلكتروني على مركز البيانات الاحتياطي,تعاون مع جهات استخبارات وطنية بشأن نشاط تجسس مشتبه به. المرجع CASE-2022-3942 · الجهة المعنية: الأمانة العامة.,الأمانة العامة,محال للجهة المختصة
CASE-00681,2025-01-20,استخدام غير مصرح للأنظمة,تحقيق في تواطؤ محتمل بين موردي قطاع التقنية والمشاريع,تحقيق في مؤشرات تنسيق أسعار بين موردين في منافسة مغلقة. المرجع CASE-2025-2053 · الجهة المعنية: وحدة مكافحة الاحتيال.,وحدة مكافحة الاحتيال,قيد المراجعة القانونية
CASE-00682,2021-01-06,مخالفة تعاقدية,ملخص مواجهة أطراف في الملف رقم MF-2021-716,محضر مواجهة يتضمن إفادات أطراف قد ترتب مسؤولية نظامية. المرجع CASE-2021-1341 · الجهة المعنية: الأمانة العامة.,الأمانة العامة,محال للجهة المختصة
CASE-00683,2023-09-14,مخالفة تعاقدية,مراجعة استراتيجية لمخاطر الالتزام في قطاع التحول الرقمي,مراجعة استراتيجية لمخاطر التزام قد تؤدي إلى غرامات تنظيمية. المرجع CASE-2023-9229 · الجهة المعنية: إدارة المخاطر.,إدارة المخاطر,محال للجهة المختصة
CASE-00684,2019-12-27,مخالفة مشتريات,تحقيق في تواطؤ محتمل بين موردي قطاع الشراكات,تحقيق في مؤشرات تنسيق أسعار بين موردين في منافسة مغلقة. المرجع CASE-2019-1937 · الجهة المعنية: وحدة الالتزام التنظيمي.,وحدة الالتزام التنظيمي,مغلق
CASE-00685,2025-03-23,تعارض مصالح,اعتراض على احتساب راتب موظف في ضبط الجودة,طلب مراجعة احتساب راتب وبدلات لموظف واحد. المرجع CASE-2025-3535 · الجهة المعنية: مكتب حماية المبلّغين.,مكتب حماية المبلّغين,قيد التحقيق
CASE-00686,2021-02-09,إساءة استخدام صلاحيات,تحقيق في تسريب مسودة مذكرة تفاهم مع شريك خارجي,تسريب مسودة مذكرة تفاهم قبل توقيعها رسميًا. المرجع CASE-2021-6554 · الجهة المعنية: إدارة المخاطر.,إدارة المخاطر,محال للجهة المختصة
CASE-00687,2024-06-07,مخالفة سلوك مهني,دليل خدمات الالتزام المنشور - قطاع الأعمال المؤسسية 2024,دليل خدمات منشور يشرح مسارات الالتزام المتاحة. المرجع CASE-2024-1817 · الجهة المعنية: مكتب حماية المبلّغين.,مكتب حماية المبلّغين,محال للجهة المختصة
CASE-00688,2019-10-31,مخالفة مشتريات,بلاغ مبلّغ عن مخالفات في تقنية المعلومات,تحقيق سري في بلاغ مبلّغ مع حماية هويته وفق السياسة. المرجع CASE-2019-7819 · الجهة المعنية: الأمانة العامة.,الأمانة العامة,منتهي بتوصيات
CASE-00689,2026-01-05,مخالفة سلوك مهني,إعلان قناة البلاغات في نجران - 2026,إعلان رسمي عن إطلاق قناة استقبال البلاغات وآلية استخدامها. المرجع CASE-2026-5030 · الجهة المعنية: الشؤون القانونية.,الشؤون القانونية,منتهي بتوصيات
CASE-00690,2020-02-20,تسريب معلومات,إحصاءات البلاغات المغلقة - قطاع البنية التحتية الربع الرابع 2020,إحصاءات مجمّعة عن أعداد البلاغات دون أي تفاصيل تعريفية. المرجع CASE-2020-2320 · الجهة المعنية: مكتب حماية المبلّغين.,مكتب حماية المبلّغين,قيد التحقيق
CASE-00691,2023-06-29,احتيال مالي,تحقيق في تواطؤ محتمل بين موردي قطاع التقنية والمشاريع,تحقيق في مؤشرات تنسيق أسعار بين موردين في منافسة مغلقة. المرجع CASE-2023-5490 · الجهة المعنية: التدقيق الداخلي.,التدقيق الداخلي,مغلق
CASE-00692,2024-01-18,تعارض مصالح,بلاغ مبلّغ عن مخالفات في المشتريات,تحقيق سري في بلاغ مبلّغ مع حماية هويته وفق السياسة. المرجع CASE-2024-6913 · الجهة المعنية: الموارد البشرية.,,منتهي بتوصيات
CASE-00693,2025-12-07,مخالفة سلوك مهني,مخالفة خصوصية في تداول ملفات المنسوبين,تداول ملفات موظفين دون مراعاة ضوابط خصوصية البيانات. المرجع CASE-2025-4653 · الجهة المعنية: الموارد البشرية.,الموارد البشرية,مغلق
CASE-00694,2024-01-19,تسريب معلومات,بلاغ مبلّغ عن مخالفات في الخدمات المساندة,تحقيق سري في بلاغ مبلّغ مع حماية هويته وفق السياسة. المرجع CASE-2024-3119 · الجهة المعنية: الشؤون القانونية.,الشؤون القانونية,منتهي بتوصيات
CASE-00695,2020-06-07,إساءة استخدام صلاحيات,تحقيق في تسريب خطط عمليات أمنية لفعالية وطنية,تسريب جدول عمليات أمنية قبل تنفيذ الفعالية الوطنية. المرجع CASE-2020-1774 · الجهة المعنية: مكتب حماية المبلّغين.,مكتب حماية المبلّغين,منتهي بتوصيات
CASE-00696,2019-12-15,إساءة استخدام صلاحيات,قضية إساءة استخدام معلومات داخلية في قطاع الخدمات الرقمية,قضية استخدام معلومات غير معلنة لتحقيق منفعة شخصية. المرجع CASE-2019-6564 · الجهة المعنية: وحدة مكافحة الاحتيال.,وحدة مكافحة الاحتيال,منتهي بتوصيات
CASE-00697,2021-03-06,مخالفة تعاقدية,ملف مراجعة خاصة رقم SR-2021-206,مراجعة خاصة بتوجيه من اللجنة مع حظر التداول حتى صدور النتيجة. المرجع CASE-2021-2958 · الجهة المعنية: وحدة الالتزام التنظيمي.,وحدة الالتزام التنظيمي,منتهي بتوصيات
CASE-00698,2023-01-08,مخالفة سلوك مهني,مراجعة استراتيجية لمخاطر الالتزام في قطاع العمليات,مراجعة استراتيجية لمخاطر التزام قد تؤدي إلى غرامات تنظيمية. المرجع CASE-2023-2969 · الجهة المعنية: الموارد البشرية.,الموارد البشرية,بانتظار الرد
CASE-00699,2020-04-10,استخدام غير مصرح للأنظمة,قضية تعارض مصالح في ترسية برنامج التوسع الإقليمي,قضية تعارض مصالح بين عضو لجنة وأحد الموردين المتنافسين. المرجع CASE-2020-4859 · الجهة المعنية: الشؤون القانونية.,الشؤون القانونية,مغلق
CASE-00700,2023-08-14,مخالفة سلوك مهني,بلاغ مبلّغ عن مخالفات في الخدمات المساندة,تحقيق سري في بلاغ مبلّغ مع حماية هويته وفق السياسة. المرجع CASE-2023-9116 · الجهة المعنية: التدقيق الداخلي.,التدقيق الداخلي,محال للجهة المختصة
CASE-00701,2024-09-22,استخدام غير مصرح للأنظمة,مراجعة استراتيجية لمخاطر الالتزام في قطاع الشراكات,مراجعة استراتيجية لمخاطر التزام قد تؤدي إلى غرامات تنظيمية. المرجع CASE-2024-5893 · الجهة المعنية: الشؤون القانونية.,الشؤون القانونية,قيد التحقيق
CASE-00702,2025-11-08,بلاغ مبلّغ,قضية إساءة استخدام معلومات داخلية في قطاع العمليات,قضية استخدام معلومات غير معلنة لتحقيق منفعة شخصية. المرجع CASE-2025-8113 · الجهة المعنية: الموارد البشرية.,الموارد البشرية,منتهي بتوصيات
CASE-00703,2022-07-04,احتيال مالي,مراجعة استراتيجية لمخاطر الالتزام في قطاع التقنية والمشاريع,مراجعة استراتيجية لمخاطر التزام قد تؤدي إلى غرامات تنظيمية. المرجع CASE-2022-6698 · الجهة المعنية: وحدة مكافحة الاحتيال.,وحدة مكافحة الاحتيال,قيد التحقيق
CASE-00704,2026-03-28,مخالفة تعاقدية,تحقيق في تلاعب بسجلات الاعتماد في شبكة الربط الحكومي,تحقيق في تعديل غير مصرح لسجلات الاعتماد المالي. المرجع CASE-2026-6537 · الجهة المعنية: التدقيق الداخلي.,التدقيق الداخلي,بانتظار الرد
CASE-00705,2021-07-18,تسريب معلومات,دليل خدمات الالتزام المنشور - قطاع الشراكات 2021,دليل خدمات منشور يشرح مسارات الالتزام المتاحة. المرجع CASE-2021-4782 · الجهة المعنية: الأمانة العامة.,الأمانة العامة,منتهي بتوصيات
CASE-00706,2024-08-12,بلاغ مبلّغ,مخالفة خصوصية في تداول ملفات المنسوبين,تداول ملفات موظفين دون مراعاة ضوابط خصوصية البيانات. المرجع CASE-2024-4461 · الجهة المعنية: الموارد البشرية.,الموارد البشرية,قيد التحقيق
CASE-00707,2023-08-17,مخالفة تعاقدية,قضية تسريب الميزانية الاستراتيجية قبل الاعتماد,تسريب أرقام الميزانية الاستراتيجية إلى جهة خارجية قبل اعتمادها. المرجع CASE-2023-2077 · الجهة المعنية: الأمانة العامة.,الأمانة العامة,مغلق
CASE-00708,2026-02-03,مخالفة تعاقدية,ملف مراجعة خاصة رقم SR-2026-880,مراجعة خاصة بتوجيه من اللجنة مع حظر التداول حتى صدور النتيجة. المرجع CASE-2026-1746 · الجهة المعنية: مكتب حماية المبلّغين.,مكتب حماية المبلّغين,قيد المراجعة القانونية
CASE-00709,2024-08-14,مخالفة سلوك مهني,تحقيق في احتيال مالي بقيمة تقديرية 8 مليون ريال,تحقيق داخلي في معاملات مالية غير مبررة وتوصيات الإحالة. المرجع CASE-2024-4191 · الجهة المعنية: وحدة مكافحة الاحتيال.,وحدة مكافحة الاحتيال,منتهي بتوصيات
CASE-00710,2025-05-23,احتيال مالي,قضية تمويل مشبوه مرتبط بشبكة خارجية,إحالة إلى الجهات الأمنية بعد رصد نمط تمويل يتصل بأنشطة استخبارات. المرجع CASE-2025-5919 · الجهة المعنية: إدارة المخاطر.,إدارة المخاطر,قيد المراجعة القانونية
CASE-00711,2022-04-01,بلاغ مبلّغ,تحقيق في مخالفة تعاقدية مع منظمة إقليمية,تحقيق في إخلال ببنود تعاقدية قد يرتب مطالبات مالية كبيرة. المرجع CASE-2022-5186 · الجهة المعنية: الأمانة العامة.,الأمانة العامة,قيد التحقيق
CASE-00712,2022-03-06,تسريب معلومات,تحقيق في تواطؤ محتمل بين موردي قطاع العمليات,تحقيق في مؤشرات تنسيق أسعار بين موردين في منافسة مغلقة. المرجع CASE-2022-8674 · الجهة المعنية: التدقيق الداخلي.,التدقيق الداخلي,قيد المراجعة القانونية
CASE-00713,2022-03-23,بلاغ مبلّغ,قضية تعارض مصالح في ترسية برنامج التوسع الإقليمي,قضية تعارض مصالح بين عضو لجنة وأحد الموردين المتنافسين. المرجع CASE-2022-2493 · الجهة المعنية: مكتب حماية المبلّغين.,مكتب حماية المبلّغين,بانتظار الرد
CASE-00714,2025-08-09,بلاغ مبلّغ,مراجعة استراتيجية لمخاطر الالتزام في قطاع البنية التحتية,مراجعة استراتيجية لمخاطر التزام قد تؤدي إلى غرامات تنظيمية. المرجع CASE-2025-1660 · الجهة المعنية: وحدة مكافحة الاحتيال.,وحدة مكافحة الاحتيال,مغلق
CASE-00715,2022-07-22,إساءة استخدام صلاحيات,بلاغ عن مخالفة في التعامل مع مواد أسلحة خاضعة للرقابة,مخالفة إجراءات مناولة أسلحة ومواد خاضعة للرقابة داخل موقع تشغيلي. المرجع CASE-2022-9841 · الجهة المعنية: التدقيق الداخلي.,التدقيق الداخلي,منتهي بتوصيات
CASE-00716,2019-03-20,بلاغ مبلّغ,ملف محال للجهة العليا رقم HC-2019-93,ملف محال لجهة عليا لارتباطه بمواقع ومنشآت وطنية محددة. المرجع CASE-2019-8951 · الجهة المعنية: وحدة الالتزام التنظيمي.,وحدة الالتزام التنظيمي,بانتظار الرد
CASE-00717,2019-11-15,بلاغ مبلّغ,مراجعة استراتيجية لمخاطر الالتزام في قطاع الأعمال المؤسسية,مراجعة استراتيجية لمخاطر التزام قد تؤدي إلى غرامات تنظيمية. المرجع CASE-2019-2439 · الجهة المعنية: الموارد البشرية.,الموارد البشرية,قيد التحقيق
CASE-00718,2022-01-01,مخالفة تعاقدية,تحقيق في تسريب خطط عمليات أمنية لفعالية وطنية,تسريب جدول عمليات أمنية قبل تنفيذ الفعالية الوطنية. المرجع CASE-2022-2763 · الجهة المعنية: الشؤون القانونية.,الشؤون القانونية,قيد التحقيق
CASE-00719,2023-01-28,تسريب معلومات,مراجعة استراتيجية لمخاطر الالتزام في قطاع التقنية والمشاريع,مراجعة استراتيجية لمخاطر التزام قد تؤدي إلى غرامات تنظيمية. المرجع CASE-2023-9345 · الجهة المعنية: التدقيق الداخلي.,التدقيق الداخلي,منتهي بتوصيات
CASE-00720,2021-08-30,بلاغ مبلّغ,قضية تعارض مصالح في ترسية برنامج التوسع الإقليمي,قضية تعارض مصالح بين عضو لجنة وأحد الموردين المتنافسين. المرجع CASE-2021-3153 · الجهة المعنية: وحدة مكافحة الاحتيال.,وحدة مكافحة الاحتيال,قيد المراجعة القانونية
CASE-00721,2020-08-26,مخالفة مشتريات,قضية إساءة استخدام معلومات داخلية في قطاع التقنية والمشاريع,قضية استخدام معلومات غير معلنة لتحقيق منفعة شخصية. المرجع CASE-2020-9512 · الجهة المعنية: وحدة مكافحة الاحتيال.,وحدة مكافحة الاحتيال,مغلق
CASE-00722,2025-08-07,مخالفة مشتريات,قضية تعارض مصالح في ترسية برنامج التوسع الإقليمي,قضية تعارض مصالح بين عضو لجنة وأحد الموردين المتنافسين. المرجع CASE-2025-9929 · الجهة المعنية: وحدة مكافحة الاحتيال.,وحدة مكافحة الاحتيال,منتهي بتوصيات
CASE-00723,2023-10-18,مخالفة سلوك مهني,تحقيق في مخالفة تعاقدية مع صندوق استثماري دولي,تحقيق في إخلال ببنود تعاقدية قد يرتب مطالبات مالية كبيرة. المرجع CASE-2023-4008 · الجهة المعنية: مكتب حماية المبلّغين.,مكتب حماية المبلّغين,منتهي بتوصيات
CASE-00724,2022-04-06,إساءة استخدام صلاحيات,تحقيق في احتيال مالي بقيمة تقديرية 4 مليون ريال,تحقيق داخلي في معاملات مالية غير مبررة وتوصيات الإحالة. المرجع CASE-2022-5362 · الجهة المعنية: مكتب حماية المبلّغين.,مكتب حماية المبلّغين,قيد المراجعة القانونية
CASE-00725,2024-03-31,بلاغ مبلّغ,بلاغ عن تسريب بيانات تخص منشأة حيوية وطنية,بلاغ داخلي عن نقل وثائق تخص منشأة حيوية إلى جهة غير مصرح لها. المرجع CASE-2024-2040 · الجهة المعنية: الأمانة العامة.,الأمانة العامة,منتهي بتوصيات
CASE-00726,2021-07-29,مخالفة تعاقدية,قضية استخدام غير مصرح لبيانات مواقع تخزين تشغيلية,استخراج قوائم مواقع تخزين تشغيلية دون تصريح. المرجع CASE-2021-3333 · الجهة المعنية: التدقيق الداخلي.,التدقيق الداخلي,محال للجهة المختصة
CASE-00727,2020-02-03,مخالفة سلوك مهني,قضية استخدام غير مصرح لبيانات مواقع تخزين تشغيلية,استخراج قوائم مواقع تخزين تشغيلية دون تصريح. المرجع CASE-2020-4710 · الجهة المعنية: التدقيق الداخلي.,التدقيق الداخلي,قيد التحقيق
CASE-00728,2023-07-15,مخالفة تعاقدية,تحقيق في مخالفة تعاقدية مع دولة شريكة,تحقيق في إخلال ببنود تعاقدية قد يرتب مطالبات مالية كبيرة. المرجع CASE-2023-6778 · الجهة المعنية: وحدة الالتزام التنظيمي.,وحدة الالتزام التنظيمي,بانتظار الرد
CASE-00729,2025-04-29,إساءة استخدام صلاحيات,تحقيق في تسريب مسودة مذكرة تفاهم مع شريك خارجي,تسريب مسودة مذكرة تفاهم قبل توقيعها رسميًا. المرجع CASE-2025-5671 · الجهة المعنية: وحدة مكافحة الاحتيال.,وحدة مكافحة الاحتيال,مغلق
CASE-00730,2025-09-13,تسريب معلومات,تحقيق في تواطؤ محتمل بين موردي قطاع الحلول الحكومية,تحقيق في مؤشرات تنسيق أسعار بين موردين في منافسة مغلقة. المرجع CASE-2025-7736 · الجهة المعنية: مكتب حماية المبلّغين.,مكتب حماية المبلّغين,قيد التحقيق
CASE-00731,2024-05-16,استخدام غير مصرح للأنظمة,بلاغ مبلّغ عن مخالفات في الاتصال المؤسسي,تحقيق سري في بلاغ مبلّغ مع حماية هويته وفق السياسة. المرجع CASE-2024-4877 · الجهة المعنية: التدقيق الداخلي.,التدقيق الداخلي,بانتظار الرد
CASE-00732,2022-10-24,إساءة استخدام صلاحيات,قضية استخدام غير مصرح لبيانات مواقع تخزين تشغيلية,استخراج قوائم مواقع تخزين تشغيلية دون تصريح. المرجع CASE-2022-3802 · الجهة المعنية: وحدة الالتزام التنظيمي.,وحدة الالتزام التنظيمي,منتهي بتوصيات
CASE-00733,2019-12-23,بلاغ مبلّغ,تحقيق في تلاعب بسجلات الاعتماد في نظام إدارة العقود,تحقيق في تعديل غير مصرح لسجلات الاعتماد المالي. المرجع CASE-2019-1353 · الجهة المعنية: التدقيق الداخلي.,التدقيق الداخلي,مغلق
CASE-00734,2023-04-22,مخالفة سلوك مهني,قضية استخدام غير مصرح لبيانات مواقع تخزين تشغيلية,استخراج قوائم مواقع تخزين تشغيلية دون تصريح. المرجع CASE-2023-7990 · الجهة المعنية: الأمانة العامة.,الأمانة العامة,محال للجهة المختصة
CASE-00735,2024-01-05,استخدام غير مصرح للأنظمة,مراجعة استراتيجية لمخاطر الالتزام في قطاع الشراكات,مراجعة استراتيجية لمخاطر التزام قد تؤدي إلى غرامات تنظيمية. المرجع CASE-2024-5128 · الجهة المعنية: وحدة الالتزام التنظيمي.,وحدة الالتزام التنظيمي,مغلق
CASE-00736,2021-06-30,احتيال مالي,بلاغ مبلّغ عن مخالفات في المشتريات,تحقيق سري في بلاغ مبلّغ مع حماية هويته وفق السياسة. المرجع CASE-2021-2717 · الجهة المعنية: التدقيق الداخلي.,التدقيق الداخلي,منتهي بتوصيات
CASE-00737,2025-12-08,مخالفة سلوك مهني,مراجعة استراتيجية لمخاطر الالتزام في قطاع الأعمال المؤسسية,مراجعة استراتيجية لمخاطر التزام قد تؤدي إلى غرامات تنظيمية. المرجع CASE-2025-2702 · الجهة المعنية: الأمانة العامة.,الأمانة العامة,قيد المراجعة القانونية
CASE-00738,2019-10-05,بلاغ مبلّغ,إعلان قناة البلاغات في الطائف - 2019,إعلان رسمي عن إطلاق قناة استقبال البلاغات وآلية استخدامها. المرجع CASE-2019-2309 · الجهة المعنية: وحدة مكافحة الاحتيال.,وحدة مكافحة الاحتيال,قيد التحقيق
CASE-00739,2025-05-06,مخالفة سلوك مهني,قضية تسريب الميزانية الاستراتيجية قبل الاعتماد,تسريب أرقام الميزانية الاستراتيجية إلى جهة خارجية قبل اعتمادها. المرجع CASE-2025-7966 · الجهة المعنية: الشؤون القانونية.,الشؤون القانونية,قيد المراجعة القانونية
CASE-00740,2021-01-17,مخالفة سلوك مهني,تحقيق في تلاعب بسجلات الاعتماد في بوابة الموردين الإلكترونية,تحقيق في تعديل غير مصرح لسجلات الاعتماد المالي. المرجع CASE-2021-9412 · الجهة المعنية: الشؤون القانونية.,الشؤون القانونية,مغلق
CASE-00741,2024-10-15,إساءة استخدام صلاحيات,ملف مراجعة خاصة رقم SR-2024-463,مراجعة خاصة بتوجيه من اللجنة مع حظر التداول حتى صدور النتيجة. المرجع CASE-2024-5145 · الجهة المعنية: وحدة الالتزام التنظيمي.,وحدة الالتزام التنظيمي,محال للجهة المختصة
CASE-00742,2022-08-03,تسريب معلومات,تحقيق في مخالفة تعاقدية مع شريك تقني عالمي,تحقيق في إخلال ببنود تعاقدية قد يرتب مطالبات مالية كبيرة. المرجع CASE-2022-2724 · الجهة المعنية: التدقيق الداخلي.,التدقيق الداخلي,قيد المراجعة القانونية
CASE-00743,2026-02-15,مخالفة تعاقدية,تحقيق في تواطؤ محتمل بين موردي قطاع البنية التحتية,تحقيق في مؤشرات تنسيق أسعار بين موردين في منافسة مغلقة. المرجع CASE-2026-6601 · الجهة المعنية: الشؤون القانونية.,الشؤون القانونية,مغلق
CASE-00744,2023-11-23,مخالفة سلوك مهني,تحقيق في مخالفة تعاقدية مع منظمة إقليمية,تحقيق في إخلال ببنود تعاقدية قد يرتب مطالبات مالية كبيرة. المرجع CASE-2023-7615 · الجهة المعنية: وحدة مكافحة الاحتيال.,وحدة مكافحة الاحتيال,مغلق
CASE-00745,2025-08-25,بلاغ مبلّغ,قضية إساءة استخدام معلومات داخلية في قطاع الأعمال المؤسسية,قضية استخدام معلومات غير معلنة لتحقيق منفعة شخصية. المرجع CASE-2025-6563 · الجهة المعنية: مكتب حماية المبلّغين.,,قيد المراجعة القانونية
CASE-00746,2020-08-16,بلاغ مبلّغ,ملف مراجعة خاصة رقم SR-2020-471,مراجعة خاصة بتوجيه من اللجنة مع حظر التداول حتى صدور النتيجة. المرجع CASE-2020-3407 · الجهة المعنية: الشؤون القانونية.,الشؤون القانونية,بانتظار الرد
CASE-00747,2019-09-13,تعارض مصالح,قضية إساءة استخدام معلومات داخلية في قطاع العمليات,قضية استخدام معلومات غير معلنة لتحقيق منفعة شخصية. المرجع CASE-2019-4312 · الجهة المعنية: وحدة مكافحة الاحتيال.,وحدة مكافحة الاحتيال,قيد المراجعة القانونية
CASE-00748,2021-09-26,مخالفة تعاقدية,قضية استخدام غير مصرح لبيانات مواقع تخزين تشغيلية,استخراج قوائم مواقع تخزين تشغيلية دون تصريح. المرجع CASE-2021-5347 · الجهة المعنية: إدارة المخاطر.,إدارة المخاطر,قيد التحقيق
CASE-00749,2025-01-31,تعارض مصالح,تحقيق في تواطؤ محتمل بين موردي قطاع التقنية والمشاريع,تحقيق في مؤشرات تنسيق أسعار بين موردين في منافسة مغلقة. المرجع CASE-2025-3001 · الجهة المعنية: إدارة المخاطر.,,قيد المراجعة القانونية
CASE-00750,2019-12-09,تعارض مصالح,قضية تسريب الميزانية الاستراتيجية قبل الاعتماد,تسريب أرقام الميزانية الاستراتيجية إلى جهة خارجية قبل اعتمادها. المرجع CASE-2019-5415 · الجهة المعنية: التدقيق الداخلي.,التدقيق الداخلي,مغلق
CASE-00751,2019-11-27,مخالفة مشتريات,بلاغ عن تسريب بيانات تخص منشأة حيوية وطنية,بلاغ داخلي عن نقل وثائق تخص منشأة حيوية إلى جهة غير مصرح لها. المرجع CASE-2019-1840 · الجهة المعنية: الموارد البشرية.,الموارد البشرية,محال للجهة المختصة
CASE-00752,2023-10-15,احتيال مالي,قضية تسريب الميزانية الاستراتيجية قبل الاعتماد,تسريب أرقام الميزانية الاستراتيجية إلى جهة خارجية قبل اعتمادها. المرجع CASE-2023-6169 · الجهة المعنية: وحدة الالتزام التنظيمي.,وحدة الالتزام التنظيمي,قيد المراجعة القانونية
CASE-00753,2025-12-15,احتيال مالي,ملف مراجعة خاصة رقم SR-2025-575,مراجعة خاصة بتوجيه من اللجنة مع حظر التداول حتى صدور النتيجة. المرجع CASE-2025-2602 · الجهة المعنية: وحدة مكافحة الاحتيال.,وحدة مكافحة الاحتيال,بانتظار الرد
CASE-00754,2026-04-18,مخالفة سلوك مهني,مراجعة استراتيجية لمخاطر الالتزام في قطاع الخدمات الرقمية,مراجعة استراتيجية لمخاطر التزام قد تؤدي إلى غرامات تنظيمية. المرجع CASE-2026-6879 · الجهة المعنية: إدارة المخاطر.,إدارة المخاطر,محال للجهة المختصة
CASE-00755,2019-10-14,مخالفة تعاقدية,قضية مساس بمتطلبات سيادة البيانات الوطنية,استضافة بيانات وطنية خارج النطاق بما يخالف متطلبات سيادة البيانات. المرجع CASE-2019-9089 · الجهة المعنية: إدارة المخاطر.,إدارة المخاطر,بانتظار الرد
CASE-00756,2023-03-29,تسريب معلومات,قضية تسريب الميزانية الاستراتيجية قبل الاعتماد,تسريب أرقام الميزانية الاستراتيجية إلى جهة خارجية قبل اعتمادها. المرجع CASE-2023-2102 · الجهة المعنية: الموارد البشرية.,الموارد البشرية,قيد التحقيق
CASE-00757,2023-05-09,بلاغ مبلّغ,بلاغ مبلّغ عن مخالفات في المالية,تحقيق سري في بلاغ مبلّغ مع حماية هويته وفق السياسة. المرجع CASE-2023-1639 · الجهة المعنية: الأمانة العامة.,الأمانة العامة,مغلق
CASE-00758,2024-03-28,إساءة استخدام صلاحيات,مخالفة في التعامل مع مخرجات مورد عسكري المنشأ,استخدام مكوّن عسكري المنشأ خارج الضوابط التعاقدية المعتمدة. المرجع CASE-2024-9553 · الجهة المعنية: التدقيق الداخلي.,التدقيق الداخلي,محال للجهة المختصة
CASE-00759,2021-02-23,استخدام غير مصرح للأنظمة,قضية تعارض مصالح في ترسية برنامج التوسع الإقليمي,قضية تعارض مصالح بين عضو لجنة وأحد الموردين المتنافسين. المرجع CASE-2021-3941 · الجهة المعنية: وحدة الالتزام التنظيمي.,وحدة الالتزام التنظيمي,محال للجهة المختصة
CASE-00760,2019-07-25,احتيال مالي,قضية تمويل مشبوه مرتبط بشبكة خارجية,إحالة إلى الجهات الأمنية بعد رصد نمط تمويل يتصل بأنشطة استخبارات. المرجع CASE-2019-8387 · الجهة المعنية: الموارد البشرية.,الموارد البشرية,قيد التحقيق
CASE-00761,2020-02-24,بلاغ مبلّغ,قضية استخدام غير مصرح لبيانات مواقع تخزين تشغيلية,استخراج قوائم مواقع تخزين تشغيلية دون تصريح. المرجع CASE-2020-1759 · الجهة المعنية: وحدة مكافحة الاحتيال.,وحدة مكافحة الاحتيال,محال للجهة المختصة
CASE-00762,2022-01-13,بلاغ مبلّغ,طلب تصحيح بيانات هوية في سجل الموظفين,طلب تصحيح حقول هوية وبيانات تواصل في السجل. المرجع CASE-2022-9468 · الجهة المعنية: إدارة المخاطر.,,قيد التحقيق
CASE-00763,2024-11-14,تسريب معلومات,تحقيق في تلاعب بسجلات الاعتماد في بوابة المستفيدين,تحقيق في تعديل غير مصرح لسجلات الاعتماد المالي. المرجع CASE-2024-1945 · الجهة المعنية: وحدة مكافحة الاحتيال.,وحدة مكافحة الاحتيال,بانتظار الرد
CASE-00764,2025-12-06,مخالفة مشتريات,إعلان قناة البلاغات في الدمام - 2025,إعلان رسمي عن إطلاق قناة استقبال البلاغات وآلية استخدامها. المرجع CASE-2025-7645 · الجهة المعنية: الأمانة العامة.,الأمانة العامة,بانتظار الرد
CASE-00765,2019-04-05,مخالفة تعاقدية,ملخص مواجهة أطراف في الملف رقم MF-2019-767,محضر مواجهة يتضمن إفادات أطراف قد ترتب مسؤولية نظامية. المرجع CASE-2019-8577 · الجهة المعنية: الشؤون القانونية.,الشؤون القانونية,مغلق
CASE-00766,2022-10-16,احتيال مالي,قضية تسريب الميزانية الاستراتيجية قبل الاعتماد,تسريب أرقام الميزانية الاستراتيجية إلى جهة خارجية قبل اعتمادها. المرجع CASE-2022-9194 · الجهة المعنية: الأمانة العامة.,الأمانة العامة,منتهي بتوصيات
CASE-00767,2026-01-10,تعارض مصالح,تحقيق في مخالفة تعاقدية مع شريك تقني عالمي,تحقيق في إخلال ببنود تعاقدية قد يرتب مطالبات مالية كبيرة. المرجع CASE-2026-6039 · الجهة المعنية: وحدة الالتزام التنظيمي.,وحدة الالتزام التنظيمي,محال للجهة المختصة
CASE-00768,2024-12-20,احتيال مالي,بلاغ مبلّغ عن مخالفات في الاتصال المؤسسي,تحقيق سري في بلاغ مبلّغ مع حماية هويته وفق السياسة. المرجع CASE-2024-4117 · الجهة المعنية: التدقيق الداخلي.,التدقيق الداخلي,قيد التحقيق
CASE-00769,2023-12-21,تسريب معلومات,تحقيق في مخالفة تعاقدية مع شريك تقني عالمي,تحقيق في إخلال ببنود تعاقدية قد يرتب مطالبات مالية كبيرة. المرجع CASE-2023-4518 · الجهة المعنية: مكتب حماية المبلّغين.,مكتب حماية المبلّغين,محال للجهة المختصة
CASE-00770,2020-10-09,مخالفة مشتريات,تحقيق في تلاعب بسجلات الاعتماد في منصة تبادل البيانات الوطنية,تحقيق في تعديل غير مصرح لسجلات الاعتماد المالي. المرجع CASE-2020-7821 · الجهة المعنية: التدقيق الداخلي.,التدقيق الداخلي,منتهي بتوصيات
CASE-00771,2024-08-22,مخالفة مشتريات,ملف محال للجهة العليا رقم HC-2024-13,ملف محال لجهة عليا لارتباطه بمواقع ومنشآت وطنية محددة. المرجع CASE-2024-6733 · الجهة المعنية: الشؤون القانونية.,الشؤون القانونية,محال للجهة المختصة
CASE-00772,2021-05-26,إساءة استخدام صلاحيات,قضية مساس بمتطلبات سيادة البيانات الوطنية,استضافة بيانات وطنية خارج النطاق بما يخالف متطلبات سيادة البيانات. المرجع CASE-2021-6233 · الجهة المعنية: الموارد البشرية.,الموارد البشرية,مغلق
CASE-00773,2019-02-27,بلاغ مبلّغ,تحقيق في تسريب مسودة مذكرة تفاهم مع شريك خارجي,تسريب مسودة مذكرة تفاهم قبل توقيعها رسميًا. المرجع CASE-2019-7667 · الجهة المعنية: إدارة المخاطر.,إدارة المخاطر,محال للجهة المختصة
CASE-00774,2025-09-20,احتيال مالي,تحقيق في تلاعب بسجلات الاعتماد في مركز البيانات الاحتياطي,تحقيق في تعديل غير مصرح لسجلات الاعتماد المالي. المرجع CASE-2025-8290 · الجهة المعنية: الأمانة العامة.,الأمانة العامة,منتهي بتوصيات
CASE-00775,2022-08-20,تسريب معلومات,تحقيق في احتيال مالي بقيمة تقديرية 27 مليون ريال,تحقيق داخلي في معاملات مالية غير مبررة وتوصيات الإحالة. المرجع CASE-2022-5128 · الجهة المعنية: الشؤون القانونية.,الشؤون القانونية,منتهي بتوصيات
CASE-00776,2020-05-08,مخالفة سلوك مهني,تحقيق في تلاعب بسجلات الاعتماد في بوابة المستفيدين,تحقيق في تعديل غير مصرح لسجلات الاعتماد المالي. المرجع CASE-2020-7609 · الجهة المعنية: الموارد البشرية.,الموارد البشرية,محال للجهة المختصة
CASE-00777,2023-02-09,استخدام غير مصرح للأنظمة,قضية مساس بمتطلبات سيادة البيانات الوطنية,استضافة بيانات وطنية خارج النطاق بما يخالف متطلبات سيادة البيانات. المرجع CASE-2023-3208 · الجهة المعنية: وحدة مكافحة الاحتيال.,وحدة مكافحة الاحتيال,محال للجهة المختصة
CASE-00778,2022-03-11,مخالفة مشتريات,ملف محال للجهة العليا رقم HC-2022-36,ملف محال لجهة عليا لارتباطه بمواقع ومنشآت وطنية محددة. المرجع CASE-2022-9119 · الجهة المعنية: الشؤون القانونية.,الشؤون القانونية,منتهي بتوصيات
CASE-00779,2024-08-16,مخالفة تعاقدية,قضية استخدام غير مصرح لبيانات مواقع تخزين تشغيلية,استخراج قوائم مواقع تخزين تشغيلية دون تصريح. المرجع CASE-2024-2777 · الجهة المعنية: مكتب حماية المبلّغين.,مكتب حماية المبلّغين,قيد التحقيق
CASE-00780,2021-08-18,استخدام غير مصرح للأنظمة,بلاغ عن مخالفة في التعامل مع مواد أسلحة خاضعة للرقابة,مخالفة إجراءات مناولة أسلحة ومواد خاضعة للرقابة داخل موقع تشغيلي. المرجع CASE-2021-2135 · الجهة المعنية: الموارد البشرية.,الموارد البشرية,قيد التحقيق
CASE-00781,2024-08-02,تعارض مصالح,قضية تسريب الميزانية الاستراتيجية قبل الاعتماد,تسريب أرقام الميزانية الاستراتيجية إلى جهة خارجية قبل اعتمادها. المرجع CASE-2024-7066 · الجهة المعنية: مكتب حماية المبلّغين.,مكتب حماية المبلّغين,بانتظار الرد
CASE-00782,2019-11-12,مخالفة سلوك مهني,قضية تسريب الميزانية الاستراتيجية قبل الاعتماد,تسريب أرقام الميزانية الاستراتيجية إلى جهة خارجية قبل اعتمادها. المرجع CASE-2019-8408 · الجهة المعنية: إدارة المخاطر.,إدارة المخاطر,قيد التحقيق
CASE-00783,2020-10-07,مخالفة مشتريات,قضية استخدام غير مصرح لبيانات مواقع تخزين تشغيلية,استخراج قوائم مواقع تخزين تشغيلية دون تصريح. المرجع CASE-2020-7988 · الجهة المعنية: التدقيق الداخلي.,التدقيق الداخلي,قيد التحقيق
CASE-00784,2021-06-19,مخالفة سلوك مهني,تحقيق في احتيال مالي بقيمة تقديرية 23 مليون ريال,تحقيق داخلي في معاملات مالية غير مبررة وتوصيات الإحالة. المرجع CASE-2021-2814 · الجهة المعنية: وحدة الالتزام التنظيمي.,وحدة الالتزام التنظيمي,مغلق
CASE-00785,2023-05-23,مخالفة تعاقدية,دليل خدمات الالتزام المنشور - قطاع التحول الرقمي 2023,دليل خدمات منشور يشرح مسارات الالتزام المتاحة. المرجع CASE-2023-4778 · الجهة المعنية: الشؤون القانونية.,الشؤون القانونية,محال للجهة المختصة
CASE-00786,2025-07-20,تسريب معلومات,ملف مراجعة خاصة رقم SR-2025-797,مراجعة خاصة بتوجيه من اللجنة مع حظر التداول حتى صدور النتيجة. المرجع CASE-2025-2283 · الجهة المعنية: الشؤون القانونية.,,منتهي بتوصيات
CASE-00787,2024-06-02,مخالفة مشتريات,قضية استخدام غير مصرح لبيانات مواقع تخزين تشغيلية,استخراج قوائم مواقع تخزين تشغيلية دون تصريح. المرجع CASE-2024-3834 · الجهة المعنية: الأمانة العامة.,الأمانة العامة,بانتظار الرد
CASE-00788,2024-06-03,استخدام غير مصرح للأنظمة,قضية استخدام غير مصرح لبيانات مواقع تخزين تشغيلية,استخراج قوائم مواقع تخزين تشغيلية دون تصريح. المرجع CASE-2024-3108 · الجهة المعنية: وحدة الالتزام التنظيمي.,وحدة الالتزام التنظيمي,منتهي بتوصيات
CASE-00789,2022-05-11,إساءة استخدام صلاحيات,مراجعة استراتيجية لمخاطر الالتزام في قطاع الحلول الحكومية,مراجعة استراتيجية لمخاطر التزام قد تؤدي إلى غرامات تنظيمية. المرجع CASE-2022-3609 · الجهة المعنية: الشؤون القانونية.,الشؤون القانونية,بانتظار الرد
CASE-00790,2025-07-26,تعارض مصالح,قضية تعارض مصالح في ترسية برنامج الذكاء الاصطناعي المؤسسي,قضية تعارض مصالح بين عضو لجنة وأحد الموردين المتنافسين. المرجع CASE-2025-7919 · الجهة المعنية: الأمانة العامة.,الأمانة العامة,مغلق
CASE-00791,2023-01-04,بلاغ مبلّغ,بلاغ مبلّغ عن مخالفات في التخطيط والتطوير,تحقيق سري في بلاغ مبلّغ مع حماية هويته وفق السياسة. المرجع CASE-2023-3536 · الجهة المعنية: مكتب حماية المبلّغين.,مكتب حماية المبلّغين,مغلق
CASE-00792,2019-10-26,تسريب معلومات,قضية تسريب الميزانية الاستراتيجية قبل الاعتماد,تسريب أرقام الميزانية الاستراتيجية إلى جهة خارجية قبل اعتمادها. المرجع CASE-2019-8475 · الجهة المعنية: وحدة الالتزام التنظيمي.,وحدة الالتزام التنظيمي,محال للجهة المختصة
CASE-00793,2025-01-14,تعارض مصالح,قضية استخدام غير مصرح لبيانات مواقع تخزين تشغيلية,استخراج قوائم مواقع تخزين تشغيلية دون تصريح. المرجع CASE-2025-5346 · الجهة المعنية: التدقيق الداخلي.,التدقيق الداخلي,محال للجهة المختصة
CASE-00794,2022-11-08,تعارض مصالح,قضية إساءة استخدام معلومات داخلية في قطاع العمليات,قضية استخدام معلومات غير معلنة لتحقيق منفعة شخصية. المرجع CASE-2022-8781 · الجهة المعنية: وحدة مكافحة الاحتيال.,وحدة مكافحة الاحتيال,مغلق
CASE-00795,2023-05-01,إساءة استخدام صلاحيات,تحقيق في احتيال مالي بقيمة تقديرية 26 مليون ريال,تحقيق داخلي في معاملات مالية غير مبررة وتوصيات الإحالة. المرجع CASE-2023-8789 · الجهة المعنية: الأمانة العامة.,الأمانة العامة,قيد المراجعة القانونية
CASE-00796,2025-04-12,تعارض مصالح,تحقيق في تواطؤ محتمل بين موردي قطاع الخدمات الرقمية,تحقيق في مؤشرات تنسيق أسعار بين موردين في منافسة مغلقة. المرجع CASE-2025-2753 · الجهة المعنية: مكتب حماية المبلّغين.,مكتب حماية المبلّغين,منتهي بتوصيات
CASE-00797,2021-01-17,تعارض مصالح,مراجعة استراتيجية لمخاطر الالتزام في قطاع الخدمات الرقمية,مراجعة استراتيجية لمخاطر التزام قد تؤدي إلى غرامات تنظيمية. المرجع CASE-2021-3267 · الجهة المعنية: وحدة مكافحة الاحتيال.,وحدة مكافحة الاحتيال,قيد المراجعة القانونية
CASE-00798,2025-08-11,تسريب معلومات,بلاغ عن مخالفة في التعامل مع مواد أسلحة خاضعة للرقابة,مخالفة إجراءات مناولة أسلحة ومواد خاضعة للرقابة داخل موقع تشغيلي. المرجع CASE-2025-2703 · الجهة المعنية: إدارة المخاطر.,إدارة المخاطر,بانتظار الرد
CASE-00799,2024-05-14,مخالفة تعاقدية,مراجعة استراتيجية لمخاطر الالتزام في قطاع الحلول الحكومية,مراجعة استراتيجية لمخاطر التزام قد تؤدي إلى غرامات تنظيمية. المرجع CASE-2024-2005 · الجهة المعنية: الشؤون القانونية.,الشؤون القانونية,قيد المراجعة القانونية
CASE-00800,2023-05-03,احتيال مالي,قضية تعارض مصالح في ترسية برنامج الذكاء الاصطناعي المؤسسي,قضية تعارض مصالح بين عضو لجنة وأحد الموردين المتنافسين. المرجع CASE-2023-1076 · الجهة المعنية: التدقيق الداخلي.,التدقيق الداخلي,قيد التحقيق
CASE-00801,2023-05-09,مخالفة تعاقدية,قضية إساءة استخدام معلومات داخلية في قطاع الشراكات,قضية استخدام معلومات غير معلنة لتحقيق منفعة شخصية. المرجع CASE-2023-6965 · الجهة المعنية: وحدة مكافحة الاحتيال.,وحدة مكافحة الاحتيال,قيد المراجعة القانونية
CASE-00802,2019-10-01,استخدام غير مصرح للأنظمة,تحقيق في تواطؤ محتمل بين موردي قطاع الحلول الحكومية,تحقيق في مؤشرات تنسيق أسعار بين موردين في منافسة مغلقة. المرجع CASE-2019-2495 · الجهة المعنية: إدارة المخاطر.,إدارة المخاطر,محال للجهة المختصة
CASE-00803,2023-08-23,استخدام غير مصرح للأنظمة,مراجعة استراتيجية لمخاطر الالتزام في قطاع التحول الرقمي,مراجعة استراتيجية لمخاطر التزام قد تؤدي إلى غرامات تنظيمية. المرجع CASE-2023-9675 · الجهة المعنية: التدقيق الداخلي.,التدقيق الداخلي,منتهي بتوصيات
CASE-00804,2020-02-29,بلاغ مبلّغ,تحقيق في تسريب مسودة مذكرة تفاهم مع شريك خارجي,تسريب مسودة مذكرة تفاهم قبل توقيعها رسميًا. المرجع CASE-2020-5931 · الجهة المعنية: التدقيق الداخلي.,التدقيق الداخلي,بانتظار الرد
CASE-00805,2020-02-26,احتيال مالي,مراجعة استراتيجية لمخاطر الالتزام في قطاع الشراكات,مراجعة استراتيجية لمخاطر التزام قد تؤدي إلى غرامات تنظيمية. المرجع CASE-2020-4923 · الجهة المعنية: الموارد البشرية.,الموارد البشرية,بانتظار الرد
CASE-00806,2024-01-09,مخالفة مشتريات,طلب إجازة طبي ممتدة - المشتريات,ملف طبي داعم لطلب إجازة ممتدة لأحد المنسوبين. المرجع CASE-2024-8869 · الجهة المعنية: وحدة الالتزام التنظيمي.,وحدة الالتزام التنظيمي,محال للجهة المختصة
CASE-00807,2025-10-26,مخالفة مشتريات,تحقيق في تلاعب بسجلات الاعتماد في نظام التحقق الرقمي,تحقيق في تعديل غير مصرح لسجلات الاعتماد المالي. المرجع CASE-2025-2906 · الجهة المعنية: الموارد البشرية.,الموارد البشرية,قيد المراجعة القانونية
CASE-00808,2020-04-25,بلاغ مبلّغ,قضية تسريب الميزانية الاستراتيجية قبل الاعتماد,تسريب أرقام الميزانية الاستراتيجية إلى جهة خارجية قبل اعتمادها. المرجع CASE-2020-2981 · الجهة المعنية: التدقيق الداخلي.,التدقيق الداخلي,بانتظار الرد
CASE-00809,2025-09-10,إساءة استخدام صلاحيات,تحقيق في تواطؤ محتمل بين موردي قطاع التقنية والمشاريع,تحقيق في مؤشرات تنسيق أسعار بين موردين في منافسة مغلقة. المرجع CASE-2025-3006 · الجهة المعنية: إدارة المخاطر.,إدارة المخاطر,بانتظار الرد
CASE-00810,2019-07-31,مخالفة تعاقدية,منشور سياسة السلوك المهني - المالية 2019,منشور عام يوضح مبادئ السلوك المهني المعتمدة. المرجع CASE-2019-8356 · الجهة المعنية: الأمانة العامة.,الأمانة العامة,منتهي بتوصيات
CASE-00811,2024-12-09,احتيال مالي,ملخص مواجهة أطراف في الملف رقم MF-2024-286,محضر مواجهة يتضمن إفادات أطراف قد ترتب مسؤولية نظامية. المرجع CASE-2024-1958 · الجهة المعنية: مكتب حماية المبلّغين.,مكتب حماية المبلّغين,بانتظار الرد
CASE-00812,2021-12-04,استخدام غير مصرح للأنظمة,قضية تسريب الميزانية الاستراتيجية قبل الاعتماد,تسريب أرقام الميزانية الاستراتيجية إلى جهة خارجية قبل اعتمادها. المرجع CASE-2021-5038 · الجهة المعنية: إدارة المخاطر.,إدارة المخاطر,بانتظار الرد
CASE-00813,2025-04-03,بلاغ مبلّغ,منشور سياسة السلوك المهني - تقنية المعلومات 2025,منشور عام يوضح مبادئ السلوك المهني المعتمدة. المرجع CASE-2025-6681 · الجهة المعنية: الشؤون القانونية.,الشؤون القانونية,قيد التحقيق
CASE-00814,2025-11-01,احتيال مالي,تحقيق في مخالفة تعاقدية مع صندوق استثماري دولي,تحقيق في إخلال ببنود تعاقدية قد يرتب مطالبات مالية كبيرة. المرجع CASE-2025-6257 · الجهة المعنية: الشؤون القانونية.,الشؤون القانونية,مغلق
CASE-00815,2020-12-07,مخالفة تعاقدية,تحقيق في تواطؤ محتمل بين موردي قطاع التحول الرقمي,تحقيق في مؤشرات تنسيق أسعار بين موردين في منافسة مغلقة. المرجع CASE-2020-3181 · الجهة المعنية: وحدة مكافحة الاحتيال.,وحدة مكافحة الاحتيال,مغلق
CASE-00816,2020-12-16,بلاغ مبلّغ,مراجعة استراتيجية لمخاطر الالتزام في قطاع التحول الرقمي,مراجعة استراتيجية لمخاطر التزام قد تؤدي إلى غرامات تنظيمية. المرجع CASE-2020-3432 · الجهة المعنية: الموارد البشرية.,الموارد البشرية,قيد المراجعة القانونية
CASE-00817,2023-08-22,مخالفة تعاقدية,تحقيق في تواطؤ محتمل بين موردي قطاع العمليات,تحقيق في مؤشرات تنسيق أسعار بين موردين في منافسة مغلقة. المرجع CASE-2023-5193 · الجهة المعنية: الأمانة العامة.,الأمانة العامة,قيد المراجعة القانونية
CASE-00818,2022-04-01,بلاغ مبلّغ,ملف محال للجهة العليا رقم HC-2022-82,ملف محال لجهة عليا لارتباطه بمواقع ومنشآت وطنية محددة. المرجع CASE-2022-5720 · الجهة المعنية: وحدة الالتزام التنظيمي.,وحدة الالتزام التنظيمي,منتهي بتوصيات
CASE-00819,2019-03-19,استخدام غير مصرح للأنظمة,قضية إساءة استخدام معلومات داخلية في قطاع الشراكات,قضية استخدام معلومات غير معلنة لتحقيق منفعة شخصية. المرجع CASE-2019-6769 · الجهة المعنية: وحدة مكافحة الاحتيال.,وحدة مكافحة الاحتيال,قيد التحقيق
CASE-00820,2021-07-11,مخالفة مشتريات,قضية تسريب الميزانية الاستراتيجية قبل الاعتماد,تسريب أرقام الميزانية الاستراتيجية إلى جهة خارجية قبل اعتمادها. المرجع CASE-2021-1534 · الجهة المعنية: وحدة مكافحة الاحتيال.,وحدة مكافحة الاحتيال,قيد المراجعة القانونية
CASE-00821,2022-10-25,بلاغ مبلّغ,قضية إساءة استخدام معلومات داخلية في قطاع التحول الرقمي,قضية استخدام معلومات غير معلنة لتحقيق منفعة شخصية. المرجع CASE-2022-2698 · الجهة المعنية: التدقيق الداخلي.,التدقيق الداخلي,منتهي بتوصيات
CASE-00822,2019-03-25,احتيال مالي,مخالفة خصوصية في تداول ملفات المنسوبين,تداول ملفات موظفين دون مراعاة ضوابط خصوصية البيانات. المرجع CASE-2019-6480 · الجهة المعنية: وحدة الالتزام التنظيمي.,وحدة الالتزام التنظيمي,قيد المراجعة القانونية
CASE-00823,2024-02-18,بلاغ مبلّغ,قضية اشتباه تجسس إلكتروني على بوابة المستفيدين,تعاون مع جهات استخبارات وطنية بشأن نشاط تجسس مشتبه به. المرجع CASE-2024-9434 · الجهة المعنية: مكتب حماية المبلّغين.,مكتب حماية المبلّغين,مغلق
CASE-00824,2022-05-15,استخدام غير مصرح للأنظمة,قضية مساس بمتطلبات سيادة البيانات الوطنية,استضافة بيانات وطنية خارج النطاق بما يخالف متطلبات سيادة البيانات. المرجع CASE-2022-3152 · الجهة المعنية: الموارد البشرية.,الموارد البشرية,قيد المراجعة القانونية
CASE-00825,2021-05-20,مخالفة مشتريات,بلاغ مبلّغ عن مخالفات في ضبط الجودة,تحقيق سري في بلاغ مبلّغ مع حماية هويته وفق السياسة. المرجع CASE-2021-1006 · الجهة المعنية: وحدة مكافحة الاحتيال.,وحدة مكافحة الاحتيال,محال للجهة المختصة
CASE-00826,2023-08-09,إساءة استخدام صلاحيات,ملخص مواجهة أطراف في الملف رقم MF-2023-137,محضر مواجهة يتضمن إفادات أطراف قد ترتب مسؤولية نظامية. المرجع CASE-2023-2527 · الجهة المعنية: الأمانة العامة.,الأمانة العامة,منتهي بتوصيات
CASE-00827,2024-03-29,تعارض مصالح,طلب تصحيح بيانات هوية في سجل الموظفين,طلب تصحيح حقول هوية وبيانات تواصل في السجل. المرجع CASE-2024-8864 · الجهة المعنية: إدارة المخاطر.,إدارة المخاطر,محال للجهة المختصة
CASE-00828,2024-01-21,استخدام غير مصرح للأنظمة,قضية اشتباه تجسس إلكتروني على نظام الأرشفة الإلكترونية,تعاون مع جهات استخبارات وطنية بشأن نشاط تجسس مشتبه به. المرجع CASE-2024-9523 · الجهة المعنية: إدارة المخاطر.,إدارة المخاطر,قيد المراجعة القانونية
CASE-00829,2023-10-31,احتيال مالي,تحقيق في احتيال مالي بقيمة تقديرية 38 مليون ريال,تحقيق داخلي في معاملات مالية غير مبررة وتوصيات الإحالة. المرجع CASE-2023-1479 · الجهة المعنية: الأمانة العامة.,الأمانة العامة,بانتظار الرد
CASE-00830,2025-04-20,تسريب معلومات,قضية استخدام غير مصرح لبيانات مواقع تخزين تشغيلية,استخراج قوائم مواقع تخزين تشغيلية دون تصريح. المرجع CASE-2025-7367 · الجهة المعنية: وحدة الالتزام التنظيمي.,وحدة الالتزام التنظيمي,مغلق
CASE-00831,2024-10-06,تسريب معلومات,قضية تعارض مصالح في ترسية برنامج الاستحواذ التقني,قضية تعارض مصالح بين عضو لجنة وأحد الموردين المتنافسين. المرجع CASE-2024-9219 · الجهة المعنية: وحدة مكافحة الاحتيال.,وحدة مكافحة الاحتيال,قيد المراجعة القانونية
CASE-00832,2020-02-21,مخالفة سلوك مهني,مخالفة في التعامل مع مخرجات مورد عسكري المنشأ,استخدام مكوّن عسكري المنشأ خارج الضوابط التعاقدية المعتمدة. المرجع CASE-2020-5180 · الجهة المعنية: مكتب حماية المبلّغين.,مكتب حماية المبلّغين,مغلق
CASE-00833,2020-03-07,مخالفة سلوك مهني,تحقيق في تلاعب بسجلات الاعتماد في مركز البيانات الرئيسي,تحقيق في تعديل غير مصرح لسجلات الاعتماد المالي. المرجع CASE-2020-2547 · الجهة المعنية: مكتب حماية المبلّغين.,مكتب حماية المبلّغين,قيد التحقيق
CASE-00834,2025-07-30,مخالفة تعاقدية,ملف مراجعة خاصة رقم SR-2025-824,مراجعة خاصة بتوجيه من اللجنة مع حظر التداول حتى صدور النتيجة. المرجع CASE-2025-1751 · الجهة المعنية: الأمانة العامة.,الأمانة العامة,قيد التحقيق
CASE-00835,2021-02-27,مخالفة سلوك مهني,ملف محال للجهة العليا رقم HC-2021-73,ملف محال لجهة عليا لارتباطه بمواقع ومنشآت وطنية محددة. المرجع CASE-2021-9144 · الجهة المعنية: مكتب حماية المبلّغين.,مكتب حماية المبلّغين,محال للجهة المختصة
CASE-00836,2024-11-26,مخالفة سلوك مهني,تحقيق في محاولة الوصول إلى سجلات تحركات القوات,محاولة موظف الوصول إلى سجلات تحركات القوات دون تصريح. المرجع CASE-2024-4783 · الجهة المعنية: الأمانة العامة.,الأمانة العامة,بانتظار الرد
CASE-00837,2025-11-17,مخالفة مشتريات,تحقيق في تلاعب بسجلات الاعتماد في منصة تبادل البيانات الوطنية,تحقيق في تعديل غير مصرح لسجلات الاعتماد المالي. المرجع CASE-2025-9627 · الجهة المعنية: وحدة مكافحة الاحتيال.,وحدة مكافحة الاحتيال,محال للجهة المختصة
CASE-00838,2023-06-25,تسريب معلومات,مذكرة داخلية بشأن ضبط الحضور في الشؤون القانونية,مذكرة داخلية تنظيمية حول التزام الحضور والانصراف. المرجع CASE-2023-6760 · الجهة المعنية: وحدة مكافحة الاحتيال.,وحدة مكافحة الاحتيال,قيد التحقيق
CASE-00839,2021-08-25,بلاغ مبلّغ,تحقيق في تسريب مسودة مذكرة تفاهم مع شريك خارجي,تسريب مسودة مذكرة تفاهم قبل توقيعها رسميًا. المرجع CASE-2021-3881 · الجهة المعنية: الموارد البشرية.,الموارد البشرية,قيد المراجعة القانونية
CASE-00840,2021-04-13,احتيال مالي,قضية تعارض مصالح في ترسية برنامج المرونة التشغيلية,قضية تعارض مصالح بين عضو لجنة وأحد الموردين المتنافسين. المرجع CASE-2021-7978 · الجهة المعنية: الموارد البشرية.,الموارد البشرية,قيد المراجعة القانونية
CASE-00841,2021-06-20,بلاغ مبلّغ,مخالفة في التعامل مع مخرجات مورد عسكري المنشأ,استخدام مكوّن عسكري المنشأ خارج الضوابط التعاقدية المعتمدة. المرجع CASE-2021-5939 · الجهة المعنية: الشؤون القانونية.,الشؤون القانونية,بانتظار الرد
CASE-00842,2025-04-14,استخدام غير مصرح للأنظمة,تحقيق في تلاعب بسجلات الاعتماد في منصة الخدمات الحكومية الموحدة,تحقيق في تعديل غير مصرح لسجلات الاعتماد المالي. المرجع CASE-2025-2657 · الجهة المعنية: وحدة مكافحة الاحتيال.,وحدة مكافحة الاحتيال,مغلق
CASE-00843,2026-06-15,تسريب معلومات,تحقيق في محاولة الوصول إلى سجلات تحركات القوات,محاولة موظف الوصول إلى سجلات تحركات القوات دون تصريح. المرجع CASE-2026-9768 · الجهة المعنية: إدارة المخاطر.,إدارة المخاطر,بانتظار الرد
CASE-00844,2025-05-19,احتيال مالي,تحقيق في تسريب خطط عمليات أمنية لفعالية وطنية,تسريب جدول عمليات أمنية قبل تنفيذ الفعالية الوطنية. المرجع CASE-2025-1216 · الجهة المعنية: الموارد البشرية.,الموارد البشرية,منتهي بتوصيات
CASE-00845,2021-05-31,مخالفة تعاقدية,تحقيق في احتيال مالي بقيمة تقديرية 39 مليون ريال,تحقيق داخلي في معاملات مالية غير مبررة وتوصيات الإحالة. المرجع CASE-2021-4175 · الجهة المعنية: مكتب حماية المبلّغين.,مكتب حماية المبلّغين,محال للجهة المختصة
CASE-00846,2023-03-31,بلاغ مبلّغ,شكوى بيئة عمل في الخدمات المساندة,شكوى موظف تتضمن بيانات شخصية وتفاصيل تواصل داخلية. المرجع CASE-2023-9770 · الجهة المعنية: التدقيق الداخلي.,التدقيق الداخلي,قيد التحقيق
CASE-00847,2024-05-12,استخدام غير مصرح للأنظمة,إعلان قناة البلاغات في الخبر - 2024,إعلان رسمي عن إطلاق قناة استقبال البلاغات وآلية استخدامها. المرجع CASE-2024-2406 · الجهة المعنية: إدارة المخاطر.,إدارة المخاطر,بانتظار الرد
CASE-00848,2019-02-26,مخالفة سلوك مهني,بلاغ عن مخالفة في التعامل مع مواد أسلحة خاضعة للرقابة,مخالفة إجراءات مناولة أسلحة ومواد خاضعة للرقابة داخل موقع تشغيلي. المرجع CASE-2019-2758 · الجهة المعنية: الشؤون القانونية.,الشؤون القانونية,قيد التحقيق
CASE-00849,2019-05-20,مخالفة مشتريات,طلب تصحيح بيانات هوية في سجل الموظفين,طلب تصحيح حقول هوية وبيانات تواصل في السجل. المرجع CASE-2019-5469 · الجهة المعنية: التدقيق الداخلي.,التدقيق الداخلي,محال للجهة المختصة
CASE-00850,2020-02-04,مخالفة سلوك مهني,تحقيق في تسريب خطط عمليات أمنية لفعالية وطنية,تسريب جدول عمليات أمنية قبل تنفيذ الفعالية الوطنية. المرجع CASE-2020-1429 · الجهة المعنية: الشؤون القانونية.,الشؤون القانونية,قيد التحقيق
CASE-00851,2023-05-26,استخدام غير مصرح للأنظمة,قضية اشتباه تجسس إلكتروني على منصة المراسلات الرسمية,تعاون مع جهات استخبارات وطنية بشأن نشاط تجسس مشتبه به. المرجع CASE-2023-1766 · الجهة المعنية: وحدة الالتزام التنظيمي.,وحدة الالتزام التنظيمي,محال للجهة المختصة
CASE-00852,2019-11-24,مخالفة سلوك مهني,ملخص مواجهة أطراف في الملف رقم MF-2019-147,محضر مواجهة يتضمن إفادات أطراف قد ترتب مسؤولية نظامية. المرجع CASE-2019-1672 · الجهة المعنية: التدقيق الداخلي.,التدقيق الداخلي,قيد التحقيق
CASE-00853,2023-09-26,تسريب معلومات,قضية تسريب الميزانية الاستراتيجية قبل الاعتماد,تسريب أرقام الميزانية الاستراتيجية إلى جهة خارجية قبل اعتمادها. المرجع CASE-2023-1018 · الجهة المعنية: الأمانة العامة.,الأمانة العامة,بانتظار الرد
CASE-00854,2025-03-27,احتيال مالي,قضية استخدام غير مصرح لبيانات مواقع تخزين تشغيلية,استخراج قوائم مواقع تخزين تشغيلية دون تصريح. المرجع CASE-2025-1070 · الجهة المعنية: الشؤون القانونية.,الشؤون القانونية,بانتظار الرد
CASE-00855,2022-06-07,تعارض مصالح,تحقيق في احتيال مالي بقيمة تقديرية 22 مليون ريال,تحقيق داخلي في معاملات مالية غير مبررة وتوصيات الإحالة. المرجع CASE-2022-8153 · الجهة المعنية: التدقيق الداخلي.,التدقيق الداخلي,منتهي بتوصيات
CASE-00856,2025-01-19,تسريب معلومات,مخالفة خصوصية في تداول ملفات المنسوبين,تداول ملفات موظفين دون مراعاة ضوابط خصوصية البيانات. المرجع CASE-2025-5564 · الجهة المعنية: الأمانة العامة.,الأمانة العامة,منتهي بتوصيات
CASE-00857,2019-12-31,احتيال مالي,ملخص مواجهة أطراف في الملف رقم MF-2019-182,محضر مواجهة يتضمن إفادات أطراف قد ترتب مسؤولية نظامية. المرجع CASE-2019-1604 · الجهة المعنية: وحدة مكافحة الاحتيال.,,بانتظار الرد
CASE-00858,2024-07-23,مخالفة مشتريات,بلاغ مبلّغ عن مخالفات في الخدمات المساندة,تحقيق سري في بلاغ مبلّغ مع حماية هويته وفق السياسة. المرجع CASE-2024-9887 · الجهة المعنية: إدارة المخاطر.,إدارة المخاطر,قيد التحقيق
CASE-00859,2024-08-29,بلاغ مبلّغ,تحقيق في تلاعب بسجلات الاعتماد في منصة التوثيق الإلكتروني,تحقيق في تعديل غير مصرح لسجلات الاعتماد المالي. المرجع CASE-2024-7690 · الجهة المعنية: إدارة المخاطر.,إدارة المخاطر,منتهي بتوصيات
CASE-00860,2020-11-15,تسريب معلومات,ملف محال للجهة العليا رقم HC-2020-40,ملف محال لجهة عليا لارتباطه بمواقع ومنشآت وطنية محددة. المرجع CASE-2020-2486 · الجهة المعنية: مكتب حماية المبلّغين.,مكتب حماية المبلّغين,منتهي بتوصيات
CASE-00861,2023-03-23,احتيال مالي,قضية تسريب الميزانية الاستراتيجية قبل الاعتماد,تسريب أرقام الميزانية الاستراتيجية إلى جهة خارجية قبل اعتمادها. المرجع CASE-2023-1981 · الجهة المعنية: وحدة الالتزام التنظيمي.,وحدة الالتزام التنظيمي,قيد المراجعة القانونية
CASE-00862,2024-10-24,بلاغ مبلّغ,مخالفة في التعامل مع مخرجات مورد عسكري المنشأ,استخدام مكوّن عسكري المنشأ خارج الضوابط التعاقدية المعتمدة. المرجع CASE-2024-1618 · الجهة المعنية: وحدة مكافحة الاحتيال.,وحدة مكافحة الاحتيال,مغلق
CASE-00863,2020-04-27,استخدام غير مصرح للأنظمة,ملخص مواجهة أطراف في الملف رقم MF-2020-792,محضر مواجهة يتضمن إفادات أطراف قد ترتب مسؤولية نظامية. المرجع CASE-2020-7262 · الجهة المعنية: وحدة الالتزام التنظيمي.,وحدة الالتزام التنظيمي,محال للجهة المختصة
CASE-00864,2023-11-12,استخدام غير مصرح للأنظمة,تحقيق في احتيال مالي بقيمة تقديرية 14 مليون ريال,تحقيق داخلي في معاملات مالية غير مبررة وتوصيات الإحالة. المرجع CASE-2023-2888 · الجهة المعنية: الموارد البشرية.,الموارد البشرية,قيد التحقيق
CASE-00865,2024-09-21,مخالفة سلوك مهني,قضية تسريب الميزانية الاستراتيجية قبل الاعتماد,تسريب أرقام الميزانية الاستراتيجية إلى جهة خارجية قبل اعتمادها. المرجع CASE-2024-9486 · الجهة المعنية: التدقيق الداخلي.,التدقيق الداخلي,محال للجهة المختصة
CASE-00866,2019-07-05,مخالفة تعاقدية,تحقيق في احتيال مالي بقيمة تقديرية 21 مليون ريال,تحقيق داخلي في معاملات مالية غير مبررة وتوصيات الإحالة. المرجع CASE-2019-3176 · الجهة المعنية: الشؤون القانونية.,الشؤون القانونية,منتهي بتوصيات
CASE-00867,2019-11-29,استخدام غير مصرح للأنظمة,ملف مراجعة خاصة رقم SR-2019-519,مراجعة خاصة بتوجيه من اللجنة مع حظر التداول حتى صدور النتيجة. المرجع CASE-2019-2153 · الجهة المعنية: التدقيق الداخلي.,التدقيق الداخلي,مغلق
CASE-00868,2025-11-09,مخالفة مشتريات,تحقيق في مخالفة تعاقدية مع تحالف صناعي دولي,تحقيق في إخلال ببنود تعاقدية قد يرتب مطالبات مالية كبيرة. المرجع CASE-2025-2263 · الجهة المعنية: وحدة الالتزام التنظيمي.,وحدة الالتزام التنظيمي,قيد التحقيق
CASE-00869,2020-05-22,تسريب معلومات,قضية استخدام غير مصرح لبيانات مواقع تخزين تشغيلية,استخراج قوائم مواقع تخزين تشغيلية دون تصريح. المرجع CASE-2020-5968 · الجهة المعنية: إدارة المخاطر.,إدارة المخاطر,منتهي بتوصيات
CASE-00870,2025-05-08,مخالفة مشتريات,تحقيق في تلاعب بسجلات الاعتماد في شبكة الربط الحكومي,تحقيق في تعديل غير مصرح لسجلات الاعتماد المالي. المرجع CASE-2025-4881 · الجهة المعنية: وحدة الالتزام التنظيمي.,وحدة الالتزام التنظيمي,محال للجهة المختصة
CASE-00871,2024-04-05,بلاغ مبلّغ,قضية تعارض مصالح في ترسية برنامج الحوسبة السيادية,قضية تعارض مصالح بين عضو لجنة وأحد الموردين المتنافسين. المرجع CASE-2024-8350 · الجهة المعنية: الموارد البشرية.,الموارد البشرية,قيد المراجعة القانونية
CASE-00872,2026-05-27,استخدام غير مصرح للأنظمة,قضية تعارض مصالح في ترسية برنامج الذكاء الاصطناعي المؤسسي,قضية تعارض مصالح بين عضو لجنة وأحد الموردين المتنافسين. المرجع CASE-2026-4006 · الجهة المعنية: التدقيق الداخلي.,التدقيق الداخلي,قيد المراجعة القانونية
CASE-00873,2020-06-02,احتيال مالي,تحقيق في تواطؤ محتمل بين موردي قطاع العمليات,تحقيق في مؤشرات تنسيق أسعار بين موردين في منافسة مغلقة. المرجع CASE-2020-5553 · الجهة المعنية: الموارد البشرية.,الموارد البشرية,بانتظار الرد
CASE-00874,2020-03-21,تسريب معلومات,تحقيق في تلاعب بسجلات الاعتماد في بوابة الموردين الإلكترونية,تحقيق في تعديل غير مصرح لسجلات الاعتماد المالي. المرجع CASE-2020-3213 · الجهة المعنية: وحدة الالتزام التنظيمي.,وحدة الالتزام التنظيمي,قيد التحقيق
CASE-00875,2020-09-25,بلاغ مبلّغ,منشور سياسة السلوك المهني - ضبط الجودة 2020,منشور عام يوضح مبادئ السلوك المهني المعتمدة. المرجع CASE-2020-9775 · الجهة المعنية: الموارد البشرية.,الموارد البشرية,قيد التحقيق
CASE-00876,2019-03-26,مخالفة تعاقدية,بلاغ مبلّغ عن مخالفات في الموارد البشرية,تحقيق سري في بلاغ مبلّغ مع حماية هويته وفق السياسة. المرجع CASE-2019-2263 · الجهة المعنية: إدارة المخاطر.,إدارة المخاطر,مغلق
CASE-00877,2023-01-14,تسريب معلومات,تحقيق في تلاعب بسجلات الاعتماد في منصة التحليلات المؤسسية,تحقيق في تعديل غير مصرح لسجلات الاعتماد المالي. المرجع CASE-2023-9341 · الجهة المعنية: وحدة الالتزام التنظيمي.,وحدة الالتزام التنظيمي,مغلق
CASE-00878,2024-06-23,إساءة استخدام صلاحيات,قضية تعارض مصالح في ترسية برنامج أمن سلاسل الإمداد,قضية تعارض مصالح بين عضو لجنة وأحد الموردين المتنافسين. المرجع CASE-2024-1094 · الجهة المعنية: الشؤون القانونية.,الشؤون القانونية,محال للجهة المختصة
CASE-00879,2021-12-14,مخالفة سلوك مهني,تحقيق في تلاعب بسجلات الاعتماد في منصة التحليلات المؤسسية,تحقيق في تعديل غير مصرح لسجلات الاعتماد المالي. المرجع CASE-2021-2043 · الجهة المعنية: الشؤون القانونية.,الشؤون القانونية,منتهي بتوصيات
CASE-00880,2024-06-29,احتيال مالي,تحقيق في مخالفة تعاقدية مع شريك تقني عالمي,تحقيق في إخلال ببنود تعاقدية قد يرتب مطالبات مالية كبيرة. المرجع CASE-2024-3956 · الجهة المعنية: التدقيق الداخلي.,التدقيق الداخلي,محال للجهة المختصة
CASE-00881,2024-01-30,مخالفة مشتريات,اعتراض على احتساب راتب موظف في الشؤون القانونية,طلب مراجعة احتساب راتب وبدلات لموظف واحد. المرجع CASE-2024-3919 · الجهة المعنية: إدارة المخاطر.,إدارة المخاطر,مغلق
CASE-00882,2024-12-01,تسريب معلومات,قضية تعارض مصالح في ترسية برنامج التوسع الإقليمي,قضية تعارض مصالح بين عضو لجنة وأحد الموردين المتنافسين. المرجع CASE-2024-5583 · الجهة المعنية: وحدة مكافحة الاحتيال.,وحدة مكافحة الاحتيال,محال للجهة المختصة
CASE-00883,2020-05-20,استخدام غير مصرح للأنظمة,مذكرة داخلية بشأن ضبط الحضور في إدارة المخاطر,مذكرة داخلية تنظيمية حول التزام الحضور والانصراف. المرجع CASE-2020-9016 · الجهة المعنية: الأمانة العامة.,الأمانة العامة,مغلق
CASE-00884,2025-01-21,تعارض مصالح,تحقيق في مخالفة تعاقدية مع منظمة إقليمية,تحقيق في إخلال ببنود تعاقدية قد يرتب مطالبات مالية كبيرة. المرجع CASE-2025-2560 · الجهة المعنية: الأمانة العامة.,الأمانة العامة,قيد المراجعة القانونية
CASE-00885,2022-12-03,مخالفة سلوك مهني,ملخص مواجهة أطراف في الملف رقم MF-2022-584,محضر مواجهة يتضمن إفادات أطراف قد ترتب مسؤولية نظامية. المرجع CASE-2022-6987 · الجهة المعنية: التدقيق الداخلي.,التدقيق الداخلي,قيد التحقيق
CASE-00886,2020-04-08,إساءة استخدام صلاحيات,إعلان قناة البلاغات في جدة - 2020,إعلان رسمي عن إطلاق قناة استقبال البلاغات وآلية استخدامها. المرجع CASE-2020-9569 · الجهة المعنية: التدقيق الداخلي.,التدقيق الداخلي,قيد التحقيق
CASE-00887,2024-05-19,بلاغ مبلّغ,منشور سياسة السلوك المهني - التدقيق الداخلي 2024,منشور عام يوضح مبادئ السلوك المهني المعتمدة. المرجع CASE-2024-6599 · الجهة المعنية: مكتب حماية المبلّغين.,مكتب حماية المبلّغين,قيد المراجعة القانونية
CASE-00888,2025-04-02,مخالفة مشتريات,مخالفة في التعامل مع مخرجات مورد عسكري المنشأ,استخدام مكوّن عسكري المنشأ خارج الضوابط التعاقدية المعتمدة. المرجع CASE-2025-1589 · الجهة المعنية: التدقيق الداخلي.,التدقيق الداخلي,قيد التحقيق
CASE-00889,2021-06-23,تعارض مصالح,مراجعة استراتيجية لمخاطر الالتزام في قطاع البنية التحتية,مراجعة استراتيجية لمخاطر التزام قد تؤدي إلى غرامات تنظيمية. المرجع CASE-2021-8078 · الجهة المعنية: وحدة مكافحة الاحتيال.,وحدة مكافحة الاحتيال,بانتظار الرد
CASE-00890,2020-05-28,احتيال مالي,قضية إساءة استخدام معلومات داخلية في قطاع التحول الرقمي,قضية استخدام معلومات غير معلنة لتحقيق منفعة شخصية. المرجع CASE-2020-1948 · الجهة المعنية: وحدة مكافحة الاحتيال.,وحدة مكافحة الاحتيال,قيد المراجعة القانونية
CASE-00891,2022-08-28,بلاغ مبلّغ,ملف مراجعة خاصة رقم SR-2022-372,مراجعة خاصة بتوجيه من اللجنة مع حظر التداول حتى صدور النتيجة. المرجع CASE-2022-9669 · الجهة المعنية: مكتب حماية المبلّغين.,مكتب حماية المبلّغين,منتهي بتوصيات
CASE-00892,2019-09-21,إساءة استخدام صلاحيات,تحقيق في تواطؤ محتمل بين موردي قطاع التحول الرقمي,تحقيق في مؤشرات تنسيق أسعار بين موردين في منافسة مغلقة. المرجع CASE-2019-1609 · الجهة المعنية: الموارد البشرية.,الموارد البشرية,بانتظار الرد
CASE-00893,2020-11-02,مخالفة تعاقدية,قضية مساس بمتطلبات سيادة البيانات الوطنية,استضافة بيانات وطنية خارج النطاق بما يخالف متطلبات سيادة البيانات. المرجع CASE-2020-4004 · الجهة المعنية: التدقيق الداخلي.,التدقيق الداخلي,بانتظار الرد
CASE-00894,2021-03-05,مخالفة مشتريات,مراجعة استراتيجية لمخاطر الالتزام في قطاع العمليات,مراجعة استراتيجية لمخاطر التزام قد تؤدي إلى غرامات تنظيمية. المرجع CASE-2021-6606 · الجهة المعنية: وحدة الالتزام التنظيمي.,وحدة الالتزام التنظيمي,منتهي بتوصيات
CASE-00895,2024-01-31,مخالفة سلوك مهني,بلاغ عن مخالفة في التعامل مع مواد أسلحة خاضعة للرقابة,مخالفة إجراءات مناولة أسلحة ومواد خاضعة للرقابة داخل موقع تشغيلي. المرجع CASE-2024-5384 · الجهة المعنية: الأمانة العامة.,الأمانة العامة,مغلق
CASE-00896,2019-01-25,إساءة استخدام صلاحيات,مخالفة في التعامل مع مخرجات مورد عسكري المنشأ,استخدام مكوّن عسكري المنشأ خارج الضوابط التعاقدية المعتمدة. المرجع CASE-2019-5113 · الجهة المعنية: الشؤون القانونية.,الشؤون القانونية,قيد التحقيق
CASE-00897,2023-10-02,تسريب معلومات,قضية تعارض مصالح في ترسية برنامج الاستحواذ التقني,قضية تعارض مصالح بين عضو لجنة وأحد الموردين المتنافسين. المرجع CASE-2023-9444 · الجهة المعنية: وحدة مكافحة الاحتيال.,وحدة مكافحة الاحتيال,قيد المراجعة القانونية
CASE-00898,2021-06-10,مخالفة سلوك مهني,طلب إجازة طبي ممتدة - التدقيق الداخلي,ملف طبي داعم لطلب إجازة ممتدة لأحد المنسوبين. المرجع CASE-2021-9104 · الجهة المعنية: مكتب حماية المبلّغين.,مكتب حماية المبلّغين,قيد المراجعة القانونية
CASE-00899,2019-08-14,مخالفة تعاقدية,مراجعة استراتيجية لمخاطر الالتزام في قطاع التقنية والمشاريع,مراجعة استراتيجية لمخاطر التزام قد تؤدي إلى غرامات تنظيمية. المرجع CASE-2019-5820 · الجهة المعنية: الأمانة العامة.,الأمانة العامة,قيد المراجعة القانونية
CASE-00900,2026-04-25,احتيال مالي,تحقيق في تلاعب بسجلات الاعتماد في مركز البيانات الاحتياطي,تحقيق في تعديل غير مصرح لسجلات الاعتماد المالي. المرجع CASE-2026-9780 · الجهة المعنية: الشؤون القانونية.,الشؤون القانونية,منتهي بتوصيات
CASE-00901,2026-03-10,تعارض مصالح,تحقيق في احتيال مالي بقيمة تقديرية 25 مليون ريال,تحقيق داخلي في معاملات مالية غير مبررة وتوصيات الإحالة. المرجع CASE-2026-4394 · الجهة المعنية: الأمانة العامة.,الأمانة العامة,بانتظار الرد
CASE-00902,2026-04-15,استخدام غير مصرح للأنظمة,تحقيق في تواطؤ محتمل بين موردي قطاع الشراكات,تحقيق في مؤشرات تنسيق أسعار بين موردين في منافسة مغلقة. المرجع CASE-2026-1337 · الجهة المعنية: مكتب حماية المبلّغين.,مكتب حماية المبلّغين,منتهي بتوصيات
CASE-00903,2026-05-18,مخالفة تعاقدية,بلاغ عن تسريب بيانات تخص منشأة حيوية وطنية,بلاغ داخلي عن نقل وثائق تخص منشأة حيوية إلى جهة غير مصرح لها. المرجع CASE-2026-9165 · الجهة المعنية: وحدة الالتزام التنظيمي.,وحدة الالتزام التنظيمي,قيد المراجعة القانونية
CASE-00904,2021-07-16,استخدام غير مصرح للأنظمة,ملف مراجعة خاصة رقم SR-2021-578,مراجعة خاصة بتوجيه من اللجنة مع حظر التداول حتى صدور النتيجة. المرجع CASE-2021-7046 · الجهة المعنية: وحدة مكافحة الاحتيال.,وحدة مكافحة الاحتيال,مغلق
CASE-00905,2019-09-06,بلاغ مبلّغ,منشور سياسة السلوك المهني - المالية 2019,منشور عام يوضح مبادئ السلوك المهني المعتمدة. المرجع CASE-2019-2198 · الجهة المعنية: مكتب حماية المبلّغين.,مكتب حماية المبلّغين,منتهي بتوصيات
CASE-00906,2021-01-28,استخدام غير مصرح للأنظمة,ملف مراجعة خاصة رقم SR-2021-425,مراجعة خاصة بتوجيه من اللجنة مع حظر التداول حتى صدور النتيجة. المرجع CASE-2021-1195 · الجهة المعنية: إدارة المخاطر.,إدارة المخاطر,مغلق
CASE-00907,2021-04-02,استخدام غير مصرح للأنظمة,تحقيق في تلاعب بسجلات الاعتماد في منصة التوثيق الإلكتروني,تحقيق في تعديل غير مصرح لسجلات الاعتماد المالي. المرجع CASE-2021-6178 · الجهة المعنية: التدقيق الداخلي.,التدقيق الداخلي,بانتظار الرد
CASE-00908,2020-01-09,مخالفة تعاقدية,مراجعة استراتيجية لمخاطر الالتزام في قطاع التحول الرقمي,مراجعة استراتيجية لمخاطر التزام قد تؤدي إلى غرامات تنظيمية. المرجع CASE-2020-8572 · الجهة المعنية: وحدة مكافحة الاحتيال.,وحدة مكافحة الاحتيال,قيد التحقيق
CASE-00909,2026-02-12,تعارض مصالح,مذكرة داخلية بشأن ضبط الحضور في الخدمات المساندة,مذكرة داخلية تنظيمية حول التزام الحضور والانصراف. المرجع CASE-2026-5205 · الجهة المعنية: مكتب حماية المبلّغين.,مكتب حماية المبلّغين,قيد المراجعة القانونية
CASE-00910,2022-10-13,تسريب معلومات,ملخص مواجهة أطراف في الملف رقم MF-2022-798,محضر مواجهة يتضمن إفادات أطراف قد ترتب مسؤولية نظامية. المرجع CASE-2022-1119 · الجهة المعنية: الموارد البشرية.,الموارد البشرية,محال للجهة المختصة
CASE-00911,2023-11-22,تسريب معلومات,قضية تمويل مشبوه مرتبط بشبكة خارجية,إحالة إلى الجهات الأمنية بعد رصد نمط تمويل يتصل بأنشطة استخبارات. المرجع CASE-2023-4603 · الجهة المعنية: الأمانة العامة.,الأمانة العامة,منتهي بتوصيات
CASE-00912,2019-07-22,احتيال مالي,تحقيق في مخالفة تعاقدية مع منظمة إقليمية,تحقيق في إخلال ببنود تعاقدية قد يرتب مطالبات مالية كبيرة. المرجع CASE-2019-7573 · الجهة المعنية: الأمانة العامة.,الأمانة العامة,منتهي بتوصيات
CASE-00913,2023-12-10,تسريب معلومات,تحقيق في تواطؤ محتمل بين موردي قطاع الخدمات الرقمية,تحقيق في مؤشرات تنسيق أسعار بين موردين في منافسة مغلقة. المرجع CASE-2023-8069 · الجهة المعنية: وحدة مكافحة الاحتيال.,وحدة مكافحة الاحتيال,محال للجهة المختصة
CASE-00914,2022-11-27,مخالفة تعاقدية,تحقيق في تسريب مسودة مذكرة تفاهم مع شريك خارجي,تسريب مسودة مذكرة تفاهم قبل توقيعها رسميًا. المرجع CASE-2022-1877 · الجهة المعنية: الشؤون القانونية.,الشؤون القانونية,مغلق
CASE-00915,2025-11-20,مخالفة مشتريات,تحقيق في تواطؤ محتمل بين موردي قطاع العمليات,تحقيق في مؤشرات تنسيق أسعار بين موردين في منافسة مغلقة. المرجع CASE-2025-5185 · الجهة المعنية: الموارد البشرية.,الموارد البشرية,قيد المراجعة القانونية
CASE-00916,2021-05-19,استخدام غير مصرح للأنظمة,تحقيق في محاولة الوصول إلى سجلات تحركات القوات,محاولة موظف الوصول إلى سجلات تحركات القوات دون تصريح. المرجع CASE-2021-8422 · الجهة المعنية: الشؤون القانونية.,الشؤون القانونية,قيد المراجعة القانونية
CASE-00917,2020-02-21,تعارض مصالح,مراجعة استراتيجية لمخاطر الالتزام في قطاع الخدمات الرقمية,مراجعة استراتيجية لمخاطر التزام قد تؤدي إلى غرامات تنظيمية. المرجع CASE-2020-1262 · الجهة المعنية: الشؤون القانونية.,الشؤون القانونية,قيد التحقيق
CASE-00918,2024-02-05,استخدام غير مصرح للأنظمة,منشور سياسة السلوك المهني - إدارة المخاطر 2024,منشور عام يوضح مبادئ السلوك المهني المعتمدة. المرجع CASE-2024-3537 · الجهة المعنية: وحدة الالتزام التنظيمي.,وحدة الالتزام التنظيمي,بانتظار الرد
CASE-00919,2019-04-23,احتيال مالي,تحقيق في تسريب خطط عمليات أمنية لفعالية وطنية,تسريب جدول عمليات أمنية قبل تنفيذ الفعالية الوطنية. المرجع CASE-2019-6616 · الجهة المعنية: وحدة مكافحة الاحتيال.,وحدة مكافحة الاحتيال,مغلق
CASE-00920,2024-02-21,مخالفة تعاقدية,قضية تسريب الميزانية الاستراتيجية قبل الاعتماد,تسريب أرقام الميزانية الاستراتيجية إلى جهة خارجية قبل اعتمادها. المرجع CASE-2024-8690 · الجهة المعنية: التدقيق الداخلي.,التدقيق الداخلي,محال للجهة المختصة
CASE-00921,2021-05-13,بلاغ مبلّغ,طلب تصحيح بيانات هوية في سجل الموظفين,طلب تصحيح حقول هوية وبيانات تواصل في السجل. المرجع CASE-2021-6101 · الجهة المعنية: وحدة الالتزام التنظيمي.,وحدة الالتزام التنظيمي,منتهي بتوصيات
CASE-00922,2020-09-14,بلاغ مبلّغ,تحقيق في احتيال مالي بقيمة تقديرية 3 مليون ريال,تحقيق داخلي في معاملات مالية غير مبررة وتوصيات الإحالة. المرجع CASE-2020-4589 · الجهة المعنية: وحدة الالتزام التنظيمي.,وحدة الالتزام التنظيمي,قيد التحقيق
CASE-00923,2020-04-12,مخالفة تعاقدية,منشور سياسة السلوك المهني - الخدمات المساندة 2020,منشور عام يوضح مبادئ السلوك المهني المعتمدة. المرجع CASE-2020-6653 · الجهة المعنية: الشؤون القانونية.,الشؤون القانونية,محال للجهة المختصة
CASE-00924,2020-07-15,استخدام غير مصرح للأنظمة,تحقيق في تواطؤ محتمل بين موردي قطاع الأعمال المؤسسية,تحقيق في مؤشرات تنسيق أسعار بين موردين في منافسة مغلقة. المرجع CASE-2020-2747 · الجهة المعنية: إدارة المخاطر.,إدارة المخاطر,قيد التحقيق
CASE-00925,2026-01-16,احتيال مالي,قضية تعارض مصالح في ترسية برنامج المدن الذكية,قضية تعارض مصالح بين عضو لجنة وأحد الموردين المتنافسين. المرجع CASE-2026-6799 · الجهة المعنية: وحدة مكافحة الاحتيال.,وحدة مكافحة الاحتيال,قيد المراجعة القانونية
CASE-00926,2020-12-10,مخالفة تعاقدية,ملخص مواجهة أطراف في الملف رقم MF-2020-414,محضر مواجهة يتضمن إفادات أطراف قد ترتب مسؤولية نظامية. المرجع CASE-2020-8296 · الجهة المعنية: التدقيق الداخلي.,التدقيق الداخلي,منتهي بتوصيات
CASE-00927,2024-06-03,استخدام غير مصرح للأنظمة,قضية تسريب الميزانية الاستراتيجية قبل الاعتماد,تسريب أرقام الميزانية الاستراتيجية إلى جهة خارجية قبل اعتمادها. المرجع CASE-2024-4852 · الجهة المعنية: الشؤون القانونية.,الشؤون القانونية,قيد التحقيق
CASE-00928,2019-04-16,مخالفة تعاقدية,تحقيق في تلاعب بسجلات الاعتماد في نظام إدارة الهوية المركزي,تحقيق في تعديل غير مصرح لسجلات الاعتماد المالي. المرجع CASE-2019-8671 · الجهة المعنية: وحدة مكافحة الاحتيال.,وحدة مكافحة الاحتيال,قيد المراجعة القانونية
CASE-00929,2019-10-03,احتيال مالي,تحقيق في تواطؤ محتمل بين موردي قطاع الحلول الحكومية,تحقيق في مؤشرات تنسيق أسعار بين موردين في منافسة مغلقة. المرجع CASE-2019-1934 · الجهة المعنية: مكتب حماية المبلّغين.,مكتب حماية المبلّغين,بانتظار الرد
CASE-00930,2019-01-05,استخدام غير مصرح للأنظمة,تحقيق في مخالفة تعاقدية مع صندوق استثماري دولي,تحقيق في إخلال ببنود تعاقدية قد يرتب مطالبات مالية كبيرة. المرجع CASE-2019-5010 · الجهة المعنية: الموارد البشرية.,الموارد البشرية,بانتظار الرد
CASE-00931,2023-01-01,مخالفة تعاقدية,قضية اشتباه تجسس إلكتروني على نظام الأرشفة الإلكترونية,تعاون مع جهات استخبارات وطنية بشأن نشاط تجسس مشتبه به. المرجع CASE-2023-1173 · الجهة المعنية: إدارة المخاطر.,إدارة المخاطر,محال للجهة المختصة
CASE-00932,2024-12-10,مخالفة مشتريات,بلاغ عن تسريب بيانات تخص منشأة حيوية وطنية,بلاغ داخلي عن نقل وثائق تخص منشأة حيوية إلى جهة غير مصرح لها. المرجع CASE-2024-1071 · الجهة المعنية: التدقيق الداخلي.,التدقيق الداخلي,بانتظار الرد
CASE-00933,2023-10-10,تسريب معلومات,قضية تسريب الميزانية الاستراتيجية قبل الاعتماد,تسريب أرقام الميزانية الاستراتيجية إلى جهة خارجية قبل اعتمادها. المرجع CASE-2023-3464 · الجهة المعنية: الموارد البشرية.,الموارد البشرية,مغلق
CASE-00934,2022-10-15,مخالفة سلوك مهني,بلاغ عن مخالفة في التعامل مع مواد أسلحة خاضعة للرقابة,مخالفة إجراءات مناولة أسلحة ومواد خاضعة للرقابة داخل موقع تشغيلي. المرجع CASE-2022-7425 · الجهة المعنية: وحدة مكافحة الاحتيال.,وحدة مكافحة الاحتيال,مغلق
CASE-00935,2024-01-27,بلاغ مبلّغ,بلاغ عن تسريب بيانات تخص منشأة حيوية وطنية,بلاغ داخلي عن نقل وثائق تخص منشأة حيوية إلى جهة غير مصرح لها. المرجع CASE-2024-2320 · الجهة المعنية: وحدة مكافحة الاحتيال.,وحدة مكافحة الاحتيال,قيد المراجعة القانونية
CASE-00936,2022-02-08,تعارض مصالح,مذكرة داخلية بشأن ضبط الحضور في إدارة المخاطر,مذكرة داخلية تنظيمية حول التزام الحضور والانصراف. المرجع CASE-2022-1539 · الجهة المعنية: الشؤون القانونية.,الشؤون القانونية,قيد التحقيق
CASE-00937,2019-05-03,تسريب معلومات,طلب تصحيح بيانات هوية في سجل الموظفين,طلب تصحيح حقول هوية وبيانات تواصل في السجل. المرجع CASE-2019-7673 · الجهة المعنية: الأمانة العامة.,الأمانة العامة,منتهي بتوصيات
CASE-00938,2022-09-04,احتيال مالي,قضية تعارض مصالح في ترسية برنامج المرونة التشغيلية,قضية تعارض مصالح بين عضو لجنة وأحد الموردين المتنافسين. المرجع CASE-2022-1118 · الجهة المعنية: إدارة المخاطر.,إدارة المخاطر,مغلق
CASE-00939,2024-06-24,مخالفة مشتريات,ملخص مواجهة أطراف في الملف رقم MF-2024-421,محضر مواجهة يتضمن إفادات أطراف قد ترتب مسؤولية نظامية. المرجع CASE-2024-1360 · الجهة المعنية: الموارد البشرية.,الموارد البشرية,محال للجهة المختصة
CASE-00940,2026-05-21,إساءة استخدام صلاحيات,مذكرة داخلية بشأن ضبط الحضور في الاتصال المؤسسي,مذكرة داخلية تنظيمية حول التزام الحضور والانصراف. المرجع CASE-2026-8163 · الجهة المعنية: الأمانة العامة.,الأمانة العامة,قيد التحقيق
CASE-00941,2024-10-28,إساءة استخدام صلاحيات,شكوى بيئة عمل في التشغيل,شكوى موظف تتضمن بيانات شخصية وتفاصيل تواصل داخلية. المرجع CASE-2024-6603 · الجهة المعنية: الشؤون القانونية.,الشؤون القانونية,منتهي بتوصيات
CASE-00942,2020-04-18,بلاغ مبلّغ,تحقيق في مخالفة تعاقدية مع جهة سيادية شريكة,تحقيق في إخلال ببنود تعاقدية قد يرتب مطالبات مالية كبيرة. المرجع CASE-2020-8403 · الجهة المعنية: وحدة الالتزام التنظيمي.,وحدة الالتزام التنظيمي,بانتظار الرد
CASE-00943,2020-12-28,مخالفة مشتريات,تحقيق في مخالفة تعاقدية مع تحالف صناعي دولي,تحقيق في إخلال ببنود تعاقدية قد يرتب مطالبات مالية كبيرة. المرجع CASE-2020-8282 · الجهة المعنية: وحدة مكافحة الاحتيال.,وحدة مكافحة الاحتيال,قيد المراجعة القانونية
CASE-00944,2020-03-22,استخدام غير مصرح للأنظمة,قضية تمويل مشبوه مرتبط بشبكة خارجية,إحالة إلى الجهات الأمنية بعد رصد نمط تمويل يتصل بأنشطة استخبارات. المرجع CASE-2020-9258 · الجهة المعنية: الشؤون القانونية.,الشؤون القانونية,مغلق
CASE-00945,2024-12-11,بلاغ مبلّغ,اعتراض على احتساب راتب موظف في المشتريات,طلب مراجعة احتساب راتب وبدلات لموظف واحد. المرجع CASE-2024-4221 · الجهة المعنية: الشؤون القانونية.,,قيد المراجعة القانونية
CASE-00946,2020-04-09,احتيال مالي,تحقيق في احتيال مالي بقيمة تقديرية 4 مليون ريال,تحقيق داخلي في معاملات مالية غير مبررة وتوصيات الإحالة. المرجع CASE-2020-2987 · الجهة المعنية: مكتب حماية المبلّغين.,مكتب حماية المبلّغين,محال للجهة المختصة
CASE-00947,2019-07-03,تسريب معلومات,ملخص مواجهة أطراف في الملف رقم MF-2019-817,محضر مواجهة يتضمن إفادات أطراف قد ترتب مسؤولية نظامية. المرجع CASE-2019-3742 · الجهة المعنية: الأمانة العامة.,الأمانة العامة,مغلق
CASE-00948,2025-07-31,تسريب معلومات,تحقيق في مخالفة تعاقدية مع منظمة إقليمية,تحقيق في إخلال ببنود تعاقدية قد يرتب مطالبات مالية كبيرة. المرجع CASE-2025-2410 · الجهة المعنية: وحدة مكافحة الاحتيال.,وحدة مكافحة الاحتيال,قيد التحقيق
CASE-00949,2024-09-29,بلاغ مبلّغ,قضية تعارض مصالح في ترسية برنامج تكامل الأنظمة الحكومية,قضية تعارض مصالح بين عضو لجنة وأحد الموردين المتنافسين. المرجع CASE-2024-6063 · الجهة المعنية: مكتب حماية المبلّغين.,مكتب حماية المبلّغين,مغلق
CASE-00950,2024-07-03,احتيال مالي,تحقيق في تواطؤ محتمل بين موردي قطاع التقنية والمشاريع,تحقيق في مؤشرات تنسيق أسعار بين موردين في منافسة مغلقة. المرجع CASE-2024-1506 · الجهة المعنية: وحدة مكافحة الاحتيال.,وحدة مكافحة الاحتيال,مغلق
CASE-00951,2019-09-24,استخدام غير مصرح للأنظمة,تحقيق في تسريب مسودة مذكرة تفاهم مع شريك خارجي,تسريب مسودة مذكرة تفاهم قبل توقيعها رسميًا. المرجع CASE-2019-2609 · الجهة المعنية: التدقيق الداخلي.,التدقيق الداخلي,مغلق
CASE-00952,2020-11-03,تسريب معلومات,قضية تسريب الميزانية الاستراتيجية قبل الاعتماد,تسريب أرقام الميزانية الاستراتيجية إلى جهة خارجية قبل اعتمادها. المرجع CASE-2020-2492 · الجهة المعنية: وحدة الالتزام التنظيمي.,وحدة الالتزام التنظيمي,مغلق
CASE-00953,2022-07-21,إساءة استخدام صلاحيات,بلاغ عن تسريب بيانات تخص منشأة حيوية وطنية,بلاغ داخلي عن نقل وثائق تخص منشأة حيوية إلى جهة غير مصرح لها. المرجع CASE-2022-8507 · الجهة المعنية: وحدة مكافحة الاحتيال.,وحدة مكافحة الاحتيال,مغلق
CASE-00954,2023-07-05,تسريب معلومات,تحقيق في مخالفة تعاقدية مع جهة سيادية شريكة,تحقيق في إخلال ببنود تعاقدية قد يرتب مطالبات مالية كبيرة. المرجع CASE-2023-7245 · الجهة المعنية: الموارد البشرية.,الموارد البشرية,بانتظار الرد
CASE-00955,2020-08-26,تسريب معلومات,قضية استخدام غير مصرح لبيانات مواقع تخزين تشغيلية,استخراج قوائم مواقع تخزين تشغيلية دون تصريح. المرجع CASE-2020-1588 · الجهة المعنية: وحدة مكافحة الاحتيال.,,منتهي بتوصيات
CASE-00956,2024-09-28,مخالفة سلوك مهني,تحقيق في تسريب مسودة مذكرة تفاهم مع شريك خارجي,تسريب مسودة مذكرة تفاهم قبل توقيعها رسميًا. المرجع CASE-2024-6134 · الجهة المعنية: وحدة الالتزام التنظيمي.,وحدة الالتزام التنظيمي,بانتظار الرد
CASE-00957,2021-03-17,مخالفة مشتريات,قضية تسريب الميزانية الاستراتيجية قبل الاعتماد,تسريب أرقام الميزانية الاستراتيجية إلى جهة خارجية قبل اعتمادها. المرجع CASE-2021-1363 · الجهة المعنية: الموارد البشرية.,الموارد البشرية,مغلق
CASE-00958,2023-01-12,تسريب معلومات,قضية تسريب الميزانية الاستراتيجية قبل الاعتماد,تسريب أرقام الميزانية الاستراتيجية إلى جهة خارجية قبل اعتمادها. المرجع CASE-2023-2111 · الجهة المعنية: مكتب حماية المبلّغين.,مكتب حماية المبلّغين,بانتظار الرد
CASE-00959,2026-01-05,تعارض مصالح,قضية استخدام غير مصرح لبيانات مواقع تخزين تشغيلية,استخراج قوائم مواقع تخزين تشغيلية دون تصريح. المرجع CASE-2026-5012 · الجهة المعنية: وحدة مكافحة الاحتيال.,وحدة مكافحة الاحتيال,محال للجهة المختصة
CASE-00960,2021-09-15,مخالفة سلوك مهني,قضية تمويل مشبوه مرتبط بشبكة خارجية,إحالة إلى الجهات الأمنية بعد رصد نمط تمويل يتصل بأنشطة استخبارات. المرجع CASE-2021-8196 · الجهة المعنية: الأمانة العامة.,الأمانة العامة,منتهي بتوصيات
CASE-00961,2025-10-14,تسريب معلومات,قضية استخدام غير مصرح لبيانات مواقع تخزين تشغيلية,استخراج قوائم مواقع تخزين تشغيلية دون تصريح. المرجع CASE-2025-2970 · الجهة المعنية: الأمانة العامة.,الأمانة العامة,منتهي بتوصيات
CASE-00962,2022-02-05,مخالفة تعاقدية,قضية تعارض مصالح في ترسية برنامج تكامل الأنظمة الحكومية,قضية تعارض مصالح بين عضو لجنة وأحد الموردين المتنافسين. المرجع CASE-2022-3811 · الجهة المعنية: مكتب حماية المبلّغين.,مكتب حماية المبلّغين,محال للجهة المختصة
CASE-00963,2019-12-05,احتيال مالي,بلاغ عن تسريب بيانات تخص منشأة حيوية وطنية,بلاغ داخلي عن نقل وثائق تخص منشأة حيوية إلى جهة غير مصرح لها. المرجع CASE-2019-5745 · الجهة المعنية: الموارد البشرية.,الموارد البشرية,بانتظار الرد
CASE-00964,2023-03-21,احتيال مالي,اعتراض على احتساب راتب موظف في التشغيل,طلب مراجعة احتساب راتب وبدلات لموظف واحد. المرجع CASE-2023-1123 · الجهة المعنية: مكتب حماية المبلّغين.,مكتب حماية المبلّغين,قيد التحقيق
CASE-00965,2025-10-06,استخدام غير مصرح للأنظمة,قضية تسريب الميزانية الاستراتيجية قبل الاعتماد,تسريب أرقام الميزانية الاستراتيجية إلى جهة خارجية قبل اعتمادها. المرجع CASE-2025-1515 · الجهة المعنية: الموارد البشرية.,الموارد البشرية,منتهي بتوصيات
CASE-00966,2023-06-16,إساءة استخدام صلاحيات,تحقيق في احتيال مالي بقيمة تقديرية 27 مليون ريال,تحقيق داخلي في معاملات مالية غير مبررة وتوصيات الإحالة. المرجع CASE-2023-8189 · الجهة المعنية: وحدة مكافحة الاحتيال.,وحدة مكافحة الاحتيال,قيد التحقيق
CASE-00967,2021-12-28,تعارض مصالح,ملخص مواجهة أطراف في الملف رقم MF-2021-264,محضر مواجهة يتضمن إفادات أطراف قد ترتب مسؤولية نظامية. المرجع CASE-2021-8835 · الجهة المعنية: وحدة الالتزام التنظيمي.,وحدة الالتزام التنظيمي,قيد التحقيق
CASE-00968,2025-04-10,تسريب معلومات,مخالفة في التعامل مع مخرجات مورد عسكري المنشأ,استخدام مكوّن عسكري المنشأ خارج الضوابط التعاقدية المعتمدة. المرجع CASE-2025-6984 · الجهة المعنية: مكتب حماية المبلّغين.,مكتب حماية المبلّغين,قيد التحقيق
CASE-00969,2019-04-04,مخالفة مشتريات,طلب إجازة طبي ممتدة - الخدمات المساندة,ملف طبي داعم لطلب إجازة ممتدة لأحد المنسوبين. المرجع CASE-2019-5701 · الجهة المعنية: وحدة الالتزام التنظيمي.,وحدة الالتزام التنظيمي,قيد المراجعة القانونية
CASE-00970,2020-09-16,مخالفة مشتريات,تحقيق في احتيال مالي بقيمة تقديرية 18 مليون ريال,تحقيق داخلي في معاملات مالية غير مبررة وتوصيات الإحالة. المرجع CASE-2020-2210 · الجهة المعنية: الأمانة العامة.,الأمانة العامة,قيد التحقيق
CASE-00971,2020-04-21,مخالفة تعاقدية,تحقيق في تسريب خطط عمليات أمنية لفعالية وطنية,تسريب جدول عمليات أمنية قبل تنفيذ الفعالية الوطنية. المرجع CASE-2020-3675 · الجهة المعنية: التدقيق الداخلي.,,محال للجهة المختصة
CASE-00972,2021-05-17,احتيال مالي,ملخص مواجهة أطراف في الملف رقم MF-2021-388,محضر مواجهة يتضمن إفادات أطراف قد ترتب مسؤولية نظامية. المرجع CASE-2021-2177 · الجهة المعنية: إدارة المخاطر.,إدارة المخاطر,منتهي بتوصيات
CASE-00973,2025-12-12,مخالفة تعاقدية,ملف مراجعة خاصة رقم SR-2025-717,مراجعة خاصة بتوجيه من اللجنة مع حظر التداول حتى صدور النتيجة. المرجع CASE-2025-1909 · الجهة المعنية: الموارد البشرية.,الموارد البشرية,منتهي بتوصيات
CASE-00974,2019-06-14,مخالفة تعاقدية,تحقيق في تلاعب بسجلات الاعتماد في شبكة الاتصالات الداخلية,تحقيق في تعديل غير مصرح لسجلات الاعتماد المالي. المرجع CASE-2019-8201 · الجهة المعنية: التدقيق الداخلي.,التدقيق الداخلي,محال للجهة المختصة
CASE-00975,2023-08-01,استخدام غير مصرح للأنظمة,ملف مراجعة خاصة رقم SR-2023-104,مراجعة خاصة بتوجيه من اللجنة مع حظر التداول حتى صدور النتيجة. المرجع CASE-2023-2022 · الجهة المعنية: وحدة الالتزام التنظيمي.,وحدة الالتزام التنظيمي,قيد المراجعة القانونية
CASE-00976,2020-10-26,احتيال مالي,دليل خدمات الالتزام المنشور - قطاع الحلول الحكومية 2020,دليل خدمات منشور يشرح مسارات الالتزام المتاحة. المرجع CASE-2020-3718 · الجهة المعنية: إدارة المخاطر.,إدارة المخاطر,مغلق
CASE-00977,2024-08-26,استخدام غير مصرح للأنظمة,تحقيق في تسريب خطط عمليات أمنية لفعالية وطنية,تسريب جدول عمليات أمنية قبل تنفيذ الفعالية الوطنية. المرجع CASE-2024-3993 · الجهة المعنية: الموارد البشرية.,الموارد البشرية,مغلق
CASE-00978,2022-10-08,احتيال مالي,اعتراض على احتساب راتب موظف في الاتصال المؤسسي,طلب مراجعة احتساب راتب وبدلات لموظف واحد. المرجع CASE-2022-1617 · الجهة المعنية: إدارة المخاطر.,إدارة المخاطر,قيد التحقيق
CASE-00979,2020-02-26,استخدام غير مصرح للأنظمة,قضية تعارض مصالح في ترسية برنامج التوسع الإقليمي,قضية تعارض مصالح بين عضو لجنة وأحد الموردين المتنافسين. المرجع CASE-2020-1560 · الجهة المعنية: الأمانة العامة.,الأمانة العامة,محال للجهة المختصة
CASE-00980,2025-06-01,تعارض مصالح,بلاغ عن مخالفة في التعامل مع مواد أسلحة خاضعة للرقابة,مخالفة إجراءات مناولة أسلحة ومواد خاضعة للرقابة داخل موقع تشغيلي. المرجع CASE-2025-4269 · الجهة المعنية: الأمانة العامة.,الأمانة العامة,محال للجهة المختصة
CASE-00981,2022-10-10,مخالفة تعاقدية,تحقيق في احتيال مالي بقيمة تقديرية 28 مليون ريال,تحقيق داخلي في معاملات مالية غير مبررة وتوصيات الإحالة. المرجع CASE-2022-3064 · الجهة المعنية: إدارة المخاطر.,إدارة المخاطر,مغلق
CASE-00982,2022-03-08,احتيال مالي,إحصاءات البلاغات المغلقة - قطاع الحلول الحكومية الربع الأول 2022,إحصاءات مجمّعة عن أعداد البلاغات دون أي تفاصيل تعريفية. المرجع CASE-2022-1233 · الجهة المعنية: وحدة الالتزام التنظيمي.,وحدة الالتزام التنظيمي,بانتظار الرد
CASE-00983,2022-02-25,بلاغ مبلّغ,تحقيق في تواطؤ محتمل بين موردي قطاع الخدمات الرقمية,تحقيق في مؤشرات تنسيق أسعار بين موردين في منافسة مغلقة. المرجع CASE-2022-3296 · الجهة المعنية: وحدة مكافحة الاحتيال.,وحدة مكافحة الاحتيال,قيد التحقيق
CASE-00984,2022-08-02,بلاغ مبلّغ,تحقيق في تسريب خطط عمليات أمنية لفعالية وطنية,تسريب جدول عمليات أمنية قبل تنفيذ الفعالية الوطنية. المرجع CASE-2022-1950 · الجهة المعنية: وحدة مكافحة الاحتيال.,وحدة مكافحة الاحتيال,مغلق
CASE-00985,2025-06-03,مخالفة تعاقدية,تحقيق في محاولة الوصول إلى سجلات تحركات القوات,محاولة موظف الوصول إلى سجلات تحركات القوات دون تصريح. المرجع CASE-2025-1106 · الجهة المعنية: مكتب حماية المبلّغين.,مكتب حماية المبلّغين,محال للجهة المختصة
CASE-00986,2025-07-10,استخدام غير مصرح للأنظمة,تحقيق في مخالفة تعاقدية مع منظمة إقليمية,تحقيق في إخلال ببنود تعاقدية قد يرتب مطالبات مالية كبيرة. المرجع CASE-2025-1618 · الجهة المعنية: الموارد البشرية.,الموارد البشرية,مغلق
CASE-00987,2019-09-14,مخالفة مشتريات,ملخص مواجهة أطراف في الملف رقم MF-2019-555,محضر مواجهة يتضمن إفادات أطراف قد ترتب مسؤولية نظامية. المرجع CASE-2019-2947 · الجهة المعنية: التدقيق الداخلي.,التدقيق الداخلي,قيد التحقيق
CASE-00988,2021-06-16,إساءة استخدام صلاحيات,تحقيق في تلاعب بسجلات الاعتماد في منصة التوثيق الإلكتروني,تحقيق في تعديل غير مصرح لسجلات الاعتماد المالي. المرجع CASE-2021-4458 · الجهة المعنية: مكتب حماية المبلّغين.,مكتب حماية المبلّغين,محال للجهة المختصة
CASE-00989,2022-05-21,إساءة استخدام صلاحيات,شكوى بيئة عمل في التخطيط والتطوير,شكوى موظف تتضمن بيانات شخصية وتفاصيل تواصل داخلية. المرجع CASE-2022-4838 · الجهة المعنية: مكتب حماية المبلّغين.,مكتب حماية المبلّغين,بانتظار الرد
CASE-00990,2020-09-06,مخالفة تعاقدية,قضية تسريب الميزانية الاستراتيجية قبل الاعتماد,تسريب أرقام الميزانية الاستراتيجية إلى جهة خارجية قبل اعتمادها. المرجع CASE-2020-8907 · الجهة المعنية: الموارد البشرية.,الموارد البشرية,قيد التحقيق
CASE-00991,2021-09-04,مخالفة مشتريات,تحقيق في مخالفة تعاقدية مع دولة شريكة,تحقيق في إخلال ببنود تعاقدية قد يرتب مطالبات مالية كبيرة. المرجع CASE-2021-8039 · الجهة المعنية: وحدة الالتزام التنظيمي.,وحدة الالتزام التنظيمي,بانتظار الرد
CASE-00992,2024-08-03,مخالفة تعاقدية,إعلان قناة البلاغات في تبوك - 2024,إعلان رسمي عن إطلاق قناة استقبال البلاغات وآلية استخدامها. المرجع CASE-2024-3237 · الجهة المعنية: وحدة الالتزام التنظيمي.,وحدة الالتزام التنظيمي,محال للجهة المختصة
CASE-00993,2026-05-31,استخدام غير مصرح للأنظمة,قضية إساءة استخدام معلومات داخلية في قطاع البنية التحتية,قضية استخدام معلومات غير معلنة لتحقيق منفعة شخصية. المرجع CASE-2026-6063 · الجهة المعنية: التدقيق الداخلي.,التدقيق الداخلي,قيد التحقيق
CASE-00994,2025-04-11,تسريب معلومات,قضية إساءة استخدام معلومات داخلية في قطاع الخدمات الرقمية,قضية استخدام معلومات غير معلنة لتحقيق منفعة شخصية. المرجع CASE-2025-8633 · الجهة المعنية: الأمانة العامة.,الأمانة العامة,قيد التحقيق
CASE-00995,2021-03-17,تسريب معلومات,تحقيق في مخالفة تعاقدية مع منظمة إقليمية,تحقيق في إخلال ببنود تعاقدية قد يرتب مطالبات مالية كبيرة. المرجع CASE-2021-3748 · الجهة المعنية: إدارة المخاطر.,إدارة المخاطر,مغلق
CASE-00996,2023-05-13,بلاغ مبلّغ,قضية تعارض مصالح في ترسية برنامج تحديث البنية التقنية,قضية تعارض مصالح بين عضو لجنة وأحد الموردين المتنافسين. المرجع CASE-2023-1989 · الجهة المعنية: مكتب حماية المبلّغين.,مكتب حماية المبلّغين,قيد المراجعة القانونية
CASE-00997,2024-03-13,مخالفة مشتريات,قضية استخدام غير مصرح لبيانات مواقع تخزين تشغيلية,استخراج قوائم مواقع تخزين تشغيلية دون تصريح. المرجع CASE-2024-5964 · الجهة المعنية: وحدة الالتزام التنظيمي.,وحدة الالتزام التنظيمي,بانتظار الرد
CASE-00998,2019-06-16,بلاغ مبلّغ,ملف مراجعة خاصة رقم SR-2019-873,مراجعة خاصة بتوجيه من اللجنة مع حظر التداول حتى صدور النتيجة. المرجع CASE-2019-1156 · الجهة المعنية: إدارة المخاطر.,إدارة المخاطر,منتهي بتوصيات
CASE-00999,2022-03-25,استخدام غير مصرح للأنظمة,تحقيق في تواطؤ محتمل بين موردي قطاع الشراكات,تحقيق في مؤشرات تنسيق أسعار بين موردين في منافسة مغلقة. المرجع CASE-2022-8546 · الجهة المعنية: مكتب حماية المبلّغين.,مكتب حماية المبلّغين,قيد المراجعة القانونية
CASE-01000,2020-12-29,بلاغ مبلّغ,تحقيق في مخالفة تعاقدية مع صندوق استثماري دولي,تحقيق في إخلال ببنود تعاقدية قد يرتب مطالبات مالية كبيرة. المرجع CASE-2020-6874 · الجهة المعنية: وحدة مكافحة الاحتيال.,وحدة مكافحة الاحتيال,قيد المراجعة القانونية
CASE-01001,2020-02-06,مخالفة مشتريات,اعتراض على احتساب راتب موظف في الخدمات المساندة,طلب مراجعة احتساب راتب وبدلات لموظف واحد. المرجع CASE-2020-9985 · الجهة المعنية: الشؤون القانونية.,الشؤون القانونية,محال للجهة المختصة
CASE-01002,2021-02-20,احتيال مالي,قضية إساءة استخدام معلومات داخلية في قطاع التقنية والمشاريع,قضية استخدام معلومات غير معلنة لتحقيق منفعة شخصية. المرجع CASE-2021-2909 · الجهة المعنية: التدقيق الداخلي.,التدقيق الداخلي,قيد التحقيق
CASE-01003,2025-05-15,تسريب معلومات,ملف محال للجهة العليا رقم HC-2025-51,ملف محال لجهة عليا لارتباطه بمواقع ومنشآت وطنية محددة. المرجع CASE-2025-9259 · الجهة المعنية: إدارة المخاطر.,إدارة المخاطر,مغلق
CASE-01004,2025-02-10,تسريب معلومات,تحقيق في تواطؤ محتمل بين موردي قطاع الشراكات,تحقيق في مؤشرات تنسيق أسعار بين موردين في منافسة مغلقة. المرجع CASE-2025-4091 · الجهة المعنية: إدارة المخاطر.,إدارة المخاطر,بانتظار الرد
CASE-01005,2023-04-01,مخالفة تعاقدية,تحقيق في تواطؤ محتمل بين موردي قطاع الخدمات الرقمية,تحقيق في مؤشرات تنسيق أسعار بين موردين في منافسة مغلقة. المرجع CASE-2023-1631 · الجهة المعنية: الموارد البشرية.,الموارد البشرية,محال للجهة المختصة
CASE-01006,2025-06-04,تعارض مصالح,بلاغ عن مخالفة في التعامل مع مواد أسلحة خاضعة للرقابة,مخالفة إجراءات مناولة أسلحة ومواد خاضعة للرقابة داخل موقع تشغيلي. المرجع CASE-2025-4201 · الجهة المعنية: إدارة المخاطر.,إدارة المخاطر,منتهي بتوصيات
CASE-01007,2025-09-11,تسريب معلومات,مذكرة داخلية بشأن ضبط الحضور في الشؤون القانونية,مذكرة داخلية تنظيمية حول التزام الحضور والانصراف. المرجع CASE-2025-3046 · الجهة المعنية: مكتب حماية المبلّغين.,مكتب حماية المبلّغين,منتهي بتوصيات
CASE-01008,2021-04-20,استخدام غير مصرح للأنظمة,تحقيق في تسريب مسودة مذكرة تفاهم مع شريك خارجي,تسريب مسودة مذكرة تفاهم قبل توقيعها رسميًا. المرجع CASE-2021-6591 · الجهة المعنية: الأمانة العامة.,الأمانة العامة,منتهي بتوصيات
CASE-01009,2019-09-11,مخالفة مشتريات,تحقيق في محاولة الوصول إلى سجلات تحركات القوات,محاولة موظف الوصول إلى سجلات تحركات القوات دون تصريح. المرجع CASE-2019-8649 · الجهة المعنية: الأمانة العامة.,,قيد التحقيق
CASE-01010,2024-04-11,إساءة استخدام صلاحيات,تحقيق في تسريب مسودة مذكرة تفاهم مع شريك خارجي,تسريب مسودة مذكرة تفاهم قبل توقيعها رسميًا. المرجع CASE-2024-4161 · الجهة المعنية: التدقيق الداخلي.,التدقيق الداخلي,منتهي بتوصيات
CASE-01011,2024-09-27,مخالفة سلوك مهني,تحقيق في مخالفة تعاقدية مع صندوق استثماري دولي,تحقيق في إخلال ببنود تعاقدية قد يرتب مطالبات مالية كبيرة. المرجع CASE-2024-1519 · الجهة المعنية: الشؤون القانونية.,الشؤون القانونية,منتهي بتوصيات
CASE-01012,2024-07-11,تعارض مصالح,قضية اشتباه تجسس إلكتروني على نظام إدارة الأصول التقنية,تعاون مع جهات استخبارات وطنية بشأن نشاط تجسس مشتبه به. المرجع CASE-2024-3816 · الجهة المعنية: مكتب حماية المبلّغين.,مكتب حماية المبلّغين,بانتظار الرد
CASE-01013,2025-02-10,إساءة استخدام صلاحيات,قضية تمويل مشبوه مرتبط بشبكة خارجية,إحالة إلى الجهات الأمنية بعد رصد نمط تمويل يتصل بأنشطة استخبارات. المرجع CASE-2025-9390 · الجهة المعنية: التدقيق الداخلي.,التدقيق الداخلي,منتهي بتوصيات
CASE-01014,2022-04-30,استخدام غير مصرح للأنظمة,ملخص مواجهة أطراف في الملف رقم MF-2022-655,محضر مواجهة يتضمن إفادات أطراف قد ترتب مسؤولية نظامية. المرجع CASE-2022-1272 · الجهة المعنية: الموارد البشرية.,الموارد البشرية,بانتظار الرد
CASE-01015,2023-01-11,احتيال مالي,بلاغ مبلّغ عن مخالفات في إدارة المخاطر,تحقيق سري في بلاغ مبلّغ مع حماية هويته وفق السياسة. المرجع CASE-2023-4494 · الجهة المعنية: الموارد البشرية.,الموارد البشرية,قيد التحقيق
CASE-01016,2022-05-16,تعارض مصالح,قضية تعارض مصالح في ترسية برنامج التحول الرقمي,قضية تعارض مصالح بين عضو لجنة وأحد الموردين المتنافسين. المرجع CASE-2022-2329 · الجهة المعنية: الشؤون القانونية.,الشؤون القانونية,قيد المراجعة القانونية
CASE-01017,2025-02-01,تسريب معلومات,مخالفة في التعامل مع مخرجات مورد عسكري المنشأ,استخدام مكوّن عسكري المنشأ خارج الضوابط التعاقدية المعتمدة. المرجع CASE-2025-1257 · الجهة المعنية: الأمانة العامة.,الأمانة العامة,محال للجهة المختصة
CASE-01018,2019-06-15,مخالفة تعاقدية,تحقيق في مخالفة تعاقدية مع صندوق استثماري دولي,تحقيق في إخلال ببنود تعاقدية قد يرتب مطالبات مالية كبيرة. المرجع CASE-2019-9963 · الجهة المعنية: الموارد البشرية.,الموارد البشرية,منتهي بتوصيات
CASE-01019,2020-04-08,تسريب معلومات,تحقيق في احتيال مالي بقيمة تقديرية 27 مليون ريال,تحقيق داخلي في معاملات مالية غير مبررة وتوصيات الإحالة. المرجع CASE-2020-8787 · الجهة المعنية: إدارة المخاطر.,إدارة المخاطر,قيد المراجعة القانونية
CASE-01020,2023-01-21,مخالفة سلوك مهني,تحقيق في تلاعب بسجلات الاعتماد في نظام الأرشفة الإلكترونية,تحقيق في تعديل غير مصرح لسجلات الاعتماد المالي. المرجع CASE-2023-7112 · الجهة المعنية: وحدة مكافحة الاحتيال.,وحدة مكافحة الاحتيال,قيد المراجعة القانونية
CASE-01021,2026-03-10,مخالفة سلوك مهني,تحقيق في محاولة الوصول إلى سجلات تحركات القوات,محاولة موظف الوصول إلى سجلات تحركات القوات دون تصريح. المرجع CASE-2026-2141 · الجهة المعنية: الأمانة العامة.,الأمانة العامة,مغلق
CASE-01022,2025-03-24,مخالفة سلوك مهني,قضية استخدام غير مصرح لبيانات مواقع تخزين تشغيلية,استخراج قوائم مواقع تخزين تشغيلية دون تصريح. المرجع CASE-2025-7253 · الجهة المعنية: الأمانة العامة.,,قيد المراجعة القانونية
CASE-01023,2019-11-22,مخالفة تعاقدية,قضية استخدام غير مصرح لبيانات مواقع تخزين تشغيلية,استخراج قوائم مواقع تخزين تشغيلية دون تصريح. المرجع CASE-2019-3598 · الجهة المعنية: إدارة المخاطر.,إدارة المخاطر,مغلق
CASE-01024,2022-12-02,احتيال مالي,شكوى بيئة عمل في الخدمات المساندة,شكوى موظف تتضمن بيانات شخصية وتفاصيل تواصل داخلية. المرجع CASE-2022-2363 · الجهة المعنية: التدقيق الداخلي.,التدقيق الداخلي,قيد التحقيق
CASE-01025,2021-02-04,مخالفة تعاقدية,قضية إساءة استخدام معلومات داخلية في قطاع العمليات,قضية استخدام معلومات غير معلنة لتحقيق منفعة شخصية. المرجع CASE-2021-2523 · الجهة المعنية: إدارة المخاطر.,إدارة المخاطر,قيد المراجعة القانونية
CASE-01026,2021-12-24,استخدام غير مصرح للأنظمة,دليل خدمات الالتزام المنشور - قطاع التقنية والمشاريع 2021,دليل خدمات منشور يشرح مسارات الالتزام المتاحة. المرجع CASE-2021-4434 · الجهة المعنية: مكتب حماية المبلّغين.,مكتب حماية المبلّغين,قيد المراجعة القانونية
CASE-01027,2020-10-09,مخالفة مشتريات,قضية استخدام غير مصرح لبيانات مواقع تخزين تشغيلية,استخراج قوائم مواقع تخزين تشغيلية دون تصريح. المرجع CASE-2020-4104 · الجهة المعنية: التدقيق الداخلي.,التدقيق الداخلي,منتهي بتوصيات
CASE-01028,2024-05-11,مخالفة مشتريات,قضية إساءة استخدام معلومات داخلية في قطاع التقنية والمشاريع,قضية استخدام معلومات غير معلنة لتحقيق منفعة شخصية. المرجع CASE-2024-8385 · الجهة المعنية: التدقيق الداخلي.,التدقيق الداخلي,منتهي بتوصيات
CASE-01029,2019-01-25,تسريب معلومات,قضية تعارض مصالح في ترسية برنامج أمن سلاسل الإمداد,قضية تعارض مصالح بين عضو لجنة وأحد الموردين المتنافسين. المرجع CASE-2019-5936 · الجهة المعنية: الأمانة العامة.,الأمانة العامة,قيد المراجعة القانونية
CASE-01030,2020-10-30,احتيال مالي,تحقيق في تسريب مسودة مذكرة تفاهم مع شريك خارجي,تسريب مسودة مذكرة تفاهم قبل توقيعها رسميًا. المرجع CASE-2020-5514 · الجهة المعنية: وحدة مكافحة الاحتيال.,وحدة مكافحة الاحتيال,منتهي بتوصيات
CASE-01031,2022-10-24,احتيال مالي,تحقيق في احتيال مالي بقيمة تقديرية 32 مليون ريال,تحقيق داخلي في معاملات مالية غير مبررة وتوصيات الإحالة. المرجع CASE-2022-8253 · الجهة المعنية: الشؤون القانونية.,الشؤون القانونية,قيد المراجعة القانونية
CASE-01032,2024-05-04,مخالفة مشتريات,قضية مساس بمتطلبات سيادة البيانات الوطنية,استضافة بيانات وطنية خارج النطاق بما يخالف متطلبات سيادة البيانات. المرجع CASE-2024-7280 · الجهة المعنية: وحدة الالتزام التنظيمي.,وحدة الالتزام التنظيمي,قيد التحقيق
CASE-01033,2019-12-12,مخالفة مشتريات,تحقيق في تلاعب بسجلات الاعتماد في بوابة المستفيدين,تحقيق في تعديل غير مصرح لسجلات الاعتماد المالي. المرجع CASE-2019-7848 · الجهة المعنية: مكتب حماية المبلّغين.,مكتب حماية المبلّغين,بانتظار الرد
CASE-01034,2025-01-04,استخدام غير مصرح للأنظمة,قضية تسريب الميزانية الاستراتيجية قبل الاعتماد,تسريب أرقام الميزانية الاستراتيجية إلى جهة خارجية قبل اعتمادها. المرجع CASE-2025-3546 · الجهة المعنية: وحدة الالتزام التنظيمي.,وحدة الالتزام التنظيمي,منتهي بتوصيات
CASE-01035,2023-04-22,احتيال مالي,قضية تسريب الميزانية الاستراتيجية قبل الاعتماد,تسريب أرقام الميزانية الاستراتيجية إلى جهة خارجية قبل اعتمادها. المرجع CASE-2023-6778 · الجهة المعنية: التدقيق الداخلي.,التدقيق الداخلي,بانتظار الرد
CASE-01036,2024-12-29,تعارض مصالح,تحقيق في محاولة الوصول إلى سجلات تحركات القوات,محاولة موظف الوصول إلى سجلات تحركات القوات دون تصريح. المرجع CASE-2024-6288 · الجهة المعنية: وحدة مكافحة الاحتيال.,وحدة مكافحة الاحتيال,مغلق
CASE-01037,2019-11-27,استخدام غير مصرح للأنظمة,إحصاءات البلاغات المغلقة - قطاع الشراكات الربع الثالث 2019,إحصاءات مجمّعة عن أعداد البلاغات دون أي تفاصيل تعريفية. المرجع CASE-2019-8038 · الجهة المعنية: التدقيق الداخلي.,التدقيق الداخلي,محال للجهة المختصة
CASE-01038,2025-05-25,إساءة استخدام صلاحيات,قضية إساءة استخدام معلومات داخلية في قطاع الحلول الحكومية,قضية استخدام معلومات غير معلنة لتحقيق منفعة شخصية. المرجع CASE-2025-7640 · الجهة المعنية: وحدة الالتزام التنظيمي.,وحدة الالتزام التنظيمي,قيد المراجعة القانونية
CASE-01039,2025-02-25,إساءة استخدام صلاحيات,بلاغ مبلّغ عن مخالفات في الموارد البشرية,تحقيق سري في بلاغ مبلّغ مع حماية هويته وفق السياسة. المرجع CASE-2025-9180 · الجهة المعنية: الموارد البشرية.,الموارد البشرية,منتهي بتوصيات
CASE-01040,2025-02-05,استخدام غير مصرح للأنظمة,ملف مراجعة خاصة رقم SR-2025-365,مراجعة خاصة بتوجيه من اللجنة مع حظر التداول حتى صدور النتيجة. المرجع CASE-2025-9109 · الجهة المعنية: الأمانة العامة.,الأمانة العامة,بانتظار الرد
CASE-01041,2021-10-13,بلاغ مبلّغ,قضية تمويل مشبوه مرتبط بشبكة خارجية,إحالة إلى الجهات الأمنية بعد رصد نمط تمويل يتصل بأنشطة استخبارات. المرجع CASE-2021-9894 · الجهة المعنية: الموارد البشرية.,الموارد البشرية,منتهي بتوصيات
CASE-01042,2020-12-29,تسريب معلومات,منشور سياسة السلوك المهني - التشغيل 2020,منشور عام يوضح مبادئ السلوك المهني المعتمدة. المرجع CASE-2020-5298 · الجهة المعنية: الموارد البشرية.,الموارد البشرية,قيد المراجعة القانونية
CASE-01043,2021-11-20,بلاغ مبلّغ,ملف مراجعة خاصة رقم SR-2021-336,مراجعة خاصة بتوجيه من اللجنة مع حظر التداول حتى صدور النتيجة. المرجع CASE-2021-8460 · الجهة المعنية: الشؤون القانونية.,الشؤون القانونية,قيد المراجعة القانونية
CASE-01044,2019-08-15,مخالفة تعاقدية,قضية تمويل مشبوه مرتبط بشبكة خارجية,إحالة إلى الجهات الأمنية بعد رصد نمط تمويل يتصل بأنشطة استخبارات. المرجع CASE-2019-6322 · الجهة المعنية: مكتب حماية المبلّغين.,مكتب حماية المبلّغين,محال للجهة المختصة
CASE-01045,2024-07-06,مخالفة مشتريات,مراجعة استراتيجية لمخاطر الالتزام في قطاع العمليات,مراجعة استراتيجية لمخاطر التزام قد تؤدي إلى غرامات تنظيمية. المرجع CASE-2024-1388 · الجهة المعنية: وحدة الالتزام التنظيمي.,وحدة الالتزام التنظيمي,قيد التحقيق
CASE-01046,2019-01-17,تسريب معلومات,تحقيق في مخالفة تعاقدية مع جهة سيادية شريكة,تحقيق في إخلال ببنود تعاقدية قد يرتب مطالبات مالية كبيرة. المرجع CASE-2019-2380 · الجهة المعنية: إدارة المخاطر.,إدارة المخاطر,محال للجهة المختصة
CASE-01047,2024-05-12,تعارض مصالح,منشور سياسة السلوك المهني - الموارد البشرية 2024,منشور عام يوضح مبادئ السلوك المهني المعتمدة. المرجع CASE-2024-8383 · الجهة المعنية: إدارة المخاطر.,إدارة المخاطر,مغلق
CASE-01048,2020-04-08,تسريب معلومات,قضية تعارض مصالح في ترسية برنامج المرونة التشغيلية,قضية تعارض مصالح بين عضو لجنة وأحد الموردين المتنافسين. المرجع CASE-2020-9829 · الجهة المعنية: إدارة المخاطر.,إدارة المخاطر,منتهي بتوصيات
CASE-01049,2021-03-25,استخدام غير مصرح للأنظمة,مذكرة داخلية بشأن ضبط الحضور في تقنية المعلومات,مذكرة داخلية تنظيمية حول التزام الحضور والانصراف. المرجع CASE-2021-2241 · الجهة المعنية: الأمانة العامة.,الأمانة العامة,مغلق
CASE-01050,2024-06-25,إساءة استخدام صلاحيات,قضية تعارض مصالح في ترسية برنامج تكامل الأنظمة الحكومية,قضية تعارض مصالح بين عضو لجنة وأحد الموردين المتنافسين. المرجع CASE-2024-5933 · الجهة المعنية: وحدة الالتزام التنظيمي.,وحدة الالتزام التنظيمي,بانتظار الرد
CASE-01051,2023-04-01,احتيال مالي,قضية تعارض مصالح في ترسية برنامج التوسع الإقليمي,قضية تعارض مصالح بين عضو لجنة وأحد الموردين المتنافسين. المرجع CASE-2023-8473 · الجهة المعنية: وحدة الالتزام التنظيمي.,وحدة الالتزام التنظيمي,محال للجهة المختصة
CASE-01052,2022-07-13,مخالفة مشتريات,بلاغ عن تسريب بيانات تخص منشأة حيوية وطنية,بلاغ داخلي عن نقل وثائق تخص منشأة حيوية إلى جهة غير مصرح لها. المرجع CASE-2022-7143 · الجهة المعنية: وحدة مكافحة الاحتيال.,وحدة مكافحة الاحتيال,محال للجهة المختصة
CASE-01053,2022-07-15,مخالفة سلوك مهني,تحقيق في تسريب مسودة مذكرة تفاهم مع شريك خارجي,تسريب مسودة مذكرة تفاهم قبل توقيعها رسميًا. المرجع CASE-2022-1149 · الجهة المعنية: التدقيق الداخلي.,التدقيق الداخلي,مغلق
CASE-01054,2025-12-06,تعارض مصالح,تحقيق في تسريب مسودة مذكرة تفاهم مع شريك خارجي,تسريب مسودة مذكرة تفاهم قبل توقيعها رسميًا. المرجع CASE-2025-1653 · الجهة المعنية: مكتب حماية المبلّغين.,مكتب حماية المبلّغين,قيد التحقيق
CASE-01055,2019-10-04,تسريب معلومات,قضية تسريب الميزانية الاستراتيجية قبل الاعتماد,تسريب أرقام الميزانية الاستراتيجية إلى جهة خارجية قبل اعتمادها. المرجع CASE-2019-2914 · الجهة المعنية: التدقيق الداخلي.,التدقيق الداخلي,مغلق
CASE-01056,2023-06-25,احتيال مالي,تحقيق في تواطؤ محتمل بين موردي قطاع العمليات,تحقيق في مؤشرات تنسيق أسعار بين موردين في منافسة مغلقة. المرجع CASE-2023-3801 · الجهة المعنية: مكتب حماية المبلّغين.,مكتب حماية المبلّغين,قيد المراجعة القانونية
CASE-01057,2019-08-06,مخالفة سلوك مهني,مراجعة استراتيجية لمخاطر الالتزام في قطاع الخدمات الرقمية,مراجعة استراتيجية لمخاطر التزام قد تؤدي إلى غرامات تنظيمية. المرجع CASE-2019-5332 · الجهة المعنية: إدارة المخاطر.,إدارة المخاطر,قيد التحقيق
CASE-01058,2020-02-03,احتيال مالي,مخالفة خصوصية في تداول ملفات المنسوبين,تداول ملفات موظفين دون مراعاة ضوابط خصوصية البيانات. المرجع CASE-2020-6817 · الجهة المعنية: التدقيق الداخلي.,التدقيق الداخلي,منتهي بتوصيات
CASE-01059,2022-03-13,بلاغ مبلّغ,تحقيق في تلاعب بسجلات الاعتماد في مركز البيانات الرئيسي,تحقيق في تعديل غير مصرح لسجلات الاعتماد المالي. المرجع CASE-2022-3843 · الجهة المعنية: وحدة الالتزام التنظيمي.,وحدة الالتزام التنظيمي,قيد المراجعة القانونية
CASE-01060,2020-01-04,استخدام غير مصرح للأنظمة,مراجعة استراتيجية لمخاطر الالتزام في قطاع التقنية والمشاريع,مراجعة استراتيجية لمخاطر التزام قد تؤدي إلى غرامات تنظيمية. المرجع CASE-2020-4284 · الجهة المعنية: وحدة مكافحة الاحتيال.,وحدة مكافحة الاحتيال,قيد التحقيق
CASE-01061,2026-03-15,تعارض مصالح,تحقيق في مخالفة تعاقدية مع دولة شريكة,تحقيق في إخلال ببنود تعاقدية قد يرتب مطالبات مالية كبيرة. المرجع CASE-2026-4475 · الجهة المعنية: الموارد البشرية.,الموارد البشرية,قيد المراجعة القانونية
CASE-01062,2022-03-29,إساءة استخدام صلاحيات,تحقيق في تواطؤ محتمل بين موردي قطاع التحول الرقمي,تحقيق في مؤشرات تنسيق أسعار بين موردين في منافسة مغلقة. المرجع CASE-2022-3978 · الجهة المعنية: الأمانة العامة.,الأمانة العامة,قيد المراجعة القانونية
CASE-01063,2020-08-05,مخالفة سلوك مهني,قضية تسريب الميزانية الاستراتيجية قبل الاعتماد,تسريب أرقام الميزانية الاستراتيجية إلى جهة خارجية قبل اعتمادها. المرجع CASE-2020-3475 · الجهة المعنية: مكتب حماية المبلّغين.,مكتب حماية المبلّغين,محال للجهة المختصة
CASE-01064,2024-01-21,تسريب معلومات,تحقيق في تسريب مسودة مذكرة تفاهم مع شريك خارجي,تسريب مسودة مذكرة تفاهم قبل توقيعها رسميًا. المرجع CASE-2024-3105 · الجهة المعنية: وحدة الالتزام التنظيمي.,وحدة الالتزام التنظيمي,محال للجهة المختصة
CASE-01065,2025-07-23,إساءة استخدام صلاحيات,طلب تصحيح بيانات هوية في سجل الموظفين,طلب تصحيح حقول هوية وبيانات تواصل في السجل. المرجع CASE-2025-1425 · الجهة المعنية: التدقيق الداخلي.,التدقيق الداخلي,محال للجهة المختصة
CASE-01066,2020-12-02,احتيال مالي,قضية استخدام غير مصرح لبيانات مواقع تخزين تشغيلية,استخراج قوائم مواقع تخزين تشغيلية دون تصريح. المرجع CASE-2020-7369 · الجهة المعنية: الشؤون القانونية.,,منتهي بتوصيات
CASE-01067,2019-03-22,إساءة استخدام صلاحيات,قضية تعارض مصالح في ترسية برنامج التوسع الإقليمي,قضية تعارض مصالح بين عضو لجنة وأحد الموردين المتنافسين. المرجع CASE-2019-8827 · الجهة المعنية: الشؤون القانونية.,الشؤون القانونية,مغلق
CASE-01068,2025-11-03,احتيال مالي,تحقيق في محاولة الوصول إلى سجلات تحركات القوات,محاولة موظف الوصول إلى سجلات تحركات القوات دون تصريح. المرجع CASE-2025-7176 · الجهة المعنية: وحدة مكافحة الاحتيال.,وحدة مكافحة الاحتيال,قيد المراجعة القانونية
CASE-01069,2023-09-26,مخالفة تعاقدية,تحقيق في احتيال مالي بقيمة تقديرية 15 مليون ريال,تحقيق داخلي في معاملات مالية غير مبررة وتوصيات الإحالة. المرجع CASE-2023-4226 · الجهة المعنية: إدارة المخاطر.,إدارة المخاطر,مغلق
CASE-01070,2020-04-05,مخالفة تعاقدية,تحقيق في تواطؤ محتمل بين موردي قطاع البنية التحتية,تحقيق في مؤشرات تنسيق أسعار بين موردين في منافسة مغلقة. المرجع CASE-2020-4542 · الجهة المعنية: وحدة مكافحة الاحتيال.,وحدة مكافحة الاحتيال,قيد التحقيق
CASE-01071,2020-06-05,مخالفة سلوك مهني,تحقيق في مخالفة تعاقدية مع جهة سيادية شريكة,تحقيق في إخلال ببنود تعاقدية قد يرتب مطالبات مالية كبيرة. المرجع CASE-2020-6388 · الجهة المعنية: مكتب حماية المبلّغين.,مكتب حماية المبلّغين,بانتظار الرد
CASE-01072,2019-06-02,إساءة استخدام صلاحيات,قضية استخدام غير مصرح لبيانات مواقع تخزين تشغيلية,استخراج قوائم مواقع تخزين تشغيلية دون تصريح. المرجع CASE-2019-4803 · الجهة المعنية: الأمانة العامة.,الأمانة العامة,مغلق
CASE-01073,2025-07-05,احتيال مالي,تحقيق في مخالفة تعاقدية مع شريك تقني عالمي,تحقيق في إخلال ببنود تعاقدية قد يرتب مطالبات مالية كبيرة. المرجع CASE-2025-1653 · الجهة المعنية: مكتب حماية المبلّغين.,مكتب حماية المبلّغين,قيد المراجعة القانونية
CASE-01074,2021-12-26,احتيال مالي,شكوى بيئة عمل في المالية,شكوى موظف تتضمن بيانات شخصية وتفاصيل تواصل داخلية. المرجع CASE-2021-9196 · الجهة المعنية: وحدة مكافحة الاحتيال.,وحدة مكافحة الاحتيال,منتهي بتوصيات
CASE-01075,2021-08-17,إساءة استخدام صلاحيات,مخالفة في التعامل مع مخرجات مورد عسكري المنشأ,استخدام مكوّن عسكري المنشأ خارج الضوابط التعاقدية المعتمدة. المرجع CASE-2021-5384 · الجهة المعنية: وحدة مكافحة الاحتيال.,وحدة مكافحة الاحتيال,قيد المراجعة القانونية
CASE-01076,2022-03-29,إساءة استخدام صلاحيات,مخالفة في التعامل مع مخرجات مورد عسكري المنشأ,استخدام مكوّن عسكري المنشأ خارج الضوابط التعاقدية المعتمدة. المرجع CASE-2022-2085 · الجهة المعنية: مكتب حماية المبلّغين.,مكتب حماية المبلّغين,منتهي بتوصيات
CASE-01077,2024-11-10,مخالفة مشتريات,بلاغ عن مخالفة في التعامل مع مواد أسلحة خاضعة للرقابة,مخالفة إجراءات مناولة أسلحة ومواد خاضعة للرقابة داخل موقع تشغيلي. المرجع CASE-2024-2930 · الجهة المعنية: مكتب حماية المبلّغين.,مكتب حماية المبلّغين,محال للجهة المختصة
CASE-01078,2024-07-28,مخالفة سلوك مهني,تحقيق في محاولة الوصول إلى سجلات تحركات القوات,محاولة موظف الوصول إلى سجلات تحركات القوات دون تصريح. المرجع CASE-2024-2048 · الجهة المعنية: الشؤون القانونية.,الشؤون القانونية,قيد المراجعة القانونية
CASE-01079,2020-08-18,بلاغ مبلّغ,قضية إساءة استخدام معلومات داخلية في قطاع الخدمات الرقمية,قضية استخدام معلومات غير معلنة لتحقيق منفعة شخصية. المرجع CASE-2020-9853 · الجهة المعنية: الموارد البشرية.,الموارد البشرية,مغلق
CASE-01080,2019-02-26,إساءة استخدام صلاحيات,قضية تسريب الميزانية الاستراتيجية قبل الاعتماد,تسريب أرقام الميزانية الاستراتيجية إلى جهة خارجية قبل اعتمادها. المرجع CASE-2019-7360 · الجهة المعنية: إدارة المخاطر.,إدارة المخاطر,مغلق
CASE-01081,2020-06-01,تسريب معلومات,قضية تعارض مصالح في ترسية برنامج التوسع الإقليمي,قضية تعارض مصالح بين عضو لجنة وأحد الموردين المتنافسين. المرجع CASE-2020-3088 · الجهة المعنية: إدارة المخاطر.,إدارة المخاطر,منتهي بتوصيات
CASE-01082,2023-05-13,إساءة استخدام صلاحيات,مخالفة في التعامل مع مخرجات مورد عسكري المنشأ,استخدام مكوّن عسكري المنشأ خارج الضوابط التعاقدية المعتمدة. المرجع CASE-2023-1690 · الجهة المعنية: التدقيق الداخلي.,التدقيق الداخلي,بانتظار الرد
CASE-01083,2023-08-22,مخالفة تعاقدية,دليل خدمات الالتزام المنشور - قطاع التحول الرقمي 2023,دليل خدمات منشور يشرح مسارات الالتزام المتاحة. المرجع CASE-2023-6881 · الجهة المعنية: الموارد البشرية.,الموارد البشرية,قيد المراجعة القانونية
CASE-01084,2019-06-18,بلاغ مبلّغ,بلاغ مبلّغ عن مخالفات في التشغيل,تحقيق سري في بلاغ مبلّغ مع حماية هويته وفق السياسة. المرجع CASE-2019-6874 · الجهة المعنية: وحدة مكافحة الاحتيال.,وحدة مكافحة الاحتيال,مغلق
CASE-01085,2021-09-08,تعارض مصالح,ملف مراجعة خاصة رقم SR-2021-388,مراجعة خاصة بتوجيه من اللجنة مع حظر التداول حتى صدور النتيجة. المرجع CASE-2021-7429 · الجهة المعنية: التدقيق الداخلي.,,قيد المراجعة القانونية
CASE-01086,2023-01-04,مخالفة تعاقدية,تحقيق في مخالفة تعاقدية مع شريك تقني عالمي,تحقيق في إخلال ببنود تعاقدية قد يرتب مطالبات مالية كبيرة. المرجع CASE-2023-4416 · الجهة المعنية: مكتب حماية المبلّغين.,مكتب حماية المبلّغين,قيد المراجعة القانونية
CASE-01087,2022-01-23,استخدام غير مصرح للأنظمة,منشور سياسة السلوك المهني - الاتصال المؤسسي 2022,منشور عام يوضح مبادئ السلوك المهني المعتمدة. المرجع CASE-2022-6959 · الجهة المعنية: التدقيق الداخلي.,التدقيق الداخلي,بانتظار الرد
CASE-01088,2022-10-19,مخالفة سلوك مهني,قضية مساس بمتطلبات سيادة البيانات الوطنية,استضافة بيانات وطنية خارج النطاق بما يخالف متطلبات سيادة البيانات. المرجع CASE-2022-9184 · الجهة المعنية: وحدة مكافحة الاحتيال.,وحدة مكافحة الاحتيال,محال للجهة المختصة
CASE-01089,2020-11-18,مخالفة تعاقدية,تحقيق في تواطؤ محتمل بين موردي قطاع الأعمال المؤسسية,تحقيق في مؤشرات تنسيق أسعار بين موردين في منافسة مغلقة. المرجع CASE-2020-1747 · الجهة المعنية: إدارة المخاطر.,,قيد المراجعة القانونية
CASE-01090,2026-05-16,مخالفة تعاقدية,تحقيق في تلاعب بسجلات الاعتماد في نظام التحقق الرقمي,تحقيق في تعديل غير مصرح لسجلات الاعتماد المالي. المرجع CASE-2026-4456 · الجهة المعنية: مكتب حماية المبلّغين.,مكتب حماية المبلّغين,قيد التحقيق
CASE-01091,2025-08-15,مخالفة سلوك مهني,قضية استخدام غير مصرح لبيانات مواقع تخزين تشغيلية,استخراج قوائم مواقع تخزين تشغيلية دون تصريح. المرجع CASE-2025-6948 · الجهة المعنية: الموارد البشرية.,الموارد البشرية,منتهي بتوصيات
CASE-01092,2022-06-22,تسريب معلومات,تحقيق في تلاعب بسجلات الاعتماد في بوابة الموردين الإلكترونية,تحقيق في تعديل غير مصرح لسجلات الاعتماد المالي. المرجع CASE-2022-6078 · الجهة المعنية: وحدة الالتزام التنظيمي.,وحدة الالتزام التنظيمي,قيد المراجعة القانونية
CASE-01093,2022-04-28,إساءة استخدام صلاحيات,طلب تصحيح بيانات هوية في سجل الموظفين,طلب تصحيح حقول هوية وبيانات تواصل في السجل. المرجع CASE-2022-2306 · الجهة المعنية: التدقيق الداخلي.,التدقيق الداخلي,مغلق
CASE-01094,2021-08-09,مخالفة تعاقدية,قضية إساءة استخدام معلومات داخلية في قطاع الشراكات,قضية استخدام معلومات غير معلنة لتحقيق منفعة شخصية. المرجع CASE-2021-9894 · الجهة المعنية: الشؤون القانونية.,الشؤون القانونية,بانتظار الرد
CASE-01095,2019-08-02,احتيال مالي,تحقيق في تسريب مسودة مذكرة تفاهم مع شريك خارجي,تسريب مسودة مذكرة تفاهم قبل توقيعها رسميًا. المرجع CASE-2019-3895 · الجهة المعنية: وحدة مكافحة الاحتيال.,وحدة مكافحة الاحتيال,قيد المراجعة القانونية
CASE-01096,2019-03-22,بلاغ مبلّغ,تحقيق في تلاعب بسجلات الاعتماد في بوابة المدفوعات الوطنية,تحقيق في تعديل غير مصرح لسجلات الاعتماد المالي. المرجع CASE-2019-9730 · الجهة المعنية: إدارة المخاطر.,,مغلق
CASE-01097,2022-03-11,بلاغ مبلّغ,قضية تسريب الميزانية الاستراتيجية قبل الاعتماد,تسريب أرقام الميزانية الاستراتيجية إلى جهة خارجية قبل اعتمادها. المرجع CASE-2022-1086 · الجهة المعنية: إدارة المخاطر.,إدارة المخاطر,منتهي بتوصيات
CASE-01098,2021-08-03,مخالفة مشتريات,مراجعة استراتيجية لمخاطر الالتزام في قطاع الحلول الحكومية,مراجعة استراتيجية لمخاطر التزام قد تؤدي إلى غرامات تنظيمية. المرجع CASE-2021-1636 · الجهة المعنية: وحدة مكافحة الاحتيال.,وحدة مكافحة الاحتيال,قيد التحقيق
CASE-01099,2021-03-16,إساءة استخدام صلاحيات,بلاغ مبلّغ عن مخالفات في المالية,تحقيق سري في بلاغ مبلّغ مع حماية هويته وفق السياسة. المرجع CASE-2021-7469 · الجهة المعنية: الشؤون القانونية.,الشؤون القانونية,بانتظار الرد
CASE-01100,2025-02-11,إساءة استخدام صلاحيات,ملف محال للجهة العليا رقم HC-2025-25,ملف محال لجهة عليا لارتباطه بمواقع ومنشآت وطنية محددة. المرجع CASE-2025-6557 · الجهة المعنية: وحدة الالتزام التنظيمي.,وحدة الالتزام التنظيمي,محال للجهة المختصة
CASE-01101,2024-08-22,استخدام غير مصرح للأنظمة,ملخص مواجهة أطراف في الملف رقم MF-2024-710,محضر مواجهة يتضمن إفادات أطراف قد ترتب مسؤولية نظامية. المرجع CASE-2024-8693 · الجهة المعنية: الأمانة العامة.,الأمانة العامة,بانتظار الرد
CASE-01102,2025-11-07,مخالفة سلوك مهني,إحصاءات البلاغات المغلقة - قطاع الأعمال المؤسسية الربع الثاني 2025,إحصاءات مجمّعة عن أعداد البلاغات دون أي تفاصيل تعريفية. المرجع CASE-2025-8134 · الجهة المعنية: التدقيق الداخلي.,التدقيق الداخلي,بانتظار الرد
CASE-01103,2026-01-30,تسريب معلومات,تحقيق في احتيال مالي بقيمة تقديرية 39 مليون ريال,تحقيق داخلي في معاملات مالية غير مبررة وتوصيات الإحالة. المرجع CASE-2026-3664 · الجهة المعنية: التدقيق الداخلي.,التدقيق الداخلي,منتهي بتوصيات
CASE-01104,2026-04-08,بلاغ مبلّغ,إعلان قناة البلاغات في جدة - 2026,إعلان رسمي عن إطلاق قناة استقبال البلاغات وآلية استخدامها. المرجع CASE-2026-9517 · الجهة المعنية: وحدة الالتزام التنظيمي.,وحدة الالتزام التنظيمي,قيد المراجعة القانونية
CASE-01105,2021-05-31,مخالفة مشتريات,تحقيق في احتيال مالي بقيمة تقديرية 12 مليون ريال,تحقيق داخلي في معاملات مالية غير مبررة وتوصيات الإحالة. المرجع CASE-2021-9473 · الجهة المعنية: مكتب حماية المبلّغين.,مكتب حماية المبلّغين,قيد المراجعة القانونية
CASE-01106,2025-05-15,بلاغ مبلّغ,ملف مراجعة خاصة رقم SR-2025-277,مراجعة خاصة بتوجيه من اللجنة مع حظر التداول حتى صدور النتيجة. المرجع CASE-2025-9765 · الجهة المعنية: وحدة مكافحة الاحتيال.,وحدة مكافحة الاحتيال,محال للجهة المختصة
CASE-01107,2021-08-04,استخدام غير مصرح للأنظمة,تحقيق في تواطؤ محتمل بين موردي قطاع الحلول الحكومية,تحقيق في مؤشرات تنسيق أسعار بين موردين في منافسة مغلقة. المرجع CASE-2021-7447 · الجهة المعنية: وحدة مكافحة الاحتيال.,وحدة مكافحة الاحتيال,مغلق
CASE-01108,2024-03-14,إساءة استخدام صلاحيات,قضية تسريب الميزانية الاستراتيجية قبل الاعتماد,تسريب أرقام الميزانية الاستراتيجية إلى جهة خارجية قبل اعتمادها. المرجع CASE-2024-3688 · الجهة المعنية: إدارة المخاطر.,إدارة المخاطر,قيد التحقيق
CASE-01109,2019-09-12,إساءة استخدام صلاحيات,مراجعة استراتيجية لمخاطر الالتزام في قطاع الخدمات الرقمية,مراجعة استراتيجية لمخاطر التزام قد تؤدي إلى غرامات تنظيمية. المرجع CASE-2019-9864 · الجهة المعنية: التدقيق الداخلي.,التدقيق الداخلي,قيد المراجعة القانونية
CASE-01110,2019-10-20,إساءة استخدام صلاحيات,تحقيق في تواطؤ محتمل بين موردي قطاع الأعمال المؤسسية,تحقيق في مؤشرات تنسيق أسعار بين موردين في منافسة مغلقة. المرجع CASE-2019-8859 · الجهة المعنية: وحدة مكافحة الاحتيال.,وحدة مكافحة الاحتيال,محال للجهة المختصة
CASE-01111,2019-08-06,مخالفة مشتريات,إعلان قناة البلاغات في المدينة المنورة - 2019,إعلان رسمي عن إطلاق قناة استقبال البلاغات وآلية استخدامها. المرجع CASE-2019-4366 · الجهة المعنية: الشؤون القانونية.,الشؤون القانونية,مغلق
CASE-01112,2022-06-16,إساءة استخدام صلاحيات,تحقيق في احتيال مالي بقيمة تقديرية 36 مليون ريال,تحقيق داخلي في معاملات مالية غير مبررة وتوصيات الإحالة. المرجع CASE-2022-8482 · الجهة المعنية: وحدة الالتزام التنظيمي.,وحدة الالتزام التنظيمي,مغلق
CASE-01113,2024-11-30,مخالفة تعاقدية,مخالفة خصوصية في تداول ملفات المنسوبين,تداول ملفات موظفين دون مراعاة ضوابط خصوصية البيانات. المرجع CASE-2024-1800 · الجهة المعنية: وحدة مكافحة الاحتيال.,وحدة مكافحة الاحتيال,مغلق
CASE-01114,2021-03-04,مخالفة مشتريات,ملف محال للجهة العليا رقم HC-2021-15,ملف محال لجهة عليا لارتباطه بمواقع ومنشآت وطنية محددة. المرجع CASE-2021-5260 · الجهة المعنية: الأمانة العامة.,الأمانة العامة,قيد التحقيق
CASE-01115,2021-08-25,استخدام غير مصرح للأنظمة,ملخص مواجهة أطراف في الملف رقم MF-2021-115,محضر مواجهة يتضمن إفادات أطراف قد ترتب مسؤولية نظامية. المرجع CASE-2021-7259 · الجهة المعنية: التدقيق الداخلي.,التدقيق الداخلي,بانتظار الرد
CASE-01116,2020-09-29,بلاغ مبلّغ,قضية إساءة استخدام معلومات داخلية في قطاع الأعمال المؤسسية,قضية استخدام معلومات غير معلنة لتحقيق منفعة شخصية. المرجع CASE-2020-9674 · الجهة المعنية: الموارد البشرية.,الموارد البشرية,قيد التحقيق
CASE-01117,2019-05-24,مخالفة سلوك مهني,تحقيق في تسريب مسودة مذكرة تفاهم مع شريك خارجي,تسريب مسودة مذكرة تفاهم قبل توقيعها رسميًا. المرجع CASE-2019-4432 · الجهة المعنية: وحدة مكافحة الاحتيال.,وحدة مكافحة الاحتيال,قيد المراجعة القانونية
CASE-01118,2020-11-27,استخدام غير مصرح للأنظمة,طلب إجازة طبي ممتدة - الشؤون القانونية,ملف طبي داعم لطلب إجازة ممتدة لأحد المنسوبين. المرجع CASE-2020-8120 · الجهة المعنية: الموارد البشرية.,الموارد البشرية,محال للجهة المختصة
CASE-01119,2023-03-29,بلاغ مبلّغ,تحقيق في احتيال مالي بقيمة تقديرية 12 مليون ريال,تحقيق داخلي في معاملات مالية غير مبررة وتوصيات الإحالة. المرجع CASE-2023-6617 · الجهة المعنية: مكتب حماية المبلّغين.,مكتب حماية المبلّغين,قيد التحقيق
CASE-01120,2023-06-11,بلاغ مبلّغ,تحقيق في تسريب خطط عمليات أمنية لفعالية وطنية,تسريب جدول عمليات أمنية قبل تنفيذ الفعالية الوطنية. المرجع CASE-2023-1110 · الجهة المعنية: التدقيق الداخلي.,التدقيق الداخلي,قيد المراجعة القانونية
CASE-01121,2021-09-23,مخالفة تعاقدية,ملخص مواجهة أطراف في الملف رقم MF-2021-756,محضر مواجهة يتضمن إفادات أطراف قد ترتب مسؤولية نظامية. المرجع CASE-2021-4644 · الجهة المعنية: الأمانة العامة.,الأمانة العامة,قيد التحقيق
CASE-01122,2026-01-10,احتيال مالي,تحقيق في تلاعب بسجلات الاعتماد في منصة التحليلات المؤسسية,تحقيق في تعديل غير مصرح لسجلات الاعتماد المالي. المرجع CASE-2026-4336 · الجهة المعنية: الشؤون القانونية.,الشؤون القانونية,قيد التحقيق
CASE-01123,2022-07-03,تعارض مصالح,شكوى بيئة عمل في التشغيل,شكوى موظف تتضمن بيانات شخصية وتفاصيل تواصل داخلية. المرجع CASE-2022-8611 · الجهة المعنية: الأمانة العامة.,الأمانة العامة,قيد المراجعة القانونية
CASE-01124,2023-09-19,بلاغ مبلّغ,تحقيق في مخالفة تعاقدية مع تحالف صناعي دولي,تحقيق في إخلال ببنود تعاقدية قد يرتب مطالبات مالية كبيرة. المرجع CASE-2023-5194 · الجهة المعنية: الشؤون القانونية.,الشؤون القانونية,قيد المراجعة القانونية
CASE-01125,2024-08-14,تسريب معلومات,قضية تسريب الميزانية الاستراتيجية قبل الاعتماد,تسريب أرقام الميزانية الاستراتيجية إلى جهة خارجية قبل اعتمادها. المرجع CASE-2024-3573 · الجهة المعنية: الأمانة العامة.,الأمانة العامة,بانتظار الرد
CASE-01126,2024-02-13,مخالفة سلوك مهني,إعلان قناة البلاغات في الأحساء - 2024,إعلان رسمي عن إطلاق قناة استقبال البلاغات وآلية استخدامها. المرجع CASE-2024-3539 · الجهة المعنية: الشؤون القانونية.,الشؤون القانونية,قيد التحقيق
CASE-01127,2022-06-10,استخدام غير مصرح للأنظمة,مخالفة خصوصية في تداول ملفات المنسوبين,تداول ملفات موظفين دون مراعاة ضوابط خصوصية البيانات. المرجع CASE-2022-6161 · الجهة المعنية: الشؤون القانونية.,الشؤون القانونية,قيد التحقيق
CASE-01128,2020-05-17,مخالفة تعاقدية,تحقيق في احتيال مالي بقيمة تقديرية 4 مليون ريال,تحقيق داخلي في معاملات مالية غير مبررة وتوصيات الإحالة. المرجع CASE-2020-7335 · الجهة المعنية: وحدة مكافحة الاحتيال.,وحدة مكافحة الاحتيال,قيد المراجعة القانونية
CASE-01129,2024-02-19,تعارض مصالح,مراجعة استراتيجية لمخاطر الالتزام في قطاع التحول الرقمي,مراجعة استراتيجية لمخاطر التزام قد تؤدي إلى غرامات تنظيمية. المرجع CASE-2024-8689 · الجهة المعنية: وحدة مكافحة الاحتيال.,وحدة مكافحة الاحتيال,بانتظار الرد
CASE-01130,2023-07-24,استخدام غير مصرح للأنظمة,طلب تصحيح بيانات هوية في سجل الموظفين,طلب تصحيح حقول هوية وبيانات تواصل في السجل. المرجع CASE-2023-1118 · الجهة المعنية: الشؤون القانونية.,الشؤون القانونية,قيد المراجعة القانونية
CASE-01131,2023-08-21,احتيال مالي,بلاغ مبلّغ عن مخالفات في المالية,تحقيق سري في بلاغ مبلّغ مع حماية هويته وفق السياسة. المرجع CASE-2023-9516 · الجهة المعنية: وحدة مكافحة الاحتيال.,وحدة مكافحة الاحتيال,منتهي بتوصيات
CASE-01132,2023-09-13,استخدام غير مصرح للأنظمة,تحقيق في تلاعب بسجلات الاعتماد في نظام إدارة الهوية المركزي,تحقيق في تعديل غير مصرح لسجلات الاعتماد المالي. المرجع CASE-2023-2150 · الجهة المعنية: وحدة مكافحة الاحتيال.,وحدة مكافحة الاحتيال,قيد التحقيق
CASE-01133,2022-04-05,مخالفة تعاقدية,دليل خدمات الالتزام المنشور - قطاع التحول الرقمي 2022,دليل خدمات منشور يشرح مسارات الالتزام المتاحة. المرجع CASE-2022-3042 · الجهة المعنية: الموارد البشرية.,الموارد البشرية,محال للجهة المختصة
CASE-01134,2019-07-19,مخالفة تعاقدية,شكوى بيئة عمل في الخدمات المساندة,شكوى موظف تتضمن بيانات شخصية وتفاصيل تواصل داخلية. المرجع CASE-2019-1128 · الجهة المعنية: الأمانة العامة.,الأمانة العامة,مغلق
CASE-01135,2023-01-12,استخدام غير مصرح للأنظمة,قضية تعارض مصالح في ترسية برنامج المرونة التشغيلية,قضية تعارض مصالح بين عضو لجنة وأحد الموردين المتنافسين. المرجع CASE-2023-6802 · الجهة المعنية: وحدة مكافحة الاحتيال.,وحدة مكافحة الاحتيال,محال للجهة المختصة
CASE-01136,2021-11-12,استخدام غير مصرح للأنظمة,مراجعة استراتيجية لمخاطر الالتزام في قطاع الشراكات,مراجعة استراتيجية لمخاطر التزام قد تؤدي إلى غرامات تنظيمية. المرجع CASE-2021-8507 · الجهة المعنية: إدارة المخاطر.,إدارة المخاطر,بانتظار الرد
CASE-01137,2021-08-19,بلاغ مبلّغ,بلاغ مبلّغ عن مخالفات في المالية,تحقيق سري في بلاغ مبلّغ مع حماية هويته وفق السياسة. المرجع CASE-2021-4296 · الجهة المعنية: الأمانة العامة.,الأمانة العامة,قيد المراجعة القانونية
CASE-01138,2025-02-24,تسريب معلومات,تحقيق في مخالفة تعاقدية مع صندوق استثماري دولي,تحقيق في إخلال ببنود تعاقدية قد يرتب مطالبات مالية كبيرة. المرجع CASE-2025-5969 · الجهة المعنية: التدقيق الداخلي.,التدقيق الداخلي,قيد التحقيق
CASE-01139,2024-08-21,مخالفة تعاقدية,تحقيق في محاولة الوصول إلى سجلات تحركات القوات,محاولة موظف الوصول إلى سجلات تحركات القوات دون تصريح. المرجع CASE-2024-6255 · الجهة المعنية: الأمانة العامة.,الأمانة العامة,قيد التحقيق
CASE-01140,2024-06-27,احتيال مالي,تحقيق في تسريب مسودة مذكرة تفاهم مع شريك خارجي,تسريب مسودة مذكرة تفاهم قبل توقيعها رسميًا. المرجع CASE-2024-3172 · الجهة المعنية: مكتب حماية المبلّغين.,مكتب حماية المبلّغين,قيد التحقيق
CASE-01141,2020-06-02,تسريب معلومات,ملف محال للجهة العليا رقم HC-2020-72,ملف محال لجهة عليا لارتباطه بمواقع ومنشآت وطنية محددة. المرجع CASE-2020-4801 · الجهة المعنية: وحدة مكافحة الاحتيال.,وحدة مكافحة الاحتيال,محال للجهة المختصة
CASE-01142,2022-10-20,بلاغ مبلّغ,تحقيق في تسريب مسودة مذكرة تفاهم مع شريك خارجي,تسريب مسودة مذكرة تفاهم قبل توقيعها رسميًا. المرجع CASE-2022-5860 · الجهة المعنية: الشؤون القانونية.,الشؤون القانونية,محال للجهة المختصة
CASE-01143,2021-12-25,تسريب معلومات,تحقيق في تسريب مسودة مذكرة تفاهم مع شريك خارجي,تسريب مسودة مذكرة تفاهم قبل توقيعها رسميًا. المرجع CASE-2021-2478 · الجهة المعنية: مكتب حماية المبلّغين.,مكتب حماية المبلّغين,مغلق
CASE-01144,2020-03-04,استخدام غير مصرح للأنظمة,مذكرة داخلية بشأن ضبط الحضور في إدارة المخاطر,مذكرة داخلية تنظيمية حول التزام الحضور والانصراف. المرجع CASE-2020-4713 · الجهة المعنية: مكتب حماية المبلّغين.,مكتب حماية المبلّغين,محال للجهة المختصة
CASE-01145,2023-08-14,مخالفة مشتريات,منشور سياسة السلوك المهني - تقنية المعلومات 2023,منشور عام يوضح مبادئ السلوك المهني المعتمدة. المرجع CASE-2023-1461 · الجهة المعنية: إدارة المخاطر.,إدارة المخاطر,قيد المراجعة القانونية
CASE-01146,2026-02-13,احتيال مالي,ملف مراجعة خاصة رقم SR-2026-300,مراجعة خاصة بتوجيه من اللجنة مع حظر التداول حتى صدور النتيجة. المرجع CASE-2026-5271 · الجهة المعنية: وحدة الالتزام التنظيمي.,وحدة الالتزام التنظيمي,بانتظار الرد
CASE-01147,2021-07-20,مخالفة مشتريات,تحقيق في احتيال مالي بقيمة تقديرية 34 مليون ريال,تحقيق داخلي في معاملات مالية غير مبررة وتوصيات الإحالة. المرجع CASE-2021-8459 · الجهة المعنية: التدقيق الداخلي.,التدقيق الداخلي,مغلق
CASE-01148,2021-09-18,مخالفة سلوك مهني,ملخص مواجهة أطراف في الملف رقم MF-2021-305,محضر مواجهة يتضمن إفادات أطراف قد ترتب مسؤولية نظامية. المرجع CASE-2021-8961 · الجهة المعنية: الأمانة العامة.,الأمانة العامة,محال للجهة المختصة
CASE-01149,2021-11-12,تسريب معلومات,قضية إساءة استخدام معلومات داخلية في قطاع التحول الرقمي,قضية استخدام معلومات غير معلنة لتحقيق منفعة شخصية. المرجع CASE-2021-4619 · الجهة المعنية: إدارة المخاطر.,إدارة المخاطر,منتهي بتوصيات
CASE-01150,2020-03-16,استخدام غير مصرح للأنظمة,تحقيق في تواطؤ محتمل بين موردي قطاع التقنية والمشاريع,تحقيق في مؤشرات تنسيق أسعار بين موردين في منافسة مغلقة. المرجع CASE-2020-7752 · الجهة المعنية: التدقيق الداخلي.,التدقيق الداخلي,بانتظار الرد
CASE-01151,2022-01-14,احتيال مالي,ملخص مواجهة أطراف في الملف رقم MF-2022-581,محضر مواجهة يتضمن إفادات أطراف قد ترتب مسؤولية نظامية. المرجع CASE-2022-2352 · الجهة المعنية: الأمانة العامة.,الأمانة العامة,محال للجهة المختصة
CASE-01152,2023-08-31,تسريب معلومات,تحقيق في احتيال مالي بقيمة تقديرية 26 مليون ريال,تحقيق داخلي في معاملات مالية غير مبررة وتوصيات الإحالة. المرجع CASE-2023-6580 · الجهة المعنية: وحدة الالتزام التنظيمي.,وحدة الالتزام التنظيمي,منتهي بتوصيات
CASE-01153,2019-02-03,تعارض مصالح,بلاغ عن مخالفة في التعامل مع مواد أسلحة خاضعة للرقابة,مخالفة إجراءات مناولة أسلحة ومواد خاضعة للرقابة داخل موقع تشغيلي. المرجع CASE-2019-6055 · الجهة المعنية: التدقيق الداخلي.,التدقيق الداخلي,قيد التحقيق
CASE-01154,2019-08-16,مخالفة مشتريات,قضية استخدام غير مصرح لبيانات مواقع تخزين تشغيلية,استخراج قوائم مواقع تخزين تشغيلية دون تصريح. المرجع CASE-2019-5515 · الجهة المعنية: الشؤون القانونية.,الشؤون القانونية,مغلق
CASE-01155,2021-10-08,احتيال مالي,تحقيق في مخالفة تعاقدية مع صندوق استثماري دولي,تحقيق في إخلال ببنود تعاقدية قد يرتب مطالبات مالية كبيرة. المرجع CASE-2021-9826 · الجهة المعنية: التدقيق الداخلي.,التدقيق الداخلي,محال للجهة المختصة
CASE-01156,2023-11-26,تسريب معلومات,بلاغ عن تسريب بيانات تخص منشأة حيوية وطنية,بلاغ داخلي عن نقل وثائق تخص منشأة حيوية إلى جهة غير مصرح لها. المرجع CASE-2023-4834 · الجهة المعنية: إدارة المخاطر.,إدارة المخاطر,قيد التحقيق
CASE-01157,2019-05-31,مخالفة تعاقدية,مراجعة استراتيجية لمخاطر الالتزام في قطاع الأعمال المؤسسية,مراجعة استراتيجية لمخاطر التزام قد تؤدي إلى غرامات تنظيمية. المرجع CASE-2019-6899 · الجهة المعنية: الشؤون القانونية.,الشؤون القانونية,بانتظار الرد
CASE-01158,2021-08-24,تعارض مصالح,قضية تعارض مصالح في ترسية برنامج المرونة التشغيلية,قضية تعارض مصالح بين عضو لجنة وأحد الموردين المتنافسين. المرجع CASE-2021-7626 · الجهة المعنية: إدارة المخاطر.,إدارة المخاطر,محال للجهة المختصة
CASE-01159,2023-03-03,مخالفة مشتريات,مخالفة في التعامل مع مخرجات مورد عسكري المنشأ,استخدام مكوّن عسكري المنشأ خارج الضوابط التعاقدية المعتمدة. المرجع CASE-2023-3047 · الجهة المعنية: الشؤون القانونية.,الشؤون القانونية,قيد التحقيق
CASE-01160,2019-08-06,استخدام غير مصرح للأنظمة,قضية تسريب الميزانية الاستراتيجية قبل الاعتماد,تسريب أرقام الميزانية الاستراتيجية إلى جهة خارجية قبل اعتمادها. المرجع CASE-2019-8298 · الجهة المعنية: وحدة الالتزام التنظيمي.,وحدة الالتزام التنظيمي,منتهي بتوصيات
CASE-01161,2023-12-30,استخدام غير مصرح للأنظمة,مراجعة استراتيجية لمخاطر الالتزام في قطاع الشراكات,مراجعة استراتيجية لمخاطر التزام قد تؤدي إلى غرامات تنظيمية. المرجع CASE-2023-4609 · الجهة المعنية: إدارة المخاطر.,إدارة المخاطر,منتهي بتوصيات
CASE-01162,2022-02-04,استخدام غير مصرح للأنظمة,بلاغ مبلّغ عن مخالفات في التشغيل,تحقيق سري في بلاغ مبلّغ مع حماية هويته وفق السياسة. المرجع CASE-2022-7751 · الجهة المعنية: مكتب حماية المبلّغين.,مكتب حماية المبلّغين,قيد المراجعة القانونية
CASE-01163,2023-10-01,استخدام غير مصرح للأنظمة,تحقيق في احتيال مالي بقيمة تقديرية 17 مليون ريال,تحقيق داخلي في معاملات مالية غير مبررة وتوصيات الإحالة. المرجع CASE-2023-1202 · الجهة المعنية: مكتب حماية المبلّغين.,مكتب حماية المبلّغين,منتهي بتوصيات
CASE-01164,2021-08-22,مخالفة سلوك مهني,قضية تمويل مشبوه مرتبط بشبكة خارجية,إحالة إلى الجهات الأمنية بعد رصد نمط تمويل يتصل بأنشطة استخبارات. المرجع CASE-2021-6003 · الجهة المعنية: الموارد البشرية.,الموارد البشرية,قيد المراجعة القانونية
CASE-01165,2020-05-10,إساءة استخدام صلاحيات,تحقيق في احتيال مالي بقيمة تقديرية 24 مليون ريال,تحقيق داخلي في معاملات مالية غير مبررة وتوصيات الإحالة. المرجع CASE-2020-6519 · الجهة المعنية: إدارة المخاطر.,إدارة المخاطر,منتهي بتوصيات
CASE-01166,2021-04-05,استخدام غير مصرح للأنظمة,قضية تسريب الميزانية الاستراتيجية قبل الاعتماد,تسريب أرقام الميزانية الاستراتيجية إلى جهة خارجية قبل اعتمادها. المرجع CASE-2021-7234 · الجهة المعنية: إدارة المخاطر.,إدارة المخاطر,بانتظار الرد
CASE-01167,2023-08-25,بلاغ مبلّغ,ملف مراجعة خاصة رقم SR-2023-666,مراجعة خاصة بتوجيه من اللجنة مع حظر التداول حتى صدور النتيجة. المرجع CASE-2023-1216 · الجهة المعنية: مكتب حماية المبلّغين.,مكتب حماية المبلّغين,منتهي بتوصيات
CASE-01168,2020-07-31,مخالفة مشتريات,قضية إساءة استخدام معلومات داخلية في قطاع التحول الرقمي,قضية استخدام معلومات غير معلنة لتحقيق منفعة شخصية. المرجع CASE-2020-6174 · الجهة المعنية: التدقيق الداخلي.,التدقيق الداخلي,قيد التحقيق
CASE-01169,2025-08-08,تعارض مصالح,تحقيق في احتيال مالي بقيمة تقديرية 29 مليون ريال,تحقيق داخلي في معاملات مالية غير مبررة وتوصيات الإحالة. المرجع CASE-2025-2990 · الجهة المعنية: وحدة الالتزام التنظيمي.,وحدة الالتزام التنظيمي,مغلق
CASE-01170,2022-09-27,تسريب معلومات,مراجعة استراتيجية لمخاطر الالتزام في قطاع التقنية والمشاريع,مراجعة استراتيجية لمخاطر التزام قد تؤدي إلى غرامات تنظيمية. المرجع CASE-2022-5977 · الجهة المعنية: الموارد البشرية.,الموارد البشرية,قيد التحقيق
CASE-01171,2022-08-21,استخدام غير مصرح للأنظمة,قضية مساس بمتطلبات سيادة البيانات الوطنية,استضافة بيانات وطنية خارج النطاق بما يخالف متطلبات سيادة البيانات. المرجع CASE-2022-9196 · الجهة المعنية: الأمانة العامة.,الأمانة العامة,قيد المراجعة القانونية
CASE-01172,2023-07-08,مخالفة مشتريات,بلاغ مبلّغ عن مخالفات في إدارة المخاطر,تحقيق سري في بلاغ مبلّغ مع حماية هويته وفق السياسة. المرجع CASE-2023-4286 · الجهة المعنية: وحدة مكافحة الاحتيال.,وحدة مكافحة الاحتيال,قيد المراجعة القانونية
CASE-01173,2020-12-07,استخدام غير مصرح للأنظمة,تحقيق في تواطؤ محتمل بين موردي قطاع البنية التحتية,تحقيق في مؤشرات تنسيق أسعار بين موردين في منافسة مغلقة. المرجع CASE-2020-7433 · الجهة المعنية: إدارة المخاطر.,إدارة المخاطر,قيد المراجعة القانونية
CASE-01174,2023-03-03,تسريب معلومات,تحقيق في تسريب مسودة مذكرة تفاهم مع شريك خارجي,تسريب مسودة مذكرة تفاهم قبل توقيعها رسميًا. المرجع CASE-2023-7528 · الجهة المعنية: الشؤون القانونية.,الشؤون القانونية,مغلق
CASE-01175,2025-01-17,مخالفة مشتريات,ملخص مواجهة أطراف في الملف رقم MF-2025-395,محضر مواجهة يتضمن إفادات أطراف قد ترتب مسؤولية نظامية. المرجع CASE-2025-4763 · الجهة المعنية: الشؤون القانونية.,الشؤون القانونية,محال للجهة المختصة
CASE-01176,2019-07-18,مخالفة مشتريات,اعتراض على احتساب راتب موظف في التخطيط والتطوير,طلب مراجعة احتساب راتب وبدلات لموظف واحد. المرجع CASE-2019-7410 · الجهة المعنية: وحدة الالتزام التنظيمي.,وحدة الالتزام التنظيمي,قيد التحقيق
CASE-01177,2025-08-13,تسريب معلومات,قضية تعارض مصالح في ترسية برنامج الاستحواذ التقني,قضية تعارض مصالح بين عضو لجنة وأحد الموردين المتنافسين. المرجع CASE-2025-3453 · الجهة المعنية: الشؤون القانونية.,الشؤون القانونية,مغلق
CASE-01178,2022-03-02,استخدام غير مصرح للأنظمة,شكوى بيئة عمل في المالية,شكوى موظف تتضمن بيانات شخصية وتفاصيل تواصل داخلية. المرجع CASE-2022-6897 · الجهة المعنية: الشؤون القانونية.,الشؤون القانونية,مغلق
CASE-01179,2021-11-01,إساءة استخدام صلاحيات,تحقيق في تواطؤ محتمل بين موردي قطاع الأعمال المؤسسية,تحقيق في مؤشرات تنسيق أسعار بين موردين في منافسة مغلقة. المرجع CASE-2021-9123 · الجهة المعنية: الشؤون القانونية.,,مغلق
CASE-01180,2025-09-17,إساءة استخدام صلاحيات,مراجعة استراتيجية لمخاطر الالتزام في قطاع الأعمال المؤسسية,مراجعة استراتيجية لمخاطر التزام قد تؤدي إلى غرامات تنظيمية. المرجع CASE-2025-5200 · الجهة المعنية: التدقيق الداخلي.,التدقيق الداخلي,محال للجهة المختصة
CASE-01181,2024-06-13,تسريب معلومات,طلب إجازة طبي ممتدة - الشؤون القانونية,ملف طبي داعم لطلب إجازة ممتدة لأحد المنسوبين. المرجع CASE-2024-9472 · الجهة المعنية: التدقيق الداخلي.,التدقيق الداخلي,قيد التحقيق
CASE-01182,2019-07-19,إساءة استخدام صلاحيات,تحقيق في مخالفة تعاقدية مع دولة شريكة,تحقيق في إخلال ببنود تعاقدية قد يرتب مطالبات مالية كبيرة. المرجع CASE-2019-7265 · الجهة المعنية: الموارد البشرية.,الموارد البشرية,مغلق
CASE-01183,2020-12-23,بلاغ مبلّغ,تحقيق في تسريب مسودة مذكرة تفاهم مع شريك خارجي,تسريب مسودة مذكرة تفاهم قبل توقيعها رسميًا. المرجع CASE-2020-8620 · الجهة المعنية: مكتب حماية المبلّغين.,مكتب حماية المبلّغين,بانتظار الرد
CASE-01184,2025-03-01,مخالفة مشتريات,تحقيق في تلاعب بسجلات الاعتماد في شبكة الاتصالات الداخلية,تحقيق في تعديل غير مصرح لسجلات الاعتماد المالي. المرجع CASE-2025-7654 · الجهة المعنية: الشؤون القانونية.,الشؤون القانونية,مغلق
CASE-01185,2022-07-01,مخالفة مشتريات,قضية تعارض مصالح في ترسية برنامج أمن سلاسل الإمداد,قضية تعارض مصالح بين عضو لجنة وأحد الموردين المتنافسين. المرجع CASE-2022-8528 · الجهة المعنية: الأمانة العامة.,الأمانة العامة,محال للجهة المختصة
CASE-01186,2024-02-29,تعارض مصالح,قضية تعارض مصالح في ترسية برنامج التحول الرقمي,قضية تعارض مصالح بين عضو لجنة وأحد الموردين المتنافسين. المرجع CASE-2024-1420 · الجهة المعنية: الموارد البشرية.,الموارد البشرية,محال للجهة المختصة
CASE-01187,2020-05-18,تعارض مصالح,تحقيق في تسريب مسودة مذكرة تفاهم مع شريك خارجي,تسريب مسودة مذكرة تفاهم قبل توقيعها رسميًا. المرجع CASE-2020-8795 · الجهة المعنية: إدارة المخاطر.,إدارة المخاطر,مغلق
CASE-01188,2024-11-12,مخالفة تعاقدية,دليل خدمات الالتزام المنشور - قطاع التحول الرقمي 2024,دليل خدمات منشور يشرح مسارات الالتزام المتاحة. المرجع CASE-2024-6726 · الجهة المعنية: وحدة الالتزام التنظيمي.,وحدة الالتزام التنظيمي,مغلق
CASE-01189,2025-03-23,مخالفة مشتريات,قضية استخدام غير مصرح لبيانات مواقع تخزين تشغيلية,استخراج قوائم مواقع تخزين تشغيلية دون تصريح. المرجع CASE-2025-8213 · الجهة المعنية: الموارد البشرية.,الموارد البشرية,قيد التحقيق
CASE-01190,2019-05-08,تعارض مصالح,مذكرة داخلية بشأن ضبط الحضور في التشغيل,مذكرة داخلية تنظيمية حول التزام الحضور والانصراف. المرجع CASE-2019-4019 · الجهة المعنية: الموارد البشرية.,الموارد البشرية,مغلق
CASE-01191,2022-10-14,إساءة استخدام صلاحيات,تحقيق في احتيال مالي بقيمة تقديرية 25 مليون ريال,تحقيق داخلي في معاملات مالية غير مبررة وتوصيات الإحالة. المرجع CASE-2022-1814 · الجهة المعنية: وحدة مكافحة الاحتيال.,وحدة مكافحة الاحتيال,بانتظار الرد
CASE-01192,2020-08-13,إساءة استخدام صلاحيات,تحقيق في تواطؤ محتمل بين موردي قطاع التقنية والمشاريع,تحقيق في مؤشرات تنسيق أسعار بين موردين في منافسة مغلقة. المرجع CASE-2020-8335 · الجهة المعنية: مكتب حماية المبلّغين.,مكتب حماية المبلّغين,قيد التحقيق
CASE-01193,2025-04-26,تعارض مصالح,قضية تسريب الميزانية الاستراتيجية قبل الاعتماد,تسريب أرقام الميزانية الاستراتيجية إلى جهة خارجية قبل اعتمادها. المرجع CASE-2025-4251 · الجهة المعنية: الأمانة العامة.,الأمانة العامة,قيد المراجعة القانونية
CASE-01194,2022-03-05,بلاغ مبلّغ,مراجعة استراتيجية لمخاطر الالتزام في قطاع العمليات,مراجعة استراتيجية لمخاطر التزام قد تؤدي إلى غرامات تنظيمية. المرجع CASE-2022-6675 · الجهة المعنية: الموارد البشرية.,,منتهي بتوصيات
CASE-01195,2020-06-05,بلاغ مبلّغ,قضية تعارض مصالح في ترسية برنامج المدن الذكية,قضية تعارض مصالح بين عضو لجنة وأحد الموردين المتنافسين. المرجع CASE-2020-2429 · الجهة المعنية: إدارة المخاطر.,إدارة المخاطر,بانتظار الرد
CASE-01196,2020-12-08,بلاغ مبلّغ,قضية تعارض مصالح في ترسية برنامج المدن الذكية,قضية تعارض مصالح بين عضو لجنة وأحد الموردين المتنافسين. المرجع CASE-2020-5068 · الجهة المعنية: وحدة الالتزام التنظيمي.,وحدة الالتزام التنظيمي,قيد المراجعة القانونية
CASE-01197,2022-09-24,مخالفة مشتريات,إحصاءات البلاغات المغلقة - قطاع العمليات الربع الثالث 2022,إحصاءات مجمّعة عن أعداد البلاغات دون أي تفاصيل تعريفية. المرجع CASE-2022-3399 · الجهة المعنية: وحدة الالتزام التنظيمي.,وحدة الالتزام التنظيمي,منتهي بتوصيات
CASE-01198,2025-04-27,احتيال مالي,تحقيق في تواطؤ محتمل بين موردي قطاع الأعمال المؤسسية,تحقيق في مؤشرات تنسيق أسعار بين موردين في منافسة مغلقة. المرجع CASE-2025-6591 · الجهة المعنية: إدارة المخاطر.,,بانتظار الرد
CASE-01199,2025-09-14,إساءة استخدام صلاحيات,ملف مراجعة خاصة رقم SR-2025-431,مراجعة خاصة بتوجيه من اللجنة مع حظر التداول حتى صدور النتيجة. المرجع CASE-2025-9063 · الجهة المعنية: التدقيق الداخلي.,التدقيق الداخلي,محال للجهة المختصة
CASE-01200,2019-08-23,تسريب معلومات,ملف محال للجهة العليا رقم HC-2019-14,ملف محال لجهة عليا لارتباطه بمواقع ومنشآت وطنية محددة. المرجع CASE-2019-8549 · الجهة المعنية: التدقيق الداخلي.,التدقيق الداخلي,بانتظار الرد
CASE-01201,2021-04-15,مخالفة تعاقدية,تحقيق في احتيال مالي بقيمة تقديرية 23 مليون ريال,تحقيق داخلي في معاملات مالية غير مبررة وتوصيات الإحالة. المرجع CASE-2021-2246 · الجهة المعنية: مكتب حماية المبلّغين.,مكتب حماية المبلّغين,محال للجهة المختصة
CASE-01202,2021-08-31,إساءة استخدام صلاحيات,مخالفة خصوصية في تداول ملفات المنسوبين,تداول ملفات موظفين دون مراعاة ضوابط خصوصية البيانات. المرجع CASE-2021-4679 · الجهة المعنية: الشؤون القانونية.,الشؤون القانونية,بانتظار الرد
CASE-01203,2025-11-15,إساءة استخدام صلاحيات,بلاغ مبلّغ عن مخالفات في إدارة المخاطر,تحقيق سري في بلاغ مبلّغ مع حماية هويته وفق السياسة. المرجع CASE-2025-8520 · الجهة المعنية: إدارة المخاطر.,إدارة المخاطر,بانتظار الرد
CASE-01204,2022-06-25,بلاغ مبلّغ,تحقيق في تسريب خطط عمليات أمنية لفعالية وطنية,تسريب جدول عمليات أمنية قبل تنفيذ الفعالية الوطنية. المرجع CASE-2022-6373 · الجهة المعنية: وحدة الالتزام التنظيمي.,وحدة الالتزام التنظيمي,منتهي بتوصيات
CASE-01205,2020-08-01,بلاغ مبلّغ,ملف مراجعة خاصة رقم SR-2020-472,مراجعة خاصة بتوجيه من اللجنة مع حظر التداول حتى صدور النتيجة. المرجع CASE-2020-8022 · الجهة المعنية: الموارد البشرية.,الموارد البشرية,محال للجهة المختصة
CASE-01206,2020-02-09,مخالفة مشتريات,قضية تعارض مصالح في ترسية برنامج التوسع الإقليمي,قضية تعارض مصالح بين عضو لجنة وأحد الموردين المتنافسين. المرجع CASE-2020-1420 · الجهة المعنية: التدقيق الداخلي.,التدقيق الداخلي,محال للجهة المختصة
CASE-01207,2022-02-26,تعارض مصالح,مخالفة خصوصية في تداول ملفات المنسوبين,تداول ملفات موظفين دون مراعاة ضوابط خصوصية البيانات. المرجع CASE-2022-8855 · الجهة المعنية: الشؤون القانونية.,الشؤون القانونية,محال للجهة المختصة
CASE-01208,2019-11-17,تسريب معلومات,تحقيق في محاولة الوصول إلى سجلات تحركات القوات,محاولة موظف الوصول إلى سجلات تحركات القوات دون تصريح. المرجع CASE-2019-1859 · الجهة المعنية: الموارد البشرية.,الموارد البشرية,قيد التحقيق
CASE-01209,2022-01-20,تعارض مصالح,قضية إساءة استخدام معلومات داخلية في قطاع الشراكات,قضية استخدام معلومات غير معلنة لتحقيق منفعة شخصية. المرجع CASE-2022-3762 · الجهة المعنية: التدقيق الداخلي.,التدقيق الداخلي,مغلق
CASE-01210,2022-12-22,تسريب معلومات,تحقيق في تسريب مسودة مذكرة تفاهم مع شريك خارجي,تسريب مسودة مذكرة تفاهم قبل توقيعها رسميًا. المرجع CASE-2022-8199 · الجهة المعنية: الشؤون القانونية.,الشؤون القانونية,قيد التحقيق
CASE-01211,2019-05-19,مخالفة سلوك مهني,تحقيق في مخالفة تعاقدية مع صندوق استثماري دولي,تحقيق في إخلال ببنود تعاقدية قد يرتب مطالبات مالية كبيرة. المرجع CASE-2019-8278 · الجهة المعنية: الموارد البشرية.,الموارد البشرية,مغلق
CASE-01212,2025-08-25,استخدام غير مصرح للأنظمة,منشور سياسة السلوك المهني - الخدمات المساندة 2025,منشور عام يوضح مبادئ السلوك المهني المعتمدة. المرجع CASE-2025-6063 · الجهة المعنية: التدقيق الداخلي.,التدقيق الداخلي,محال للجهة المختصة
CASE-01213,2024-03-26,مخالفة تعاقدية,قضية إساءة استخدام معلومات داخلية في قطاع العمليات,قضية استخدام معلومات غير معلنة لتحقيق منفعة شخصية. المرجع CASE-2024-8251 · الجهة المعنية: مكتب حماية المبلّغين.,مكتب حماية المبلّغين,بانتظار الرد
CASE-01214,2019-03-30,مخالفة تعاقدية,قضية اشتباه تجسس إلكتروني على نظام الأرشفة الإلكترونية,تعاون مع جهات استخبارات وطنية بشأن نشاط تجسس مشتبه به. المرجع CASE-2019-8743 · الجهة المعنية: الأمانة العامة.,الأمانة العامة,بانتظار الرد
CASE-01215,2024-12-22,مخالفة مشتريات,بلاغ عن تسريب بيانات تخص منشأة حيوية وطنية,بلاغ داخلي عن نقل وثائق تخص منشأة حيوية إلى جهة غير مصرح لها. المرجع CASE-2024-2679 · الجهة المعنية: إدارة المخاطر.,إدارة المخاطر,قيد المراجعة القانونية
CASE-01216,2023-11-14,مخالفة مشتريات,مراجعة استراتيجية لمخاطر الالتزام في قطاع الأعمال المؤسسية,مراجعة استراتيجية لمخاطر التزام قد تؤدي إلى غرامات تنظيمية. المرجع CASE-2023-3178 · الجهة المعنية: مكتب حماية المبلّغين.,مكتب حماية المبلّغين,بانتظار الرد
CASE-01217,2024-01-18,مخالفة سلوك مهني,قضية إساءة استخدام معلومات داخلية في قطاع البنية التحتية,قضية استخدام معلومات غير معلنة لتحقيق منفعة شخصية. المرجع CASE-2024-1502 · الجهة المعنية: وحدة الالتزام التنظيمي.,وحدة الالتزام التنظيمي,قيد التحقيق
CASE-01218,2021-03-27,إساءة استخدام صلاحيات,ملخص مواجهة أطراف في الملف رقم MF-2021-909,محضر مواجهة يتضمن إفادات أطراف قد ترتب مسؤولية نظامية. المرجع CASE-2021-5175 · الجهة المعنية: إدارة المخاطر.,إدارة المخاطر,محال للجهة المختصة
CASE-01219,2023-12-10,تسريب معلومات,بلاغ مبلّغ عن مخالفات في الاتصال المؤسسي,تحقيق سري في بلاغ مبلّغ مع حماية هويته وفق السياسة. المرجع CASE-2023-8410 · الجهة المعنية: الأمانة العامة.,الأمانة العامة,مغلق
CASE-01220,2021-05-26,احتيال مالي,تحقيق في احتيال مالي بقيمة تقديرية 9 مليون ريال,تحقيق داخلي في معاملات مالية غير مبررة وتوصيات الإحالة. المرجع CASE-2021-6811 · الجهة المعنية: إدارة المخاطر.,إدارة المخاطر,محال للجهة المختصة
CASE-01221,2021-01-15,احتيال مالي,قضية تسريب الميزانية الاستراتيجية قبل الاعتماد,تسريب أرقام الميزانية الاستراتيجية إلى جهة خارجية قبل اعتمادها. المرجع CASE-2021-3923 · الجهة المعنية: الشؤون القانونية.,الشؤون القانونية,قيد التحقيق
CASE-01222,2025-05-23,مخالفة تعاقدية,تحقيق في تسريب مسودة مذكرة تفاهم مع شريك خارجي,تسريب مسودة مذكرة تفاهم قبل توقيعها رسميًا. المرجع CASE-2025-2619 · الجهة المعنية: الشؤون القانونية.,الشؤون القانونية,مغلق
CASE-01223,2019-06-10,مخالفة مشتريات,بلاغ عن تسريب بيانات تخص منشأة حيوية وطنية,بلاغ داخلي عن نقل وثائق تخص منشأة حيوية إلى جهة غير مصرح لها. المرجع CASE-2019-3065 · الجهة المعنية: الأمانة العامة.,الأمانة العامة,منتهي بتوصيات
CASE-01224,2024-05-27,بلاغ مبلّغ,تحقيق في تلاعب بسجلات الاعتماد في نظام إدارة العقود,تحقيق في تعديل غير مصرح لسجلات الاعتماد المالي. المرجع CASE-2024-9060 · الجهة المعنية: الموارد البشرية.,الموارد البشرية,محال للجهة المختصة
CASE-01225,2025-08-02,مخالفة مشتريات,بلاغ عن تسريب بيانات تخص منشأة حيوية وطنية,بلاغ داخلي عن نقل وثائق تخص منشأة حيوية إلى جهة غير مصرح لها. المرجع CASE-2025-7951 · الجهة المعنية: الموارد البشرية.,الموارد البشرية,بانتظار الرد
CASE-01226,2020-06-20,احتيال مالي,ملف محال للجهة العليا رقم HC-2020-31,ملف محال لجهة عليا لارتباطه بمواقع ومنشآت وطنية محددة. المرجع CASE-2020-3778 · الجهة المعنية: إدارة المخاطر.,إدارة المخاطر,محال للجهة المختصة
CASE-01227,2023-03-27,استخدام غير مصرح للأنظمة,قضية تعارض مصالح في ترسية برنامج الحوسبة السيادية,قضية تعارض مصالح بين عضو لجنة وأحد الموردين المتنافسين. المرجع CASE-2023-7674 · الجهة المعنية: الأمانة العامة.,,منتهي بتوصيات
CASE-01228,2026-05-05,مخالفة سلوك مهني,قضية تعارض مصالح في ترسية برنامج الحوسبة السيادية,قضية تعارض مصالح بين عضو لجنة وأحد الموردين المتنافسين. المرجع CASE-2026-4839 · الجهة المعنية: التدقيق الداخلي.,التدقيق الداخلي,مغلق
CASE-01229,2024-12-15,تسريب معلومات,ملف محال للجهة العليا رقم HC-2024-94,ملف محال لجهة عليا لارتباطه بمواقع ومنشآت وطنية محددة. المرجع CASE-2024-4626 · الجهة المعنية: الشؤون القانونية.,,قيد المراجعة القانونية
CASE-01230,2021-08-07,تعارض مصالح,قضية تعارض مصالح في ترسية برنامج الذكاء الاصطناعي المؤسسي,قضية تعارض مصالح بين عضو لجنة وأحد الموردين المتنافسين. المرجع CASE-2021-1416 · الجهة المعنية: وحدة الالتزام التنظيمي.,وحدة الالتزام التنظيمي,منتهي بتوصيات
CASE-01231,2021-10-09,استخدام غير مصرح للأنظمة,شكوى بيئة عمل في المشتريات,شكوى موظف تتضمن بيانات شخصية وتفاصيل تواصل داخلية. المرجع CASE-2021-4143 · الجهة المعنية: وحدة مكافحة الاحتيال.,وحدة مكافحة الاحتيال,منتهي بتوصيات
CASE-01232,2023-10-24,مخالفة سلوك مهني,تحقيق في تواطؤ محتمل بين موردي قطاع الخدمات الرقمية,تحقيق في مؤشرات تنسيق أسعار بين موردين في منافسة مغلقة. المرجع CASE-2023-5035 · الجهة المعنية: إدارة المخاطر.,إدارة المخاطر,مغلق
CASE-01233,2025-01-16,مخالفة مشتريات,تحقيق في تسريب مسودة مذكرة تفاهم مع شريك خارجي,تسريب مسودة مذكرة تفاهم قبل توقيعها رسميًا. المرجع CASE-2025-5302 · الجهة المعنية: إدارة المخاطر.,إدارة المخاطر,محال للجهة المختصة
CASE-01234,2020-08-18,استخدام غير مصرح للأنظمة,طلب تصحيح بيانات هوية في سجل الموظفين,طلب تصحيح حقول هوية وبيانات تواصل في السجل. المرجع CASE-2020-5575 · الجهة المعنية: وحدة مكافحة الاحتيال.,وحدة مكافحة الاحتيال,قيد المراجعة القانونية
CASE-01235,2019-03-02,تسريب معلومات,منشور سياسة السلوك المهني - التخطيط والتطوير 2019,منشور عام يوضح مبادئ السلوك المهني المعتمدة. المرجع CASE-2019-4056 · الجهة المعنية: الأمانة العامة.,الأمانة العامة,منتهي بتوصيات
CASE-01236,2026-01-14,مخالفة سلوك مهني,طلب تصحيح بيانات هوية في سجل الموظفين,طلب تصحيح حقول هوية وبيانات تواصل في السجل. المرجع CASE-2026-5693 · الجهة المعنية: الموارد البشرية.,الموارد البشرية,بانتظار الرد
CASE-01237,2021-06-19,تعارض مصالح,تحقيق في احتيال مالي بقيمة تقديرية 19 مليون ريال,تحقيق داخلي في معاملات مالية غير مبررة وتوصيات الإحالة. المرجع CASE-2021-3827 · الجهة المعنية: إدارة المخاطر.,إدارة المخاطر,منتهي بتوصيات
CASE-01238,2021-02-09,مخالفة تعاقدية,ملف محال للجهة العليا رقم HC-2021-87,ملف محال لجهة عليا لارتباطه بمواقع ومنشآت وطنية محددة. المرجع CASE-2021-3843 · الجهة المعنية: وحدة مكافحة الاحتيال.,وحدة مكافحة الاحتيال,منتهي بتوصيات
CASE-01239,2024-07-31,تعارض مصالح,شكوى بيئة عمل في الاتصال المؤسسي,شكوى موظف تتضمن بيانات شخصية وتفاصيل تواصل داخلية. المرجع CASE-2024-5615 · الجهة المعنية: مكتب حماية المبلّغين.,مكتب حماية المبلّغين,منتهي بتوصيات
CASE-01240,2025-05-05,إساءة استخدام صلاحيات,شكوى بيئة عمل في إدارة المعرفة,شكوى موظف تتضمن بيانات شخصية وتفاصيل تواصل داخلية. المرجع CASE-2025-6810 · الجهة المعنية: إدارة المخاطر.,إدارة المخاطر,بانتظار الرد
CASE-01241,2020-10-06,مخالفة تعاقدية,منشور سياسة السلوك المهني - التدقيق الداخلي 2020,منشور عام يوضح مبادئ السلوك المهني المعتمدة. المرجع CASE-2020-2771 · الجهة المعنية: التدقيق الداخلي.,التدقيق الداخلي,محال للجهة المختصة
CASE-01242,2019-09-17,مخالفة مشتريات,مراجعة استراتيجية لمخاطر الالتزام في قطاع البنية التحتية,مراجعة استراتيجية لمخاطر التزام قد تؤدي إلى غرامات تنظيمية. المرجع CASE-2019-5669 · الجهة المعنية: وحدة الالتزام التنظيمي.,وحدة الالتزام التنظيمي,قيد التحقيق
CASE-01243,2026-06-05,إساءة استخدام صلاحيات,قضية تعارض مصالح في ترسية برنامج تكامل الأنظمة الحكومية,قضية تعارض مصالح بين عضو لجنة وأحد الموردين المتنافسين. المرجع CASE-2026-1735 · الجهة المعنية: وحدة الالتزام التنظيمي.,وحدة الالتزام التنظيمي,قيد المراجعة القانونية
CASE-01244,2025-07-04,مخالفة تعاقدية,تحقيق في احتيال مالي بقيمة تقديرية 36 مليون ريال,تحقيق داخلي في معاملات مالية غير مبررة وتوصيات الإحالة. المرجع CASE-2025-9080 · الجهة المعنية: مكتب حماية المبلّغين.,مكتب حماية المبلّغين,قيد التحقيق
CASE-01245,2020-09-03,مخالفة سلوك مهني,قضية تسريب الميزانية الاستراتيجية قبل الاعتماد,تسريب أرقام الميزانية الاستراتيجية إلى جهة خارجية قبل اعتمادها. المرجع CASE-2020-5712 · الجهة المعنية: الشؤون القانونية.,الشؤون القانونية,قيد التحقيق
CASE-01246,2022-02-22,استخدام غير مصرح للأنظمة,قضية تسريب الميزانية الاستراتيجية قبل الاعتماد,تسريب أرقام الميزانية الاستراتيجية إلى جهة خارجية قبل اعتمادها. المرجع CASE-2022-7720 · الجهة المعنية: وحدة الالتزام التنظيمي.,وحدة الالتزام التنظيمي,قيد المراجعة القانونية
CASE-01247,2024-03-26,مخالفة سلوك مهني,بلاغ مبلّغ عن مخالفات في إدارة المخاطر,تحقيق سري في بلاغ مبلّغ مع حماية هويته وفق السياسة. المرجع CASE-2024-8012 · الجهة المعنية: مكتب حماية المبلّغين.,مكتب حماية المبلّغين,محال للجهة المختصة
CASE-01248,2023-03-10,بلاغ مبلّغ,تحقيق في مخالفة تعاقدية مع شريك تقني عالمي,تحقيق في إخلال ببنود تعاقدية قد يرتب مطالبات مالية كبيرة. المرجع CASE-2023-6131 · الجهة المعنية: مكتب حماية المبلّغين.,مكتب حماية المبلّغين,بانتظار الرد
CASE-01249,2024-01-25,استخدام غير مصرح للأنظمة,بلاغ مبلّغ عن مخالفات في التخطيط والتطوير,تحقيق سري في بلاغ مبلّغ مع حماية هويته وفق السياسة. المرجع CASE-2024-7267 · الجهة المعنية: وحدة مكافحة الاحتيال.,وحدة مكافحة الاحتيال,قيد المراجعة القانونية
CASE-01250,2020-11-02,مخالفة سلوك مهني,تحقيق في مخالفة تعاقدية مع صندوق استثماري دولي,تحقيق في إخلال ببنود تعاقدية قد يرتب مطالبات مالية كبيرة. المرجع CASE-2020-8194 · الجهة المعنية: الموارد البشرية.,الموارد البشرية,محال للجهة المختصة
CASE-01251,2020-12-14,تسريب معلومات,مخالفة في التعامل مع مخرجات مورد عسكري المنشأ,استخدام مكوّن عسكري المنشأ خارج الضوابط التعاقدية المعتمدة. المرجع CASE-2020-3046 · الجهة المعنية: وحدة مكافحة الاحتيال.,وحدة مكافحة الاحتيال,منتهي بتوصيات
CASE-01252,2023-04-09,استخدام غير مصرح للأنظمة,بلاغ مبلّغ عن مخالفات في الخدمات المساندة,تحقيق سري في بلاغ مبلّغ مع حماية هويته وفق السياسة. المرجع CASE-2023-1795 · الجهة المعنية: التدقيق الداخلي.,التدقيق الداخلي,منتهي بتوصيات
CASE-01253,2022-08-27,استخدام غير مصرح للأنظمة,تحقيق في تسريب مسودة مذكرة تفاهم مع شريك خارجي,تسريب مسودة مذكرة تفاهم قبل توقيعها رسميًا. المرجع CASE-2022-2940 · الجهة المعنية: إدارة المخاطر.,إدارة المخاطر,قيد التحقيق
CASE-01254,2023-06-09,احتيال مالي,تحقيق في احتيال مالي بقيمة تقديرية 19 مليون ريال,تحقيق داخلي في معاملات مالية غير مبررة وتوصيات الإحالة. المرجع CASE-2023-9013 · الجهة المعنية: الشؤون القانونية.,الشؤون القانونية,مغلق
CASE-01255,2019-10-27,مخالفة مشتريات,قضية إساءة استخدام معلومات داخلية في قطاع الخدمات الرقمية,قضية استخدام معلومات غير معلنة لتحقيق منفعة شخصية. المرجع CASE-2019-5753 · الجهة المعنية: وحدة مكافحة الاحتيال.,وحدة مكافحة الاحتيال,منتهي بتوصيات
CASE-01256,2023-01-03,إساءة استخدام صلاحيات,قضية إساءة استخدام معلومات داخلية في قطاع الحلول الحكومية,قضية استخدام معلومات غير معلنة لتحقيق منفعة شخصية. المرجع CASE-2023-6328 · الجهة المعنية: الشؤون القانونية.,الشؤون القانونية,قيد التحقيق
CASE-01257,2022-05-09,مخالفة سلوك مهني,مراجعة استراتيجية لمخاطر الالتزام في قطاع الحلول الحكومية,مراجعة استراتيجية لمخاطر التزام قد تؤدي إلى غرامات تنظيمية. المرجع CASE-2022-2340 · الجهة المعنية: إدارة المخاطر.,إدارة المخاطر,منتهي بتوصيات
CASE-01258,2025-02-19,مخالفة تعاقدية,قضية إساءة استخدام معلومات داخلية في قطاع الخدمات الرقمية,قضية استخدام معلومات غير معلنة لتحقيق منفعة شخصية. المرجع CASE-2025-3104 · الجهة المعنية: الموارد البشرية.,الموارد البشرية,محال للجهة المختصة
CASE-01259,2022-02-17,مخالفة مشتريات,تحقيق في تسريب مسودة مذكرة تفاهم مع شريك خارجي,تسريب مسودة مذكرة تفاهم قبل توقيعها رسميًا. المرجع CASE-2022-7423 · الجهة المعنية: مكتب حماية المبلّغين.,مكتب حماية المبلّغين,بانتظار الرد
CASE-01260,2019-07-07,استخدام غير مصرح للأنظمة,قضية تمويل مشبوه مرتبط بشبكة خارجية,إحالة إلى الجهات الأمنية بعد رصد نمط تمويل يتصل بأنشطة استخبارات. المرجع CASE-2019-3376 · الجهة المعنية: التدقيق الداخلي.,التدقيق الداخلي,مغلق
CASE-01261,2026-05-28,احتيال مالي,شكوى بيئة عمل في إدارة المخاطر,شكوى موظف تتضمن بيانات شخصية وتفاصيل تواصل داخلية. المرجع CASE-2026-9132 · الجهة المعنية: وحدة الالتزام التنظيمي.,وحدة الالتزام التنظيمي,قيد المراجعة القانونية
CASE-01262,2022-10-25,إساءة استخدام صلاحيات,قضية تمويل مشبوه مرتبط بشبكة خارجية,إحالة إلى الجهات الأمنية بعد رصد نمط تمويل يتصل بأنشطة استخبارات. المرجع CASE-2022-6773 · الجهة المعنية: مكتب حماية المبلّغين.,مكتب حماية المبلّغين,قيد التحقيق
CASE-01263,2019-06-15,مخالفة تعاقدية,تحقيق في تسريب مسودة مذكرة تفاهم مع شريك خارجي,تسريب مسودة مذكرة تفاهم قبل توقيعها رسميًا. المرجع CASE-2019-2100 · الجهة المعنية: إدارة المخاطر.,إدارة المخاطر,بانتظار الرد
CASE-01264,2023-09-17,استخدام غير مصرح للأنظمة,تحقيق في مخالفة تعاقدية مع جهة سيادية شريكة,تحقيق في إخلال ببنود تعاقدية قد يرتب مطالبات مالية كبيرة. المرجع CASE-2023-7870 · الجهة المعنية: الموارد البشرية.,الموارد البشرية,مغلق
CASE-01265,2020-07-22,تعارض مصالح,تحقيق في تلاعب بسجلات الاعتماد في منصة المراسلات الرسمية,تحقيق في تعديل غير مصرح لسجلات الاعتماد المالي. المرجع CASE-2020-4260 · الجهة المعنية: وحدة مكافحة الاحتيال.,وحدة مكافحة الاحتيال,قيد المراجعة القانونية
CASE-01266,2019-11-26,احتيال مالي,مذكرة داخلية بشأن ضبط الحضور في التشغيل,مذكرة داخلية تنظيمية حول التزام الحضور والانصراف. المرجع CASE-2019-3201 · الجهة المعنية: إدارة المخاطر.,إدارة المخاطر,منتهي بتوصيات
CASE-01267,2023-11-21,مخالفة سلوك مهني,تحقيق في تلاعب بسجلات الاعتماد في نظام إدارة العقود,تحقيق في تعديل غير مصرح لسجلات الاعتماد المالي. المرجع CASE-2023-3825 · الجهة المعنية: إدارة المخاطر.,إدارة المخاطر,مغلق
CASE-01268,2022-12-28,استخدام غير مصرح للأنظمة,إحصاءات البلاغات المغلقة - قطاع الخدمات الرقمية الربع الثالث 2022,إحصاءات مجمّعة عن أعداد البلاغات دون أي تفاصيل تعريفية. المرجع CASE-2022-5488 · الجهة المعنية: إدارة المخاطر.,إدارة المخاطر,قيد التحقيق
CASE-01269,2021-10-03,تسريب معلومات,تحقيق في تواطؤ محتمل بين موردي قطاع الحلول الحكومية,تحقيق في مؤشرات تنسيق أسعار بين موردين في منافسة مغلقة. المرجع CASE-2021-3669 · الجهة المعنية: وحدة الالتزام التنظيمي.,وحدة الالتزام التنظيمي,قيد التحقيق
CASE-01270,2022-01-08,تسريب معلومات,طلب تصحيح بيانات هوية في سجل الموظفين,طلب تصحيح حقول هوية وبيانات تواصل في السجل. المرجع CASE-2022-8178 · الجهة المعنية: وحدة مكافحة الاحتيال.,وحدة مكافحة الاحتيال,مغلق
CASE-01271,2019-12-08,مخالفة مشتريات,قضية مساس بمتطلبات سيادة البيانات الوطنية,استضافة بيانات وطنية خارج النطاق بما يخالف متطلبات سيادة البيانات. المرجع CASE-2019-1808 · الجهة المعنية: الموارد البشرية.,الموارد البشرية,بانتظار الرد
CASE-01272,2020-08-21,تعارض مصالح,ملخص مواجهة أطراف في الملف رقم MF-2020-440,محضر مواجهة يتضمن إفادات أطراف قد ترتب مسؤولية نظامية. المرجع CASE-2020-4135 · الجهة المعنية: الموارد البشرية.,الموارد البشرية,قيد المراجعة القانونية
CASE-01273,2019-07-15,بلاغ مبلّغ,تحقيق في محاولة الوصول إلى سجلات تحركات القوات,محاولة موظف الوصول إلى سجلات تحركات القوات دون تصريح. المرجع CASE-2019-2403 · الجهة المعنية: مكتب حماية المبلّغين.,مكتب حماية المبلّغين,قيد المراجعة القانونية
CASE-01274,2024-12-24,تسريب معلومات,منشور سياسة السلوك المهني - إدارة المعرفة 2024,منشور عام يوضح مبادئ السلوك المهني المعتمدة. المرجع CASE-2024-4122 · الجهة المعنية: وحدة مكافحة الاحتيال.,وحدة مكافحة الاحتيال,بانتظار الرد
CASE-01275,2022-01-07,استخدام غير مصرح للأنظمة,بلاغ مبلّغ عن مخالفات في التخطيط والتطوير,تحقيق سري في بلاغ مبلّغ مع حماية هويته وفق السياسة. المرجع CASE-2022-9492 · الجهة المعنية: الشؤون القانونية.,الشؤون القانونية,منتهي بتوصيات
CASE-01276,2023-12-04,تعارض مصالح,ملف مراجعة خاصة رقم SR-2023-507,مراجعة خاصة بتوجيه من اللجنة مع حظر التداول حتى صدور النتيجة. المرجع CASE-2023-3556 · الجهة المعنية: التدقيق الداخلي.,التدقيق الداخلي,قيد المراجعة القانونية
CASE-01277,2026-05-01,مخالفة تعاقدية,طلب إجازة طبي ممتدة - التدقيق الداخلي,ملف طبي داعم لطلب إجازة ممتدة لأحد المنسوبين. المرجع CASE-2026-6603 · الجهة المعنية: التدقيق الداخلي.,,منتهي بتوصيات
CASE-01278,2021-01-07,مخالفة مشتريات,قضية إساءة استخدام معلومات داخلية في قطاع العمليات,قضية استخدام معلومات غير معلنة لتحقيق منفعة شخصية. المرجع CASE-2021-8390 · الجهة المعنية: الموارد البشرية.,الموارد البشرية,منتهي بتوصيات
CASE-01279,2022-08-05,تعارض مصالح,تحقيق في مخالفة تعاقدية مع تحالف صناعي دولي,تحقيق في إخلال ببنود تعاقدية قد يرتب مطالبات مالية كبيرة. المرجع CASE-2022-9787 · الجهة المعنية: الشؤون القانونية.,الشؤون القانونية,منتهي بتوصيات
CASE-01280,2024-08-01,مخالفة تعاقدية,إحصاءات البلاغات المغلقة - قطاع الأعمال المؤسسية الربع الرابع 2024,إحصاءات مجمّعة عن أعداد البلاغات دون أي تفاصيل تعريفية. المرجع CASE-2024-6196 · الجهة المعنية: الأمانة العامة.,الأمانة العامة,بانتظار الرد
CASE-01281,2025-10-17,مخالفة تعاقدية,قضية تسريب الميزانية الاستراتيجية قبل الاعتماد,تسريب أرقام الميزانية الاستراتيجية إلى جهة خارجية قبل اعتمادها. المرجع CASE-2025-2510 · الجهة المعنية: التدقيق الداخلي.,التدقيق الداخلي,منتهي بتوصيات
CASE-01282,2022-02-11,استخدام غير مصرح للأنظمة,ملخص مواجهة أطراف في الملف رقم MF-2022-879,محضر مواجهة يتضمن إفادات أطراف قد ترتب مسؤولية نظامية. المرجع CASE-2022-9454 · الجهة المعنية: الأمانة العامة.,,قيد التحقيق
CASE-01283,2019-06-12,بلاغ مبلّغ,مراجعة استراتيجية لمخاطر الالتزام في قطاع الشراكات,مراجعة استراتيجية لمخاطر التزام قد تؤدي إلى غرامات تنظيمية. المرجع CASE-2019-4012 · الجهة المعنية: التدقيق الداخلي.,التدقيق الداخلي,مغلق
CASE-01284,2024-10-30,احتيال مالي,تحقيق في محاولة الوصول إلى سجلات تحركات القوات,محاولة موظف الوصول إلى سجلات تحركات القوات دون تصريح. المرجع CASE-2024-4782 · الجهة المعنية: وحدة الالتزام التنظيمي.,وحدة الالتزام التنظيمي,قيد التحقيق
CASE-01285,2025-07-21,تعارض مصالح,شكوى بيئة عمل في التخطيط والتطوير,شكوى موظف تتضمن بيانات شخصية وتفاصيل تواصل داخلية. المرجع CASE-2025-3326 · الجهة المعنية: وحدة الالتزام التنظيمي.,وحدة الالتزام التنظيمي,بانتظار الرد
CASE-01286,2023-08-24,مخالفة مشتريات,قضية استخدام غير مصرح لبيانات مواقع تخزين تشغيلية,استخراج قوائم مواقع تخزين تشغيلية دون تصريح. المرجع CASE-2023-9928 · الجهة المعنية: وحدة الالتزام التنظيمي.,وحدة الالتزام التنظيمي,قيد التحقيق
CASE-01287,2024-02-24,مخالفة مشتريات,تحقيق في تسريب مسودة مذكرة تفاهم مع شريك خارجي,تسريب مسودة مذكرة تفاهم قبل توقيعها رسميًا. المرجع CASE-2024-5763 · الجهة المعنية: مكتب حماية المبلّغين.,مكتب حماية المبلّغين,منتهي بتوصيات
CASE-01288,2024-02-11,احتيال مالي,مراجعة استراتيجية لمخاطر الالتزام في قطاع البنية التحتية,مراجعة استراتيجية لمخاطر التزام قد تؤدي إلى غرامات تنظيمية. المرجع CASE-2024-9815 · الجهة المعنية: وحدة الالتزام التنظيمي.,وحدة الالتزام التنظيمي,مغلق
CASE-01289,2025-06-26,استخدام غير مصرح للأنظمة,اعتراض على احتساب راتب موظف في إدارة المعرفة,طلب مراجعة احتساب راتب وبدلات لموظف واحد. المرجع CASE-2025-5273 · الجهة المعنية: التدقيق الداخلي.,التدقيق الداخلي,قيد المراجعة القانونية
CASE-01290,2025-08-03,مخالفة مشتريات,تحقيق في تلاعب بسجلات الاعتماد في نظام التحقق الرقمي,تحقيق في تعديل غير مصرح لسجلات الاعتماد المالي. المرجع CASE-2025-3079 · الجهة المعنية: التدقيق الداخلي.,التدقيق الداخلي,محال للجهة المختصة
CASE-01291,2022-04-24,احتيال مالي,قضية استخدام غير مصرح لبيانات مواقع تخزين تشغيلية,استخراج قوائم مواقع تخزين تشغيلية دون تصريح. المرجع CASE-2022-1714 · الجهة المعنية: التدقيق الداخلي.,التدقيق الداخلي,بانتظار الرد
CASE-01292,2020-07-09,مخالفة مشتريات,قضية إساءة استخدام معلومات داخلية في قطاع العمليات,قضية استخدام معلومات غير معلنة لتحقيق منفعة شخصية. المرجع CASE-2020-1694 · الجهة المعنية: مكتب حماية المبلّغين.,مكتب حماية المبلّغين,قيد المراجعة القانونية
CASE-01293,2020-01-22,بلاغ مبلّغ,تحقيق في تسريب خطط عمليات أمنية لفعالية وطنية,تسريب جدول عمليات أمنية قبل تنفيذ الفعالية الوطنية. المرجع CASE-2020-8762 · الجهة المعنية: التدقيق الداخلي.,التدقيق الداخلي,قيد التحقيق
CASE-01294,2025-09-17,تسريب معلومات,تحقيق في محاولة الوصول إلى سجلات تحركات القوات,محاولة موظف الوصول إلى سجلات تحركات القوات دون تصريح. المرجع CASE-2025-6929 · الجهة المعنية: وحدة مكافحة الاحتيال.,وحدة مكافحة الاحتيال,مغلق
CASE-01295,2019-08-14,مخالفة سلوك مهني,قضية إساءة استخدام معلومات داخلية في قطاع الأعمال المؤسسية,قضية استخدام معلومات غير معلنة لتحقيق منفعة شخصية. المرجع CASE-2019-5617 · الجهة المعنية: التدقيق الداخلي.,التدقيق الداخلي,بانتظار الرد
CASE-01296,2023-05-13,احتيال مالي,ملف مراجعة خاصة رقم SR-2023-384,مراجعة خاصة بتوجيه من اللجنة مع حظر التداول حتى صدور النتيجة. المرجع CASE-2023-6435 · الجهة المعنية: الشؤون القانونية.,الشؤون القانونية,مغلق
CASE-01297,2025-06-05,احتيال مالي,قضية تسريب الميزانية الاستراتيجية قبل الاعتماد,تسريب أرقام الميزانية الاستراتيجية إلى جهة خارجية قبل اعتمادها. المرجع CASE-2025-1775 · الجهة المعنية: وحدة الالتزام التنظيمي.,وحدة الالتزام التنظيمي,منتهي بتوصيات
CASE-01298,2021-10-11,مخالفة مشتريات,منشور سياسة السلوك المهني - إدارة المعرفة 2021,منشور عام يوضح مبادئ السلوك المهني المعتمدة. المرجع CASE-2021-2363 · الجهة المعنية: إدارة المخاطر.,إدارة المخاطر,منتهي بتوصيات
CASE-01299,2022-03-19,احتيال مالي,تحقيق في احتيال مالي بقيمة تقديرية 17 مليون ريال,تحقيق داخلي في معاملات مالية غير مبررة وتوصيات الإحالة. المرجع CASE-2022-9317 · الجهة المعنية: الموارد البشرية.,الموارد البشرية,مغلق
CASE-01300,2021-01-03,مخالفة مشتريات,بلاغ عن مخالفة في التعامل مع مواد أسلحة خاضعة للرقابة,مخالفة إجراءات مناولة أسلحة ومواد خاضعة للرقابة داخل موقع تشغيلي. المرجع CASE-2021-5853 · الجهة المعنية: التدقيق الداخلي.,,قيد المراجعة القانونية
CASE-01301,2019-12-10,مخالفة سلوك مهني,قضية استخدام غير مصرح لبيانات مواقع تخزين تشغيلية,استخراج قوائم مواقع تخزين تشغيلية دون تصريح. المرجع CASE-2019-6638 · الجهة المعنية: الشؤون القانونية.,الشؤون القانونية,منتهي بتوصيات
CASE-01302,2022-05-16,استخدام غير مصرح للأنظمة,تحقيق في تلاعب بسجلات الاعتماد في منصة الاجتماعات المؤمّنة,تحقيق في تعديل غير مصرح لسجلات الاعتماد المالي. المرجع CASE-2022-8583 · الجهة المعنية: الموارد البشرية.,الموارد البشرية,محال للجهة المختصة
CASE-01303,2026-03-20,بلاغ مبلّغ,ملف محال للجهة العليا رقم HC-2026-33,ملف محال لجهة عليا لارتباطه بمواقع ومنشآت وطنية محددة. المرجع CASE-2026-4760 · الجهة المعنية: مكتب حماية المبلّغين.,مكتب حماية المبلّغين,قيد التحقيق
CASE-01304,2024-01-23,تسريب معلومات,اعتراض على احتساب راتب موظف في الاتصال المؤسسي,طلب مراجعة احتساب راتب وبدلات لموظف واحد. المرجع CASE-2024-7403 · الجهة المعنية: الموارد البشرية.,الموارد البشرية,منتهي بتوصيات
CASE-01305,2025-04-13,بلاغ مبلّغ,مراجعة استراتيجية لمخاطر الالتزام في قطاع العمليات,مراجعة استراتيجية لمخاطر التزام قد تؤدي إلى غرامات تنظيمية. المرجع CASE-2025-2178 · الجهة المعنية: التدقيق الداخلي.,التدقيق الداخلي,قيد المراجعة القانونية
CASE-01306,2023-03-15,مخالفة سلوك مهني,بلاغ مبلّغ عن مخالفات في إدارة المعرفة,تحقيق سري في بلاغ مبلّغ مع حماية هويته وفق السياسة. المرجع CASE-2023-6539 · الجهة المعنية: مكتب حماية المبلّغين.,مكتب حماية المبلّغين,بانتظار الرد
CASE-01307,2024-02-21,تسريب معلومات,بلاغ عن مخالفة في التعامل مع مواد أسلحة خاضعة للرقابة,مخالفة إجراءات مناولة أسلحة ومواد خاضعة للرقابة داخل موقع تشغيلي. المرجع CASE-2024-4816 · الجهة المعنية: وحدة مكافحة الاحتيال.,وحدة مكافحة الاحتيال,منتهي بتوصيات
CASE-01308,2024-04-10,تعارض مصالح,قضية استخدام غير مصرح لبيانات مواقع تخزين تشغيلية,استخراج قوائم مواقع تخزين تشغيلية دون تصريح. المرجع CASE-2024-8759 · الجهة المعنية: التدقيق الداخلي.,التدقيق الداخلي,مغلق
CASE-01309,2025-06-12,بلاغ مبلّغ,تحقيق في احتيال مالي بقيمة تقديرية 38 مليون ريال,تحقيق داخلي في معاملات مالية غير مبررة وتوصيات الإحالة. المرجع CASE-2025-6019 · الجهة المعنية: الأمانة العامة.,الأمانة العامة,قيد التحقيق
CASE-01310,2023-12-30,مخالفة سلوك مهني,مخالفة في التعامل مع مخرجات مورد عسكري المنشأ,استخدام مكوّن عسكري المنشأ خارج الضوابط التعاقدية المعتمدة. المرجع CASE-2023-4826 · الجهة المعنية: الموارد البشرية.,الموارد البشرية,بانتظار الرد
CASE-01311,2019-08-12,تسريب معلومات,قضية تمويل مشبوه مرتبط بشبكة خارجية,إحالة إلى الجهات الأمنية بعد رصد نمط تمويل يتصل بأنشطة استخبارات. المرجع CASE-2019-9192 · الجهة المعنية: مكتب حماية المبلّغين.,مكتب حماية المبلّغين,منتهي بتوصيات
CASE-01312,2023-06-21,إساءة استخدام صلاحيات,مراجعة استراتيجية لمخاطر الالتزام في قطاع التقنية والمشاريع,مراجعة استراتيجية لمخاطر التزام قد تؤدي إلى غرامات تنظيمية. المرجع CASE-2023-3344 · الجهة المعنية: الأمانة العامة.,الأمانة العامة,محال للجهة المختصة
CASE-01313,2023-01-20,مخالفة سلوك مهني,شكوى بيئة عمل في التشغيل,شكوى موظف تتضمن بيانات شخصية وتفاصيل تواصل داخلية. المرجع CASE-2023-3607 · الجهة المعنية: مكتب حماية المبلّغين.,مكتب حماية المبلّغين,قيد التحقيق
CASE-01314,2023-05-25,إساءة استخدام صلاحيات,قضية إساءة استخدام معلومات داخلية في قطاع العمليات,قضية استخدام معلومات غير معلنة لتحقيق منفعة شخصية. المرجع CASE-2023-4108 · الجهة المعنية: الموارد البشرية.,الموارد البشرية,محال للجهة المختصة
CASE-01315,2021-10-10,احتيال مالي,ملف مراجعة خاصة رقم SR-2021-145,مراجعة خاصة بتوجيه من اللجنة مع حظر التداول حتى صدور النتيجة. المرجع CASE-2021-9360 · الجهة المعنية: مكتب حماية المبلّغين.,مكتب حماية المبلّغين,قيد التحقيق
CASE-01316,2021-03-14,إساءة استخدام صلاحيات,قضية اشتباه تجسس إلكتروني على نظام إدارة الأصول التقنية,تعاون مع جهات استخبارات وطنية بشأن نشاط تجسس مشتبه به. المرجع CASE-2021-8603 · الجهة المعنية: مكتب حماية المبلّغين.,مكتب حماية المبلّغين,قيد المراجعة القانونية
CASE-01317,2019-07-23,مخالفة مشتريات,تحقيق في مخالفة تعاقدية مع صندوق استثماري دولي,تحقيق في إخلال ببنود تعاقدية قد يرتب مطالبات مالية كبيرة. المرجع CASE-2019-4929 · الجهة المعنية: وحدة الالتزام التنظيمي.,وحدة الالتزام التنظيمي,منتهي بتوصيات
CASE-01318,2025-07-12,مخالفة سلوك مهني,قضية اشتباه تجسس إلكتروني على نظام إدارة الأصول التقنية,تعاون مع جهات استخبارات وطنية بشأن نشاط تجسس مشتبه به. المرجع CASE-2025-5742 · الجهة المعنية: مكتب حماية المبلّغين.,مكتب حماية المبلّغين,محال للجهة المختصة
CASE-01319,2025-09-23,مخالفة مشتريات,ملف محال للجهة العليا رقم HC-2025-66,ملف محال لجهة عليا لارتباطه بمواقع ومنشآت وطنية محددة. المرجع CASE-2025-4847 · الجهة المعنية: وحدة الالتزام التنظيمي.,وحدة الالتزام التنظيمي,قيد المراجعة القانونية
CASE-01320,2024-07-06,تعارض مصالح,قضية إساءة استخدام معلومات داخلية في قطاع التحول الرقمي,قضية استخدام معلومات غير معلنة لتحقيق منفعة شخصية. المرجع CASE-2024-8639 · الجهة المعنية: الأمانة العامة.,,قيد التحقيق
CASE-01321,2021-07-21,مخالفة مشتريات,ملف مراجعة خاصة رقم SR-2021-268,مراجعة خاصة بتوجيه من اللجنة مع حظر التداول حتى صدور النتيجة. المرجع CASE-2021-9819 · الجهة المعنية: التدقيق الداخلي.,التدقيق الداخلي,قيد التحقيق
CASE-01322,2022-11-24,استخدام غير مصرح للأنظمة,مراجعة استراتيجية لمخاطر الالتزام في قطاع التحول الرقمي,مراجعة استراتيجية لمخاطر التزام قد تؤدي إلى غرامات تنظيمية. المرجع CASE-2022-4236 · الجهة المعنية: وحدة مكافحة الاحتيال.,وحدة مكافحة الاحتيال,منتهي بتوصيات
CASE-01323,2024-06-24,مخالفة تعاقدية,قضية مساس بمتطلبات سيادة البيانات الوطنية,استضافة بيانات وطنية خارج النطاق بما يخالف متطلبات سيادة البيانات. المرجع CASE-2024-3086 · الجهة المعنية: التدقيق الداخلي.,التدقيق الداخلي,منتهي بتوصيات
CASE-01324,2019-09-28,مخالفة مشتريات,بلاغ مبلّغ عن مخالفات في الاتصال المؤسسي,تحقيق سري في بلاغ مبلّغ مع حماية هويته وفق السياسة. المرجع CASE-2019-3564 · الجهة المعنية: وحدة مكافحة الاحتيال.,وحدة مكافحة الاحتيال,بانتظار الرد
CASE-01325,2024-10-28,تعارض مصالح,تحقيق في تواطؤ محتمل بين موردي قطاع التقنية والمشاريع,تحقيق في مؤشرات تنسيق أسعار بين موردين في منافسة مغلقة. المرجع CASE-2024-7420 · الجهة المعنية: وحدة مكافحة الاحتيال.,وحدة مكافحة الاحتيال,قيد التحقيق
CASE-01326,2024-05-26,مخالفة مشتريات,بلاغ عن تسريب بيانات تخص منشأة حيوية وطنية,بلاغ داخلي عن نقل وثائق تخص منشأة حيوية إلى جهة غير مصرح لها. المرجع CASE-2024-7505 · الجهة المعنية: وحدة الالتزام التنظيمي.,وحدة الالتزام التنظيمي,بانتظار الرد
CASE-01327,2022-07-15,تسريب معلومات,تحقيق في تسريب مسودة مذكرة تفاهم مع شريك خارجي,تسريب مسودة مذكرة تفاهم قبل توقيعها رسميًا. المرجع CASE-2022-7681 · الجهة المعنية: التدقيق الداخلي.,التدقيق الداخلي,منتهي بتوصيات
CASE-01328,2023-12-31,استخدام غير مصرح للأنظمة,ملخص مواجهة أطراف في الملف رقم MF-2023-357,محضر مواجهة يتضمن إفادات أطراف قد ترتب مسؤولية نظامية. المرجع CASE-2023-2223 · الجهة المعنية: التدقيق الداخلي.,التدقيق الداخلي,قيد التحقيق
CASE-01329,2020-08-05,تعارض مصالح,مراجعة استراتيجية لمخاطر الالتزام في قطاع العمليات,مراجعة استراتيجية لمخاطر التزام قد تؤدي إلى غرامات تنظيمية. المرجع CASE-2020-9726 · الجهة المعنية: الموارد البشرية.,الموارد البشرية,بانتظار الرد
CASE-01330,2021-02-26,تعارض مصالح,ملف مراجعة خاصة رقم SR-2021-370,مراجعة خاصة بتوجيه من اللجنة مع حظر التداول حتى صدور النتيجة. المرجع CASE-2021-2566 · الجهة المعنية: مكتب حماية المبلّغين.,مكتب حماية المبلّغين,قيد المراجعة القانونية
CASE-01331,2021-08-11,مخالفة مشتريات,قضية تعارض مصالح في ترسية برنامج الحوسبة السيادية,قضية تعارض مصالح بين عضو لجنة وأحد الموردين المتنافسين. المرجع CASE-2021-7200 · الجهة المعنية: وحدة مكافحة الاحتيال.,وحدة مكافحة الاحتيال,قيد التحقيق
CASE-01332,2025-11-01,مخالفة سلوك مهني,مراجعة استراتيجية لمخاطر الالتزام في قطاع الشراكات,مراجعة استراتيجية لمخاطر التزام قد تؤدي إلى غرامات تنظيمية. المرجع CASE-2025-1849 · الجهة المعنية: الموارد البشرية.,الموارد البشرية,قيد التحقيق
CASE-01333,2025-10-20,استخدام غير مصرح للأنظمة,قضية اشتباه تجسس إلكتروني على نظام إدارة الأصول التقنية,تعاون مع جهات استخبارات وطنية بشأن نشاط تجسس مشتبه به. المرجع CASE-2025-6076 · الجهة المعنية: مكتب حماية المبلّغين.,مكتب حماية المبلّغين,بانتظار الرد
CASE-01334,2021-08-08,تسريب معلومات,تحقيق في تلاعب بسجلات الاعتماد في منصة التوثيق الإلكتروني,تحقيق في تعديل غير مصرح لسجلات الاعتماد المالي. المرجع CASE-2021-2359 · الجهة المعنية: وحدة الالتزام التنظيمي.,وحدة الالتزام التنظيمي,محال للجهة المختصة
CASE-01335,2020-12-20,استخدام غير مصرح للأنظمة,قضية تعارض مصالح في ترسية برنامج المرونة التشغيلية,قضية تعارض مصالح بين عضو لجنة وأحد الموردين المتنافسين. المرجع CASE-2020-4315 · الجهة المعنية: وحدة الالتزام التنظيمي.,وحدة الالتزام التنظيمي,بانتظار الرد
CASE-01336,2025-05-20,مخالفة مشتريات,منشور سياسة السلوك المهني - المالية 2025,منشور عام يوضح مبادئ السلوك المهني المعتمدة. المرجع CASE-2025-8638 · الجهة المعنية: الموارد البشرية.,الموارد البشرية,محال للجهة المختصة
CASE-01337,2022-06-01,مخالفة تعاقدية,تحقيق في تواطؤ محتمل بين موردي قطاع العمليات,تحقيق في مؤشرات تنسيق أسعار بين موردين في منافسة مغلقة. المرجع CASE-2022-6462 · الجهة المعنية: إدارة المخاطر.,إدارة المخاطر,مغلق
CASE-01338,2019-03-14,تسريب معلومات,مراجعة استراتيجية لمخاطر الالتزام في قطاع العمليات,مراجعة استراتيجية لمخاطر التزام قد تؤدي إلى غرامات تنظيمية. المرجع CASE-2019-6668 · الجهة المعنية: مكتب حماية المبلّغين.,مكتب حماية المبلّغين,قيد التحقيق
CASE-01339,2020-06-08,مخالفة سلوك مهني,ملف مراجعة خاصة رقم SR-2020-111,مراجعة خاصة بتوجيه من اللجنة مع حظر التداول حتى صدور النتيجة. المرجع CASE-2020-4493 · الجهة المعنية: الشؤون القانونية.,الشؤون القانونية,قيد المراجعة القانونية
CASE-01340,2019-03-16,مخالفة مشتريات,شكوى بيئة عمل في الموارد البشرية,شكوى موظف تتضمن بيانات شخصية وتفاصيل تواصل داخلية. المرجع CASE-2019-8878 · الجهة المعنية: مكتب حماية المبلّغين.,مكتب حماية المبلّغين,محال للجهة المختصة
CASE-01341,2019-01-27,بلاغ مبلّغ,طلب تصحيح بيانات هوية في سجل الموظفين,طلب تصحيح حقول هوية وبيانات تواصل في السجل. المرجع CASE-2019-4217 · الجهة المعنية: إدارة المخاطر.,إدارة المخاطر,قيد المراجعة القانونية
CASE-01342,2023-06-01,مخالفة مشتريات,تحقيق في تسريب خطط عمليات أمنية لفعالية وطنية,تسريب جدول عمليات أمنية قبل تنفيذ الفعالية الوطنية. المرجع CASE-2023-5419 · الجهة المعنية: التدقيق الداخلي.,التدقيق الداخلي,مغلق
CASE-01343,2020-07-17,تعارض مصالح,تحقيق في تلاعب بسجلات الاعتماد في مركز البيانات الرئيسي,تحقيق في تعديل غير مصرح لسجلات الاعتماد المالي. المرجع CASE-2020-6895 · الجهة المعنية: وحدة الالتزام التنظيمي.,وحدة الالتزام التنظيمي,محال للجهة المختصة
CASE-01344,2022-01-21,استخدام غير مصرح للأنظمة,تحقيق في تسريب مسودة مذكرة تفاهم مع شريك خارجي,تسريب مسودة مذكرة تفاهم قبل توقيعها رسميًا. المرجع CASE-2022-5151 · الجهة المعنية: إدارة المخاطر.,إدارة المخاطر,مغلق
CASE-01345,2021-04-24,مخالفة مشتريات,مراجعة استراتيجية لمخاطر الالتزام في قطاع الشراكات,مراجعة استراتيجية لمخاطر التزام قد تؤدي إلى غرامات تنظيمية. المرجع CASE-2021-7131 · الجهة المعنية: الشؤون القانونية.,الشؤون القانونية,بانتظار الرد
CASE-01346,2024-12-05,بلاغ مبلّغ,تحقيق في تواطؤ محتمل بين موردي قطاع التقنية والمشاريع,تحقيق في مؤشرات تنسيق أسعار بين موردين في منافسة مغلقة. المرجع CASE-2024-1923 · الجهة المعنية: وحدة الالتزام التنظيمي.,وحدة الالتزام التنظيمي,مغلق
CASE-01347,2020-05-08,احتيال مالي,مخالفة في التعامل مع مخرجات مورد عسكري المنشأ,استخدام مكوّن عسكري المنشأ خارج الضوابط التعاقدية المعتمدة. المرجع CASE-2020-6689 · الجهة المعنية: التدقيق الداخلي.,التدقيق الداخلي,منتهي بتوصيات
CASE-01348,2021-02-14,مخالفة مشتريات,قضية تمويل مشبوه مرتبط بشبكة خارجية,إحالة إلى الجهات الأمنية بعد رصد نمط تمويل يتصل بأنشطة استخبارات. المرجع CASE-2021-6173 · الجهة المعنية: وحدة الالتزام التنظيمي.,وحدة الالتزام التنظيمي,قيد المراجعة القانونية
CASE-01349,2019-11-23,مخالفة مشتريات,تحقيق في مخالفة تعاقدية مع شريك تقني عالمي,تحقيق في إخلال ببنود تعاقدية قد يرتب مطالبات مالية كبيرة. المرجع CASE-2019-7082 · الجهة المعنية: الأمانة العامة.,الأمانة العامة,قيد التحقيق
CASE-01350,2023-06-29,تسريب معلومات,بلاغ عن مخالفة في التعامل مع مواد أسلحة خاضعة للرقابة,مخالفة إجراءات مناولة أسلحة ومواد خاضعة للرقابة داخل موقع تشغيلي. المرجع CASE-2023-3201 · الجهة المعنية: وحدة مكافحة الاحتيال.,وحدة مكافحة الاحتيال,قيد المراجعة القانونية
CASE-01351,2019-11-20,إساءة استخدام صلاحيات,تحقيق في تسريب مسودة مذكرة تفاهم مع شريك خارجي,تسريب مسودة مذكرة تفاهم قبل توقيعها رسميًا. المرجع CASE-2019-3664 · الجهة المعنية: التدقيق الداخلي.,التدقيق الداخلي,قيد المراجعة القانونية
CASE-01352,2024-07-02,مخالفة مشتريات,ملخص مواجهة أطراف في الملف رقم MF-2024-414,محضر مواجهة يتضمن إفادات أطراف قد ترتب مسؤولية نظامية. المرجع CASE-2024-3615 · الجهة المعنية: وحدة مكافحة الاحتيال.,وحدة مكافحة الاحتيال,قيد المراجعة القانونية
CASE-01353,2022-06-26,مخالفة تعاقدية,قضية إساءة استخدام معلومات داخلية في قطاع العمليات,قضية استخدام معلومات غير معلنة لتحقيق منفعة شخصية. المرجع CASE-2022-1890 · الجهة المعنية: وحدة مكافحة الاحتيال.,وحدة مكافحة الاحتيال,محال للجهة المختصة
CASE-01354,2019-01-03,مخالفة مشتريات,طلب تصحيح بيانات هوية في سجل الموظفين,طلب تصحيح حقول هوية وبيانات تواصل في السجل. المرجع CASE-2019-8998 · الجهة المعنية: وحدة الالتزام التنظيمي.,وحدة الالتزام التنظيمي,قيد التحقيق
CASE-01355,2019-04-17,مخالفة مشتريات,قضية إساءة استخدام معلومات داخلية في قطاع الحلول الحكومية,قضية استخدام معلومات غير معلنة لتحقيق منفعة شخصية. المرجع CASE-2019-9850 · الجهة المعنية: الشؤون القانونية.,الشؤون القانونية,منتهي بتوصيات
CASE-01356,2023-08-10,احتيال مالي,طلب إجازة طبي ممتدة - الخدمات المساندة,ملف طبي داعم لطلب إجازة ممتدة لأحد المنسوبين. المرجع CASE-2023-2288 · الجهة المعنية: الأمانة العامة.,,منتهي بتوصيات
CASE-01357,2021-01-05,مخالفة تعاقدية,تحقيق في تواطؤ محتمل بين موردي قطاع الحلول الحكومية,تحقيق في مؤشرات تنسيق أسعار بين موردين في منافسة مغلقة. المرجع CASE-2021-4430 · الجهة المعنية: وحدة مكافحة الاحتيال.,وحدة مكافحة الاحتيال,قيد المراجعة القانونية
CASE-01358,2025-04-08,مخالفة تعاقدية,ملخص مواجهة أطراف في الملف رقم MF-2025-781,محضر مواجهة يتضمن إفادات أطراف قد ترتب مسؤولية نظامية. المرجع CASE-2025-9820 · الجهة المعنية: الأمانة العامة.,الأمانة العامة,مغلق
CASE-01359,2023-07-11,مخالفة تعاقدية,قضية تسريب الميزانية الاستراتيجية قبل الاعتماد,تسريب أرقام الميزانية الاستراتيجية إلى جهة خارجية قبل اعتمادها. المرجع CASE-2023-5137 · الجهة المعنية: وحدة مكافحة الاحتيال.,وحدة مكافحة الاحتيال,بانتظار الرد
CASE-01360,2022-08-31,مخالفة تعاقدية,دليل خدمات الالتزام المنشور - قطاع الحلول الحكومية 2022,دليل خدمات منشور يشرح مسارات الالتزام المتاحة. المرجع CASE-2022-3112 · الجهة المعنية: إدارة المخاطر.,إدارة المخاطر,منتهي بتوصيات
CASE-01361,2023-06-18,مخالفة سلوك مهني,قضية تسريب الميزانية الاستراتيجية قبل الاعتماد,تسريب أرقام الميزانية الاستراتيجية إلى جهة خارجية قبل اعتمادها. المرجع CASE-2023-6139 · الجهة المعنية: وحدة مكافحة الاحتيال.,وحدة مكافحة الاحتيال,محال للجهة المختصة
CASE-01362,2023-05-04,احتيال مالي,تحقيق في محاولة الوصول إلى سجلات تحركات القوات,محاولة موظف الوصول إلى سجلات تحركات القوات دون تصريح. المرجع CASE-2023-4223 · الجهة المعنية: التدقيق الداخلي.,التدقيق الداخلي,محال للجهة المختصة
CASE-01363,2021-12-31,مخالفة مشتريات,قضية تمويل مشبوه مرتبط بشبكة خارجية,إحالة إلى الجهات الأمنية بعد رصد نمط تمويل يتصل بأنشطة استخبارات. المرجع CASE-2021-2799 · الجهة المعنية: وحدة مكافحة الاحتيال.,وحدة مكافحة الاحتيال,قيد التحقيق
CASE-01364,2022-08-31,إساءة استخدام صلاحيات,ملف مراجعة خاصة رقم SR-2022-421,مراجعة خاصة بتوجيه من اللجنة مع حظر التداول حتى صدور النتيجة. المرجع CASE-2022-2340 · الجهة المعنية: وحدة الالتزام التنظيمي.,وحدة الالتزام التنظيمي,مغلق
CASE-01365,2025-12-16,بلاغ مبلّغ,تحقيق في تسريب خطط عمليات أمنية لفعالية وطنية,تسريب جدول عمليات أمنية قبل تنفيذ الفعالية الوطنية. المرجع CASE-2025-6922 · الجهة المعنية: وحدة مكافحة الاحتيال.,وحدة مكافحة الاحتيال,مغلق
CASE-01366,2021-04-12,مخالفة تعاقدية,قضية مساس بمتطلبات سيادة البيانات الوطنية,استضافة بيانات وطنية خارج النطاق بما يخالف متطلبات سيادة البيانات. المرجع CASE-2021-5605 · الجهة المعنية: الأمانة العامة.,الأمانة العامة,محال للجهة المختصة
CASE-01367,2023-06-03,تسريب معلومات,بلاغ مبلّغ عن مخالفات في إدارة المخاطر,تحقيق سري في بلاغ مبلّغ مع حماية هويته وفق السياسة. المرجع CASE-2023-4982 · الجهة المعنية: التدقيق الداخلي.,التدقيق الداخلي,محال للجهة المختصة
CASE-01368,2022-06-27,إساءة استخدام صلاحيات,ملف مراجعة خاصة رقم SR-2022-167,مراجعة خاصة بتوجيه من اللجنة مع حظر التداول حتى صدور النتيجة. المرجع CASE-2022-6417 · الجهة المعنية: الموارد البشرية.,الموارد البشرية,بانتظار الرد
CASE-01369,2022-05-23,تسريب معلومات,ملف مراجعة خاصة رقم SR-2022-224,مراجعة خاصة بتوجيه من اللجنة مع حظر التداول حتى صدور النتيجة. المرجع CASE-2022-4100 · الجهة المعنية: الموارد البشرية.,الموارد البشرية,مغلق
CASE-01370,2020-03-18,بلاغ مبلّغ,تحقيق في تواطؤ محتمل بين موردي قطاع التقنية والمشاريع,تحقيق في مؤشرات تنسيق أسعار بين موردين في منافسة مغلقة. المرجع CASE-2020-3882 · الجهة المعنية: الشؤون القانونية.,الشؤون القانونية,قيد المراجعة القانونية
CASE-01371,2020-10-05,بلاغ مبلّغ,قضية إساءة استخدام معلومات داخلية في قطاع الأعمال المؤسسية,قضية استخدام معلومات غير معلنة لتحقيق منفعة شخصية. المرجع CASE-2020-3063 · الجهة المعنية: الشؤون القانونية.,الشؤون القانونية,قيد المراجعة القانونية
CASE-01372,2024-05-22,تعارض مصالح,تحقيق في تواطؤ محتمل بين موردي قطاع الخدمات الرقمية,تحقيق في مؤشرات تنسيق أسعار بين موردين في منافسة مغلقة. المرجع CASE-2024-5502 · الجهة المعنية: إدارة المخاطر.,إدارة المخاطر,مغلق
CASE-01373,2020-04-12,بلاغ مبلّغ,تحقيق في تواطؤ محتمل بين موردي قطاع البنية التحتية,تحقيق في مؤشرات تنسيق أسعار بين موردين في منافسة مغلقة. المرجع CASE-2020-3103 · الجهة المعنية: وحدة مكافحة الاحتيال.,وحدة مكافحة الاحتيال,منتهي بتوصيات
CASE-01374,2025-11-27,استخدام غير مصرح للأنظمة,بلاغ مبلّغ عن مخالفات في المشتريات,تحقيق سري في بلاغ مبلّغ مع حماية هويته وفق السياسة. المرجع CASE-2025-2892 · الجهة المعنية: إدارة المخاطر.,إدارة المخاطر,بانتظار الرد
CASE-01375,2020-05-21,احتيال مالي,تحقيق في تسريب خطط عمليات أمنية لفعالية وطنية,تسريب جدول عمليات أمنية قبل تنفيذ الفعالية الوطنية. المرجع CASE-2020-2276 · الجهة المعنية: الأمانة العامة.,الأمانة العامة,قيد المراجعة القانونية
CASE-01376,2022-07-06,بلاغ مبلّغ,تحقيق في تلاعب بسجلات الاعتماد في منصة تبادل البيانات الوطنية,تحقيق في تعديل غير مصرح لسجلات الاعتماد المالي. المرجع CASE-2022-9681 · الجهة المعنية: الموارد البشرية.,الموارد البشرية,منتهي بتوصيات
CASE-01377,2020-07-08,احتيال مالي,قضية إساءة استخدام معلومات داخلية في قطاع التقنية والمشاريع,قضية استخدام معلومات غير معلنة لتحقيق منفعة شخصية. المرجع CASE-2020-8451 · الجهة المعنية: وحدة الالتزام التنظيمي.,وحدة الالتزام التنظيمي,محال للجهة المختصة
CASE-01378,2021-08-19,تعارض مصالح,تحقيق في تواطؤ محتمل بين موردي قطاع العمليات,تحقيق في مؤشرات تنسيق أسعار بين موردين في منافسة مغلقة. المرجع CASE-2021-6954 · الجهة المعنية: وحدة مكافحة الاحتيال.,وحدة مكافحة الاحتيال,محال للجهة المختصة
CASE-01379,2022-10-14,مخالفة سلوك مهني,بلاغ مبلّغ عن مخالفات في المشتريات,تحقيق سري في بلاغ مبلّغ مع حماية هويته وفق السياسة. المرجع CASE-2022-4381 · الجهة المعنية: وحدة الالتزام التنظيمي.,وحدة الالتزام التنظيمي,محال للجهة المختصة
CASE-01380,2020-07-01,تسريب معلومات,قضية تسريب الميزانية الاستراتيجية قبل الاعتماد,تسريب أرقام الميزانية الاستراتيجية إلى جهة خارجية قبل اعتمادها. المرجع CASE-2020-8833 · الجهة المعنية: وحدة الالتزام التنظيمي.,وحدة الالتزام التنظيمي,قيد المراجعة القانونية
CASE-01381,2024-06-11,تعارض مصالح,بلاغ عن تسريب بيانات تخص منشأة حيوية وطنية,بلاغ داخلي عن نقل وثائق تخص منشأة حيوية إلى جهة غير مصرح لها. المرجع CASE-2024-7875 · الجهة المعنية: الموارد البشرية.,الموارد البشرية,منتهي بتوصيات
CASE-01382,2019-01-04,احتيال مالي,تحقيق في تلاعب بسجلات الاعتماد في بوابة المستفيدين,تحقيق في تعديل غير مصرح لسجلات الاعتماد المالي. المرجع CASE-2019-6859 · الجهة المعنية: التدقيق الداخلي.,التدقيق الداخلي,محال للجهة المختصة
CASE-01383,2019-10-25,مخالفة مشتريات,تحقيق في احتيال مالي بقيمة تقديرية 16 مليون ريال,تحقيق داخلي في معاملات مالية غير مبررة وتوصيات الإحالة. المرجع CASE-2019-9911 · الجهة المعنية: وحدة مكافحة الاحتيال.,وحدة مكافحة الاحتيال,مغلق
CASE-01384,2020-08-23,إساءة استخدام صلاحيات,قضية تمويل مشبوه مرتبط بشبكة خارجية,إحالة إلى الجهات الأمنية بعد رصد نمط تمويل يتصل بأنشطة استخبارات. المرجع CASE-2020-1671 · الجهة المعنية: الموارد البشرية.,الموارد البشرية,محال للجهة المختصة
CASE-01385,2023-05-10,استخدام غير مصرح للأنظمة,قضية استخدام غير مصرح لبيانات مواقع تخزين تشغيلية,استخراج قوائم مواقع تخزين تشغيلية دون تصريح. المرجع CASE-2023-7112 · الجهة المعنية: الموارد البشرية.,الموارد البشرية,بانتظار الرد
CASE-01386,2021-09-20,مخالفة سلوك مهني,مراجعة استراتيجية لمخاطر الالتزام في قطاع الشراكات,مراجعة استراتيجية لمخاطر التزام قد تؤدي إلى غرامات تنظيمية. المرجع CASE-2021-2692 · الجهة المعنية: مكتب حماية المبلّغين.,مكتب حماية المبلّغين,قيد المراجعة القانونية
CASE-01387,2019-03-05,مخالفة تعاقدية,تحقيق في محاولة الوصول إلى سجلات تحركات القوات,محاولة موظف الوصول إلى سجلات تحركات القوات دون تصريح. المرجع CASE-2019-4302 · الجهة المعنية: إدارة المخاطر.,إدارة المخاطر,منتهي بتوصيات
CASE-01388,2024-10-31,إساءة استخدام صلاحيات,ملخص مواجهة أطراف في الملف رقم MF-2024-393,محضر مواجهة يتضمن إفادات أطراف قد ترتب مسؤولية نظامية. المرجع CASE-2024-9718 · الجهة المعنية: مكتب حماية المبلّغين.,مكتب حماية المبلّغين,محال للجهة المختصة
CASE-01389,2019-02-28,تسريب معلومات,قضية تعارض مصالح في ترسية برنامج التوسع الإقليمي,قضية تعارض مصالح بين عضو لجنة وأحد الموردين المتنافسين. المرجع CASE-2019-8922 · الجهة المعنية: الشؤون القانونية.,الشؤون القانونية,منتهي بتوصيات
CASE-01390,2023-11-24,احتيال مالي,مخالفة في التعامل مع مخرجات مورد عسكري المنشأ,استخدام مكوّن عسكري المنشأ خارج الضوابط التعاقدية المعتمدة. المرجع CASE-2023-6885 · الجهة المعنية: إدارة المخاطر.,إدارة المخاطر,قيد التحقيق
CASE-01391,2021-12-27,بلاغ مبلّغ,قضية تسريب الميزانية الاستراتيجية قبل الاعتماد,تسريب أرقام الميزانية الاستراتيجية إلى جهة خارجية قبل اعتمادها. المرجع CASE-2021-4184 · الجهة المعنية: الأمانة العامة.,,مغلق
CASE-01392,2020-12-23,استخدام غير مصرح للأنظمة,مراجعة استراتيجية لمخاطر الالتزام في قطاع الشراكات,مراجعة استراتيجية لمخاطر التزام قد تؤدي إلى غرامات تنظيمية. المرجع CASE-2020-7804 · الجهة المعنية: إدارة المخاطر.,إدارة المخاطر,قيد التحقيق
CASE-01393,2019-07-21,مخالفة سلوك مهني,دليل خدمات الالتزام المنشور - قطاع الحلول الحكومية 2019,دليل خدمات منشور يشرح مسارات الالتزام المتاحة. المرجع CASE-2019-4736 · الجهة المعنية: وحدة الالتزام التنظيمي.,وحدة الالتزام التنظيمي,منتهي بتوصيات
CASE-01394,2023-09-22,استخدام غير مصرح للأنظمة,قضية تسريب الميزانية الاستراتيجية قبل الاعتماد,تسريب أرقام الميزانية الاستراتيجية إلى جهة خارجية قبل اعتمادها. المرجع CASE-2023-7642 · الجهة المعنية: الأمانة العامة.,الأمانة العامة,محال للجهة المختصة
CASE-01395,2022-02-12,إساءة استخدام صلاحيات,إحصاءات البلاغات المغلقة - قطاع العمليات الربع الرابع 2022,إحصاءات مجمّعة عن أعداد البلاغات دون أي تفاصيل تعريفية. المرجع CASE-2022-4364 · الجهة المعنية: مكتب حماية المبلّغين.,مكتب حماية المبلّغين,منتهي بتوصيات
CASE-01396,2025-06-11,تعارض مصالح,مذكرة داخلية بشأن ضبط الحضور في الخدمات المساندة,مذكرة داخلية تنظيمية حول التزام الحضور والانصراف. المرجع CASE-2025-2568 · الجهة المعنية: الشؤون القانونية.,الشؤون القانونية,قيد التحقيق
CASE-01397,2024-01-31,تعارض مصالح,قضية مساس بمتطلبات سيادة البيانات الوطنية,استضافة بيانات وطنية خارج النطاق بما يخالف متطلبات سيادة البيانات. المرجع CASE-2024-1910 · الجهة المعنية: وحدة الالتزام التنظيمي.,وحدة الالتزام التنظيمي,محال للجهة المختصة
CASE-01398,2026-06-08,مخالفة سلوك مهني,ملخص مواجهة أطراف في الملف رقم MF-2026-796,محضر مواجهة يتضمن إفادات أطراف قد ترتب مسؤولية نظامية. المرجع CASE-2026-2454 · الجهة المعنية: الشؤون القانونية.,الشؤون القانونية,محال للجهة المختصة
CASE-01399,2025-01-20,مخالفة مشتريات,تحقيق في احتيال مالي بقيمة تقديرية 38 مليون ريال,تحقيق داخلي في معاملات مالية غير مبررة وتوصيات الإحالة. المرجع CASE-2025-9296 · الجهة المعنية: وحدة الالتزام التنظيمي.,وحدة الالتزام التنظيمي,قيد المراجعة القانونية
CASE-01400,2022-02-01,بلاغ مبلّغ,مخالفة في التعامل مع مخرجات مورد عسكري المنشأ,استخدام مكوّن عسكري المنشأ خارج الضوابط التعاقدية المعتمدة. المرجع CASE-2022-1724 · الجهة المعنية: وحدة الالتزام التنظيمي.,وحدة الالتزام التنظيمي,قيد التحقيق
CASE-01401,2021-12-10,مخالفة تعاقدية,ملف مراجعة خاصة رقم SR-2021-958,مراجعة خاصة بتوجيه من اللجنة مع حظر التداول حتى صدور النتيجة. المرجع CASE-2021-4568 · الجهة المعنية: إدارة المخاطر.,إدارة المخاطر,محال للجهة المختصة
CASE-01402,2022-11-22,تعارض مصالح,ملف مراجعة خاصة رقم SR-2022-263,مراجعة خاصة بتوجيه من اللجنة مع حظر التداول حتى صدور النتيجة. المرجع CASE-2022-8825 · الجهة المعنية: مكتب حماية المبلّغين.,مكتب حماية المبلّغين,بانتظار الرد
CASE-01403,2022-02-01,مخالفة تعاقدية,بلاغ عن مخالفة في التعامل مع مواد أسلحة خاضعة للرقابة,مخالفة إجراءات مناولة أسلحة ومواد خاضعة للرقابة داخل موقع تشغيلي. المرجع CASE-2022-6852 · الجهة المعنية: الموارد البشرية.,الموارد البشرية,محال للجهة المختصة
CASE-01404,2019-09-23,مخالفة مشتريات,بلاغ مبلّغ عن مخالفات في الاتصال المؤسسي,تحقيق سري في بلاغ مبلّغ مع حماية هويته وفق السياسة. المرجع CASE-2019-2380 · الجهة المعنية: وحدة الالتزام التنظيمي.,وحدة الالتزام التنظيمي,منتهي بتوصيات
CASE-01405,2024-01-19,تعارض مصالح,ملخص مواجهة أطراف في الملف رقم MF-2024-609,محضر مواجهة يتضمن إفادات أطراف قد ترتب مسؤولية نظامية. المرجع CASE-2024-6206 · الجهة المعنية: وحدة مكافحة الاحتيال.,وحدة مكافحة الاحتيال,قيد المراجعة القانونية
CASE-01406,2021-01-18,استخدام غير مصرح للأنظمة,ملخص مواجهة أطراف في الملف رقم MF-2021-749,محضر مواجهة يتضمن إفادات أطراف قد ترتب مسؤولية نظامية. المرجع CASE-2021-2229 · الجهة المعنية: الأمانة العامة.,الأمانة العامة,بانتظار الرد
CASE-01407,2022-12-26,إساءة استخدام صلاحيات,بلاغ مبلّغ عن مخالفات في التخطيط والتطوير,تحقيق سري في بلاغ مبلّغ مع حماية هويته وفق السياسة. المرجع CASE-2022-3993 · الجهة المعنية: الموارد البشرية.,الموارد البشرية,قيد المراجعة القانونية
CASE-01408,2019-12-12,إساءة استخدام صلاحيات,قضية استخدام غير مصرح لبيانات مواقع تخزين تشغيلية,استخراج قوائم مواقع تخزين تشغيلية دون تصريح. المرجع CASE-2019-2774 · الجهة المعنية: التدقيق الداخلي.,التدقيق الداخلي,منتهي بتوصيات
CASE-01409,2024-07-27,إساءة استخدام صلاحيات,قضية تسريب الميزانية الاستراتيجية قبل الاعتماد,تسريب أرقام الميزانية الاستراتيجية إلى جهة خارجية قبل اعتمادها. المرجع CASE-2024-2907 · الجهة المعنية: التدقيق الداخلي.,التدقيق الداخلي,قيد المراجعة القانونية
CASE-01410,2021-12-07,تسريب معلومات,شكوى بيئة عمل في المشتريات,شكوى موظف تتضمن بيانات شخصية وتفاصيل تواصل داخلية. المرجع CASE-2021-6496 · الجهة المعنية: الأمانة العامة.,الأمانة العامة,منتهي بتوصيات
CASE-01411,2021-12-31,احتيال مالي,اعتراض على احتساب راتب موظف في الموارد البشرية,طلب مراجعة احتساب راتب وبدلات لموظف واحد. المرجع CASE-2021-8150 · الجهة المعنية: التدقيق الداخلي.,التدقيق الداخلي,محال للجهة المختصة
CASE-01412,2021-03-20,بلاغ مبلّغ,طلب تصحيح بيانات هوية في سجل الموظفين,طلب تصحيح حقول هوية وبيانات تواصل في السجل. المرجع CASE-2021-9811 · الجهة المعنية: الشؤون القانونية.,الشؤون القانونية,مغلق
CASE-01413,2023-04-19,تسريب معلومات,قضية تعارض مصالح في ترسية برنامج المدن الذكية,قضية تعارض مصالح بين عضو لجنة وأحد الموردين المتنافسين. المرجع CASE-2023-4320 · الجهة المعنية: الشؤون القانونية.,الشؤون القانونية,منتهي بتوصيات
CASE-01414,2021-08-16,إساءة استخدام صلاحيات,قضية تمويل مشبوه مرتبط بشبكة خارجية,إحالة إلى الجهات الأمنية بعد رصد نمط تمويل يتصل بأنشطة استخبارات. المرجع CASE-2021-9412 · الجهة المعنية: مكتب حماية المبلّغين.,مكتب حماية المبلّغين,منتهي بتوصيات
CASE-01415,2026-04-28,بلاغ مبلّغ,مراجعة استراتيجية لمخاطر الالتزام في قطاع الخدمات الرقمية,مراجعة استراتيجية لمخاطر التزام قد تؤدي إلى غرامات تنظيمية. المرجع CASE-2026-4860 · الجهة المعنية: وحدة الالتزام التنظيمي.,وحدة الالتزام التنظيمي,بانتظار الرد
CASE-01416,2022-10-15,احتيال مالي,تحقيق في مخالفة تعاقدية مع منظمة إقليمية,تحقيق في إخلال ببنود تعاقدية قد يرتب مطالبات مالية كبيرة. المرجع CASE-2022-6546 · الجهة المعنية: الشؤون القانونية.,الشؤون القانونية,محال للجهة المختصة
CASE-01417,2025-04-01,بلاغ مبلّغ,قضية تمويل مشبوه مرتبط بشبكة خارجية,إحالة إلى الجهات الأمنية بعد رصد نمط تمويل يتصل بأنشطة استخبارات. المرجع CASE-2025-4696 · الجهة المعنية: الشؤون القانونية.,الشؤون القانونية,منتهي بتوصيات
CASE-01418,2019-04-23,تعارض مصالح,ملخص مواجهة أطراف في الملف رقم MF-2019-717,محضر مواجهة يتضمن إفادات أطراف قد ترتب مسؤولية نظامية. المرجع CASE-2019-4940 · الجهة المعنية: الشؤون القانونية.,الشؤون القانونية,بانتظار الرد
CASE-01419,2020-06-09,احتيال مالي,طلب تصحيح بيانات هوية في سجل الموظفين,طلب تصحيح حقول هوية وبيانات تواصل في السجل. المرجع CASE-2020-7864 · الجهة المعنية: مكتب حماية المبلّغين.,مكتب حماية المبلّغين,قيد المراجعة القانونية
CASE-01420,2023-08-26,تسريب معلومات,تحقيق في مخالفة تعاقدية مع صندوق استثماري دولي,تحقيق في إخلال ببنود تعاقدية قد يرتب مطالبات مالية كبيرة. المرجع CASE-2023-9747 · الجهة المعنية: الأمانة العامة.,الأمانة العامة,محال للجهة المختصة
CASE-01421,2021-08-23,استخدام غير مصرح للأنظمة,تحقيق في تسريب مسودة مذكرة تفاهم مع شريك خارجي,تسريب مسودة مذكرة تفاهم قبل توقيعها رسميًا. المرجع CASE-2021-6784 · الجهة المعنية: إدارة المخاطر.,إدارة المخاطر,مغلق
CASE-01422,2021-08-07,بلاغ مبلّغ,مراجعة استراتيجية لمخاطر الالتزام في قطاع الحلول الحكومية,مراجعة استراتيجية لمخاطر التزام قد تؤدي إلى غرامات تنظيمية. المرجع CASE-2021-4074 · الجهة المعنية: مكتب حماية المبلّغين.,مكتب حماية المبلّغين,قيد المراجعة القانونية
CASE-01423,2024-04-20,تسريب معلومات,ملف مراجعة خاصة رقم SR-2024-551,مراجعة خاصة بتوجيه من اللجنة مع حظر التداول حتى صدور النتيجة. المرجع CASE-2024-6128 · الجهة المعنية: الشؤون القانونية.,الشؤون القانونية,منتهي بتوصيات
CASE-01424,2023-07-15,تعارض مصالح,بلاغ عن مخالفة في التعامل مع مواد أسلحة خاضعة للرقابة,مخالفة إجراءات مناولة أسلحة ومواد خاضعة للرقابة داخل موقع تشغيلي. المرجع CASE-2023-9369 · الجهة المعنية: مكتب حماية المبلّغين.,مكتب حماية المبلّغين,قيد التحقيق
CASE-01425,2019-12-30,مخالفة مشتريات,مذكرة داخلية بشأن ضبط الحضور في التخطيط والتطوير,مذكرة داخلية تنظيمية حول التزام الحضور والانصراف. المرجع CASE-2019-3180 · الجهة المعنية: مكتب حماية المبلّغين.,مكتب حماية المبلّغين,منتهي بتوصيات
CASE-01426,2020-01-16,تعارض مصالح,تحقيق في تواطؤ محتمل بين موردي قطاع الأعمال المؤسسية,تحقيق في مؤشرات تنسيق أسعار بين موردين في منافسة مغلقة. المرجع CASE-2020-6994 · الجهة المعنية: الموارد البشرية.,الموارد البشرية,بانتظار الرد
CASE-01427,2019-05-10,احتيال مالي,قضية استخدام غير مصرح لبيانات مواقع تخزين تشغيلية,استخراج قوائم مواقع تخزين تشغيلية دون تصريح. المرجع CASE-2019-8266 · الجهة المعنية: الموارد البشرية.,الموارد البشرية,منتهي بتوصيات
CASE-01428,2022-08-16,بلاغ مبلّغ,قضية استخدام غير مصرح لبيانات مواقع تخزين تشغيلية,استخراج قوائم مواقع تخزين تشغيلية دون تصريح. المرجع CASE-2022-3988 · الجهة المعنية: إدارة المخاطر.,إدارة المخاطر,بانتظار الرد
CASE-01429,2019-02-28,مخالفة سلوك مهني,تحقيق في تلاعب بسجلات الاعتماد في منصة التحليلات المؤسسية,تحقيق في تعديل غير مصرح لسجلات الاعتماد المالي. المرجع CASE-2019-9294 · الجهة المعنية: مكتب حماية المبلّغين.,مكتب حماية المبلّغين,منتهي بتوصيات
CASE-01430,2025-12-28,مخالفة تعاقدية,تحقيق في تواطؤ محتمل بين موردي قطاع الخدمات الرقمية,تحقيق في مؤشرات تنسيق أسعار بين موردين في منافسة مغلقة. المرجع CASE-2025-3778 · الجهة المعنية: الموارد البشرية.,الموارد البشرية,محال للجهة المختصة
CASE-01431,2019-07-14,إساءة استخدام صلاحيات,ملف محال للجهة العليا رقم HC-2019-82,ملف محال لجهة عليا لارتباطه بمواقع ومنشآت وطنية محددة. المرجع CASE-2019-9047 · الجهة المعنية: وحدة مكافحة الاحتيال.,وحدة مكافحة الاحتيال,مغلق
CASE-01432,2023-09-30,تعارض مصالح,ملخص مواجهة أطراف في الملف رقم MF-2023-901,محضر مواجهة يتضمن إفادات أطراف قد ترتب مسؤولية نظامية. المرجع CASE-2023-5685 · الجهة المعنية: مكتب حماية المبلّغين.,مكتب حماية المبلّغين,قيد التحقيق
CASE-01433,2019-11-27,تسريب معلومات,قضية إساءة استخدام معلومات داخلية في قطاع العمليات,قضية استخدام معلومات غير معلنة لتحقيق منفعة شخصية. المرجع CASE-2019-2707 · الجهة المعنية: التدقيق الداخلي.,التدقيق الداخلي,بانتظار الرد
CASE-01434,2020-06-27,بلاغ مبلّغ,تحقيق في تواطؤ محتمل بين موردي قطاع التحول الرقمي,تحقيق في مؤشرات تنسيق أسعار بين موردين في منافسة مغلقة. المرجع CASE-2020-9102 · الجهة المعنية: إدارة المخاطر.,إدارة المخاطر,محال للجهة المختصة
CASE-01435,2019-07-18,تسريب معلومات,قضية تسريب الميزانية الاستراتيجية قبل الاعتماد,تسريب أرقام الميزانية الاستراتيجية إلى جهة خارجية قبل اعتمادها. المرجع CASE-2019-9709 · الجهة المعنية: الأمانة العامة.,الأمانة العامة,محال للجهة المختصة
CASE-01436,2024-03-17,مخالفة تعاقدية,بلاغ عن تسريب بيانات تخص منشأة حيوية وطنية,بلاغ داخلي عن نقل وثائق تخص منشأة حيوية إلى جهة غير مصرح لها. المرجع CASE-2024-8752 · الجهة المعنية: وحدة الالتزام التنظيمي.,وحدة الالتزام التنظيمي,مغلق
CASE-01437,2019-01-25,مخالفة مشتريات,مخالفة خصوصية في تداول ملفات المنسوبين,تداول ملفات موظفين دون مراعاة ضوابط خصوصية البيانات. المرجع CASE-2019-6227 · الجهة المعنية: الشؤون القانونية.,الشؤون القانونية,بانتظار الرد
CASE-01438,2023-01-19,تسريب معلومات,قضية تسريب الميزانية الاستراتيجية قبل الاعتماد,تسريب أرقام الميزانية الاستراتيجية إلى جهة خارجية قبل اعتمادها. المرجع CASE-2023-6726 · الجهة المعنية: وحدة الالتزام التنظيمي.,وحدة الالتزام التنظيمي,قيد المراجعة القانونية
CASE-01439,2021-08-24,إساءة استخدام صلاحيات,تحقيق في مخالفة تعاقدية مع دولة شريكة,تحقيق في إخلال ببنود تعاقدية قد يرتب مطالبات مالية كبيرة. المرجع CASE-2021-3920 · الجهة المعنية: الموارد البشرية.,الموارد البشرية,بانتظار الرد
CASE-01440,2025-11-16,مخالفة تعاقدية,قضية اشتباه تجسس إلكتروني على منصة التوثيق الإلكتروني,تعاون مع جهات استخبارات وطنية بشأن نشاط تجسس مشتبه به. المرجع CASE-2025-2988 · الجهة المعنية: الشؤون القانونية.,الشؤون القانونية,منتهي بتوصيات
CASE-01441,2019-06-15,تعارض مصالح,تحقيق في مخالفة تعاقدية مع منظمة إقليمية,تحقيق في إخلال ببنود تعاقدية قد يرتب مطالبات مالية كبيرة. المرجع CASE-2019-4311 · الجهة المعنية: إدارة المخاطر.,إدارة المخاطر,منتهي بتوصيات
CASE-01442,2022-01-17,إساءة استخدام صلاحيات,قضية تمويل مشبوه مرتبط بشبكة خارجية,إحالة إلى الجهات الأمنية بعد رصد نمط تمويل يتصل بأنشطة استخبارات. المرجع CASE-2022-8543 · الجهة المعنية: الشؤون القانونية.,الشؤون القانونية,مغلق
CASE-01443,2024-03-08,استخدام غير مصرح للأنظمة,تحقيق في احتيال مالي بقيمة تقديرية 15 مليون ريال,تحقيق داخلي في معاملات مالية غير مبررة وتوصيات الإحالة. المرجع CASE-2024-6791 · الجهة المعنية: وحدة مكافحة الاحتيال.,وحدة مكافحة الاحتيال,محال للجهة المختصة
CASE-01444,2024-04-22,استخدام غير مصرح للأنظمة,دليل خدمات الالتزام المنشور - قطاع الحلول الحكومية 2024,دليل خدمات منشور يشرح مسارات الالتزام المتاحة. المرجع CASE-2024-6593 · الجهة المعنية: وحدة مكافحة الاحتيال.,وحدة مكافحة الاحتيال,قيد التحقيق
CASE-01445,2019-04-02,إساءة استخدام صلاحيات,تحقيق في مخالفة تعاقدية مع جهة سيادية شريكة,تحقيق في إخلال ببنود تعاقدية قد يرتب مطالبات مالية كبيرة. المرجع CASE-2019-4078 · الجهة المعنية: التدقيق الداخلي.,التدقيق الداخلي,بانتظار الرد
CASE-01446,2026-04-26,بلاغ مبلّغ,قضية تسريب الميزانية الاستراتيجية قبل الاعتماد,تسريب أرقام الميزانية الاستراتيجية إلى جهة خارجية قبل اعتمادها. المرجع CASE-2026-2082 · الجهة المعنية: وحدة مكافحة الاحتيال.,وحدة مكافحة الاحتيال,بانتظار الرد
CASE-01447,2022-04-11,مخالفة سلوك مهني,مذكرة داخلية بشأن ضبط الحضور في إدارة المعرفة,مذكرة داخلية تنظيمية حول التزام الحضور والانصراف. المرجع CASE-2022-8746 · الجهة المعنية: الشؤون القانونية.,الشؤون القانونية,قيد التحقيق
CASE-01448,2020-07-29,تسريب معلومات,مراجعة استراتيجية لمخاطر الالتزام في قطاع البنية التحتية,مراجعة استراتيجية لمخاطر التزام قد تؤدي إلى غرامات تنظيمية. المرجع CASE-2020-3192 · الجهة المعنية: الشؤون القانونية.,الشؤون القانونية,مغلق
CASE-01449,2024-01-20,تسريب معلومات,تحقيق في احتيال مالي بقيمة تقديرية 4 مليون ريال,تحقيق داخلي في معاملات مالية غير مبررة وتوصيات الإحالة. المرجع CASE-2024-7950 · الجهة المعنية: الأمانة العامة.,الأمانة العامة,قيد المراجعة القانونية
CASE-01450,2020-09-07,بلاغ مبلّغ,تحقيق في تواطؤ محتمل بين موردي قطاع التحول الرقمي,تحقيق في مؤشرات تنسيق أسعار بين موردين في منافسة مغلقة. المرجع CASE-2020-2105 · الجهة المعنية: الموارد البشرية.,الموارد البشرية,مغلق
CASE-01451,2025-02-24,تسريب معلومات,تحقيق في تسريب مسودة مذكرة تفاهم مع شريك خارجي,تسريب مسودة مذكرة تفاهم قبل توقيعها رسميًا. المرجع CASE-2025-9768 · الجهة المعنية: الشؤون القانونية.,الشؤون القانونية,محال للجهة المختصة
CASE-01452,2021-03-17,تعارض مصالح,طلب تصحيح بيانات هوية في سجل الموظفين,طلب تصحيح حقول هوية وبيانات تواصل في السجل. المرجع CASE-2021-9890 · الجهة المعنية: التدقيق الداخلي.,التدقيق الداخلي,قيد التحقيق
CASE-01453,2024-10-11,تعارض مصالح,تحقيق في تسريب مسودة مذكرة تفاهم مع شريك خارجي,تسريب مسودة مذكرة تفاهم قبل توقيعها رسميًا. المرجع CASE-2024-4419 · الجهة المعنية: التدقيق الداخلي.,التدقيق الداخلي,منتهي بتوصيات
CASE-01454,2022-07-28,احتيال مالي,تحقيق في تواطؤ محتمل بين موردي قطاع العمليات,تحقيق في مؤشرات تنسيق أسعار بين موردين في منافسة مغلقة. المرجع CASE-2022-9168 · الجهة المعنية: وحدة الالتزام التنظيمي.,وحدة الالتزام التنظيمي,قيد التحقيق
CASE-01455,2024-03-20,بلاغ مبلّغ,قضية مساس بمتطلبات سيادة البيانات الوطنية,استضافة بيانات وطنية خارج النطاق بما يخالف متطلبات سيادة البيانات. المرجع CASE-2024-7209 · الجهة المعنية: الموارد البشرية.,الموارد البشرية,بانتظار الرد
CASE-01456,2024-07-27,تعارض مصالح,ملخص مواجهة أطراف في الملف رقم MF-2024-476,محضر مواجهة يتضمن إفادات أطراف قد ترتب مسؤولية نظامية. المرجع CASE-2024-2169 · الجهة المعنية: إدارة المخاطر.,إدارة المخاطر,منتهي بتوصيات
CASE-01457,2024-10-20,بلاغ مبلّغ,ملخص مواجهة أطراف في الملف رقم MF-2024-826,محضر مواجهة يتضمن إفادات أطراف قد ترتب مسؤولية نظامية. المرجع CASE-2024-2706 · الجهة المعنية: الشؤون القانونية.,الشؤون القانونية,قيد التحقيق
CASE-01458,2026-06-14,تسريب معلومات,بلاغ مبلّغ عن مخالفات في إدارة المخاطر,تحقيق سري في بلاغ مبلّغ مع حماية هويته وفق السياسة. المرجع CASE-2026-8288 · الجهة المعنية: الشؤون القانونية.,الشؤون القانونية,قيد التحقيق
CASE-01459,2022-12-03,تسريب معلومات,تحقيق في تسريب مسودة مذكرة تفاهم مع شريك خارجي,تسريب مسودة مذكرة تفاهم قبل توقيعها رسميًا. المرجع CASE-2022-5788 · الجهة المعنية: الشؤون القانونية.,الشؤون القانونية,بانتظار الرد
CASE-01460,2021-03-14,مخالفة تعاقدية,تحقيق في احتيال مالي بقيمة تقديرية 14 مليون ريال,تحقيق داخلي في معاملات مالية غير مبررة وتوصيات الإحالة. المرجع CASE-2021-4305 · الجهة المعنية: وحدة مكافحة الاحتيال.,وحدة مكافحة الاحتيال,قيد التحقيق
CASE-01461,2020-10-27,مخالفة تعاقدية,تحقيق في تواطؤ محتمل بين موردي قطاع التحول الرقمي,تحقيق في مؤشرات تنسيق أسعار بين موردين في منافسة مغلقة. المرجع CASE-2020-8363 · الجهة المعنية: الشؤون القانونية.,الشؤون القانونية,منتهي بتوصيات
CASE-01462,2023-04-20,مخالفة تعاقدية,تحقيق في احتيال مالي بقيمة تقديرية 12 مليون ريال,تحقيق داخلي في معاملات مالية غير مبررة وتوصيات الإحالة. المرجع CASE-2023-3679 · الجهة المعنية: وحدة مكافحة الاحتيال.,وحدة مكافحة الاحتيال,منتهي بتوصيات
CASE-01463,2024-12-18,استخدام غير مصرح للأنظمة,بلاغ مبلّغ عن مخالفات في تقنية المعلومات,تحقيق سري في بلاغ مبلّغ مع حماية هويته وفق السياسة. المرجع CASE-2024-8705 · الجهة المعنية: الشؤون القانونية.,الشؤون القانونية,بانتظار الرد
CASE-01464,2023-03-21,مخالفة تعاقدية,بلاغ عن تسريب بيانات تخص منشأة حيوية وطنية,بلاغ داخلي عن نقل وثائق تخص منشأة حيوية إلى جهة غير مصرح لها. المرجع CASE-2023-3987 · الجهة المعنية: الأمانة العامة.,الأمانة العامة,مغلق
CASE-01465,2022-09-24,مخالفة سلوك مهني,طلب إجازة طبي ممتدة - تقنية المعلومات,ملف طبي داعم لطلب إجازة ممتدة لأحد المنسوبين. المرجع CASE-2022-2769 · الجهة المعنية: الأمانة العامة.,الأمانة العامة,منتهي بتوصيات
CASE-01466,2022-04-21,مخالفة مشتريات,تحقيق في احتيال مالي بقيمة تقديرية 38 مليون ريال,تحقيق داخلي في معاملات مالية غير مبررة وتوصيات الإحالة. المرجع CASE-2022-5910 · الجهة المعنية: الموارد البشرية.,الموارد البشرية,قيد المراجعة القانونية
CASE-01467,2024-03-24,مخالفة مشتريات,مراجعة استراتيجية لمخاطر الالتزام في قطاع التحول الرقمي,مراجعة استراتيجية لمخاطر التزام قد تؤدي إلى غرامات تنظيمية. المرجع CASE-2024-2992 · الجهة المعنية: التدقيق الداخلي.,التدقيق الداخلي,بانتظار الرد
CASE-01468,2020-01-30,بلاغ مبلّغ,تحقيق في تسريب خطط عمليات أمنية لفعالية وطنية,تسريب جدول عمليات أمنية قبل تنفيذ الفعالية الوطنية. المرجع CASE-2020-9318 · الجهة المعنية: وحدة الالتزام التنظيمي.,وحدة الالتزام التنظيمي,مغلق
CASE-01469,2023-08-15,استخدام غير مصرح للأنظمة,قضية استخدام غير مصرح لبيانات مواقع تخزين تشغيلية,استخراج قوائم مواقع تخزين تشغيلية دون تصريح. المرجع CASE-2023-5805 · الجهة المعنية: الشؤون القانونية.,الشؤون القانونية,محال للجهة المختصة
CASE-01470,2022-11-19,تعارض مصالح,تحقيق في مخالفة تعاقدية مع تحالف صناعي دولي,تحقيق في إخلال ببنود تعاقدية قد يرتب مطالبات مالية كبيرة. المرجع CASE-2022-6172 · الجهة المعنية: مكتب حماية المبلّغين.,مكتب حماية المبلّغين,قيد التحقيق
CASE-01471,2023-05-02,إساءة استخدام صلاحيات,تحقيق في تلاعب بسجلات الاعتماد في منصة تبادل البيانات الوطنية,تحقيق في تعديل غير مصرح لسجلات الاعتماد المالي. المرجع CASE-2023-9114 · الجهة المعنية: إدارة المخاطر.,إدارة المخاطر,محال للجهة المختصة
CASE-01472,2023-10-23,تسريب معلومات,قضية مساس بمتطلبات سيادة البيانات الوطنية,استضافة بيانات وطنية خارج النطاق بما يخالف متطلبات سيادة البيانات. المرجع CASE-2023-7748 · الجهة المعنية: وحدة الالتزام التنظيمي.,وحدة الالتزام التنظيمي,منتهي بتوصيات
CASE-01473,2019-04-13,مخالفة تعاقدية,تحقيق في احتيال مالي بقيمة تقديرية 29 مليون ريال,تحقيق داخلي في معاملات مالية غير مبررة وتوصيات الإحالة. المرجع CASE-2019-6226 · الجهة المعنية: مكتب حماية المبلّغين.,مكتب حماية المبلّغين,بانتظار الرد
CASE-01474,2019-01-10,مخالفة مشتريات,تحقيق في احتيال مالي بقيمة تقديرية 14 مليون ريال,تحقيق داخلي في معاملات مالية غير مبررة وتوصيات الإحالة. المرجع CASE-2019-5454 · الجهة المعنية: الشؤون القانونية.,الشؤون القانونية,منتهي بتوصيات
CASE-01475,2023-04-03,مخالفة مشتريات,ملف مراجعة خاصة رقم SR-2023-628,مراجعة خاصة بتوجيه من اللجنة مع حظر التداول حتى صدور النتيجة. المرجع CASE-2023-6728 · الجهة المعنية: وحدة مكافحة الاحتيال.,وحدة مكافحة الاحتيال,قيد التحقيق
CASE-01476,2021-07-14,تسريب معلومات,قضية استخدام غير مصرح لبيانات مواقع تخزين تشغيلية,استخراج قوائم مواقع تخزين تشغيلية دون تصريح. المرجع CASE-2021-7439 · الجهة المعنية: إدارة المخاطر.,إدارة المخاطر,قيد التحقيق
CASE-01477,2020-09-16,مخالفة تعاقدية,قضية إساءة استخدام معلومات داخلية في قطاع التقنية والمشاريع,قضية استخدام معلومات غير معلنة لتحقيق منفعة شخصية. المرجع CASE-2020-1800 · الجهة المعنية: الأمانة العامة.,الأمانة العامة,منتهي بتوصيات
CASE-01478,2025-01-15,احتيال مالي,قضية إساءة استخدام معلومات داخلية في قطاع التقنية والمشاريع,قضية استخدام معلومات غير معلنة لتحقيق منفعة شخصية. المرجع CASE-2025-7543 · الجهة المعنية: التدقيق الداخلي.,التدقيق الداخلي,مغلق
CASE-01479,2021-01-10,مخالفة سلوك مهني,قضية اشتباه تجسس إلكتروني على شبكة الاتصالات الداخلية,تعاون مع جهات استخبارات وطنية بشأن نشاط تجسس مشتبه به. المرجع CASE-2021-1605 · الجهة المعنية: إدارة المخاطر.,إدارة المخاطر,منتهي بتوصيات
CASE-01480,2021-12-26,مخالفة تعاقدية,قضية تمويل مشبوه مرتبط بشبكة خارجية,إحالة إلى الجهات الأمنية بعد رصد نمط تمويل يتصل بأنشطة استخبارات. المرجع CASE-2021-1969 · الجهة المعنية: التدقيق الداخلي.,التدقيق الداخلي,مغلق
CASE-01481,2024-05-14,احتيال مالي,بلاغ مبلّغ عن مخالفات في التخطيط والتطوير,تحقيق سري في بلاغ مبلّغ مع حماية هويته وفق السياسة. المرجع CASE-2024-8545 · الجهة المعنية: وحدة الالتزام التنظيمي.,وحدة الالتزام التنظيمي,منتهي بتوصيات
CASE-01482,2019-09-14,تسريب معلومات,ملف محال للجهة العليا رقم HC-2019-58,ملف محال لجهة عليا لارتباطه بمواقع ومنشآت وطنية محددة. المرجع CASE-2019-4942 · الجهة المعنية: إدارة المخاطر.,إدارة المخاطر,مغلق
CASE-01483,2023-08-26,مخالفة تعاقدية,قضية استخدام غير مصرح لبيانات مواقع تخزين تشغيلية,استخراج قوائم مواقع تخزين تشغيلية دون تصريح. المرجع CASE-2023-6034 · الجهة المعنية: وحدة الالتزام التنظيمي.,وحدة الالتزام التنظيمي,قيد المراجعة القانونية
CASE-01484,2023-01-03,إساءة استخدام صلاحيات,قضية تعارض مصالح في ترسية برنامج التوسع الإقليمي,قضية تعارض مصالح بين عضو لجنة وأحد الموردين المتنافسين. المرجع CASE-2023-9583 · الجهة المعنية: الموارد البشرية.,الموارد البشرية,مغلق
CASE-01485,2025-05-16,مخالفة مشتريات,قضية تعارض مصالح في ترسية برنامج التحول الرقمي,قضية تعارض مصالح بين عضو لجنة وأحد الموردين المتنافسين. المرجع CASE-2025-9714 · الجهة المعنية: وحدة الالتزام التنظيمي.,وحدة الالتزام التنظيمي,مغلق
CASE-01486,2022-01-21,إساءة استخدام صلاحيات,طلب تصحيح بيانات هوية في سجل الموظفين,طلب تصحيح حقول هوية وبيانات تواصل في السجل. المرجع CASE-2022-9172 · الجهة المعنية: التدقيق الداخلي.,التدقيق الداخلي,مغلق
CASE-01487,2026-01-22,احتيال مالي,قضية تمويل مشبوه مرتبط بشبكة خارجية,إحالة إلى الجهات الأمنية بعد رصد نمط تمويل يتصل بأنشطة استخبارات. المرجع CASE-2026-3569 · الجهة المعنية: التدقيق الداخلي.,التدقيق الداخلي,قيد المراجعة القانونية
CASE-01488,2019-08-23,بلاغ مبلّغ,مخالفة في التعامل مع مخرجات مورد عسكري المنشأ,استخدام مكوّن عسكري المنشأ خارج الضوابط التعاقدية المعتمدة. المرجع CASE-2019-1285 · الجهة المعنية: إدارة المخاطر.,إدارة المخاطر,مغلق
CASE-01489,2025-01-01,مخالفة مشتريات,مراجعة استراتيجية لمخاطر الالتزام في قطاع التحول الرقمي,مراجعة استراتيجية لمخاطر التزام قد تؤدي إلى غرامات تنظيمية. المرجع CASE-2025-7240 · الجهة المعنية: إدارة المخاطر.,,قيد المراجعة القانونية
CASE-01490,2024-08-11,مخالفة مشتريات,مراجعة استراتيجية لمخاطر الالتزام في قطاع البنية التحتية,مراجعة استراتيجية لمخاطر التزام قد تؤدي إلى غرامات تنظيمية. المرجع CASE-2024-2513 · الجهة المعنية: مكتب حماية المبلّغين.,مكتب حماية المبلّغين,مغلق
CASE-01491,2020-07-07,إساءة استخدام صلاحيات,ملف مراجعة خاصة رقم SR-2020-167,مراجعة خاصة بتوجيه من اللجنة مع حظر التداول حتى صدور النتيجة. المرجع CASE-2020-7277 · الجهة المعنية: الموارد البشرية.,الموارد البشرية,مغلق
CASE-01492,2023-11-02,بلاغ مبلّغ,قضية إساءة استخدام معلومات داخلية في قطاع الخدمات الرقمية,قضية استخدام معلومات غير معلنة لتحقيق منفعة شخصية. المرجع CASE-2023-4372 · الجهة المعنية: مكتب حماية المبلّغين.,مكتب حماية المبلّغين,بانتظار الرد
CASE-01493,2023-04-21,استخدام غير مصرح للأنظمة,منشور سياسة السلوك المهني - الخدمات المساندة 2023,منشور عام يوضح مبادئ السلوك المهني المعتمدة. المرجع CASE-2023-5840 · الجهة المعنية: التدقيق الداخلي.,التدقيق الداخلي,قيد المراجعة القانونية
CASE-01494,2026-05-03,بلاغ مبلّغ,قضية مساس بمتطلبات سيادة البيانات الوطنية,استضافة بيانات وطنية خارج النطاق بما يخالف متطلبات سيادة البيانات. المرجع CASE-2026-6966 · الجهة المعنية: إدارة المخاطر.,إدارة المخاطر,مغلق
CASE-01495,2021-11-10,بلاغ مبلّغ,قضية تسريب الميزانية الاستراتيجية قبل الاعتماد,تسريب أرقام الميزانية الاستراتيجية إلى جهة خارجية قبل اعتمادها. المرجع CASE-2021-3516 · الجهة المعنية: مكتب حماية المبلّغين.,مكتب حماية المبلّغين,منتهي بتوصيات
CASE-01496,2020-08-11,بلاغ مبلّغ,طلب تصحيح بيانات هوية في سجل الموظفين,طلب تصحيح حقول هوية وبيانات تواصل في السجل. المرجع CASE-2020-9105 · الجهة المعنية: وحدة مكافحة الاحتيال.,وحدة مكافحة الاحتيال,قيد التحقيق
CASE-01497,2021-12-22,مخالفة مشتريات,مراجعة استراتيجية لمخاطر الالتزام في قطاع الشراكات,مراجعة استراتيجية لمخاطر التزام قد تؤدي إلى غرامات تنظيمية. المرجع CASE-2021-5095 · الجهة المعنية: مكتب حماية المبلّغين.,مكتب حماية المبلّغين,بانتظار الرد
CASE-01498,2020-01-10,مخالفة سلوك مهني,ملف مراجعة خاصة رقم SR-2020-140,مراجعة خاصة بتوجيه من اللجنة مع حظر التداول حتى صدور النتيجة. المرجع CASE-2020-7250 · الجهة المعنية: الشؤون القانونية.,الشؤون القانونية,مغلق
CASE-01499,2023-01-14,بلاغ مبلّغ,تحقيق في تلاعب بسجلات الاعتماد في بوابة المستفيدين,تحقيق في تعديل غير مصرح لسجلات الاعتماد المالي. المرجع CASE-2023-7091 · الجهة المعنية: وحدة الالتزام التنظيمي.,وحدة الالتزام التنظيمي,قيد المراجعة القانونية
CASE-01500,2023-09-18,استخدام غير مصرح للأنظمة,مراجعة استراتيجية لمخاطر الالتزام في قطاع الخدمات الرقمية,مراجعة استراتيجية لمخاطر التزام قد تؤدي إلى غرامات تنظيمية. المرجع CASE-2023-9068 · الجهة المعنية: الأمانة العامة.,الأمانة العامة,محال للجهة المختصة
CASE-01501,2020-01-05,بلاغ مبلّغ,مراجعة استراتيجية لمخاطر الالتزام في قطاع التحول الرقمي,مراجعة استراتيجية لمخاطر التزام قد تؤدي إلى غرامات تنظيمية. المرجع CASE-2020-4599 · الجهة المعنية: الشؤون القانونية.,الشؤون القانونية,محال للجهة المختصة
CASE-01502,2024-09-17,تعارض مصالح,بلاغ مبلّغ عن مخالفات في التخطيط والتطوير,تحقيق سري في بلاغ مبلّغ مع حماية هويته وفق السياسة. المرجع CASE-2024-2521 · الجهة المعنية: التدقيق الداخلي.,التدقيق الداخلي,بانتظار الرد
CASE-01503,2022-04-07,مخالفة سلوك مهني,تحقيق في تلاعب بسجلات الاعتماد في منصة المراسلات الرسمية,تحقيق في تعديل غير مصرح لسجلات الاعتماد المالي. المرجع CASE-2022-3254 · الجهة المعنية: التدقيق الداخلي.,التدقيق الداخلي,محال للجهة المختصة
CASE-01504,2024-07-01,مخالفة سلوك مهني,قضية إساءة استخدام معلومات داخلية في قطاع التحول الرقمي,قضية استخدام معلومات غير معلنة لتحقيق منفعة شخصية. المرجع CASE-2024-6237 · الجهة المعنية: الأمانة العامة.,الأمانة العامة,منتهي بتوصيات
CASE-01505,2021-10-11,احتيال مالي,مخالفة في التعامل مع مخرجات مورد عسكري المنشأ,استخدام مكوّن عسكري المنشأ خارج الضوابط التعاقدية المعتمدة. المرجع CASE-2021-5897 · الجهة المعنية: وحدة مكافحة الاحتيال.,وحدة مكافحة الاحتيال,مغلق
CASE-01506,2019-08-09,تسريب معلومات,قضية إساءة استخدام معلومات داخلية في قطاع البنية التحتية,قضية استخدام معلومات غير معلنة لتحقيق منفعة شخصية. المرجع CASE-2019-2000 · الجهة المعنية: الأمانة العامة.,الأمانة العامة,منتهي بتوصيات
CASE-01507,2024-08-19,مخالفة سلوك مهني,تحقيق في تواطؤ محتمل بين موردي قطاع البنية التحتية,تحقيق في مؤشرات تنسيق أسعار بين موردين في منافسة مغلقة. المرجع CASE-2024-4112 · الجهة المعنية: التدقيق الداخلي.,التدقيق الداخلي,بانتظار الرد
CASE-01508,2023-03-24,مخالفة مشتريات,تحقيق في مخالفة تعاقدية مع جهة سيادية شريكة,تحقيق في إخلال ببنود تعاقدية قد يرتب مطالبات مالية كبيرة. المرجع CASE-2023-2670 · الجهة المعنية: إدارة المخاطر.,إدارة المخاطر,منتهي بتوصيات
CASE-01509,2024-01-13,إساءة استخدام صلاحيات,مذكرة داخلية بشأن ضبط الحضور في الشؤون القانونية,مذكرة داخلية تنظيمية حول التزام الحضور والانصراف. المرجع CASE-2024-4599 · الجهة المعنية: الأمانة العامة.,الأمانة العامة,بانتظار الرد
CASE-01510,2021-08-18,إساءة استخدام صلاحيات,تحقيق في تسريب خطط عمليات أمنية لفعالية وطنية,تسريب جدول عمليات أمنية قبل تنفيذ الفعالية الوطنية. المرجع CASE-2021-2028 · الجهة المعنية: وحدة الالتزام التنظيمي.,وحدة الالتزام التنظيمي,محال للجهة المختصة
CASE-01511,2021-09-26,تعارض مصالح,قضية تسريب الميزانية الاستراتيجية قبل الاعتماد,تسريب أرقام الميزانية الاستراتيجية إلى جهة خارجية قبل اعتمادها. المرجع CASE-2021-8539 · الجهة المعنية: إدارة المخاطر.,إدارة المخاطر,محال للجهة المختصة
CASE-01512,2022-08-22,احتيال مالي,بلاغ مبلّغ عن مخالفات في التدقيق الداخلي,تحقيق سري في بلاغ مبلّغ مع حماية هويته وفق السياسة. المرجع CASE-2022-5552 · الجهة المعنية: الشؤون القانونية.,الشؤون القانونية,مغلق
CASE-01513,2025-02-03,إساءة استخدام صلاحيات,قضية اشتباه تجسس إلكتروني على شبكة الاتصالات الداخلية,تعاون مع جهات استخبارات وطنية بشأن نشاط تجسس مشتبه به. المرجع CASE-2025-9218 · الجهة المعنية: وحدة مكافحة الاحتيال.,وحدة مكافحة الاحتيال,قيد التحقيق
CASE-01514,2024-06-11,مخالفة تعاقدية,طلب إجازة طبي ممتدة - التخطيط والتطوير,ملف طبي داعم لطلب إجازة ممتدة لأحد المنسوبين. المرجع CASE-2024-8144 · الجهة المعنية: الشؤون القانونية.,الشؤون القانونية,مغلق
CASE-01515,2026-03-27,مخالفة سلوك مهني,اعتراض على احتساب راتب موظف في المالية,طلب مراجعة احتساب راتب وبدلات لموظف واحد. المرجع CASE-2026-1742 · الجهة المعنية: الأمانة العامة.,الأمانة العامة,قيد التحقيق
CASE-01516,2021-04-15,تسريب معلومات,مراجعة استراتيجية لمخاطر الالتزام في قطاع الأعمال المؤسسية,مراجعة استراتيجية لمخاطر التزام قد تؤدي إلى غرامات تنظيمية. المرجع CASE-2021-8687 · الجهة المعنية: إدارة المخاطر.,إدارة المخاطر,محال للجهة المختصة
CASE-01517,2019-07-01,تسريب معلومات,قضية تعارض مصالح في ترسية برنامج أمن سلاسل الإمداد,قضية تعارض مصالح بين عضو لجنة وأحد الموردين المتنافسين. المرجع CASE-2019-6167 · الجهة المعنية: الموارد البشرية.,الموارد البشرية,منتهي بتوصيات
CASE-01518,2020-05-04,إساءة استخدام صلاحيات,قضية استخدام غير مصرح لبيانات مواقع تخزين تشغيلية,استخراج قوائم مواقع تخزين تشغيلية دون تصريح. المرجع CASE-2020-7533 · الجهة المعنية: الشؤون القانونية.,الشؤون القانونية,مغلق
CASE-01519,2022-12-26,مخالفة سلوك مهني,تحقيق في تسريب مسودة مذكرة تفاهم مع شريك خارجي,تسريب مسودة مذكرة تفاهم قبل توقيعها رسميًا. المرجع CASE-2022-7707 · الجهة المعنية: الشؤون القانونية.,الشؤون القانونية,قيد التحقيق
CASE-01520,2022-02-01,مخالفة تعاقدية,طلب تصحيح بيانات هوية في سجل الموظفين,طلب تصحيح حقول هوية وبيانات تواصل في السجل. المرجع CASE-2022-9326 · الجهة المعنية: الموارد البشرية.,الموارد البشرية,محال للجهة المختصة
CASE-01521,2022-04-16,تسريب معلومات,قضية تسريب الميزانية الاستراتيجية قبل الاعتماد,تسريب أرقام الميزانية الاستراتيجية إلى جهة خارجية قبل اعتمادها. المرجع CASE-2022-4383 · الجهة المعنية: إدارة المخاطر.,إدارة المخاطر,محال للجهة المختصة
CASE-01522,2025-08-10,تسريب معلومات,قضية تسريب الميزانية الاستراتيجية قبل الاعتماد,تسريب أرقام الميزانية الاستراتيجية إلى جهة خارجية قبل اعتمادها. المرجع CASE-2025-2207 · الجهة المعنية: وحدة مكافحة الاحتيال.,وحدة مكافحة الاحتيال,منتهي بتوصيات
CASE-01523,2025-02-01,إساءة استخدام صلاحيات,تحقيق في تلاعب بسجلات الاعتماد في منصة المراسلات الرسمية,تحقيق في تعديل غير مصرح لسجلات الاعتماد المالي. المرجع CASE-2025-7686 · الجهة المعنية: الأمانة العامة.,الأمانة العامة,قيد التحقيق
CASE-01524,2021-03-06,استخدام غير مصرح للأنظمة,مخالفة خصوصية في تداول ملفات المنسوبين,تداول ملفات موظفين دون مراعاة ضوابط خصوصية البيانات. المرجع CASE-2021-1891 · الجهة المعنية: الأمانة العامة.,الأمانة العامة,قيد المراجعة القانونية
CASE-01525,2020-07-22,تعارض مصالح,مخالفة خصوصية في تداول ملفات المنسوبين,تداول ملفات موظفين دون مراعاة ضوابط خصوصية البيانات. المرجع CASE-2020-7130 · الجهة المعنية: وحدة الالتزام التنظيمي.,وحدة الالتزام التنظيمي,قيد التحقيق
CASE-01526,2019-06-19,بلاغ مبلّغ,ملخص مواجهة أطراف في الملف رقم MF-2019-887,محضر مواجهة يتضمن إفادات أطراف قد ترتب مسؤولية نظامية. المرجع CASE-2019-1487 · الجهة المعنية: التدقيق الداخلي.,التدقيق الداخلي,بانتظار الرد
CASE-01527,2023-04-26,إساءة استخدام صلاحيات,مذكرة داخلية بشأن ضبط الحضور في التشغيل,مذكرة داخلية تنظيمية حول التزام الحضور والانصراف. المرجع CASE-2023-9459 · الجهة المعنية: الشؤون القانونية.,الشؤون القانونية,مغلق
CASE-01528,2019-03-18,إساءة استخدام صلاحيات,دليل خدمات الالتزام المنشور - قطاع التحول الرقمي 2019,دليل خدمات منشور يشرح مسارات الالتزام المتاحة. المرجع CASE-2019-2719 · الجهة المعنية: الشؤون القانونية.,الشؤون القانونية,منتهي بتوصيات
CASE-01529,2020-08-29,مخالفة تعاقدية,تحقيق في تلاعب بسجلات الاعتماد في نظام الأرشفة الإلكترونية,تحقيق في تعديل غير مصرح لسجلات الاعتماد المالي. المرجع CASE-2020-8336 · الجهة المعنية: التدقيق الداخلي.,التدقيق الداخلي,قيد المراجعة القانونية
CASE-01530,2023-08-14,تعارض مصالح,قضية تعارض مصالح في ترسية برنامج التحول الرقمي,قضية تعارض مصالح بين عضو لجنة وأحد الموردين المتنافسين. المرجع CASE-2023-7661 · الجهة المعنية: وحدة مكافحة الاحتيال.,وحدة مكافحة الاحتيال,مغلق
CASE-01531,2023-01-14,مخالفة مشتريات,تحقيق في محاولة الوصول إلى سجلات تحركات القوات,محاولة موظف الوصول إلى سجلات تحركات القوات دون تصريح. المرجع CASE-2023-1936 · الجهة المعنية: وحدة الالتزام التنظيمي.,وحدة الالتزام التنظيمي,محال للجهة المختصة
CASE-01532,2022-11-07,تعارض مصالح,قضية إساءة استخدام معلومات داخلية في قطاع الحلول الحكومية,قضية استخدام معلومات غير معلنة لتحقيق منفعة شخصية. المرجع CASE-2022-2273 · الجهة المعنية: الأمانة العامة.,,قيد التحقيق
CASE-01533,2019-02-16,بلاغ مبلّغ,دليل خدمات الالتزام المنشور - قطاع الأعمال المؤسسية 2019,دليل خدمات منشور يشرح مسارات الالتزام المتاحة. المرجع CASE-2019-6877 · الجهة المعنية: الموارد البشرية.,الموارد البشرية,بانتظار الرد
CASE-01534,2023-10-31,إساءة استخدام صلاحيات,تحقيق في تسريب خطط عمليات أمنية لفعالية وطنية,تسريب جدول عمليات أمنية قبل تنفيذ الفعالية الوطنية. المرجع CASE-2023-1369 · الجهة المعنية: الشؤون القانونية.,الشؤون القانونية,قيد التحقيق
CASE-01535,2023-11-30,مخالفة مشتريات,تحقيق في تسريب مسودة مذكرة تفاهم مع شريك خارجي,تسريب مسودة مذكرة تفاهم قبل توقيعها رسميًا. المرجع CASE-2023-9504 · الجهة المعنية: مكتب حماية المبلّغين.,مكتب حماية المبلّغين,منتهي بتوصيات
CASE-01536,2025-02-20,مخالفة تعاقدية,قضية تسريب الميزانية الاستراتيجية قبل الاعتماد,تسريب أرقام الميزانية الاستراتيجية إلى جهة خارجية قبل اعتمادها. المرجع CASE-2025-2452 · الجهة المعنية: وحدة الالتزام التنظيمي.,وحدة الالتزام التنظيمي,منتهي بتوصيات
CASE-01537,2024-01-27,استخدام غير مصرح للأنظمة,تحقيق في تسريب مسودة مذكرة تفاهم مع شريك خارجي,تسريب مسودة مذكرة تفاهم قبل توقيعها رسميًا. المرجع CASE-2024-8485 · الجهة المعنية: وحدة الالتزام التنظيمي.,وحدة الالتزام التنظيمي,قيد المراجعة القانونية
CASE-01538,2025-05-18,مخالفة مشتريات,تحقيق في مخالفة تعاقدية مع صندوق استثماري دولي,تحقيق في إخلال ببنود تعاقدية قد يرتب مطالبات مالية كبيرة. المرجع CASE-2025-7699 · الجهة المعنية: وحدة مكافحة الاحتيال.,وحدة مكافحة الاحتيال,منتهي بتوصيات
CASE-01539,2023-06-12,تعارض مصالح,قضية إساءة استخدام معلومات داخلية في قطاع الخدمات الرقمية,قضية استخدام معلومات غير معلنة لتحقيق منفعة شخصية. المرجع CASE-2023-8610 · الجهة المعنية: وحدة الالتزام التنظيمي.,وحدة الالتزام التنظيمي,قيد التحقيق
CASE-01540,2022-07-18,إساءة استخدام صلاحيات,تحقيق في تسريب خطط عمليات أمنية لفعالية وطنية,تسريب جدول عمليات أمنية قبل تنفيذ الفعالية الوطنية. المرجع CASE-2022-3098 · الجهة المعنية: وحدة الالتزام التنظيمي.,وحدة الالتزام التنظيمي,بانتظار الرد
CASE-01541,2026-03-15,بلاغ مبلّغ,قضية اشتباه تجسس إلكتروني على منصة التحليلات المؤسسية,تعاون مع جهات استخبارات وطنية بشأن نشاط تجسس مشتبه به. المرجع CASE-2026-5808 · الجهة المعنية: وحدة مكافحة الاحتيال.,وحدة مكافحة الاحتيال,محال للجهة المختصة
CASE-01542,2022-10-13,مخالفة تعاقدية,ملخص مواجهة أطراف في الملف رقم MF-2022-730,محضر مواجهة يتضمن إفادات أطراف قد ترتب مسؤولية نظامية. المرجع CASE-2022-6980 · الجهة المعنية: وحدة مكافحة الاحتيال.,وحدة مكافحة الاحتيال,محال للجهة المختصة
CASE-01543,2023-06-10,بلاغ مبلّغ,تحقيق في تسريب مسودة مذكرة تفاهم مع شريك خارجي,تسريب مسودة مذكرة تفاهم قبل توقيعها رسميًا. المرجع CASE-2023-5863 · الجهة المعنية: إدارة المخاطر.,إدارة المخاطر,منتهي بتوصيات
CASE-01544,2025-05-24,استخدام غير مصرح للأنظمة,بلاغ مبلّغ عن مخالفات في إدارة المخاطر,تحقيق سري في بلاغ مبلّغ مع حماية هويته وفق السياسة. المرجع CASE-2025-8300 · الجهة المعنية: الموارد البشرية.,الموارد البشرية,منتهي بتوصيات
CASE-01545,2024-05-19,مخالفة تعاقدية,قضية استخدام غير مصرح لبيانات مواقع تخزين تشغيلية,استخراج قوائم مواقع تخزين تشغيلية دون تصريح. المرجع CASE-2024-8755 · الجهة المعنية: مكتب حماية المبلّغين.,مكتب حماية المبلّغين,قيد المراجعة القانونية
CASE-01546,2020-10-21,بلاغ مبلّغ,تحقيق في تلاعب بسجلات الاعتماد في منصة تبادل البيانات الوطنية,تحقيق في تعديل غير مصرح لسجلات الاعتماد المالي. المرجع CASE-2020-2000 · الجهة المعنية: إدارة المخاطر.,إدارة المخاطر,منتهي بتوصيات
CASE-01547,2023-06-11,احتيال مالي,قضية تعارض مصالح في ترسية برنامج الحوسبة السيادية,قضية تعارض مصالح بين عضو لجنة وأحد الموردين المتنافسين. المرجع CASE-2023-3757 · الجهة المعنية: وحدة الالتزام التنظيمي.,,قيد التحقيق
CASE-01548,2024-03-13,مخالفة تعاقدية,تحقيق في احتيال مالي بقيمة تقديرية 23 مليون ريال,تحقيق داخلي في معاملات مالية غير مبررة وتوصيات الإحالة. المرجع CASE-2024-1350 · الجهة المعنية: مكتب حماية المبلّغين.,مكتب حماية المبلّغين,مغلق
CASE-01549,2026-03-11,مخالفة تعاقدية,بلاغ مبلّغ عن مخالفات في الشؤون القانونية,تحقيق سري في بلاغ مبلّغ مع حماية هويته وفق السياسة. المرجع CASE-2026-7920 · الجهة المعنية: الأمانة العامة.,الأمانة العامة,قيد المراجعة القانونية
CASE-01550,2020-06-03,استخدام غير مصرح للأنظمة,تحقيق في تواطؤ محتمل بين موردي قطاع الخدمات الرقمية,تحقيق في مؤشرات تنسيق أسعار بين موردين في منافسة مغلقة. المرجع CASE-2020-9399 · الجهة المعنية: وحدة الالتزام التنظيمي.,وحدة الالتزام التنظيمي,محال للجهة المختصة
CASE-01551,2025-10-17,احتيال مالي,تحقيق في احتيال مالي بقيمة تقديرية 18 مليون ريال,تحقيق داخلي في معاملات مالية غير مبررة وتوصيات الإحالة. المرجع CASE-2025-4378 · الجهة المعنية: التدقيق الداخلي.,التدقيق الداخلي,قيد المراجعة القانونية
CASE-01552,2022-10-10,مخالفة مشتريات,تحقيق في احتيال مالي بقيمة تقديرية 38 مليون ريال,تحقيق داخلي في معاملات مالية غير مبررة وتوصيات الإحالة. المرجع CASE-2022-1884 · الجهة المعنية: الموارد البشرية.,الموارد البشرية,محال للجهة المختصة
CASE-01553,2026-02-08,تسريب معلومات,قضية تعارض مصالح في ترسية برنامج المدن الذكية,قضية تعارض مصالح بين عضو لجنة وأحد الموردين المتنافسين. المرجع CASE-2026-7851 · الجهة المعنية: الأمانة العامة.,الأمانة العامة,منتهي بتوصيات
CASE-01554,2026-03-29,احتيال مالي,تحقيق في تواطؤ محتمل بين موردي قطاع البنية التحتية,تحقيق في مؤشرات تنسيق أسعار بين موردين في منافسة مغلقة. المرجع CASE-2026-3430 · الجهة المعنية: وحدة مكافحة الاحتيال.,وحدة مكافحة الاحتيال,بانتظار الرد
CASE-01555,2023-05-24,مخالفة مشتريات,ملف مراجعة خاصة رقم SR-2023-493,مراجعة خاصة بتوجيه من اللجنة مع حظر التداول حتى صدور النتيجة. المرجع CASE-2023-6573 · الجهة المعنية: التدقيق الداخلي.,التدقيق الداخلي,قيد التحقيق
CASE-01556,2020-10-10,احتيال مالي,قضية تعارض مصالح في ترسية برنامج الذكاء الاصطناعي المؤسسي,قضية تعارض مصالح بين عضو لجنة وأحد الموردين المتنافسين. المرجع CASE-2020-3931 · الجهة المعنية: مكتب حماية المبلّغين.,مكتب حماية المبلّغين,مغلق
CASE-01557,2022-04-24,إساءة استخدام صلاحيات,إعلان قناة البلاغات في أبها - 2022,إعلان رسمي عن إطلاق قناة استقبال البلاغات وآلية استخدامها. المرجع CASE-2022-8916 · الجهة المعنية: الأمانة العامة.,الأمانة العامة,بانتظار الرد
CASE-01558,2019-10-08,استخدام غير مصرح للأنظمة,مراجعة استراتيجية لمخاطر الالتزام في قطاع الأعمال المؤسسية,مراجعة استراتيجية لمخاطر التزام قد تؤدي إلى غرامات تنظيمية. المرجع CASE-2019-2858 · الجهة المعنية: الأمانة العامة.,الأمانة العامة,بانتظار الرد
CASE-01559,2019-06-01,مخالفة مشتريات,تحقيق في تسريب مسودة مذكرة تفاهم مع شريك خارجي,تسريب مسودة مذكرة تفاهم قبل توقيعها رسميًا. المرجع CASE-2019-2529 · الجهة المعنية: الشؤون القانونية.,الشؤون القانونية,قيد التحقيق
CASE-01560,2025-09-21,مخالفة تعاقدية,تحقيق في محاولة الوصول إلى سجلات تحركات القوات,محاولة موظف الوصول إلى سجلات تحركات القوات دون تصريح. المرجع CASE-2025-1473 · الجهة المعنية: الشؤون القانونية.,الشؤون القانونية,منتهي بتوصيات
CASE-01561,2024-03-02,احتيال مالي,قضية اشتباه تجسس إلكتروني على نظام الأرشفة الإلكترونية,تعاون مع جهات استخبارات وطنية بشأن نشاط تجسس مشتبه به. المرجع CASE-2024-9471 · الجهة المعنية: الموارد البشرية.,الموارد البشرية,منتهي بتوصيات
CASE-01562,2023-09-09,إساءة استخدام صلاحيات,قضية تمويل مشبوه مرتبط بشبكة خارجية,إحالة إلى الجهات الأمنية بعد رصد نمط تمويل يتصل بأنشطة استخبارات. المرجع CASE-2023-1472 · الجهة المعنية: الأمانة العامة.,الأمانة العامة,قيد المراجعة القانونية
CASE-01563,2022-03-22,بلاغ مبلّغ,تحقيق في مخالفة تعاقدية مع دولة شريكة,تحقيق في إخلال ببنود تعاقدية قد يرتب مطالبات مالية كبيرة. المرجع CASE-2022-8949 · الجهة المعنية: الموارد البشرية.,الموارد البشرية,محال للجهة المختصة
CASE-01564,2019-07-15,تعارض مصالح,بلاغ عن مخالفة في التعامل مع مواد أسلحة خاضعة للرقابة,مخالفة إجراءات مناولة أسلحة ومواد خاضعة للرقابة داخل موقع تشغيلي. المرجع CASE-2019-6494 · الجهة المعنية: الأمانة العامة.,الأمانة العامة,قيد المراجعة القانونية
CASE-01565,2019-11-13,استخدام غير مصرح للأنظمة,بلاغ مبلّغ عن مخالفات في الخدمات المساندة,تحقيق سري في بلاغ مبلّغ مع حماية هويته وفق السياسة. المرجع CASE-2019-4666 · الجهة المعنية: الشؤون القانونية.,الشؤون القانونية,قيد المراجعة القانونية
CASE-01566,2021-02-12,تعارض مصالح,تحقيق في احتيال مالي بقيمة تقديرية 40 مليون ريال,تحقيق داخلي في معاملات مالية غير مبررة وتوصيات الإحالة. المرجع CASE-2021-6399 · الجهة المعنية: وحدة الالتزام التنظيمي.,وحدة الالتزام التنظيمي,بانتظار الرد
CASE-01567,2019-09-17,احتيال مالي,قضية إساءة استخدام معلومات داخلية في قطاع التحول الرقمي,قضية استخدام معلومات غير معلنة لتحقيق منفعة شخصية. المرجع CASE-2019-6032 · الجهة المعنية: مكتب حماية المبلّغين.,مكتب حماية المبلّغين,قيد المراجعة القانونية
CASE-01568,2019-01-06,مخالفة سلوك مهني,قضية تمويل مشبوه مرتبط بشبكة خارجية,إحالة إلى الجهات الأمنية بعد رصد نمط تمويل يتصل بأنشطة استخبارات. المرجع CASE-2019-8872 · الجهة المعنية: التدقيق الداخلي.,التدقيق الداخلي,مغلق
CASE-01569,2026-02-19,مخالفة تعاقدية,قضية مساس بمتطلبات سيادة البيانات الوطنية,استضافة بيانات وطنية خارج النطاق بما يخالف متطلبات سيادة البيانات. المرجع CASE-2026-7385 · الجهة المعنية: الشؤون القانونية.,الشؤون القانونية,منتهي بتوصيات
CASE-01570,2022-09-24,مخالفة تعاقدية,تحقيق في تسريب خطط عمليات أمنية لفعالية وطنية,تسريب جدول عمليات أمنية قبل تنفيذ الفعالية الوطنية. المرجع CASE-2022-5827 · الجهة المعنية: وحدة الالتزام التنظيمي.,وحدة الالتزام التنظيمي,مغلق
CASE-01571,2025-02-14,تسريب معلومات,قضية استخدام غير مصرح لبيانات مواقع تخزين تشغيلية,استخراج قوائم مواقع تخزين تشغيلية دون تصريح. المرجع CASE-2025-5931 · الجهة المعنية: الموارد البشرية.,الموارد البشرية,قيد التحقيق
CASE-01572,2022-07-25,استخدام غير مصرح للأنظمة,قضية تعارض مصالح في ترسية برنامج المرونة التشغيلية,قضية تعارض مصالح بين عضو لجنة وأحد الموردين المتنافسين. المرجع CASE-2022-6936 · الجهة المعنية: وحدة مكافحة الاحتيال.,وحدة مكافحة الاحتيال,مغلق
CASE-01573,2020-04-09,بلاغ مبلّغ,تحقيق في تلاعب بسجلات الاعتماد في نظام التحقق الرقمي,تحقيق في تعديل غير مصرح لسجلات الاعتماد المالي. المرجع CASE-2020-3980 · الجهة المعنية: مكتب حماية المبلّغين.,مكتب حماية المبلّغين,منتهي بتوصيات
CASE-01574,2022-10-23,مخالفة مشتريات,تحقيق في احتيال مالي بقيمة تقديرية 4 مليون ريال,تحقيق داخلي في معاملات مالية غير مبررة وتوصيات الإحالة. المرجع CASE-2022-4859 · الجهة المعنية: وحدة مكافحة الاحتيال.,وحدة مكافحة الاحتيال,مغلق
CASE-01575,2024-05-13,إساءة استخدام صلاحيات,تحقيق في تلاعب بسجلات الاعتماد في مركز البيانات الاحتياطي,تحقيق في تعديل غير مصرح لسجلات الاعتماد المالي. المرجع CASE-2024-2974 · الجهة المعنية: الأمانة العامة.,الأمانة العامة,منتهي بتوصيات
CASE-01576,2025-09-11,تعارض مصالح,ملف مراجعة خاصة رقم SR-2025-529,مراجعة خاصة بتوجيه من اللجنة مع حظر التداول حتى صدور النتيجة. المرجع CASE-2025-3241 · الجهة المعنية: وحدة الالتزام التنظيمي.,وحدة الالتزام التنظيمي,قيد المراجعة القانونية
CASE-01577,2024-04-09,احتيال مالي,مذكرة داخلية بشأن ضبط الحضور في الاتصال المؤسسي,مذكرة داخلية تنظيمية حول التزام الحضور والانصراف. المرجع CASE-2024-6175 · الجهة المعنية: مكتب حماية المبلّغين.,مكتب حماية المبلّغين,قيد المراجعة القانونية
CASE-01578,2025-07-28,إساءة استخدام صلاحيات,مخالفة في التعامل مع مخرجات مورد عسكري المنشأ,استخدام مكوّن عسكري المنشأ خارج الضوابط التعاقدية المعتمدة. المرجع CASE-2025-9669 · الجهة المعنية: الموارد البشرية.,الموارد البشرية,منتهي بتوصيات
CASE-01579,2020-08-15,مخالفة سلوك مهني,ملخص مواجهة أطراف في الملف رقم MF-2020-120,محضر مواجهة يتضمن إفادات أطراف قد ترتب مسؤولية نظامية. المرجع CASE-2020-9850 · الجهة المعنية: الشؤون القانونية.,الشؤون القانونية,منتهي بتوصيات
CASE-01580,2019-11-19,بلاغ مبلّغ,ملف مراجعة خاصة رقم SR-2019-580,مراجعة خاصة بتوجيه من اللجنة مع حظر التداول حتى صدور النتيجة. المرجع CASE-2019-4983 · الجهة المعنية: الأمانة العامة.,الأمانة العامة,قيد التحقيق
CASE-01581,2025-03-19,إساءة استخدام صلاحيات,قضية تسريب الميزانية الاستراتيجية قبل الاعتماد,تسريب أرقام الميزانية الاستراتيجية إلى جهة خارجية قبل اعتمادها. المرجع CASE-2025-9408 · الجهة المعنية: الموارد البشرية.,الموارد البشرية,قيد المراجعة القانونية
CASE-01582,2020-10-23,مخالفة سلوك مهني,ملف مراجعة خاصة رقم SR-2020-739,مراجعة خاصة بتوجيه من اللجنة مع حظر التداول حتى صدور النتيجة. المرجع CASE-2020-7121 · الجهة المعنية: وحدة الالتزام التنظيمي.,,قيد المراجعة القانونية
CASE-01583,2025-10-21,مخالفة تعاقدية,ملخص مواجهة أطراف في الملف رقم MF-2025-332,محضر مواجهة يتضمن إفادات أطراف قد ترتب مسؤولية نظامية. المرجع CASE-2025-9931 · الجهة المعنية: الشؤون القانونية.,الشؤون القانونية,قيد التحقيق
CASE-01584,2026-04-06,تعارض مصالح,تحقيق في تسريب مسودة مذكرة تفاهم مع شريك خارجي,تسريب مسودة مذكرة تفاهم قبل توقيعها رسميًا. المرجع CASE-2026-9219 · الجهة المعنية: وحدة الالتزام التنظيمي.,وحدة الالتزام التنظيمي,محال للجهة المختصة
CASE-01585,2024-09-20,تعارض مصالح,بلاغ عن تسريب بيانات تخص منشأة حيوية وطنية,بلاغ داخلي عن نقل وثائق تخص منشأة حيوية إلى جهة غير مصرح لها. المرجع CASE-2024-5835 · الجهة المعنية: الموارد البشرية.,الموارد البشرية,بانتظار الرد
CASE-01586,2026-06-15,إساءة استخدام صلاحيات,شكوى بيئة عمل في المالية,شكوى موظف تتضمن بيانات شخصية وتفاصيل تواصل داخلية. المرجع CASE-2026-8909 · الجهة المعنية: وحدة مكافحة الاحتيال.,وحدة مكافحة الاحتيال,بانتظار الرد
CASE-01587,2020-10-28,مخالفة تعاقدية,تحقيق في احتيال مالي بقيمة تقديرية 10 مليون ريال,تحقيق داخلي في معاملات مالية غير مبررة وتوصيات الإحالة. المرجع CASE-2020-2032 · الجهة المعنية: وحدة مكافحة الاحتيال.,وحدة مكافحة الاحتيال,منتهي بتوصيات
CASE-01588,2020-11-16,احتيال مالي,ملف محال للجهة العليا رقم HC-2020-92,ملف محال لجهة عليا لارتباطه بمواقع ومنشآت وطنية محددة. المرجع CASE-2020-7339 · الجهة المعنية: الشؤون القانونية.,الشؤون القانونية,قيد التحقيق
CASE-01589,2025-07-26,احتيال مالي,إعلان قناة البلاغات في تبوك - 2025,إعلان رسمي عن إطلاق قناة استقبال البلاغات وآلية استخدامها. المرجع CASE-2025-3361 · الجهة المعنية: وحدة الالتزام التنظيمي.,وحدة الالتزام التنظيمي,قيد التحقيق
CASE-01590,2026-03-24,تسريب معلومات,تحقيق في تسريب مسودة مذكرة تفاهم مع شريك خارجي,تسريب مسودة مذكرة تفاهم قبل توقيعها رسميًا. المرجع CASE-2026-1334 · الجهة المعنية: الأمانة العامة.,الأمانة العامة,قيد المراجعة القانونية
CASE-01591,2019-06-23,مخالفة سلوك مهني,قضية تسريب الميزانية الاستراتيجية قبل الاعتماد,تسريب أرقام الميزانية الاستراتيجية إلى جهة خارجية قبل اعتمادها. المرجع CASE-2019-6448 · الجهة المعنية: الشؤون القانونية.,الشؤون القانونية,قيد التحقيق
CASE-01592,2022-09-09,احتيال مالي,قضية إساءة استخدام معلومات داخلية في قطاع الأعمال المؤسسية,قضية استخدام معلومات غير معلنة لتحقيق منفعة شخصية. المرجع CASE-2022-4148 · الجهة المعنية: الشؤون القانونية.,الشؤون القانونية,منتهي بتوصيات
CASE-01593,2023-03-05,تعارض مصالح,شكوى بيئة عمل في تقنية المعلومات,شكوى موظف تتضمن بيانات شخصية وتفاصيل تواصل داخلية. المرجع CASE-2023-3275 · الجهة المعنية: الموارد البشرية.,الموارد البشرية,قيد التحقيق
CASE-01594,2025-08-22,مخالفة مشتريات,قضية اشتباه تجسس إلكتروني على منصة التحليلات المؤسسية,تعاون مع جهات استخبارات وطنية بشأن نشاط تجسس مشتبه به. المرجع CASE-2025-9746 · الجهة المعنية: الموارد البشرية.,الموارد البشرية,قيد التحقيق
CASE-01595,2020-10-16,مخالفة مشتريات,قضية تعارض مصالح في ترسية برنامج التوسع الإقليمي,قضية تعارض مصالح بين عضو لجنة وأحد الموردين المتنافسين. المرجع CASE-2020-6156 · الجهة المعنية: مكتب حماية المبلّغين.,مكتب حماية المبلّغين,منتهي بتوصيات
CASE-01596,2025-09-30,مخالفة مشتريات,مذكرة داخلية بشأن ضبط الحضور في الخدمات المساندة,مذكرة داخلية تنظيمية حول التزام الحضور والانصراف. المرجع CASE-2025-2592 · الجهة المعنية: إدارة المخاطر.,إدارة المخاطر,قيد المراجعة القانونية
CASE-01597,2022-01-30,تسريب معلومات,شكوى بيئة عمل في الاتصال المؤسسي,شكوى موظف تتضمن بيانات شخصية وتفاصيل تواصل داخلية. المرجع CASE-2022-8773 · الجهة المعنية: وحدة الالتزام التنظيمي.,وحدة الالتزام التنظيمي,مغلق
CASE-01598,2019-01-23,مخالفة سلوك مهني,تحقيق في احتيال مالي بقيمة تقديرية 29 مليون ريال,تحقيق داخلي في معاملات مالية غير مبررة وتوصيات الإحالة. المرجع CASE-2019-2789 · الجهة المعنية: إدارة المخاطر.,إدارة المخاطر,بانتظار الرد
CASE-01599,2021-06-10,مخالفة مشتريات,تحقيق في تسريب مسودة مذكرة تفاهم مع شريك خارجي,تسريب مسودة مذكرة تفاهم قبل توقيعها رسميًا. المرجع CASE-2021-5081 · الجهة المعنية: إدارة المخاطر.,إدارة المخاطر,بانتظار الرد
CASE-01600,2021-11-16,مخالفة سلوك مهني,قضية تعارض مصالح في ترسية برنامج الاستحواذ التقني,قضية تعارض مصالح بين عضو لجنة وأحد الموردين المتنافسين. المرجع CASE-2021-5839 · الجهة المعنية: الأمانة العامة.,الأمانة العامة,محال للجهة المختصة
CASE-01601,2019-05-08,مخالفة مشتريات,قضية تسريب الميزانية الاستراتيجية قبل الاعتماد,تسريب أرقام الميزانية الاستراتيجية إلى جهة خارجية قبل اعتمادها. المرجع CASE-2019-8884 · الجهة المعنية: الشؤون القانونية.,الشؤون القانونية,محال للجهة المختصة
CASE-01602,2020-09-16,مخالفة مشتريات,تحقيق في مخالفة تعاقدية مع تحالف صناعي دولي,تحقيق في إخلال ببنود تعاقدية قد يرتب مطالبات مالية كبيرة. المرجع CASE-2020-7442 · الجهة المعنية: إدارة المخاطر.,إدارة المخاطر,بانتظار الرد
CASE-01603,2024-06-29,تعارض مصالح,قضية استخدام غير مصرح لبيانات مواقع تخزين تشغيلية,استخراج قوائم مواقع تخزين تشغيلية دون تصريح. المرجع CASE-2024-1979 · الجهة المعنية: إدارة المخاطر.,إدارة المخاطر,قيد التحقيق
CASE-01604,2022-01-09,إساءة استخدام صلاحيات,قضية اشتباه تجسس إلكتروني على شبكة الربط الحكومي,تعاون مع جهات استخبارات وطنية بشأن نشاط تجسس مشتبه به. المرجع CASE-2022-6040 · الجهة المعنية: الأمانة العامة.,الأمانة العامة,قيد التحقيق
CASE-01605,2024-05-23,تعارض مصالح,شكوى بيئة عمل في الخدمات المساندة,شكوى موظف تتضمن بيانات شخصية وتفاصيل تواصل داخلية. المرجع CASE-2024-3121 · الجهة المعنية: مكتب حماية المبلّغين.,مكتب حماية المبلّغين,منتهي بتوصيات
CASE-01606,2020-12-03,مخالفة مشتريات,إحصاءات البلاغات المغلقة - قطاع البنية التحتية الربع الثالث 2020,إحصاءات مجمّعة عن أعداد البلاغات دون أي تفاصيل تعريفية. المرجع CASE-2020-6579 · الجهة المعنية: وحدة مكافحة الاحتيال.,وحدة مكافحة الاحتيال,قيد التحقيق
CASE-01607,2025-03-30,استخدام غير مصرح للأنظمة,تحقيق في مخالفة تعاقدية مع دولة شريكة,تحقيق في إخلال ببنود تعاقدية قد يرتب مطالبات مالية كبيرة. المرجع CASE-2025-2531 · الجهة المعنية: مكتب حماية المبلّغين.,مكتب حماية المبلّغين,منتهي بتوصيات
CASE-01608,2025-02-25,احتيال مالي,تحقيق في محاولة الوصول إلى سجلات تحركات القوات,محاولة موظف الوصول إلى سجلات تحركات القوات دون تصريح. المرجع CASE-2025-6304 · الجهة المعنية: إدارة المخاطر.,إدارة المخاطر,محال للجهة المختصة
CASE-01609,2025-05-16,مخالفة سلوك مهني,ملخص مواجهة أطراف في الملف رقم MF-2025-683,محضر مواجهة يتضمن إفادات أطراف قد ترتب مسؤولية نظامية. المرجع CASE-2025-5492 · الجهة المعنية: الموارد البشرية.,الموارد البشرية,بانتظار الرد
CASE-01610,2021-04-30,احتيال مالي,تحقيق في تلاعب بسجلات الاعتماد في مركز البيانات الرئيسي,تحقيق في تعديل غير مصرح لسجلات الاعتماد المالي. المرجع CASE-2021-5556 · الجهة المعنية: وحدة الالتزام التنظيمي.,وحدة الالتزام التنظيمي,منتهي بتوصيات
CASE-01611,2019-02-03,بلاغ مبلّغ,اعتراض على احتساب راتب موظف في التدقيق الداخلي,طلب مراجعة احتساب راتب وبدلات لموظف واحد. المرجع CASE-2019-9239 · الجهة المعنية: وحدة الالتزام التنظيمي.,وحدة الالتزام التنظيمي,محال للجهة المختصة
CASE-01612,2024-04-12,استخدام غير مصرح للأنظمة,تحقيق في تلاعب بسجلات الاعتماد في شبكة الاتصالات الداخلية,تحقيق في تعديل غير مصرح لسجلات الاعتماد المالي. المرجع CASE-2024-5255 · الجهة المعنية: وحدة مكافحة الاحتيال.,وحدة مكافحة الاحتيال,منتهي بتوصيات
CASE-01613,2023-07-11,تسريب معلومات,طلب تصحيح بيانات هوية في سجل الموظفين,طلب تصحيح حقول هوية وبيانات تواصل في السجل. المرجع CASE-2023-4823 · الجهة المعنية: الموارد البشرية.,الموارد البشرية,بانتظار الرد
CASE-01614,2019-01-23,استخدام غير مصرح للأنظمة,بلاغ عن مخالفة في التعامل مع مواد أسلحة خاضعة للرقابة,مخالفة إجراءات مناولة أسلحة ومواد خاضعة للرقابة داخل موقع تشغيلي. المرجع CASE-2019-7253 · الجهة المعنية: إدارة المخاطر.,إدارة المخاطر,منتهي بتوصيات
CASE-01615,2022-10-11,بلاغ مبلّغ,قضية إساءة استخدام معلومات داخلية في قطاع الأعمال المؤسسية,قضية استخدام معلومات غير معلنة لتحقيق منفعة شخصية. المرجع CASE-2022-7072 · الجهة المعنية: وحدة الالتزام التنظيمي.,وحدة الالتزام التنظيمي,بانتظار الرد
CASE-01616,2025-07-12,تعارض مصالح,مراجعة استراتيجية لمخاطر الالتزام في قطاع الخدمات الرقمية,مراجعة استراتيجية لمخاطر التزام قد تؤدي إلى غرامات تنظيمية. المرجع CASE-2025-5883 · الجهة المعنية: إدارة المخاطر.,إدارة المخاطر,بانتظار الرد
CASE-01617,2020-07-17,استخدام غير مصرح للأنظمة,ملخص مواجهة أطراف في الملف رقم MF-2020-962,محضر مواجهة يتضمن إفادات أطراف قد ترتب مسؤولية نظامية. المرجع CASE-2020-5528 · الجهة المعنية: مكتب حماية المبلّغين.,مكتب حماية المبلّغين,منتهي بتوصيات
CASE-01618,2019-03-19,مخالفة مشتريات,قضية إساءة استخدام معلومات داخلية في قطاع الشراكات,قضية استخدام معلومات غير معلنة لتحقيق منفعة شخصية. المرجع CASE-2019-7841 · الجهة المعنية: وحدة الالتزام التنظيمي.,وحدة الالتزام التنظيمي,قيد المراجعة القانونية
CASE-01619,2020-11-06,استخدام غير مصرح للأنظمة,طلب تصحيح بيانات هوية في سجل الموظفين,طلب تصحيح حقول هوية وبيانات تواصل في السجل. المرجع CASE-2020-1303 · الجهة المعنية: الموارد البشرية.,الموارد البشرية,قيد التحقيق
CASE-01620,2021-05-05,احتيال مالي,قضية تسريب الميزانية الاستراتيجية قبل الاعتماد,تسريب أرقام الميزانية الاستراتيجية إلى جهة خارجية قبل اعتمادها. المرجع CASE-2021-2092 · الجهة المعنية: إدارة المخاطر.,إدارة المخاطر,قيد التحقيق
CASE-01621,2022-02-23,احتيال مالي,بلاغ مبلّغ عن مخالفات في التشغيل,تحقيق سري في بلاغ مبلّغ مع حماية هويته وفق السياسة. المرجع CASE-2022-9914 · الجهة المعنية: الشؤون القانونية.,الشؤون القانونية,قيد المراجعة القانونية
CASE-01622,2025-10-24,مخالفة سلوك مهني,قضية استخدام غير مصرح لبيانات مواقع تخزين تشغيلية,استخراج قوائم مواقع تخزين تشغيلية دون تصريح. المرجع CASE-2025-8246 · الجهة المعنية: التدقيق الداخلي.,التدقيق الداخلي,منتهي بتوصيات
CASE-01623,2019-12-21,تعارض مصالح,قضية تمويل مشبوه مرتبط بشبكة خارجية,إحالة إلى الجهات الأمنية بعد رصد نمط تمويل يتصل بأنشطة استخبارات. المرجع CASE-2019-3122 · الجهة المعنية: الموارد البشرية.,الموارد البشرية,قيد التحقيق
CASE-01624,2019-06-27,بلاغ مبلّغ,قضية إساءة استخدام معلومات داخلية في قطاع الشراكات,قضية استخدام معلومات غير معلنة لتحقيق منفعة شخصية. المرجع CASE-2019-5723 · الجهة المعنية: الموارد البشرية.,الموارد البشرية,قيد التحقيق
CASE-01625,2022-02-24,مخالفة مشتريات,تحقيق في تلاعب بسجلات الاعتماد في منصة تبادل البيانات الوطنية,تحقيق في تعديل غير مصرح لسجلات الاعتماد المالي. المرجع CASE-2022-7264 · الجهة المعنية: إدارة المخاطر.,إدارة المخاطر,قيد التحقيق
CASE-01626,2019-12-05,استخدام غير مصرح للأنظمة,تحقيق في مخالفة تعاقدية مع دولة شريكة,تحقيق في إخلال ببنود تعاقدية قد يرتب مطالبات مالية كبيرة. المرجع CASE-2019-2062 · الجهة المعنية: مكتب حماية المبلّغين.,مكتب حماية المبلّغين,محال للجهة المختصة
CASE-01627,2023-11-11,مخالفة سلوك مهني,بلاغ مبلّغ عن مخالفات في الاتصال المؤسسي,تحقيق سري في بلاغ مبلّغ مع حماية هويته وفق السياسة. المرجع CASE-2023-1624 · الجهة المعنية: إدارة المخاطر.,إدارة المخاطر,منتهي بتوصيات
CASE-01628,2019-04-14,استخدام غير مصرح للأنظمة,إعلان قناة البلاغات في أبها - 2019,إعلان رسمي عن إطلاق قناة استقبال البلاغات وآلية استخدامها. المرجع CASE-2019-3255 · الجهة المعنية: التدقيق الداخلي.,التدقيق الداخلي,منتهي بتوصيات
CASE-01629,2021-11-14,مخالفة سلوك مهني,إعلان قناة البلاغات في الخبر - 2021,إعلان رسمي عن إطلاق قناة استقبال البلاغات وآلية استخدامها. المرجع CASE-2021-6749 · الجهة المعنية: الموارد البشرية.,الموارد البشرية,قيد التحقيق
CASE-01630,2024-03-16,مخالفة مشتريات,تحقيق في تسريب خطط عمليات أمنية لفعالية وطنية,تسريب جدول عمليات أمنية قبل تنفيذ الفعالية الوطنية. المرجع CASE-2024-7315 · الجهة المعنية: التدقيق الداخلي.,التدقيق الداخلي,بانتظار الرد
CASE-01631,2020-03-10,مخالفة مشتريات,قضية استخدام غير مصرح لبيانات مواقع تخزين تشغيلية,استخراج قوائم مواقع تخزين تشغيلية دون تصريح. المرجع CASE-2020-1279 · الجهة المعنية: الأمانة العامة.,الأمانة العامة,قيد المراجعة القانونية
CASE-01632,2019-03-23,احتيال مالي,تحقيق في احتيال مالي بقيمة تقديرية 21 مليون ريال,تحقيق داخلي في معاملات مالية غير مبررة وتوصيات الإحالة. المرجع CASE-2019-2882 · الجهة المعنية: الموارد البشرية.,الموارد البشرية,مغلق
CASE-01633,2020-11-02,بلاغ مبلّغ,بلاغ عن تسريب بيانات تخص منشأة حيوية وطنية,بلاغ داخلي عن نقل وثائق تخص منشأة حيوية إلى جهة غير مصرح لها. المرجع CASE-2020-2854 · الجهة المعنية: الشؤون القانونية.,الشؤون القانونية,محال للجهة المختصة
CASE-01634,2024-11-21,احتيال مالي,بلاغ عن مخالفة في التعامل مع مواد أسلحة خاضعة للرقابة,مخالفة إجراءات مناولة أسلحة ومواد خاضعة للرقابة داخل موقع تشغيلي. المرجع CASE-2024-8698 · الجهة المعنية: الأمانة العامة.,الأمانة العامة,منتهي بتوصيات
CASE-01635,2020-03-24,مخالفة سلوك مهني,قضية استخدام غير مصرح لبيانات مواقع تخزين تشغيلية,استخراج قوائم مواقع تخزين تشغيلية دون تصريح. المرجع CASE-2020-9954 · الجهة المعنية: إدارة المخاطر.,إدارة المخاطر,قيد المراجعة القانونية
CASE-01636,2023-03-14,استخدام غير مصرح للأنظمة,تحقيق في تواطؤ محتمل بين موردي قطاع التقنية والمشاريع,تحقيق في مؤشرات تنسيق أسعار بين موردين في منافسة مغلقة. المرجع CASE-2023-9635 · الجهة المعنية: التدقيق الداخلي.,التدقيق الداخلي,منتهي بتوصيات
CASE-01637,2026-03-14,مخالفة مشتريات,تحقيق في تواطؤ محتمل بين موردي قطاع البنية التحتية,تحقيق في مؤشرات تنسيق أسعار بين موردين في منافسة مغلقة. المرجع CASE-2026-8171 · الجهة المعنية: الأمانة العامة.,الأمانة العامة,منتهي بتوصيات
CASE-01638,2021-05-13,مخالفة سلوك مهني,تحقيق في تلاعب بسجلات الاعتماد في نظام إدارة الهوية المركزي,تحقيق في تعديل غير مصرح لسجلات الاعتماد المالي. المرجع CASE-2021-3759 · الجهة المعنية: الموارد البشرية.,الموارد البشرية,محال للجهة المختصة
CASE-01639,2025-02-19,تسريب معلومات,ملخص مواجهة أطراف في الملف رقم MF-2025-230,محضر مواجهة يتضمن إفادات أطراف قد ترتب مسؤولية نظامية. المرجع CASE-2025-9242 · الجهة المعنية: مكتب حماية المبلّغين.,مكتب حماية المبلّغين,مغلق
CASE-01640,2019-09-01,بلاغ مبلّغ,ملخص مواجهة أطراف في الملف رقم MF-2019-131,محضر مواجهة يتضمن إفادات أطراف قد ترتب مسؤولية نظامية. المرجع CASE-2019-5359 · الجهة المعنية: وحدة مكافحة الاحتيال.,وحدة مكافحة الاحتيال,قيد التحقيق
CASE-01641,2019-10-31,احتيال مالي,تحقيق في تلاعب بسجلات الاعتماد في بوابة المدفوعات الوطنية,تحقيق في تعديل غير مصرح لسجلات الاعتماد المالي. المرجع CASE-2019-6701 · الجهة المعنية: إدارة المخاطر.,إدارة المخاطر,قيد المراجعة القانونية
CASE-01642,2022-01-26,تعارض مصالح,قضية تعارض مصالح في ترسية برنامج المدن الذكية,قضية تعارض مصالح بين عضو لجنة وأحد الموردين المتنافسين. المرجع CASE-2022-2829 · الجهة المعنية: الموارد البشرية.,الموارد البشرية,بانتظار الرد
CASE-01643,2025-10-13,إساءة استخدام صلاحيات,تحقيق في تسريب مسودة مذكرة تفاهم مع شريك خارجي,تسريب مسودة مذكرة تفاهم قبل توقيعها رسميًا. المرجع CASE-2025-1908 · الجهة المعنية: الموارد البشرية.,الموارد البشرية,بانتظار الرد
CASE-01644,2019-10-21,تعارض مصالح,مخالفة خصوصية في تداول ملفات المنسوبين,تداول ملفات موظفين دون مراعاة ضوابط خصوصية البيانات. المرجع CASE-2019-2507 · الجهة المعنية: مكتب حماية المبلّغين.,مكتب حماية المبلّغين,بانتظار الرد
CASE-01645,2024-05-16,إساءة استخدام صلاحيات,تحقيق في تواطؤ محتمل بين موردي قطاع التقنية والمشاريع,تحقيق في مؤشرات تنسيق أسعار بين موردين في منافسة مغلقة. المرجع CASE-2024-5649 · الجهة المعنية: وحدة مكافحة الاحتيال.,وحدة مكافحة الاحتيال,مغلق
CASE-01646,2019-11-10,احتيال مالي,قضية تسريب الميزانية الاستراتيجية قبل الاعتماد,تسريب أرقام الميزانية الاستراتيجية إلى جهة خارجية قبل اعتمادها. المرجع CASE-2019-2032 · الجهة المعنية: وحدة مكافحة الاحتيال.,,قيد التحقيق
CASE-01647,2019-09-24,احتيال مالي,ملف مراجعة خاصة رقم SR-2019-964,مراجعة خاصة بتوجيه من اللجنة مع حظر التداول حتى صدور النتيجة. المرجع CASE-2019-9494 · الجهة المعنية: وحدة مكافحة الاحتيال.,وحدة مكافحة الاحتيال,قيد المراجعة القانونية
CASE-01648,2024-11-12,مخالفة سلوك مهني,ملف محال للجهة العليا رقم HC-2024-29,ملف محال لجهة عليا لارتباطه بمواقع ومنشآت وطنية محددة. المرجع CASE-2024-3183 · الجهة المعنية: وحدة مكافحة الاحتيال.,وحدة مكافحة الاحتيال,قيد المراجعة القانونية
CASE-01649,2019-12-29,تعارض مصالح,تحقيق في احتيال مالي بقيمة تقديرية 12 مليون ريال,تحقيق داخلي في معاملات مالية غير مبررة وتوصيات الإحالة. المرجع CASE-2019-3419 · الجهة المعنية: الشؤون القانونية.,الشؤون القانونية,قيد التحقيق
CASE-01650,2026-06-14,احتيال مالي,بلاغ عن تسريب بيانات تخص منشأة حيوية وطنية,بلاغ داخلي عن نقل وثائق تخص منشأة حيوية إلى جهة غير مصرح لها. المرجع CASE-2026-8762 · الجهة المعنية: وحدة الالتزام التنظيمي.,وحدة الالتزام التنظيمي,قيد التحقيق
CASE-01651,2024-05-27,تسريب معلومات,ملف مراجعة خاصة رقم SR-2024-671,مراجعة خاصة بتوجيه من اللجنة مع حظر التداول حتى صدور النتيجة. المرجع CASE-2024-6484 · الجهة المعنية: الأمانة العامة.,الأمانة العامة,قيد المراجعة القانونية
CASE-01652,2024-11-21,إساءة استخدام صلاحيات,قضية مساس بمتطلبات سيادة البيانات الوطنية,استضافة بيانات وطنية خارج النطاق بما يخالف متطلبات سيادة البيانات. المرجع CASE-2024-2494 · الجهة المعنية: الشؤون القانونية.,الشؤون القانونية,منتهي بتوصيات
CASE-01653,2022-09-29,إساءة استخدام صلاحيات,تحقيق في تواطؤ محتمل بين موردي قطاع الشراكات,تحقيق في مؤشرات تنسيق أسعار بين موردين في منافسة مغلقة. المرجع CASE-2022-7372 · الجهة المعنية: إدارة المخاطر.,إدارة المخاطر,مغلق
CASE-01654,2025-09-21,مخالفة مشتريات,مراجعة استراتيجية لمخاطر الالتزام في قطاع الخدمات الرقمية,مراجعة استراتيجية لمخاطر التزام قد تؤدي إلى غرامات تنظيمية. المرجع CASE-2025-7821 · الجهة المعنية: وحدة الالتزام التنظيمي.,وحدة الالتزام التنظيمي,محال للجهة المختصة
CASE-01655,2023-11-11,بلاغ مبلّغ,ملخص مواجهة أطراف في الملف رقم MF-2023-892,محضر مواجهة يتضمن إفادات أطراف قد ترتب مسؤولية نظامية. المرجع CASE-2023-4717 · الجهة المعنية: التدقيق الداخلي.,التدقيق الداخلي,محال للجهة المختصة
CASE-01656,2026-05-26,بلاغ مبلّغ,إعلان قناة البلاغات في الطائف - 2026,إعلان رسمي عن إطلاق قناة استقبال البلاغات وآلية استخدامها. المرجع CASE-2026-1338 · الجهة المعنية: إدارة المخاطر.,إدارة المخاطر,قيد المراجعة القانونية
CASE-01657,2024-10-17,مخالفة سلوك مهني,مذكرة داخلية بشأن ضبط الحضور في التدقيق الداخلي,مذكرة داخلية تنظيمية حول التزام الحضور والانصراف. المرجع CASE-2024-5178 · الجهة المعنية: مكتب حماية المبلّغين.,مكتب حماية المبلّغين,قيد المراجعة القانونية
CASE-01658,2022-10-04,مخالفة تعاقدية,ملخص مواجهة أطراف في الملف رقم MF-2022-636,محضر مواجهة يتضمن إفادات أطراف قد ترتب مسؤولية نظامية. المرجع CASE-2022-8846 · الجهة المعنية: الشؤون القانونية.,الشؤون القانونية,قيد المراجعة القانونية
CASE-01659,2019-07-15,مخالفة تعاقدية,تحقيق في محاولة الوصول إلى سجلات تحركات القوات,محاولة موظف الوصول إلى سجلات تحركات القوات دون تصريح. المرجع CASE-2019-7274 · الجهة المعنية: وحدة الالتزام التنظيمي.,وحدة الالتزام التنظيمي,مغلق
CASE-01660,2021-01-18,استخدام غير مصرح للأنظمة,تحقيق في تواطؤ محتمل بين موردي قطاع الأعمال المؤسسية,تحقيق في مؤشرات تنسيق أسعار بين موردين في منافسة مغلقة. المرجع CASE-2021-7957 · الجهة المعنية: الشؤون القانونية.,الشؤون القانونية,مغلق
CASE-01661,2022-09-20,إساءة استخدام صلاحيات,ملخص مواجهة أطراف في الملف رقم MF-2022-965,محضر مواجهة يتضمن إفادات أطراف قد ترتب مسؤولية نظامية. المرجع CASE-2022-2224 · الجهة المعنية: وحدة مكافحة الاحتيال.,,قيد المراجعة القانونية
CASE-01662,2022-01-16,تعارض مصالح,تحقيق في تلاعب بسجلات الاعتماد في مركز البيانات الاحتياطي,تحقيق في تعديل غير مصرح لسجلات الاعتماد المالي. المرجع CASE-2022-8220 · الجهة المعنية: وحدة مكافحة الاحتيال.,وحدة مكافحة الاحتيال,منتهي بتوصيات
CASE-01663,2023-11-20,بلاغ مبلّغ,قضية اشتباه تجسس إلكتروني على بوابة الموردين الإلكترونية,تعاون مع جهات استخبارات وطنية بشأن نشاط تجسس مشتبه به. المرجع CASE-2023-1708 · الجهة المعنية: الموارد البشرية.,الموارد البشرية,منتهي بتوصيات
CASE-01664,2025-12-03,مخالفة مشتريات,تحقيق في مخالفة تعاقدية مع صندوق استثماري دولي,تحقيق في إخلال ببنود تعاقدية قد يرتب مطالبات مالية كبيرة. المرجع CASE-2025-8373 · الجهة المعنية: إدارة المخاطر.,إدارة المخاطر,محال للجهة المختصة
CASE-01665,2025-11-19,مخالفة سلوك مهني,بلاغ عن مخالفة في التعامل مع مواد أسلحة خاضعة للرقابة,مخالفة إجراءات مناولة أسلحة ومواد خاضعة للرقابة داخل موقع تشغيلي. المرجع CASE-2025-8411 · الجهة المعنية: الموارد البشرية.,الموارد البشرية,منتهي بتوصيات
CASE-01666,2021-09-10,تعارض مصالح,تحقيق في مخالفة تعاقدية مع تحالف صناعي دولي,تحقيق في إخلال ببنود تعاقدية قد يرتب مطالبات مالية كبيرة. المرجع CASE-2021-9816 · الجهة المعنية: الشؤون القانونية.,الشؤون القانونية,قيد التحقيق
CASE-01667,2020-07-10,احتيال مالي,مذكرة داخلية بشأن ضبط الحضور في الموارد البشرية,مذكرة داخلية تنظيمية حول التزام الحضور والانصراف. المرجع CASE-2020-5883 · الجهة المعنية: الشؤون القانونية.,الشؤون القانونية,بانتظار الرد
CASE-01668,2024-09-29,إساءة استخدام صلاحيات,إحصاءات البلاغات المغلقة - قطاع العمليات الربع الثاني 2024,إحصاءات مجمّعة عن أعداد البلاغات دون أي تفاصيل تعريفية. المرجع CASE-2024-7027 · الجهة المعنية: الموارد البشرية.,الموارد البشرية,قيد المراجعة القانونية
CASE-01669,2024-01-04,إساءة استخدام صلاحيات,قضية تسريب الميزانية الاستراتيجية قبل الاعتماد,تسريب أرقام الميزانية الاستراتيجية إلى جهة خارجية قبل اعتمادها. المرجع CASE-2024-6008 · الجهة المعنية: مكتب حماية المبلّغين.,,مغلق
CASE-01670,2021-03-02,تسريب معلومات,تحقيق في تواطؤ محتمل بين موردي قطاع التقنية والمشاريع,تحقيق في مؤشرات تنسيق أسعار بين موردين في منافسة مغلقة. المرجع CASE-2021-7602 · الجهة المعنية: التدقيق الداخلي.,التدقيق الداخلي,منتهي بتوصيات
CASE-01671,2023-01-11,مخالفة تعاقدية,قضية إساءة استخدام معلومات داخلية في قطاع البنية التحتية,قضية استخدام معلومات غير معلنة لتحقيق منفعة شخصية. المرجع CASE-2023-1542 · الجهة المعنية: إدارة المخاطر.,إدارة المخاطر,منتهي بتوصيات
CASE-01672,2024-06-20,مخالفة تعاقدية,ملف مراجعة خاصة رقم SR-2024-848,مراجعة خاصة بتوجيه من اللجنة مع حظر التداول حتى صدور النتيجة. المرجع CASE-2024-7520 · الجهة المعنية: الشؤون القانونية.,الشؤون القانونية,مغلق
CASE-01673,2019-10-28,بلاغ مبلّغ,تحقيق في تسريب مسودة مذكرة تفاهم مع شريك خارجي,تسريب مسودة مذكرة تفاهم قبل توقيعها رسميًا. المرجع CASE-2019-6952 · الجهة المعنية: وحدة مكافحة الاحتيال.,وحدة مكافحة الاحتيال,محال للجهة المختصة
CASE-01674,2020-04-07,احتيال مالي,ملف مراجعة خاصة رقم SR-2020-232,مراجعة خاصة بتوجيه من اللجنة مع حظر التداول حتى صدور النتيجة. المرجع CASE-2020-6476 · الجهة المعنية: مكتب حماية المبلّغين.,مكتب حماية المبلّغين,قيد التحقيق
CASE-01675,2023-10-22,تعارض مصالح,ملخص مواجهة أطراف في الملف رقم MF-2023-648,محضر مواجهة يتضمن إفادات أطراف قد ترتب مسؤولية نظامية. المرجع CASE-2023-4541 · الجهة المعنية: مكتب حماية المبلّغين.,مكتب حماية المبلّغين,محال للجهة المختصة
CASE-01676,2021-11-26,تسريب معلومات,تحقيق في مخالفة تعاقدية مع جهة سيادية شريكة,تحقيق في إخلال ببنود تعاقدية قد يرتب مطالبات مالية كبيرة. المرجع CASE-2021-3936 · الجهة المعنية: مكتب حماية المبلّغين.,مكتب حماية المبلّغين,قيد المراجعة القانونية
CASE-01677,2025-12-23,مخالفة مشتريات,طلب إجازة طبي ممتدة - الموارد البشرية,ملف طبي داعم لطلب إجازة ممتدة لأحد المنسوبين. المرجع CASE-2025-1895 · الجهة المعنية: الأمانة العامة.,الأمانة العامة,قيد التحقيق
CASE-01678,2019-04-11,استخدام غير مصرح للأنظمة,ملف محال للجهة العليا رقم HC-2019-78,ملف محال لجهة عليا لارتباطه بمواقع ومنشآت وطنية محددة. المرجع CASE-2019-4121 · الجهة المعنية: التدقيق الداخلي.,التدقيق الداخلي,بانتظار الرد
CASE-01679,2025-03-12,إساءة استخدام صلاحيات,تحقيق في مخالفة تعاقدية مع منظمة إقليمية,تحقيق في إخلال ببنود تعاقدية قد يرتب مطالبات مالية كبيرة. المرجع CASE-2025-6201 · الجهة المعنية: الشؤون القانونية.,,مغلق
CASE-01680,2023-01-08,إساءة استخدام صلاحيات,قضية اشتباه تجسس إلكتروني على مركز البيانات الاحتياطي,تعاون مع جهات استخبارات وطنية بشأن نشاط تجسس مشتبه به. المرجع CASE-2023-5710 · الجهة المعنية: وحدة الالتزام التنظيمي.,وحدة الالتزام التنظيمي,بانتظار الرد
CASE-01681,2023-05-12,مخالفة مشتريات,قضية تسريب الميزانية الاستراتيجية قبل الاعتماد,تسريب أرقام الميزانية الاستراتيجية إلى جهة خارجية قبل اعتمادها. المرجع CASE-2023-1107 · الجهة المعنية: وحدة الالتزام التنظيمي.,وحدة الالتزام التنظيمي,مغلق
CASE-01682,2021-03-09,بلاغ مبلّغ,تحقيق في احتيال مالي بقيمة تقديرية 3 مليون ريال,تحقيق داخلي في معاملات مالية غير مبررة وتوصيات الإحالة. المرجع CASE-2021-6195 · الجهة المعنية: الشؤون القانونية.,الشؤون القانونية,منتهي بتوصيات
CASE-01683,2023-10-10,مخالفة سلوك مهني,تحقيق في مخالفة تعاقدية مع شريك تقني عالمي,تحقيق في إخلال ببنود تعاقدية قد يرتب مطالبات مالية كبيرة. المرجع CASE-2023-7833 · الجهة المعنية: مكتب حماية المبلّغين.,مكتب حماية المبلّغين,محال للجهة المختصة
CASE-01684,2022-03-22,مخالفة مشتريات,تحقيق في تلاعب بسجلات الاعتماد في بوابة المدفوعات الوطنية,تحقيق في تعديل غير مصرح لسجلات الاعتماد المالي. المرجع CASE-2022-5452 · الجهة المعنية: مكتب حماية المبلّغين.,مكتب حماية المبلّغين,مغلق
CASE-01685,2019-07-12,احتيال مالي,قضية تمويل مشبوه مرتبط بشبكة خارجية,إحالة إلى الجهات الأمنية بعد رصد نمط تمويل يتصل بأنشطة استخبارات. المرجع CASE-2019-2689 · الجهة المعنية: وحدة مكافحة الاحتيال.,وحدة مكافحة الاحتيال,مغلق
CASE-01686,2021-08-06,إساءة استخدام صلاحيات,قضية تسريب الميزانية الاستراتيجية قبل الاعتماد,تسريب أرقام الميزانية الاستراتيجية إلى جهة خارجية قبل اعتمادها. المرجع CASE-2021-5394 · الجهة المعنية: الأمانة العامة.,الأمانة العامة,منتهي بتوصيات
CASE-01687,2023-10-24,مخالفة مشتريات,مراجعة استراتيجية لمخاطر الالتزام في قطاع التحول الرقمي,مراجعة استراتيجية لمخاطر التزام قد تؤدي إلى غرامات تنظيمية. المرجع CASE-2023-6754 · الجهة المعنية: الموارد البشرية.,الموارد البشرية,مغلق
CASE-01688,2020-03-29,احتيال مالي,ملف محال للجهة العليا رقم HC-2020-65,ملف محال لجهة عليا لارتباطه بمواقع ومنشآت وطنية محددة. المرجع CASE-2020-9202 · الجهة المعنية: مكتب حماية المبلّغين.,مكتب حماية المبلّغين,مغلق
CASE-01689,2022-01-26,مخالفة سلوك مهني,شكوى بيئة عمل في الشؤون القانونية,شكوى موظف تتضمن بيانات شخصية وتفاصيل تواصل داخلية. المرجع CASE-2022-7104 · الجهة المعنية: مكتب حماية المبلّغين.,مكتب حماية المبلّغين,مغلق
CASE-01690,2022-01-30,بلاغ مبلّغ,مخالفة في التعامل مع مخرجات مورد عسكري المنشأ,استخدام مكوّن عسكري المنشأ خارج الضوابط التعاقدية المعتمدة. المرجع CASE-2022-5863 · الجهة المعنية: إدارة المخاطر.,إدارة المخاطر,منتهي بتوصيات
CASE-01691,2020-03-01,مخالفة سلوك مهني,تحقيق في مخالفة تعاقدية مع تحالف صناعي دولي,تحقيق في إخلال ببنود تعاقدية قد يرتب مطالبات مالية كبيرة. المرجع CASE-2020-6569 · الجهة المعنية: الشؤون القانونية.,الشؤون القانونية,قيد المراجعة القانونية
CASE-01692,2024-10-12,إساءة استخدام صلاحيات,بلاغ عن مخالفة في التعامل مع مواد أسلحة خاضعة للرقابة,مخالفة إجراءات مناولة أسلحة ومواد خاضعة للرقابة داخل موقع تشغيلي. المرجع CASE-2024-9855 · الجهة المعنية: وحدة مكافحة الاحتيال.,وحدة مكافحة الاحتيال,محال للجهة المختصة
CASE-01693,2020-01-18,بلاغ مبلّغ,منشور سياسة السلوك المهني - الخدمات المساندة 2020,منشور عام يوضح مبادئ السلوك المهني المعتمدة. المرجع CASE-2020-2580 · الجهة المعنية: الموارد البشرية.,الموارد البشرية,مغلق
CASE-01694,2021-02-17,مخالفة تعاقدية,تحقيق في تلاعب بسجلات الاعتماد في منصة المراسلات الرسمية,تحقيق في تعديل غير مصرح لسجلات الاعتماد المالي. المرجع CASE-2021-3796 · الجهة المعنية: مكتب حماية المبلّغين.,مكتب حماية المبلّغين,منتهي بتوصيات
CASE-01695,2025-07-20,مخالفة سلوك مهني,تحقيق في احتيال مالي بقيمة تقديرية 30 مليون ريال,تحقيق داخلي في معاملات مالية غير مبررة وتوصيات الإحالة. المرجع CASE-2025-8776 · الجهة المعنية: وحدة مكافحة الاحتيال.,وحدة مكافحة الاحتيال,قيد التحقيق
CASE-01696,2025-05-23,تسريب معلومات,ملف مراجعة خاصة رقم SR-2025-553,مراجعة خاصة بتوجيه من اللجنة مع حظر التداول حتى صدور النتيجة. المرجع CASE-2025-6284 · الجهة المعنية: مكتب حماية المبلّغين.,مكتب حماية المبلّغين,قيد المراجعة القانونية
CASE-01697,2022-07-30,إساءة استخدام صلاحيات,قضية استخدام غير مصرح لبيانات مواقع تخزين تشغيلية,استخراج قوائم مواقع تخزين تشغيلية دون تصريح. المرجع CASE-2022-1643 · الجهة المعنية: وحدة مكافحة الاحتيال.,وحدة مكافحة الاحتيال,قيد التحقيق
CASE-01698,2019-10-04,تعارض مصالح,تحقيق في تلاعب بسجلات الاعتماد في نظام إدارة العقود,تحقيق في تعديل غير مصرح لسجلات الاعتماد المالي. المرجع CASE-2019-7611 · الجهة المعنية: الموارد البشرية.,الموارد البشرية,بانتظار الرد
CASE-01699,2024-04-28,استخدام غير مصرح للأنظمة,تحقيق في تلاعب بسجلات الاعتماد في نظام إدارة العقود,تحقيق في تعديل غير مصرح لسجلات الاعتماد المالي. المرجع CASE-2024-9077 · الجهة المعنية: التدقيق الداخلي.,التدقيق الداخلي,قيد التحقيق
CASE-01700,2024-02-09,تعارض مصالح,بلاغ مبلّغ عن مخالفات في التخطيط والتطوير,تحقيق سري في بلاغ مبلّغ مع حماية هويته وفق السياسة. المرجع CASE-2024-6910 · الجهة المعنية: وحدة الالتزام التنظيمي.,وحدة الالتزام التنظيمي,قيد التحقيق
CASE-01701,2024-12-22,تعارض مصالح,تحقيق في احتيال مالي بقيمة تقديرية 15 مليون ريال,تحقيق داخلي في معاملات مالية غير مبررة وتوصيات الإحالة. المرجع CASE-2024-6567 · الجهة المعنية: مكتب حماية المبلّغين.,مكتب حماية المبلّغين,بانتظار الرد
CASE-01702,2024-12-05,مخالفة سلوك مهني,تحقيق في مخالفة تعاقدية مع دولة شريكة,تحقيق في إخلال ببنود تعاقدية قد يرتب مطالبات مالية كبيرة. المرجع CASE-2024-1362 · الجهة المعنية: وحدة الالتزام التنظيمي.,وحدة الالتزام التنظيمي,قيد التحقيق
CASE-01703,2020-11-02,مخالفة سلوك مهني,قضية تسريب الميزانية الاستراتيجية قبل الاعتماد,تسريب أرقام الميزانية الاستراتيجية إلى جهة خارجية قبل اعتمادها. المرجع CASE-2020-9866 · الجهة المعنية: الشؤون القانونية.,الشؤون القانونية,بانتظار الرد
CASE-01704,2025-12-23,مخالفة سلوك مهني,قضية إساءة استخدام معلومات داخلية في قطاع الشراكات,قضية استخدام معلومات غير معلنة لتحقيق منفعة شخصية. المرجع CASE-2025-6590 · الجهة المعنية: إدارة المخاطر.,إدارة المخاطر,مغلق
CASE-01705,2023-04-29,مخالفة سلوك مهني,تحقيق في مخالفة تعاقدية مع صندوق استثماري دولي,تحقيق في إخلال ببنود تعاقدية قد يرتب مطالبات مالية كبيرة. المرجع CASE-2023-4132 · الجهة المعنية: الموارد البشرية.,الموارد البشرية,قيد المراجعة القانونية
CASE-01706,2019-12-13,مخالفة مشتريات,تحقيق في مخالفة تعاقدية مع جهة سيادية شريكة,تحقيق في إخلال ببنود تعاقدية قد يرتب مطالبات مالية كبيرة. المرجع CASE-2019-4271 · الجهة المعنية: التدقيق الداخلي.,,بانتظار الرد
CASE-01707,2024-01-10,مخالفة مشتريات,مذكرة داخلية بشأن ضبط الحضور في التدقيق الداخلي,مذكرة داخلية تنظيمية حول التزام الحضور والانصراف. المرجع CASE-2024-5098 · الجهة المعنية: مكتب حماية المبلّغين.,مكتب حماية المبلّغين,قيد المراجعة القانونية
CASE-01708,2026-06-09,تسريب معلومات,تحقيق في مخالفة تعاقدية مع دولة شريكة,تحقيق في إخلال ببنود تعاقدية قد يرتب مطالبات مالية كبيرة. المرجع CASE-2026-6573 · الجهة المعنية: مكتب حماية المبلّغين.,مكتب حماية المبلّغين,بانتظار الرد
CASE-01709,2023-12-11,تعارض مصالح,قضية اشتباه تجسس إلكتروني على منصة تبادل البيانات الوطنية,تعاون مع جهات استخبارات وطنية بشأن نشاط تجسس مشتبه به. المرجع CASE-2023-3758 · الجهة المعنية: وحدة الالتزام التنظيمي.,وحدة الالتزام التنظيمي,بانتظار الرد
CASE-01710,2026-03-19,احتيال مالي,مراجعة استراتيجية لمخاطر الالتزام في قطاع العمليات,مراجعة استراتيجية لمخاطر التزام قد تؤدي إلى غرامات تنظيمية. المرجع CASE-2026-9277 · الجهة المعنية: وحدة مكافحة الاحتيال.,وحدة مكافحة الاحتيال,قيد التحقيق
CASE-01711,2025-05-23,مخالفة مشتريات,ملخص مواجهة أطراف في الملف رقم MF-2025-440,محضر مواجهة يتضمن إفادات أطراف قد ترتب مسؤولية نظامية. المرجع CASE-2025-7343 · الجهة المعنية: الموارد البشرية.,الموارد البشرية,منتهي بتوصيات
CASE-01712,2025-09-28,استخدام غير مصرح للأنظمة,قضية تمويل مشبوه مرتبط بشبكة خارجية,إحالة إلى الجهات الأمنية بعد رصد نمط تمويل يتصل بأنشطة استخبارات. المرجع CASE-2025-8727 · الجهة المعنية: وحدة الالتزام التنظيمي.,وحدة الالتزام التنظيمي,منتهي بتوصيات
CASE-01713,2024-11-06,استخدام غير مصرح للأنظمة,مراجعة استراتيجية لمخاطر الالتزام في قطاع التقنية والمشاريع,مراجعة استراتيجية لمخاطر التزام قد تؤدي إلى غرامات تنظيمية. المرجع CASE-2024-4411 · الجهة المعنية: وحدة مكافحة الاحتيال.,وحدة مكافحة الاحتيال,محال للجهة المختصة
CASE-01714,2023-11-10,احتيال مالي,طلب تصحيح بيانات هوية في سجل الموظفين,طلب تصحيح حقول هوية وبيانات تواصل في السجل. المرجع CASE-2023-3396 · الجهة المعنية: الشؤون القانونية.,الشؤون القانونية,مغلق
CASE-01715,2023-11-19,إساءة استخدام صلاحيات,ملخص مواجهة أطراف في الملف رقم MF-2023-445,محضر مواجهة يتضمن إفادات أطراف قد ترتب مسؤولية نظامية. المرجع CASE-2023-4289 · الجهة المعنية: التدقيق الداخلي.,التدقيق الداخلي,قيد المراجعة القانونية
CASE-01716,2021-10-01,مخالفة تعاقدية,قضية إساءة استخدام معلومات داخلية في قطاع البنية التحتية,قضية استخدام معلومات غير معلنة لتحقيق منفعة شخصية. المرجع CASE-2021-5299 · الجهة المعنية: الموارد البشرية.,الموارد البشرية,قيد التحقيق
CASE-01717,2024-05-26,تعارض مصالح,تحقيق في تلاعب بسجلات الاعتماد في منصة الخدمات الحكومية الموحدة,تحقيق في تعديل غير مصرح لسجلات الاعتماد المالي. المرجع CASE-2024-8975 · الجهة المعنية: التدقيق الداخلي.,التدقيق الداخلي,بانتظار الرد
CASE-01718,2022-01-22,تعارض مصالح,قضية إساءة استخدام معلومات داخلية في قطاع التحول الرقمي,قضية استخدام معلومات غير معلنة لتحقيق منفعة شخصية. المرجع CASE-2022-3642 · الجهة المعنية: الشؤون القانونية.,الشؤون القانونية,منتهي بتوصيات
CASE-01719,2023-05-14,مخالفة تعاقدية,تحقيق في تواطؤ محتمل بين موردي قطاع الشراكات,تحقيق في مؤشرات تنسيق أسعار بين موردين في منافسة مغلقة. المرجع CASE-2023-2621 · الجهة المعنية: الموارد البشرية.,الموارد البشرية,قيد التحقيق
CASE-01720,2021-05-02,تعارض مصالح,تحقيق في تسريب خطط عمليات أمنية لفعالية وطنية,تسريب جدول عمليات أمنية قبل تنفيذ الفعالية الوطنية. المرجع CASE-2021-6019 · الجهة المعنية: الموارد البشرية.,الموارد البشرية,بانتظار الرد
CASE-01721,2025-05-17,إساءة استخدام صلاحيات,قضية استخدام غير مصرح لبيانات مواقع تخزين تشغيلية,استخراج قوائم مواقع تخزين تشغيلية دون تصريح. المرجع CASE-2025-2486 · الجهة المعنية: الموارد البشرية.,الموارد البشرية,مغلق
CASE-01722,2021-02-17,إساءة استخدام صلاحيات,بلاغ عن تسريب بيانات تخص منشأة حيوية وطنية,بلاغ داخلي عن نقل وثائق تخص منشأة حيوية إلى جهة غير مصرح لها. المرجع CASE-2021-1353 · الجهة المعنية: الشؤون القانونية.,الشؤون القانونية,بانتظار الرد
CASE-01723,2021-06-16,مخالفة تعاقدية,مراجعة استراتيجية لمخاطر الالتزام في قطاع التحول الرقمي,مراجعة استراتيجية لمخاطر التزام قد تؤدي إلى غرامات تنظيمية. المرجع CASE-2021-3525 · الجهة المعنية: وحدة الالتزام التنظيمي.,وحدة الالتزام التنظيمي,بانتظار الرد
CASE-01724,2026-02-18,تسريب معلومات,تحقيق في مخالفة تعاقدية مع دولة شريكة,تحقيق في إخلال ببنود تعاقدية قد يرتب مطالبات مالية كبيرة. المرجع CASE-2026-8093 · الجهة المعنية: الأمانة العامة.,الأمانة العامة,مغلق
CASE-01725,2023-11-29,احتيال مالي,مراجعة استراتيجية لمخاطر الالتزام في قطاع الشراكات,مراجعة استراتيجية لمخاطر التزام قد تؤدي إلى غرامات تنظيمية. المرجع CASE-2023-2264 · الجهة المعنية: الشؤون القانونية.,الشؤون القانونية,منتهي بتوصيات
CASE-01726,2021-09-24,بلاغ مبلّغ,مراجعة استراتيجية لمخاطر الالتزام في قطاع الشراكات,مراجعة استراتيجية لمخاطر التزام قد تؤدي إلى غرامات تنظيمية. المرجع CASE-2021-3571 · الجهة المعنية: الأمانة العامة.,الأمانة العامة,قيد التحقيق
CASE-01727,2020-02-24,مخالفة تعاقدية,قضية تسريب الميزانية الاستراتيجية قبل الاعتماد,تسريب أرقام الميزانية الاستراتيجية إلى جهة خارجية قبل اعتمادها. المرجع CASE-2020-6798 · الجهة المعنية: الموارد البشرية.,الموارد البشرية,قيد التحقيق
CASE-01728,2020-09-09,مخالفة سلوك مهني,ملف مراجعة خاصة رقم SR-2020-523,مراجعة خاصة بتوجيه من اللجنة مع حظر التداول حتى صدور النتيجة. المرجع CASE-2020-5045 · الجهة المعنية: التدقيق الداخلي.,التدقيق الداخلي,منتهي بتوصيات
CASE-01729,2020-10-15,مخالفة تعاقدية,ملف مراجعة خاصة رقم SR-2020-115,مراجعة خاصة بتوجيه من اللجنة مع حظر التداول حتى صدور النتيجة. المرجع CASE-2020-8201 · الجهة المعنية: الموارد البشرية.,الموارد البشرية,محال للجهة المختصة
CASE-01730,2019-04-01,مخالفة مشتريات,قضية إساءة استخدام معلومات داخلية في قطاع البنية التحتية,قضية استخدام معلومات غير معلنة لتحقيق منفعة شخصية. المرجع CASE-2019-4604 · الجهة المعنية: التدقيق الداخلي.,التدقيق الداخلي,قيد المراجعة القانونية
CASE-01731,2023-06-24,تعارض مصالح,طلب إجازة طبي ممتدة - الخدمات المساندة,ملف طبي داعم لطلب إجازة ممتدة لأحد المنسوبين. المرجع CASE-2023-3437 · الجهة المعنية: مكتب حماية المبلّغين.,مكتب حماية المبلّغين,بانتظار الرد
CASE-01732,2026-01-19,تسريب معلومات,ملف مراجعة خاصة رقم SR-2026-607,مراجعة خاصة بتوجيه من اللجنة مع حظر التداول حتى صدور النتيجة. المرجع CASE-2026-1725 · الجهة المعنية: التدقيق الداخلي.,التدقيق الداخلي,قيد المراجعة القانونية
CASE-01733,2026-01-01,مخالفة سلوك مهني,تحقيق في تواطؤ محتمل بين موردي قطاع العمليات,تحقيق في مؤشرات تنسيق أسعار بين موردين في منافسة مغلقة. المرجع CASE-2026-3063 · الجهة المعنية: الشؤون القانونية.,الشؤون القانونية,قيد المراجعة القانونية
CASE-01734,2022-03-30,تعارض مصالح,مخالفة خصوصية في تداول ملفات المنسوبين,تداول ملفات موظفين دون مراعاة ضوابط خصوصية البيانات. المرجع CASE-2022-7018 · الجهة المعنية: التدقيق الداخلي.,التدقيق الداخلي,بانتظار الرد
CASE-01735,2026-03-22,تعارض مصالح,ملخص مواجهة أطراف في الملف رقم MF-2026-853,محضر مواجهة يتضمن إفادات أطراف قد ترتب مسؤولية نظامية. المرجع CASE-2026-4968 · الجهة المعنية: الموارد البشرية.,الموارد البشرية,قيد التحقيق
CASE-01736,2019-09-10,استخدام غير مصرح للأنظمة,تحقيق في تلاعب بسجلات الاعتماد في نظام إدارة الهوية المركزي,تحقيق في تعديل غير مصرح لسجلات الاعتماد المالي. المرجع CASE-2019-4761 · الجهة المعنية: الشؤون القانونية.,الشؤون القانونية,منتهي بتوصيات
CASE-01737,2025-06-29,تعارض مصالح,قضية اشتباه تجسس إلكتروني على بوابة المدفوعات الوطنية,تعاون مع جهات استخبارات وطنية بشأن نشاط تجسس مشتبه به. المرجع CASE-2025-2650 · الجهة المعنية: التدقيق الداخلي.,التدقيق الداخلي,قيد التحقيق
CASE-01738,2020-06-01,بلاغ مبلّغ,إحصاءات البلاغات المغلقة - قطاع الشراكات الربع الأول 2020,إحصاءات مجمّعة عن أعداد البلاغات دون أي تفاصيل تعريفية. المرجع CASE-2020-5856 · الجهة المعنية: وحدة مكافحة الاحتيال.,وحدة مكافحة الاحتيال,محال للجهة المختصة
CASE-01739,2019-12-10,تسريب معلومات,مخالفة في التعامل مع مخرجات مورد عسكري المنشأ,استخدام مكوّن عسكري المنشأ خارج الضوابط التعاقدية المعتمدة. المرجع CASE-2019-6612 · الجهة المعنية: التدقيق الداخلي.,التدقيق الداخلي,منتهي بتوصيات
CASE-01740,2024-05-05,مخالفة سلوك مهني,تحقيق في تسريب مسودة مذكرة تفاهم مع شريك خارجي,تسريب مسودة مذكرة تفاهم قبل توقيعها رسميًا. المرجع CASE-2024-2269 · الجهة المعنية: وحدة مكافحة الاحتيال.,وحدة مكافحة الاحتيال,محال للجهة المختصة
CASE-01741,2021-10-27,مخالفة سلوك مهني,ملف مراجعة خاصة رقم SR-2021-139,مراجعة خاصة بتوجيه من اللجنة مع حظر التداول حتى صدور النتيجة. المرجع CASE-2021-3469 · الجهة المعنية: الموارد البشرية.,الموارد البشرية,قيد المراجعة القانونية
CASE-01742,2024-08-29,بلاغ مبلّغ,مراجعة استراتيجية لمخاطر الالتزام في قطاع الأعمال المؤسسية,مراجعة استراتيجية لمخاطر التزام قد تؤدي إلى غرامات تنظيمية. المرجع CASE-2024-5388 · الجهة المعنية: مكتب حماية المبلّغين.,مكتب حماية المبلّغين,مغلق
CASE-01743,2025-03-03,مخالفة تعاقدية,بلاغ مبلّغ عن مخالفات في الشؤون القانونية,تحقيق سري في بلاغ مبلّغ مع حماية هويته وفق السياسة. المرجع CASE-2025-7836 · الجهة المعنية: إدارة المخاطر.,إدارة المخاطر,محال للجهة المختصة
CASE-01744,2025-05-26,مخالفة سلوك مهني,اعتراض على احتساب راتب موظف في إدارة المعرفة,طلب مراجعة احتساب راتب وبدلات لموظف واحد. المرجع CASE-2025-5944 · الجهة المعنية: إدارة المخاطر.,إدارة المخاطر,بانتظار الرد
CASE-01745,2024-11-18,إساءة استخدام صلاحيات,بلاغ مبلّغ عن مخالفات في الخدمات المساندة,تحقيق سري في بلاغ مبلّغ مع حماية هويته وفق السياسة. المرجع CASE-2024-4069 · الجهة المعنية: إدارة المخاطر.,إدارة المخاطر,مغلق
CASE-01746,2020-02-17,استخدام غير مصرح للأنظمة,تحقيق في تسريب مسودة مذكرة تفاهم مع شريك خارجي,تسريب مسودة مذكرة تفاهم قبل توقيعها رسميًا. المرجع CASE-2020-5175 · الجهة المعنية: الموارد البشرية.,الموارد البشرية,قيد المراجعة القانونية
CASE-01747,2022-03-30,مخالفة تعاقدية,إعلان قناة البلاغات في الرياض - 2022,إعلان رسمي عن إطلاق قناة استقبال البلاغات وآلية استخدامها. المرجع CASE-2022-4350 · الجهة المعنية: وحدة مكافحة الاحتيال.,وحدة مكافحة الاحتيال,قيد التحقيق
CASE-01748,2021-12-23,تعارض مصالح,بلاغ مبلّغ عن مخالفات في ضبط الجودة,تحقيق سري في بلاغ مبلّغ مع حماية هويته وفق السياسة. المرجع CASE-2021-5525 · الجهة المعنية: التدقيق الداخلي.,التدقيق الداخلي,محال للجهة المختصة
CASE-01749,2021-08-10,مخالفة تعاقدية,تحقيق في تواطؤ محتمل بين موردي قطاع الخدمات الرقمية,تحقيق في مؤشرات تنسيق أسعار بين موردين في منافسة مغلقة. المرجع CASE-2021-9314 · الجهة المعنية: التدقيق الداخلي.,التدقيق الداخلي,قيد التحقيق
CASE-01750,2023-01-14,تسريب معلومات,تحقيق في احتيال مالي بقيمة تقديرية 34 مليون ريال,تحقيق داخلي في معاملات مالية غير مبررة وتوصيات الإحالة. المرجع CASE-2023-4426 · الجهة المعنية: وحدة مكافحة الاحتيال.,وحدة مكافحة الاحتيال,منتهي بتوصيات
CASE-01751,2020-11-17,استخدام غير مصرح للأنظمة,ملف مراجعة خاصة رقم SR-2020-492,مراجعة خاصة بتوجيه من اللجنة مع حظر التداول حتى صدور النتيجة. المرجع CASE-2020-4924 · الجهة المعنية: إدارة المخاطر.,إدارة المخاطر,قيد التحقيق
CASE-01752,2023-08-15,مخالفة تعاقدية,ملخص مواجهة أطراف في الملف رقم MF-2023-422,محضر مواجهة يتضمن إفادات أطراف قد ترتب مسؤولية نظامية. المرجع CASE-2023-7866 · الجهة المعنية: وحدة الالتزام التنظيمي.,وحدة الالتزام التنظيمي,منتهي بتوصيات
CASE-01753,2020-02-16,بلاغ مبلّغ,قضية تمويل مشبوه مرتبط بشبكة خارجية,إحالة إلى الجهات الأمنية بعد رصد نمط تمويل يتصل بأنشطة استخبارات. المرجع CASE-2020-4620 · الجهة المعنية: مكتب حماية المبلّغين.,مكتب حماية المبلّغين,قيد المراجعة القانونية
CASE-01754,2026-03-17,مخالفة تعاقدية,تحقيق في مخالفة تعاقدية مع صندوق استثماري دولي,تحقيق في إخلال ببنود تعاقدية قد يرتب مطالبات مالية كبيرة. المرجع CASE-2026-5131 · الجهة المعنية: مكتب حماية المبلّغين.,مكتب حماية المبلّغين,منتهي بتوصيات
CASE-01755,2024-05-14,احتيال مالي,ملف محال للجهة العليا رقم HC-2024-30,ملف محال لجهة عليا لارتباطه بمواقع ومنشآت وطنية محددة. المرجع CASE-2024-2452 · الجهة المعنية: الموارد البشرية.,الموارد البشرية,منتهي بتوصيات
CASE-01756,2025-11-21,تعارض مصالح,منشور سياسة السلوك المهني - المالية 2025,منشور عام يوضح مبادئ السلوك المهني المعتمدة. المرجع CASE-2025-8310 · الجهة المعنية: وحدة مكافحة الاحتيال.,,قيد المراجعة القانونية
CASE-01757,2025-01-30,استخدام غير مصرح للأنظمة,تحقيق في احتيال مالي بقيمة تقديرية 33 مليون ريال,تحقيق داخلي في معاملات مالية غير مبررة وتوصيات الإحالة. المرجع CASE-2025-4969 · الجهة المعنية: وحدة الالتزام التنظيمي.,وحدة الالتزام التنظيمي,قيد التحقيق
CASE-01758,2024-08-03,مخالفة مشتريات,بلاغ مبلّغ عن مخالفات في الموارد البشرية,تحقيق سري في بلاغ مبلّغ مع حماية هويته وفق السياسة. المرجع CASE-2024-2597 · الجهة المعنية: إدارة المخاطر.,إدارة المخاطر,مغلق
CASE-01759,2023-07-21,استخدام غير مصرح للأنظمة,ملخص مواجهة أطراف في الملف رقم MF-2023-255,محضر مواجهة يتضمن إفادات أطراف قد ترتب مسؤولية نظامية. المرجع CASE-2023-3238 · الجهة المعنية: إدارة المخاطر.,إدارة المخاطر,محال للجهة المختصة
CASE-01760,2022-04-30,إساءة استخدام صلاحيات,تحقيق في احتيال مالي بقيمة تقديرية 10 مليون ريال,تحقيق داخلي في معاملات مالية غير مبررة وتوصيات الإحالة. المرجع CASE-2022-8869 · الجهة المعنية: التدقيق الداخلي.,التدقيق الداخلي,قيد المراجعة القانونية
CASE-01761,2023-12-10,بلاغ مبلّغ,قضية إساءة استخدام معلومات داخلية في قطاع الخدمات الرقمية,قضية استخدام معلومات غير معلنة لتحقيق منفعة شخصية. المرجع CASE-2023-6052 · الجهة المعنية: الشؤون القانونية.,الشؤون القانونية,قيد المراجعة القانونية
CASE-01762,2021-10-08,مخالفة سلوك مهني,قضية استخدام غير مصرح لبيانات مواقع تخزين تشغيلية,استخراج قوائم مواقع تخزين تشغيلية دون تصريح. المرجع CASE-2021-3482 · الجهة المعنية: الموارد البشرية.,الموارد البشرية,مغلق
CASE-01763,2026-01-13,تسريب معلومات,شكوى بيئة عمل في الخدمات المساندة,شكوى موظف تتضمن بيانات شخصية وتفاصيل تواصل داخلية. المرجع CASE-2026-4970 · الجهة المعنية: التدقيق الداخلي.,التدقيق الداخلي,منتهي بتوصيات
CASE-01764,2019-08-08,إساءة استخدام صلاحيات,تحقيق في تلاعب بسجلات الاعتماد في نظام التحقق الرقمي,تحقيق في تعديل غير مصرح لسجلات الاعتماد المالي. المرجع CASE-2019-9456 · الجهة المعنية: وحدة الالتزام التنظيمي.,وحدة الالتزام التنظيمي,مغلق
CASE-01765,2020-06-25,تسريب معلومات,إحصاءات البلاغات المغلقة - قطاع الخدمات الرقمية الربع الثالث 2020,إحصاءات مجمّعة عن أعداد البلاغات دون أي تفاصيل تعريفية. المرجع CASE-2020-4158 · الجهة المعنية: وحدة الالتزام التنظيمي.,وحدة الالتزام التنظيمي,مغلق
CASE-01766,2026-03-14,احتيال مالي,تحقيق في احتيال مالي بقيمة تقديرية 3 مليون ريال,تحقيق داخلي في معاملات مالية غير مبررة وتوصيات الإحالة. المرجع CASE-2026-9522 · الجهة المعنية: إدارة المخاطر.,إدارة المخاطر,محال للجهة المختصة
CASE-01767,2024-07-17,مخالفة مشتريات,مذكرة داخلية بشأن ضبط الحضور في تقنية المعلومات,مذكرة داخلية تنظيمية حول التزام الحضور والانصراف. المرجع CASE-2024-9284 · الجهة المعنية: الأمانة العامة.,الأمانة العامة,محال للجهة المختصة
CASE-01768,2025-09-17,استخدام غير مصرح للأنظمة,قضية مساس بمتطلبات سيادة البيانات الوطنية,استضافة بيانات وطنية خارج النطاق بما يخالف متطلبات سيادة البيانات. المرجع CASE-2025-7097 · الجهة المعنية: الأمانة العامة.,الأمانة العامة,محال للجهة المختصة
CASE-01769,2020-02-22,مخالفة مشتريات,قضية تسريب الميزانية الاستراتيجية قبل الاعتماد,تسريب أرقام الميزانية الاستراتيجية إلى جهة خارجية قبل اعتمادها. المرجع CASE-2020-3052 · الجهة المعنية: الأمانة العامة.,الأمانة العامة,محال للجهة المختصة
CASE-01770,2020-11-17,مخالفة سلوك مهني,تحقيق في تسريب مسودة مذكرة تفاهم مع شريك خارجي,تسريب مسودة مذكرة تفاهم قبل توقيعها رسميًا. المرجع CASE-2020-6112 · الجهة المعنية: الموارد البشرية.,الموارد البشرية,محال للجهة المختصة
CASE-01771,2022-08-10,مخالفة سلوك مهني,بلاغ عن مخالفة في التعامل مع مواد أسلحة خاضعة للرقابة,مخالفة إجراءات مناولة أسلحة ومواد خاضعة للرقابة داخل موقع تشغيلي. المرجع CASE-2022-4132 · الجهة المعنية: وحدة الالتزام التنظيمي.,,بانتظار الرد
CASE-01772,2026-03-16,مخالفة مشتريات,مذكرة داخلية بشأن ضبط الحضور في التشغيل,مذكرة داخلية تنظيمية حول التزام الحضور والانصراف. المرجع CASE-2026-4808 · الجهة المعنية: مكتب حماية المبلّغين.,مكتب حماية المبلّغين,مغلق
CASE-01773,2019-10-11,بلاغ مبلّغ,قضية تسريب الميزانية الاستراتيجية قبل الاعتماد,تسريب أرقام الميزانية الاستراتيجية إلى جهة خارجية قبل اعتمادها. المرجع CASE-2019-1013 · الجهة المعنية: الأمانة العامة.,الأمانة العامة,قيد المراجعة القانونية
CASE-01774,2020-08-09,إساءة استخدام صلاحيات,تحقيق في تلاعب بسجلات الاعتماد في نظام إدارة الأصول التقنية,تحقيق في تعديل غير مصرح لسجلات الاعتماد المالي. المرجع CASE-2020-8671 · الجهة المعنية: إدارة المخاطر.,إدارة المخاطر,محال للجهة المختصة
CASE-01775,2019-03-08,إساءة استخدام صلاحيات,شكوى بيئة عمل في الاتصال المؤسسي,شكوى موظف تتضمن بيانات شخصية وتفاصيل تواصل داخلية. المرجع CASE-2019-8701 · الجهة المعنية: وحدة مكافحة الاحتيال.,وحدة مكافحة الاحتيال,قيد التحقيق
CASE-01776,2022-01-26,إساءة استخدام صلاحيات,تحقيق في تسريب مسودة مذكرة تفاهم مع شريك خارجي,تسريب مسودة مذكرة تفاهم قبل توقيعها رسميًا. المرجع CASE-2022-1486 · الجهة المعنية: الموارد البشرية.,الموارد البشرية,مغلق
CASE-01777,2024-11-28,مخالفة سلوك مهني,قضية استخدام غير مصرح لبيانات مواقع تخزين تشغيلية,استخراج قوائم مواقع تخزين تشغيلية دون تصريح. المرجع CASE-2024-5696 · الجهة المعنية: الأمانة العامة.,الأمانة العامة,منتهي بتوصيات
CASE-01778,2020-05-12,مخالفة مشتريات,قضية تسريب الميزانية الاستراتيجية قبل الاعتماد,تسريب أرقام الميزانية الاستراتيجية إلى جهة خارجية قبل اعتمادها. المرجع CASE-2020-3333 · الجهة المعنية: الأمانة العامة.,الأمانة العامة,منتهي بتوصيات
CASE-01779,2020-02-08,مخالفة سلوك مهني,قضية تسريب الميزانية الاستراتيجية قبل الاعتماد,تسريب أرقام الميزانية الاستراتيجية إلى جهة خارجية قبل اعتمادها. المرجع CASE-2020-1759 · الجهة المعنية: وحدة مكافحة الاحتيال.,وحدة مكافحة الاحتيال,محال للجهة المختصة
CASE-01780,2020-02-24,إساءة استخدام صلاحيات,قضية تسريب الميزانية الاستراتيجية قبل الاعتماد,تسريب أرقام الميزانية الاستراتيجية إلى جهة خارجية قبل اعتمادها. المرجع CASE-2020-7785 · الجهة المعنية: الشؤون القانونية.,الشؤون القانونية,قيد التحقيق
CASE-01781,2019-12-15,مخالفة تعاقدية,قضية إساءة استخدام معلومات داخلية في قطاع التحول الرقمي,قضية استخدام معلومات غير معلنة لتحقيق منفعة شخصية. المرجع CASE-2019-6193 · الجهة المعنية: وحدة مكافحة الاحتيال.,وحدة مكافحة الاحتيال,بانتظار الرد
CASE-01782,2023-07-23,احتيال مالي,قضية استخدام غير مصرح لبيانات مواقع تخزين تشغيلية,استخراج قوائم مواقع تخزين تشغيلية دون تصريح. المرجع CASE-2023-8957 · الجهة المعنية: التدقيق الداخلي.,التدقيق الداخلي,بانتظار الرد
CASE-01783,2022-04-15,مخالفة سلوك مهني,تحقيق في تواطؤ محتمل بين موردي قطاع التقنية والمشاريع,تحقيق في مؤشرات تنسيق أسعار بين موردين في منافسة مغلقة. المرجع CASE-2022-3348 · الجهة المعنية: الموارد البشرية.,الموارد البشرية,قيد التحقيق
CASE-01784,2021-10-03,مخالفة سلوك مهني,ملف مراجعة خاصة رقم SR-2021-720,مراجعة خاصة بتوجيه من اللجنة مع حظر التداول حتى صدور النتيجة. المرجع CASE-2021-2993 · الجهة المعنية: التدقيق الداخلي.,التدقيق الداخلي,بانتظار الرد
CASE-01785,2023-07-10,مخالفة تعاقدية,مذكرة داخلية بشأن ضبط الحضور في إدارة المخاطر,مذكرة داخلية تنظيمية حول التزام الحضور والانصراف. المرجع CASE-2023-8862 · الجهة المعنية: وحدة مكافحة الاحتيال.,وحدة مكافحة الاحتيال,مغلق
CASE-01786,2021-03-03,مخالفة سلوك مهني,مراجعة استراتيجية لمخاطر الالتزام في قطاع التقنية والمشاريع,مراجعة استراتيجية لمخاطر التزام قد تؤدي إلى غرامات تنظيمية. المرجع CASE-2021-3686 · الجهة المعنية: إدارة المخاطر.,إدارة المخاطر,قيد التحقيق
CASE-01787,2019-04-06,استخدام غير مصرح للأنظمة,تحقيق في احتيال مالي بقيمة تقديرية 11 مليون ريال,تحقيق داخلي في معاملات مالية غير مبررة وتوصيات الإحالة. المرجع CASE-2019-1165 · الجهة المعنية: التدقيق الداخلي.,التدقيق الداخلي,محال للجهة المختصة
CASE-01788,2020-02-15,مخالفة سلوك مهني,تحقيق في تواطؤ محتمل بين موردي قطاع البنية التحتية,تحقيق في مؤشرات تنسيق أسعار بين موردين في منافسة مغلقة. المرجع CASE-2020-3093 · الجهة المعنية: الشؤون القانونية.,الشؤون القانونية,منتهي بتوصيات
CASE-01789,2021-02-13,استخدام غير مصرح للأنظمة,قضية تعارض مصالح في ترسية برنامج الذكاء الاصطناعي المؤسسي,قضية تعارض مصالح بين عضو لجنة وأحد الموردين المتنافسين. المرجع CASE-2021-7541 · الجهة المعنية: وحدة الالتزام التنظيمي.,وحدة الالتزام التنظيمي,منتهي بتوصيات
CASE-01790,2023-01-01,إساءة استخدام صلاحيات,مذكرة داخلية بشأن ضبط الحضور في المشتريات,مذكرة داخلية تنظيمية حول التزام الحضور والانصراف. المرجع CASE-2023-7783 · الجهة المعنية: إدارة المخاطر.,إدارة المخاطر,بانتظار الرد
CASE-01791,2026-03-01,مخالفة سلوك مهني,مخالفة في التعامل مع مخرجات مورد عسكري المنشأ,استخدام مكوّن عسكري المنشأ خارج الضوابط التعاقدية المعتمدة. المرجع CASE-2026-1926 · الجهة المعنية: التدقيق الداخلي.,التدقيق الداخلي,مغلق
CASE-01792,2019-04-23,مخالفة تعاقدية,قضية تعارض مصالح في ترسية برنامج الحوسبة السيادية,قضية تعارض مصالح بين عضو لجنة وأحد الموردين المتنافسين. المرجع CASE-2019-6358 · الجهة المعنية: وحدة مكافحة الاحتيال.,وحدة مكافحة الاحتيال,منتهي بتوصيات
CASE-01793,2025-05-07,استخدام غير مصرح للأنظمة,تحقيق في تسريب مسودة مذكرة تفاهم مع شريك خارجي,تسريب مسودة مذكرة تفاهم قبل توقيعها رسميًا. المرجع CASE-2025-9391 · الجهة المعنية: إدارة المخاطر.,إدارة المخاطر,مغلق
CASE-01794,2020-07-20,مخالفة مشتريات,تحقيق في احتيال مالي بقيمة تقديرية 23 مليون ريال,تحقيق داخلي في معاملات مالية غير مبررة وتوصيات الإحالة. المرجع CASE-2020-3562 · الجهة المعنية: الشؤون القانونية.,الشؤون القانونية,محال للجهة المختصة
CASE-01795,2023-06-28,مخالفة تعاقدية,قضية تمويل مشبوه مرتبط بشبكة خارجية,إحالة إلى الجهات الأمنية بعد رصد نمط تمويل يتصل بأنشطة استخبارات. المرجع CASE-2023-2851 · الجهة المعنية: الموارد البشرية.,الموارد البشرية,قيد المراجعة القانونية
CASE-01796,2026-02-06,استخدام غير مصرح للأنظمة,طلب إجازة طبي ممتدة - التخطيط والتطوير,ملف طبي داعم لطلب إجازة ممتدة لأحد المنسوبين. المرجع CASE-2026-8482 · الجهة المعنية: إدارة المخاطر.,,مغلق
CASE-01797,2022-03-11,إساءة استخدام صلاحيات,تحقيق في تسريب مسودة مذكرة تفاهم مع شريك خارجي,تسريب مسودة مذكرة تفاهم قبل توقيعها رسميًا. المرجع CASE-2022-8003 · الجهة المعنية: التدقيق الداخلي.,التدقيق الداخلي,بانتظار الرد
CASE-01798,2024-06-26,مخالفة تعاقدية,ملف مراجعة خاصة رقم SR-2024-492,مراجعة خاصة بتوجيه من اللجنة مع حظر التداول حتى صدور النتيجة. المرجع CASE-2024-8890 · الجهة المعنية: الشؤون القانونية.,الشؤون القانونية,بانتظار الرد
CASE-01799,2019-11-21,استخدام غير مصرح للأنظمة,قضية تسريب الميزانية الاستراتيجية قبل الاعتماد,تسريب أرقام الميزانية الاستراتيجية إلى جهة خارجية قبل اعتمادها. المرجع CASE-2019-2475 · الجهة المعنية: مكتب حماية المبلّغين.,مكتب حماية المبلّغين,قيد التحقيق
CASE-01800,2022-03-01,إساءة استخدام صلاحيات,منشور سياسة السلوك المهني - إدارة المخاطر 2022,منشور عام يوضح مبادئ السلوك المهني المعتمدة. المرجع CASE-2022-8973 · الجهة المعنية: التدقيق الداخلي.,التدقيق الداخلي,مغلق
CASE-01801,2019-03-31,بلاغ مبلّغ,قضية اشتباه تجسس إلكتروني على منصة التحليلات المؤسسية,تعاون مع جهات استخبارات وطنية بشأن نشاط تجسس مشتبه به. المرجع CASE-2019-9871 · الجهة المعنية: إدارة المخاطر.,إدارة المخاطر,قيد التحقيق
CASE-01802,2023-06-16,مخالفة مشتريات,ملف مراجعة خاصة رقم SR-2023-792,مراجعة خاصة بتوجيه من اللجنة مع حظر التداول حتى صدور النتيجة. المرجع CASE-2023-4658 · الجهة المعنية: وحدة الالتزام التنظيمي.,وحدة الالتزام التنظيمي,بانتظار الرد
CASE-01803,2024-07-07,مخالفة مشتريات,ملف مراجعة خاصة رقم SR-2024-432,مراجعة خاصة بتوجيه من اللجنة مع حظر التداول حتى صدور النتيجة. المرجع CASE-2024-5135 · الجهة المعنية: الأمانة العامة.,الأمانة العامة,قيد التحقيق
CASE-01804,2019-03-09,تعارض مصالح,تحقيق في تلاعب بسجلات الاعتماد في مركز البيانات الاحتياطي,تحقيق في تعديل غير مصرح لسجلات الاعتماد المالي. المرجع CASE-2019-1327 · الجهة المعنية: إدارة المخاطر.,إدارة المخاطر,قيد التحقيق
CASE-01805,2024-11-12,مخالفة سلوك مهني,تحقيق في تواطؤ محتمل بين موردي قطاع الأعمال المؤسسية,تحقيق في مؤشرات تنسيق أسعار بين موردين في منافسة مغلقة. المرجع CASE-2024-7336 · الجهة المعنية: الموارد البشرية.,الموارد البشرية,بانتظار الرد
CASE-01806,2021-05-25,استخدام غير مصرح للأنظمة,قضية تعارض مصالح في ترسية برنامج التوسع الإقليمي,قضية تعارض مصالح بين عضو لجنة وأحد الموردين المتنافسين. المرجع CASE-2021-5179 · الجهة المعنية: وحدة الالتزام التنظيمي.,وحدة الالتزام التنظيمي,مغلق
CASE-01807,2022-12-03,مخالفة مشتريات,قضية تمويل مشبوه مرتبط بشبكة خارجية,إحالة إلى الجهات الأمنية بعد رصد نمط تمويل يتصل بأنشطة استخبارات. المرجع CASE-2022-1511 · الجهة المعنية: وحدة الالتزام التنظيمي.,وحدة الالتزام التنظيمي,مغلق
CASE-01808,2023-09-05,تسريب معلومات,بلاغ مبلّغ عن مخالفات في ضبط الجودة,تحقيق سري في بلاغ مبلّغ مع حماية هويته وفق السياسة. المرجع CASE-2023-5935 · الجهة المعنية: التدقيق الداخلي.,التدقيق الداخلي,مغلق
CASE-01809,2020-03-28,استخدام غير مصرح للأنظمة,قضية تمويل مشبوه مرتبط بشبكة خارجية,إحالة إلى الجهات الأمنية بعد رصد نمط تمويل يتصل بأنشطة استخبارات. المرجع CASE-2020-1006 · الجهة المعنية: إدارة المخاطر.,إدارة المخاطر,منتهي بتوصيات
CASE-01810,2019-08-01,مخالفة سلوك مهني,ملف محال للجهة العليا رقم HC-2019-83,ملف محال لجهة عليا لارتباطه بمواقع ومنشآت وطنية محددة. المرجع CASE-2019-7403 · الجهة المعنية: إدارة المخاطر.,إدارة المخاطر,قيد التحقيق
CASE-01811,2025-03-15,بلاغ مبلّغ,تحقيق في تلاعب بسجلات الاعتماد في منصة الاجتماعات المؤمّنة,تحقيق في تعديل غير مصرح لسجلات الاعتماد المالي. المرجع CASE-2025-5157 · الجهة المعنية: مكتب حماية المبلّغين.,مكتب حماية المبلّغين,قيد التحقيق
CASE-01812,2024-04-02,استخدام غير مصرح للأنظمة,تحقيق في محاولة الوصول إلى سجلات تحركات القوات,محاولة موظف الوصول إلى سجلات تحركات القوات دون تصريح. المرجع CASE-2024-1671 · الجهة المعنية: الموارد البشرية.,الموارد البشرية,بانتظار الرد
CASE-01813,2022-08-14,إساءة استخدام صلاحيات,تحقيق في تسريب مسودة مذكرة تفاهم مع شريك خارجي,تسريب مسودة مذكرة تفاهم قبل توقيعها رسميًا. المرجع CASE-2022-3948 · الجهة المعنية: مكتب حماية المبلّغين.,مكتب حماية المبلّغين,مغلق
CASE-01814,2019-09-25,استخدام غير مصرح للأنظمة,مذكرة داخلية بشأن ضبط الحضور في التشغيل,مذكرة داخلية تنظيمية حول التزام الحضور والانصراف. المرجع CASE-2019-8973 · الجهة المعنية: الموارد البشرية.,الموارد البشرية,قيد المراجعة القانونية
CASE-01815,2024-04-29,تسريب معلومات,تحقيق في تسريب مسودة مذكرة تفاهم مع شريك خارجي,تسريب مسودة مذكرة تفاهم قبل توقيعها رسميًا. المرجع CASE-2024-8226 · الجهة المعنية: الموارد البشرية.,الموارد البشرية,قيد المراجعة القانونية
CASE-01816,2021-10-10,تعارض مصالح,ملف مراجعة خاصة رقم SR-2021-985,مراجعة خاصة بتوجيه من اللجنة مع حظر التداول حتى صدور النتيجة. المرجع CASE-2021-6413 · الجهة المعنية: الشؤون القانونية.,الشؤون القانونية,منتهي بتوصيات
CASE-01817,2019-07-28,مخالفة سلوك مهني,قضية تعارض مصالح في ترسية برنامج تحديث البنية التقنية,قضية تعارض مصالح بين عضو لجنة وأحد الموردين المتنافسين. المرجع CASE-2019-7918 · الجهة المعنية: وحدة الالتزام التنظيمي.,وحدة الالتزام التنظيمي,بانتظار الرد
CASE-01818,2019-10-01,تعارض مصالح,ملخص مواجهة أطراف في الملف رقم MF-2019-698,محضر مواجهة يتضمن إفادات أطراف قد ترتب مسؤولية نظامية. المرجع CASE-2019-5951 · الجهة المعنية: الأمانة العامة.,الأمانة العامة,منتهي بتوصيات
CASE-01819,2021-07-13,تعارض مصالح,مذكرة داخلية بشأن ضبط الحضور في الموارد البشرية,مذكرة داخلية تنظيمية حول التزام الحضور والانصراف. المرجع CASE-2021-7238 · الجهة المعنية: إدارة المخاطر.,إدارة المخاطر,بانتظار الرد
CASE-01820,2019-05-22,مخالفة تعاقدية,قضية تمويل مشبوه مرتبط بشبكة خارجية,إحالة إلى الجهات الأمنية بعد رصد نمط تمويل يتصل بأنشطة استخبارات. المرجع CASE-2019-4244 · الجهة المعنية: إدارة المخاطر.,إدارة المخاطر,محال للجهة المختصة
CASE-01821,2022-01-04,مخالفة مشتريات,طلب تصحيح بيانات هوية في سجل الموظفين,طلب تصحيح حقول هوية وبيانات تواصل في السجل. المرجع CASE-2022-5085 · الجهة المعنية: التدقيق الداخلي.,التدقيق الداخلي,مغلق
CASE-01822,2024-02-17,احتيال مالي,بلاغ عن تسريب بيانات تخص منشأة حيوية وطنية,بلاغ داخلي عن نقل وثائق تخص منشأة حيوية إلى جهة غير مصرح لها. المرجع CASE-2024-2311 · الجهة المعنية: الشؤون القانونية.,الشؤون القانونية,محال للجهة المختصة
CASE-01823,2022-04-11,مخالفة مشتريات,بلاغ مبلّغ عن مخالفات في تقنية المعلومات,تحقيق سري في بلاغ مبلّغ مع حماية هويته وفق السياسة. المرجع CASE-2022-8256 · الجهة المعنية: وحدة مكافحة الاحتيال.,وحدة مكافحة الاحتيال,بانتظار الرد
CASE-01824,2022-09-08,استخدام غير مصرح للأنظمة,تحقيق في احتيال مالي بقيمة تقديرية 14 مليون ريال,تحقيق داخلي في معاملات مالية غير مبررة وتوصيات الإحالة. المرجع CASE-2022-3745 · الجهة المعنية: وحدة مكافحة الاحتيال.,وحدة مكافحة الاحتيال,قيد المراجعة القانونية
CASE-01825,2019-01-26,إساءة استخدام صلاحيات,مراجعة استراتيجية لمخاطر الالتزام في قطاع التحول الرقمي,مراجعة استراتيجية لمخاطر التزام قد تؤدي إلى غرامات تنظيمية. المرجع CASE-2019-3738 · الجهة المعنية: الأمانة العامة.,الأمانة العامة,منتهي بتوصيات
CASE-01826,2025-09-12,تعارض مصالح,تحقيق في تلاعب بسجلات الاعتماد في نظام التخطيط المؤسسي,تحقيق في تعديل غير مصرح لسجلات الاعتماد المالي. المرجع CASE-2025-5688 · الجهة المعنية: الشؤون القانونية.,الشؤون القانونية,منتهي بتوصيات
CASE-01827,2020-05-19,مخالفة مشتريات,بلاغ مبلّغ عن مخالفات في التشغيل,تحقيق سري في بلاغ مبلّغ مع حماية هويته وفق السياسة. المرجع CASE-2020-5239 · الجهة المعنية: الشؤون القانونية.,الشؤون القانونية,محال للجهة المختصة
CASE-01828,2020-11-07,احتيال مالي,بلاغ عن مخالفة في التعامل مع مواد أسلحة خاضعة للرقابة,مخالفة إجراءات مناولة أسلحة ومواد خاضعة للرقابة داخل موقع تشغيلي. المرجع CASE-2020-8496 · الجهة المعنية: الموارد البشرية.,الموارد البشرية,قيد التحقيق
CASE-01829,2021-10-21,مخالفة تعاقدية,تحقيق في مخالفة تعاقدية مع منظمة إقليمية,تحقيق في إخلال ببنود تعاقدية قد يرتب مطالبات مالية كبيرة. المرجع CASE-2021-3037 · الجهة المعنية: الشؤون القانونية.,الشؤون القانونية,محال للجهة المختصة
CASE-01830,2019-07-10,تسريب معلومات,مراجعة استراتيجية لمخاطر الالتزام في قطاع العمليات,مراجعة استراتيجية لمخاطر التزام قد تؤدي إلى غرامات تنظيمية. المرجع CASE-2019-5140 · الجهة المعنية: التدقيق الداخلي.,التدقيق الداخلي,قيد التحقيق
CASE-01831,2021-11-20,مخالفة تعاقدية,مراجعة استراتيجية لمخاطر الالتزام في قطاع العمليات,مراجعة استراتيجية لمخاطر التزام قد تؤدي إلى غرامات تنظيمية. المرجع CASE-2021-8383 · الجهة المعنية: الشؤون القانونية.,الشؤون القانونية,قيد التحقيق
CASE-01832,2022-02-03,إساءة استخدام صلاحيات,قضية تسريب الميزانية الاستراتيجية قبل الاعتماد,تسريب أرقام الميزانية الاستراتيجية إلى جهة خارجية قبل اعتمادها. المرجع CASE-2022-7769 · الجهة المعنية: الشؤون القانونية.,الشؤون القانونية,منتهي بتوصيات
CASE-01833,2024-07-08,تعارض مصالح,تحقيق في مخالفة تعاقدية مع شريك تقني عالمي,تحقيق في إخلال ببنود تعاقدية قد يرتب مطالبات مالية كبيرة. المرجع CASE-2024-2361 · الجهة المعنية: الشؤون القانونية.,الشؤون القانونية,بانتظار الرد
CASE-01834,2025-02-16,بلاغ مبلّغ,قضية تعارض مصالح في ترسية برنامج الحوسبة السيادية,قضية تعارض مصالح بين عضو لجنة وأحد الموردين المتنافسين. المرجع CASE-2025-5631 · الجهة المعنية: وحدة الالتزام التنظيمي.,وحدة الالتزام التنظيمي,منتهي بتوصيات
CASE-01835,2024-03-30,مخالفة مشتريات,تحقيق في تلاعب بسجلات الاعتماد في بوابة الموردين الإلكترونية,تحقيق في تعديل غير مصرح لسجلات الاعتماد المالي. المرجع CASE-2024-1061 · الجهة المعنية: مكتب حماية المبلّغين.,مكتب حماية المبلّغين,محال للجهة المختصة
CASE-01836,2022-11-03,استخدام غير مصرح للأنظمة,قضية اشتباه تجسس إلكتروني على مركز البيانات الرئيسي,تعاون مع جهات استخبارات وطنية بشأن نشاط تجسس مشتبه به. المرجع CASE-2022-9164 · الجهة المعنية: وحدة مكافحة الاحتيال.,وحدة مكافحة الاحتيال,قيد المراجعة القانونية
CASE-01837,2021-07-06,مخالفة تعاقدية,طلب إجازة طبي ممتدة - الشؤون القانونية,ملف طبي داعم لطلب إجازة ممتدة لأحد المنسوبين. المرجع CASE-2021-6843 · الجهة المعنية: الأمانة العامة.,الأمانة العامة,قيد التحقيق
CASE-01838,2023-01-10,تعارض مصالح,ملخص مواجهة أطراف في الملف رقم MF-2023-907,محضر مواجهة يتضمن إفادات أطراف قد ترتب مسؤولية نظامية. المرجع CASE-2023-3023 · الجهة المعنية: الموارد البشرية.,الموارد البشرية,مغلق
CASE-01839,2022-01-24,مخالفة مشتريات,بلاغ مبلّغ عن مخالفات في ضبط الجودة,تحقيق سري في بلاغ مبلّغ مع حماية هويته وفق السياسة. المرجع CASE-2022-5781 · الجهة المعنية: وحدة الالتزام التنظيمي.,وحدة الالتزام التنظيمي,قيد التحقيق
CASE-01840,2023-12-27,إساءة استخدام صلاحيات,تحقيق في تسريب مسودة مذكرة تفاهم مع شريك خارجي,تسريب مسودة مذكرة تفاهم قبل توقيعها رسميًا. المرجع CASE-2023-5921 · الجهة المعنية: التدقيق الداخلي.,التدقيق الداخلي,بانتظار الرد
CASE-01841,2022-08-05,تسريب معلومات,تحقيق في تلاعب بسجلات الاعتماد في مركز البيانات الاحتياطي,تحقيق في تعديل غير مصرح لسجلات الاعتماد المالي. المرجع CASE-2022-3900 · الجهة المعنية: الأمانة العامة.,الأمانة العامة,منتهي بتوصيات
CASE-01842,2021-04-15,بلاغ مبلّغ,تحقيق في احتيال مالي بقيمة تقديرية 36 مليون ريال,تحقيق داخلي في معاملات مالية غير مبررة وتوصيات الإحالة. المرجع CASE-2021-5698 · الجهة المعنية: وحدة الالتزام التنظيمي.,وحدة الالتزام التنظيمي,قيد المراجعة القانونية
CASE-01843,2021-03-25,استخدام غير مصرح للأنظمة,بلاغ مبلّغ عن مخالفات في ضبط الجودة,تحقيق سري في بلاغ مبلّغ مع حماية هويته وفق السياسة. المرجع CASE-2021-7299 · الجهة المعنية: الشؤون القانونية.,الشؤون القانونية,محال للجهة المختصة
CASE-01844,2019-05-03,استخدام غير مصرح للأنظمة,قضية استخدام غير مصرح لبيانات مواقع تخزين تشغيلية,استخراج قوائم مواقع تخزين تشغيلية دون تصريح. المرجع CASE-2019-3677 · الجهة المعنية: الأمانة العامة.,الأمانة العامة,محال للجهة المختصة
CASE-01845,2021-11-19,مخالفة مشتريات,اعتراض على احتساب راتب موظف في الموارد البشرية,طلب مراجعة احتساب راتب وبدلات لموظف واحد. المرجع CASE-2021-3897 · الجهة المعنية: الشؤون القانونية.,الشؤون القانونية,محال للجهة المختصة
CASE-01846,2020-03-28,تعارض مصالح,قضية استخدام غير مصرح لبيانات مواقع تخزين تشغيلية,استخراج قوائم مواقع تخزين تشغيلية دون تصريح. المرجع CASE-2020-8392 · الجهة المعنية: التدقيق الداخلي.,التدقيق الداخلي,مغلق
CASE-01847,2024-08-28,احتيال مالي,إحصاءات البلاغات المغلقة - قطاع الشراكات الربع الأول 2024,إحصاءات مجمّعة عن أعداد البلاغات دون أي تفاصيل تعريفية. المرجع CASE-2024-7413 · الجهة المعنية: الموارد البشرية.,الموارد البشرية,قيد المراجعة القانونية
CASE-01848,2020-08-30,تسريب معلومات,اعتراض على احتساب راتب موظف في المشتريات,طلب مراجعة احتساب راتب وبدلات لموظف واحد. المرجع CASE-2020-3066 · الجهة المعنية: وحدة الالتزام التنظيمي.,وحدة الالتزام التنظيمي,قيد المراجعة القانونية
CASE-01849,2021-07-02,بلاغ مبلّغ,بلاغ عن تسريب بيانات تخص منشأة حيوية وطنية,بلاغ داخلي عن نقل وثائق تخص منشأة حيوية إلى جهة غير مصرح لها. المرجع CASE-2021-9896 · الجهة المعنية: التدقيق الداخلي.,التدقيق الداخلي,مغلق
CASE-01850,2025-08-12,تسريب معلومات,ملف محال للجهة العليا رقم HC-2025-39,ملف محال لجهة عليا لارتباطه بمواقع ومنشآت وطنية محددة. المرجع CASE-2025-3561 · الجهة المعنية: وحدة الالتزام التنظيمي.,وحدة الالتزام التنظيمي,بانتظار الرد
CASE-01851,2025-09-23,تعارض مصالح,ملف محال للجهة العليا رقم HC-2025-89,ملف محال لجهة عليا لارتباطه بمواقع ومنشآت وطنية محددة. المرجع CASE-2025-4540 · الجهة المعنية: التدقيق الداخلي.,التدقيق الداخلي,قيد المراجعة القانونية
CASE-01852,2021-06-01,احتيال مالي,ملخص مواجهة أطراف في الملف رقم MF-2021-972,محضر مواجهة يتضمن إفادات أطراف قد ترتب مسؤولية نظامية. المرجع CASE-2021-1932 · الجهة المعنية: التدقيق الداخلي.,التدقيق الداخلي,مغلق
CASE-01853,2023-05-17,مخالفة تعاقدية,بلاغ مبلّغ عن مخالفات في المالية,تحقيق سري في بلاغ مبلّغ مع حماية هويته وفق السياسة. المرجع CASE-2023-1048 · الجهة المعنية: وحدة مكافحة الاحتيال.,وحدة مكافحة الاحتيال,بانتظار الرد
CASE-01854,2024-02-08,تعارض مصالح,قضية إساءة استخدام معلومات داخلية في قطاع الخدمات الرقمية,قضية استخدام معلومات غير معلنة لتحقيق منفعة شخصية. المرجع CASE-2024-9699 · الجهة المعنية: إدارة المخاطر.,إدارة المخاطر,محال للجهة المختصة
CASE-01855,2025-12-02,مخالفة تعاقدية,ملف مراجعة خاصة رقم SR-2025-906,مراجعة خاصة بتوجيه من اللجنة مع حظر التداول حتى صدور النتيجة. المرجع CASE-2025-5373 · الجهة المعنية: الشؤون القانونية.,الشؤون القانونية,بانتظار الرد
CASE-01856,2026-05-05,تسريب معلومات,ملخص مواجهة أطراف في الملف رقم MF-2026-600,محضر مواجهة يتضمن إفادات أطراف قد ترتب مسؤولية نظامية. المرجع CASE-2026-5660 · الجهة المعنية: الموارد البشرية.,الموارد البشرية,محال للجهة المختصة
CASE-01857,2019-03-22,تعارض مصالح,قضية تسريب الميزانية الاستراتيجية قبل الاعتماد,تسريب أرقام الميزانية الاستراتيجية إلى جهة خارجية قبل اعتمادها. المرجع CASE-2019-1513 · الجهة المعنية: الموارد البشرية.,,محال للجهة المختصة
CASE-01858,2021-06-11,مخالفة سلوك مهني,قضية اشتباه تجسس إلكتروني على نظام إدارة الأصول التقنية,تعاون مع جهات استخبارات وطنية بشأن نشاط تجسس مشتبه به. المرجع CASE-2021-6371 · الجهة المعنية: مكتب حماية المبلّغين.,مكتب حماية المبلّغين,قيد التحقيق
CASE-01859,2024-03-14,مخالفة تعاقدية,قضية تعارض مصالح في ترسية برنامج المدن الذكية,قضية تعارض مصالح بين عضو لجنة وأحد الموردين المتنافسين. المرجع CASE-2024-9524 · الجهة المعنية: الشؤون القانونية.,الشؤون القانونية,قيد المراجعة القانونية
CASE-01860,2024-04-23,مخالفة سلوك مهني,قضية تسريب الميزانية الاستراتيجية قبل الاعتماد,تسريب أرقام الميزانية الاستراتيجية إلى جهة خارجية قبل اعتمادها. المرجع CASE-2024-4038 · الجهة المعنية: وحدة مكافحة الاحتيال.,وحدة مكافحة الاحتيال,مغلق
CASE-01861,2023-01-21,استخدام غير مصرح للأنظمة,تحقيق في تواطؤ محتمل بين موردي قطاع الخدمات الرقمية,تحقيق في مؤشرات تنسيق أسعار بين موردين في منافسة مغلقة. المرجع CASE-2023-9738 · الجهة المعنية: الشؤون القانونية.,الشؤون القانونية,قيد التحقيق
CASE-01862,2022-02-16,احتيال مالي,قضية تعارض مصالح في ترسية برنامج التوسع الإقليمي,قضية تعارض مصالح بين عضو لجنة وأحد الموردين المتنافسين. المرجع CASE-2022-3167 · الجهة المعنية: وحدة الالتزام التنظيمي.,وحدة الالتزام التنظيمي,قيد المراجعة القانونية
CASE-01863,2022-06-23,مخالفة سلوك مهني,منشور سياسة السلوك المهني - المالية 2022,منشور عام يوضح مبادئ السلوك المهني المعتمدة. المرجع CASE-2022-6170 · الجهة المعنية: الشؤون القانونية.,الشؤون القانونية,مغلق
CASE-01864,2023-07-31,تسريب معلومات,تحقيق في تسريب مسودة مذكرة تفاهم مع شريك خارجي,تسريب مسودة مذكرة تفاهم قبل توقيعها رسميًا. المرجع CASE-2023-9075 · الجهة المعنية: وحدة مكافحة الاحتيال.,وحدة مكافحة الاحتيال,قيد التحقيق
CASE-01865,2022-02-23,مخالفة تعاقدية,قضية تسريب الميزانية الاستراتيجية قبل الاعتماد,تسريب أرقام الميزانية الاستراتيجية إلى جهة خارجية قبل اعتمادها. المرجع CASE-2022-9133 · الجهة المعنية: التدقيق الداخلي.,التدقيق الداخلي,قيد المراجعة القانونية
CASE-01866,2024-01-19,تسريب معلومات,تحقيق في تواطؤ محتمل بين موردي قطاع العمليات,تحقيق في مؤشرات تنسيق أسعار بين موردين في منافسة مغلقة. المرجع CASE-2024-3431 · الجهة المعنية: وحدة مكافحة الاحتيال.,وحدة مكافحة الاحتيال,مغلق
CASE-01867,2026-03-28,مخالفة مشتريات,بلاغ مبلّغ عن مخالفات في المالية,تحقيق سري في بلاغ مبلّغ مع حماية هويته وفق السياسة. المرجع CASE-2026-5936 · الجهة المعنية: التدقيق الداخلي.,التدقيق الداخلي,محال للجهة المختصة
CASE-01868,2024-07-27,بلاغ مبلّغ,تحقيق في تواطؤ محتمل بين موردي قطاع الخدمات الرقمية,تحقيق في مؤشرات تنسيق أسعار بين موردين في منافسة مغلقة. المرجع CASE-2024-2049 · الجهة المعنية: إدارة المخاطر.,إدارة المخاطر,منتهي بتوصيات
CASE-01869,2023-02-27,احتيال مالي,ملخص مواجهة أطراف في الملف رقم MF-2023-515,محضر مواجهة يتضمن إفادات أطراف قد ترتب مسؤولية نظامية. المرجع CASE-2023-3552 · الجهة المعنية: الموارد البشرية.,الموارد البشرية,محال للجهة المختصة
CASE-01870,2024-06-01,مخالفة تعاقدية,بلاغ مبلّغ عن مخالفات في المشتريات,تحقيق سري في بلاغ مبلّغ مع حماية هويته وفق السياسة. المرجع CASE-2024-1879 · الجهة المعنية: مكتب حماية المبلّغين.,مكتب حماية المبلّغين,محال للجهة المختصة
CASE-01871,2024-04-02,بلاغ مبلّغ,تحقيق في تواطؤ محتمل بين موردي قطاع التقنية والمشاريع,تحقيق في مؤشرات تنسيق أسعار بين موردين في منافسة مغلقة. المرجع CASE-2024-4602 · الجهة المعنية: التدقيق الداخلي.,التدقيق الداخلي,قيد التحقيق
CASE-01872,2025-12-22,مخالفة سلوك مهني,ملف مراجعة خاصة رقم SR-2025-455,مراجعة خاصة بتوجيه من اللجنة مع حظر التداول حتى صدور النتيجة. المرجع CASE-2025-3649 · الجهة المعنية: وحدة الالتزام التنظيمي.,وحدة الالتزام التنظيمي,مغلق
CASE-01873,2019-06-27,مخالفة تعاقدية,ملخص مواجهة أطراف في الملف رقم MF-2019-720,محضر مواجهة يتضمن إفادات أطراف قد ترتب مسؤولية نظامية. المرجع CASE-2019-6798 · الجهة المعنية: وحدة الالتزام التنظيمي.,وحدة الالتزام التنظيمي,قيد المراجعة القانونية
CASE-01874,2022-11-17,بلاغ مبلّغ,قضية إساءة استخدام معلومات داخلية في قطاع التقنية والمشاريع,قضية استخدام معلومات غير معلنة لتحقيق منفعة شخصية. المرجع CASE-2022-5113 · الجهة المعنية: الشؤون القانونية.,الشؤون القانونية,محال للجهة المختصة
CASE-01875,2021-06-25,تسريب معلومات,تحقيق في تسريب مسودة مذكرة تفاهم مع شريك خارجي,تسريب مسودة مذكرة تفاهم قبل توقيعها رسميًا. المرجع CASE-2021-6802 · الجهة المعنية: إدارة المخاطر.,إدارة المخاطر,قيد التحقيق
CASE-01876,2021-11-13,مخالفة مشتريات,تحقيق في تلاعب بسجلات الاعتماد في نظام النسخ الاحتياطي المركزي,تحقيق في تعديل غير مصرح لسجلات الاعتماد المالي. المرجع CASE-2021-6853 · الجهة المعنية: وحدة الالتزام التنظيمي.,وحدة الالتزام التنظيمي,مغلق
CASE-01877,2023-01-30,مخالفة مشتريات,مراجعة استراتيجية لمخاطر الالتزام في قطاع التحول الرقمي,مراجعة استراتيجية لمخاطر التزام قد تؤدي إلى غرامات تنظيمية. المرجع CASE-2023-1756 · الجهة المعنية: الشؤون القانونية.,الشؤون القانونية,منتهي بتوصيات
CASE-01878,2026-01-29,إساءة استخدام صلاحيات,قضية تسريب الميزانية الاستراتيجية قبل الاعتماد,تسريب أرقام الميزانية الاستراتيجية إلى جهة خارجية قبل اعتمادها. المرجع CASE-2026-8485 · الجهة المعنية: الشؤون القانونية.,الشؤون القانونية,بانتظار الرد
CASE-01879,2020-04-01,احتيال مالي,تحقيق في تلاعب بسجلات الاعتماد في بوابة المدفوعات الوطنية,تحقيق في تعديل غير مصرح لسجلات الاعتماد المالي. المرجع CASE-2020-6451 · الجهة المعنية: إدارة المخاطر.,إدارة المخاطر,محال للجهة المختصة
CASE-01880,2019-04-26,استخدام غير مصرح للأنظمة,تحقيق في مخالفة تعاقدية مع شريك تقني عالمي,تحقيق في إخلال ببنود تعاقدية قد يرتب مطالبات مالية كبيرة. المرجع CASE-2019-7867 · الجهة المعنية: إدارة المخاطر.,إدارة المخاطر,بانتظار الرد
CASE-01881,2019-09-24,تسريب معلومات,تحقيق في تواطؤ محتمل بين موردي قطاع الأعمال المؤسسية,تحقيق في مؤشرات تنسيق أسعار بين موردين في منافسة مغلقة. المرجع CASE-2019-5253 · الجهة المعنية: وحدة الالتزام التنظيمي.,وحدة الالتزام التنظيمي,محال للجهة المختصة
CASE-01882,2019-10-16,مخالفة مشتريات,مخالفة خصوصية في تداول ملفات المنسوبين,تداول ملفات موظفين دون مراعاة ضوابط خصوصية البيانات. المرجع CASE-2019-1050 · الجهة المعنية: الأمانة العامة.,الأمانة العامة,منتهي بتوصيات
CASE-01883,2022-11-24,استخدام غير مصرح للأنظمة,ملخص مواجهة أطراف في الملف رقم MF-2022-466,محضر مواجهة يتضمن إفادات أطراف قد ترتب مسؤولية نظامية. المرجع CASE-2022-8122 · الجهة المعنية: الموارد البشرية.,,بانتظار الرد
CASE-01884,2020-11-28,بلاغ مبلّغ,تحقيق في مخالفة تعاقدية مع شريك تقني عالمي,تحقيق في إخلال ببنود تعاقدية قد يرتب مطالبات مالية كبيرة. المرجع CASE-2020-4406 · الجهة المعنية: الأمانة العامة.,الأمانة العامة,قيد التحقيق
CASE-01885,2023-02-04,إساءة استخدام صلاحيات,قضية تسريب الميزانية الاستراتيجية قبل الاعتماد,تسريب أرقام الميزانية الاستراتيجية إلى جهة خارجية قبل اعتمادها. المرجع CASE-2023-3095 · الجهة المعنية: وحدة الالتزام التنظيمي.,وحدة الالتزام التنظيمي,محال للجهة المختصة
CASE-01886,2022-01-02,تسريب معلومات,تحقيق في تلاعب بسجلات الاعتماد في بوابة الموردين الإلكترونية,تحقيق في تعديل غير مصرح لسجلات الاعتماد المالي. المرجع CASE-2022-1236 · الجهة المعنية: مكتب حماية المبلّغين.,مكتب حماية المبلّغين,منتهي بتوصيات
CASE-01887,2021-04-11,مخالفة سلوك مهني,مراجعة استراتيجية لمخاطر الالتزام في قطاع الحلول الحكومية,مراجعة استراتيجية لمخاطر التزام قد تؤدي إلى غرامات تنظيمية. المرجع CASE-2021-5535 · الجهة المعنية: الشؤون القانونية.,الشؤون القانونية,محال للجهة المختصة
CASE-01888,2021-08-23,مخالفة سلوك مهني,قضية استخدام غير مصرح لبيانات مواقع تخزين تشغيلية,استخراج قوائم مواقع تخزين تشغيلية دون تصريح. المرجع CASE-2021-4205 · الجهة المعنية: الأمانة العامة.,الأمانة العامة,بانتظار الرد
CASE-01889,2022-10-18,مخالفة مشتريات,مراجعة استراتيجية لمخاطر الالتزام في قطاع الشراكات,مراجعة استراتيجية لمخاطر التزام قد تؤدي إلى غرامات تنظيمية. المرجع CASE-2022-6666 · الجهة المعنية: الشؤون القانونية.,الشؤون القانونية,مغلق
CASE-01890,2021-12-23,تسريب معلومات,تحقيق في تسريب مسودة مذكرة تفاهم مع شريك خارجي,تسريب مسودة مذكرة تفاهم قبل توقيعها رسميًا. المرجع CASE-2021-2590 · الجهة المعنية: الشؤون القانونية.,الشؤون القانونية,بانتظار الرد
CASE-01891,2019-02-15,إساءة استخدام صلاحيات,تحقيق في تواطؤ محتمل بين موردي قطاع الأعمال المؤسسية,تحقيق في مؤشرات تنسيق أسعار بين موردين في منافسة مغلقة. المرجع CASE-2019-6582 · الجهة المعنية: مكتب حماية المبلّغين.,مكتب حماية المبلّغين,محال للجهة المختصة
CASE-01892,2024-02-22,إساءة استخدام صلاحيات,تحقيق في تسريب مسودة مذكرة تفاهم مع شريك خارجي,تسريب مسودة مذكرة تفاهم قبل توقيعها رسميًا. المرجع CASE-2024-5173 · الجهة المعنية: مكتب حماية المبلّغين.,مكتب حماية المبلّغين,بانتظار الرد
CASE-01893,2021-07-24,استخدام غير مصرح للأنظمة,تحقيق في مخالفة تعاقدية مع دولة شريكة,تحقيق في إخلال ببنود تعاقدية قد يرتب مطالبات مالية كبيرة. المرجع CASE-2021-5856 · الجهة المعنية: الموارد البشرية.,الموارد البشرية,منتهي بتوصيات
CASE-01894,2021-06-27,استخدام غير مصرح للأنظمة,إعلان قناة البلاغات في الدمام - 2021,إعلان رسمي عن إطلاق قناة استقبال البلاغات وآلية استخدامها. المرجع CASE-2021-5642 · الجهة المعنية: مكتب حماية المبلّغين.,مكتب حماية المبلّغين,مغلق
CASE-01895,2021-08-08,احتيال مالي,تحقيق في تسريب مسودة مذكرة تفاهم مع شريك خارجي,تسريب مسودة مذكرة تفاهم قبل توقيعها رسميًا. المرجع CASE-2021-3218 · الجهة المعنية: وحدة الالتزام التنظيمي.,وحدة الالتزام التنظيمي,مغلق
CASE-01896,2023-10-14,مخالفة سلوك مهني,تحقيق في تلاعب بسجلات الاعتماد في نظام التخطيط المؤسسي,تحقيق في تعديل غير مصرح لسجلات الاعتماد المالي. المرجع CASE-2023-6458 · الجهة المعنية: الشؤون القانونية.,الشؤون القانونية,قيد المراجعة القانونية
CASE-01897,2020-09-13,تسريب معلومات,بلاغ عن تسريب بيانات تخص منشأة حيوية وطنية,بلاغ داخلي عن نقل وثائق تخص منشأة حيوية إلى جهة غير مصرح لها. المرجع CASE-2020-6086 · الجهة المعنية: الأمانة العامة.,الأمانة العامة,قيد التحقيق
CASE-01898,2024-09-01,تعارض مصالح,قضية تسريب الميزانية الاستراتيجية قبل الاعتماد,تسريب أرقام الميزانية الاستراتيجية إلى جهة خارجية قبل اعتمادها. المرجع CASE-2024-6248 · الجهة المعنية: مكتب حماية المبلّغين.,مكتب حماية المبلّغين,مغلق
CASE-01899,2020-06-23,مخالفة سلوك مهني,اعتراض على احتساب راتب موظف في التشغيل,طلب مراجعة احتساب راتب وبدلات لموظف واحد. المرجع CASE-2020-1675 · الجهة المعنية: وحدة الالتزام التنظيمي.,وحدة الالتزام التنظيمي,قيد التحقيق
CASE-01900,2019-02-24,تعارض مصالح,تحقيق في مخالفة تعاقدية مع تحالف صناعي دولي,تحقيق في إخلال ببنود تعاقدية قد يرتب مطالبات مالية كبيرة. المرجع CASE-2019-6373 · الجهة المعنية: إدارة المخاطر.,إدارة المخاطر,محال للجهة المختصة
CASE-01901,2022-09-26,استخدام غير مصرح للأنظمة,قضية استخدام غير مصرح لبيانات مواقع تخزين تشغيلية,استخراج قوائم مواقع تخزين تشغيلية دون تصريح. المرجع CASE-2022-5498 · الجهة المعنية: الشؤون القانونية.,الشؤون القانونية,مغلق
CASE-01902,2021-03-31,احتيال مالي,مراجعة استراتيجية لمخاطر الالتزام في قطاع البنية التحتية,مراجعة استراتيجية لمخاطر التزام قد تؤدي إلى غرامات تنظيمية. المرجع CASE-2021-2272 · الجهة المعنية: وحدة الالتزام التنظيمي.,وحدة الالتزام التنظيمي,قيد التحقيق
CASE-01903,2024-12-09,مخالفة سلوك مهني,قضية اشتباه تجسس إلكتروني على نظام إدارة العقود,تعاون مع جهات استخبارات وطنية بشأن نشاط تجسس مشتبه به. المرجع CASE-2024-8485 · الجهة المعنية: إدارة المخاطر.,إدارة المخاطر,مغلق
CASE-01904,2025-11-15,مخالفة مشتريات,تحقيق في تواطؤ محتمل بين موردي قطاع الخدمات الرقمية,تحقيق في مؤشرات تنسيق أسعار بين موردين في منافسة مغلقة. المرجع CASE-2025-2905 · الجهة المعنية: الأمانة العامة.,الأمانة العامة,قيد التحقيق
CASE-01905,2022-01-24,مخالفة سلوك مهني,منشور سياسة السلوك المهني - المالية 2022,منشور عام يوضح مبادئ السلوك المهني المعتمدة. المرجع CASE-2022-3774 · الجهة المعنية: مكتب حماية المبلّغين.,مكتب حماية المبلّغين,قيد التحقيق
CASE-01906,2025-12-11,مخالفة سلوك مهني,تحقيق في احتيال مالي بقيمة تقديرية 21 مليون ريال,تحقيق داخلي في معاملات مالية غير مبررة وتوصيات الإحالة. المرجع CASE-2025-5051 · الجهة المعنية: الشؤون القانونية.,الشؤون القانونية,منتهي بتوصيات
CASE-01907,2023-07-30,مخالفة مشتريات,قضية تعارض مصالح في ترسية برنامج الذكاء الاصطناعي المؤسسي,قضية تعارض مصالح بين عضو لجنة وأحد الموردين المتنافسين. المرجع CASE-2023-6843 · الجهة المعنية: الشؤون القانونية.,الشؤون القانونية,بانتظار الرد
CASE-01908,2022-03-07,تسريب معلومات,طلب تصحيح بيانات هوية في سجل الموظفين,طلب تصحيح حقول هوية وبيانات تواصل في السجل. المرجع CASE-2022-1809 · الجهة المعنية: مكتب حماية المبلّغين.,مكتب حماية المبلّغين,قيد التحقيق
CASE-01909,2023-01-31,استخدام غير مصرح للأنظمة,ملف مراجعة خاصة رقم SR-2023-939,مراجعة خاصة بتوجيه من اللجنة مع حظر التداول حتى صدور النتيجة. المرجع CASE-2023-3934 · الجهة المعنية: مكتب حماية المبلّغين.,مكتب حماية المبلّغين,قيد التحقيق
CASE-01910,2025-02-28,احتيال مالي,تحقيق في احتيال مالي بقيمة تقديرية 20 مليون ريال,تحقيق داخلي في معاملات مالية غير مبررة وتوصيات الإحالة. المرجع CASE-2025-7856 · الجهة المعنية: وحدة الالتزام التنظيمي.,وحدة الالتزام التنظيمي,محال للجهة المختصة
CASE-01911,2021-12-04,مخالفة مشتريات,ملف محال للجهة العليا رقم HC-2021-53,ملف محال لجهة عليا لارتباطه بمواقع ومنشآت وطنية محددة. المرجع CASE-2021-1412 · الجهة المعنية: إدارة المخاطر.,إدارة المخاطر,قيد المراجعة القانونية
CASE-01912,2022-09-16,استخدام غير مصرح للأنظمة,مخالفة في التعامل مع مخرجات مورد عسكري المنشأ,استخدام مكوّن عسكري المنشأ خارج الضوابط التعاقدية المعتمدة. المرجع CASE-2022-6055 · الجهة المعنية: وحدة الالتزام التنظيمي.,وحدة الالتزام التنظيمي,مغلق
CASE-01913,2019-05-27,تسريب معلومات,قضية تسريب الميزانية الاستراتيجية قبل الاعتماد,تسريب أرقام الميزانية الاستراتيجية إلى جهة خارجية قبل اعتمادها. المرجع CASE-2019-6970 · الجهة المعنية: الشؤون القانونية.,الشؤون القانونية,محال للجهة المختصة
CASE-01914,2021-05-07,تسريب معلومات,تحقيق في مخالفة تعاقدية مع تحالف صناعي دولي,تحقيق في إخلال ببنود تعاقدية قد يرتب مطالبات مالية كبيرة. المرجع CASE-2021-5325 · الجهة المعنية: الشؤون القانونية.,الشؤون القانونية,منتهي بتوصيات
CASE-01915,2019-05-25,استخدام غير مصرح للأنظمة,تحقيق في تواطؤ محتمل بين موردي قطاع الخدمات الرقمية,تحقيق في مؤشرات تنسيق أسعار بين موردين في منافسة مغلقة. المرجع CASE-2019-3799 · الجهة المعنية: مكتب حماية المبلّغين.,مكتب حماية المبلّغين,قيد المراجعة القانونية
CASE-01916,2025-04-17,بلاغ مبلّغ,تحقيق في احتيال مالي بقيمة تقديرية 26 مليون ريال,تحقيق داخلي في معاملات مالية غير مبررة وتوصيات الإحالة. المرجع CASE-2025-7305 · الجهة المعنية: مكتب حماية المبلّغين.,مكتب حماية المبلّغين,بانتظار الرد
CASE-01917,2021-06-13,مخالفة تعاقدية,قضية تسريب الميزانية الاستراتيجية قبل الاعتماد,تسريب أرقام الميزانية الاستراتيجية إلى جهة خارجية قبل اعتمادها. المرجع CASE-2021-7690 · الجهة المعنية: وحدة الالتزام التنظيمي.,وحدة الالتزام التنظيمي,بانتظار الرد
CASE-01918,2020-10-16,إساءة استخدام صلاحيات,منشور سياسة السلوك المهني - المالية 2020,منشور عام يوضح مبادئ السلوك المهني المعتمدة. المرجع CASE-2020-4887 · الجهة المعنية: الموارد البشرية.,الموارد البشرية,منتهي بتوصيات
CASE-01919,2022-06-12,تسريب معلومات,بلاغ عن مخالفة في التعامل مع مواد أسلحة خاضعة للرقابة,مخالفة إجراءات مناولة أسلحة ومواد خاضعة للرقابة داخل موقع تشغيلي. المرجع CASE-2022-1886 · الجهة المعنية: الأمانة العامة.,الأمانة العامة,قيد التحقيق
CASE-01920,2023-09-26,بلاغ مبلّغ,مخالفة في التعامل مع مخرجات مورد عسكري المنشأ,استخدام مكوّن عسكري المنشأ خارج الضوابط التعاقدية المعتمدة. المرجع CASE-2023-6772 · الجهة المعنية: وحدة الالتزام التنظيمي.,وحدة الالتزام التنظيمي,محال للجهة المختصة
CASE-01921,2021-10-06,مخالفة سلوك مهني,قضية تعارض مصالح في ترسية برنامج الذكاء الاصطناعي المؤسسي,قضية تعارض مصالح بين عضو لجنة وأحد الموردين المتنافسين. المرجع CASE-2021-7473 · الجهة المعنية: الشؤون القانونية.,الشؤون القانونية,محال للجهة المختصة
CASE-01922,2021-06-28,استخدام غير مصرح للأنظمة,ملف مراجعة خاصة رقم SR-2021-894,مراجعة خاصة بتوجيه من اللجنة مع حظر التداول حتى صدور النتيجة. المرجع CASE-2021-2366 · الجهة المعنية: وحدة مكافحة الاحتيال.,وحدة مكافحة الاحتيال,منتهي بتوصيات
CASE-01923,2019-07-12,بلاغ مبلّغ,تحقيق في تلاعب بسجلات الاعتماد في نظام إدارة الهوية المركزي,تحقيق في تعديل غير مصرح لسجلات الاعتماد المالي. المرجع CASE-2019-5756 · الجهة المعنية: التدقيق الداخلي.,التدقيق الداخلي,قيد المراجعة القانونية
CASE-01924,2025-12-13,تعارض مصالح,قضية تسريب الميزانية الاستراتيجية قبل الاعتماد,تسريب أرقام الميزانية الاستراتيجية إلى جهة خارجية قبل اعتمادها. المرجع CASE-2025-1156 · الجهة المعنية: الشؤون القانونية.,الشؤون القانونية,قيد المراجعة القانونية
CASE-01925,2019-11-03,بلاغ مبلّغ,قضية استخدام غير مصرح لبيانات مواقع تخزين تشغيلية,استخراج قوائم مواقع تخزين تشغيلية دون تصريح. المرجع CASE-2019-3386 · الجهة المعنية: التدقيق الداخلي.,التدقيق الداخلي,بانتظار الرد
CASE-01926,2023-10-08,إساءة استخدام صلاحيات,مراجعة استراتيجية لمخاطر الالتزام في قطاع التحول الرقمي,مراجعة استراتيجية لمخاطر التزام قد تؤدي إلى غرامات تنظيمية. المرجع CASE-2023-9520 · الجهة المعنية: مكتب حماية المبلّغين.,مكتب حماية المبلّغين,قيد المراجعة القانونية
CASE-01927,2023-11-07,مخالفة تعاقدية,تحقيق في تلاعب بسجلات الاعتماد في شبكة الاتصالات الداخلية,تحقيق في تعديل غير مصرح لسجلات الاعتماد المالي. المرجع CASE-2023-7914 · الجهة المعنية: الأمانة العامة.,الأمانة العامة,منتهي بتوصيات
CASE-01928,2019-06-22,بلاغ مبلّغ,قضية اشتباه تجسس إلكتروني على بوابة المدفوعات الوطنية,تعاون مع جهات استخبارات وطنية بشأن نشاط تجسس مشتبه به. المرجع CASE-2019-2738 · الجهة المعنية: الأمانة العامة.,الأمانة العامة,قيد المراجعة القانونية
CASE-01929,2019-10-12,استخدام غير مصرح للأنظمة,ملخص مواجهة أطراف في الملف رقم MF-2019-109,محضر مواجهة يتضمن إفادات أطراف قد ترتب مسؤولية نظامية. المرجع CASE-2019-8847 · الجهة المعنية: وحدة الالتزام التنظيمي.,وحدة الالتزام التنظيمي,محال للجهة المختصة
CASE-01930,2019-12-10,مخالفة مشتريات,مخالفة خصوصية في تداول ملفات المنسوبين,تداول ملفات موظفين دون مراعاة ضوابط خصوصية البيانات. المرجع CASE-2019-9829 · الجهة المعنية: الأمانة العامة.,,مغلق
CASE-01931,2023-08-23,تعارض مصالح,قضية تسريب الميزانية الاستراتيجية قبل الاعتماد,تسريب أرقام الميزانية الاستراتيجية إلى جهة خارجية قبل اعتمادها. المرجع CASE-2023-9732 · الجهة المعنية: الشؤون القانونية.,الشؤون القانونية,قيد التحقيق
CASE-01932,2023-04-14,مخالفة سلوك مهني,منشور سياسة السلوك المهني - الخدمات المساندة 2023,منشور عام يوضح مبادئ السلوك المهني المعتمدة. المرجع CASE-2023-9507 · الجهة المعنية: إدارة المخاطر.,إدارة المخاطر,بانتظار الرد
CASE-01933,2025-05-17,احتيال مالي,تحقيق في مخالفة تعاقدية مع جهة سيادية شريكة,تحقيق في إخلال ببنود تعاقدية قد يرتب مطالبات مالية كبيرة. المرجع CASE-2025-9233 · الجهة المعنية: مكتب حماية المبلّغين.,مكتب حماية المبلّغين,محال للجهة المختصة
CASE-01934,2024-08-31,مخالفة مشتريات,تحقيق في تواطؤ محتمل بين موردي قطاع البنية التحتية,تحقيق في مؤشرات تنسيق أسعار بين موردين في منافسة مغلقة. المرجع CASE-2024-6918 · الجهة المعنية: وحدة الالتزام التنظيمي.,وحدة الالتزام التنظيمي,مغلق
CASE-01935,2023-08-14,احتيال مالي,تحقيق في تلاعب بسجلات الاعتماد في نظام التحقق الرقمي,تحقيق في تعديل غير مصرح لسجلات الاعتماد المالي. المرجع CASE-2023-7024 · الجهة المعنية: الأمانة العامة.,الأمانة العامة,محال للجهة المختصة
CASE-01936,2021-07-20,مخالفة سلوك مهني,تحقيق في احتيال مالي بقيمة تقديرية 28 مليون ريال,تحقيق داخلي في معاملات مالية غير مبررة وتوصيات الإحالة. المرجع CASE-2021-6226 · الجهة المعنية: التدقيق الداخلي.,التدقيق الداخلي,قيد التحقيق
CASE-01937,2023-07-09,مخالفة مشتريات,ملف مراجعة خاصة رقم SR-2023-883,مراجعة خاصة بتوجيه من اللجنة مع حظر التداول حتى صدور النتيجة. المرجع CASE-2023-3202 · الجهة المعنية: الشؤون القانونية.,الشؤون القانونية,قيد المراجعة القانونية
CASE-01938,2022-03-21,مخالفة تعاقدية,قضية تمويل مشبوه مرتبط بشبكة خارجية,إحالة إلى الجهات الأمنية بعد رصد نمط تمويل يتصل بأنشطة استخبارات. المرجع CASE-2022-5532 · الجهة المعنية: الشؤون القانونية.,الشؤون القانونية,منتهي بتوصيات
CASE-01939,2022-10-20,مخالفة مشتريات,بلاغ مبلّغ عن مخالفات في تقنية المعلومات,تحقيق سري في بلاغ مبلّغ مع حماية هويته وفق السياسة. المرجع CASE-2022-5332 · الجهة المعنية: الموارد البشرية.,الموارد البشرية,قيد المراجعة القانونية
CASE-01940,2023-05-29,بلاغ مبلّغ,قضية تسريب الميزانية الاستراتيجية قبل الاعتماد,تسريب أرقام الميزانية الاستراتيجية إلى جهة خارجية قبل اعتمادها. المرجع CASE-2023-8962 · الجهة المعنية: إدارة المخاطر.,إدارة المخاطر,محال للجهة المختصة
CASE-01941,2026-03-14,تسريب معلومات,بلاغ مبلّغ عن مخالفات في الموارد البشرية,تحقيق سري في بلاغ مبلّغ مع حماية هويته وفق السياسة. المرجع CASE-2026-2210 · الجهة المعنية: الموارد البشرية.,الموارد البشرية,محال للجهة المختصة
CASE-01942,2020-05-04,تعارض مصالح,بلاغ عن تسريب بيانات تخص منشأة حيوية وطنية,بلاغ داخلي عن نقل وثائق تخص منشأة حيوية إلى جهة غير مصرح لها. المرجع CASE-2020-3979 · الجهة المعنية: مكتب حماية المبلّغين.,مكتب حماية المبلّغين,قيد المراجعة القانونية
CASE-01943,2025-09-03,مخالفة سلوك مهني,ملخص مواجهة أطراف في الملف رقم MF-2025-466,محضر مواجهة يتضمن إفادات أطراف قد ترتب مسؤولية نظامية. المرجع CASE-2025-6188 · الجهة المعنية: وحدة مكافحة الاحتيال.,وحدة مكافحة الاحتيال,قيد المراجعة القانونية
CASE-01944,2022-01-12,مخالفة سلوك مهني,طلب تصحيح بيانات هوية في سجل الموظفين,طلب تصحيح حقول هوية وبيانات تواصل في السجل. المرجع CASE-2022-8286 · الجهة المعنية: إدارة المخاطر.,إدارة المخاطر,منتهي بتوصيات
CASE-01945,2021-01-02,إساءة استخدام صلاحيات,بلاغ مبلّغ عن مخالفات في المشتريات,تحقيق سري في بلاغ مبلّغ مع حماية هويته وفق السياسة. المرجع CASE-2021-1446 · الجهة المعنية: الموارد البشرية.,الموارد البشرية,قيد التحقيق
CASE-01946,2020-09-27,إساءة استخدام صلاحيات,تحقيق في تواطؤ محتمل بين موردي قطاع البنية التحتية,تحقيق في مؤشرات تنسيق أسعار بين موردين في منافسة مغلقة. المرجع CASE-2020-4537 · الجهة المعنية: وحدة الالتزام التنظيمي.,وحدة الالتزام التنظيمي,قيد التحقيق
CASE-01947,2025-09-15,مخالفة مشتريات,مخالفة في التعامل مع مخرجات مورد عسكري المنشأ,استخدام مكوّن عسكري المنشأ خارج الضوابط التعاقدية المعتمدة. المرجع CASE-2025-3863 · الجهة المعنية: الأمانة العامة.,الأمانة العامة,قيد التحقيق
CASE-01948,2023-06-24,تعارض مصالح,منشور سياسة السلوك المهني - المشتريات 2023,منشور عام يوضح مبادئ السلوك المهني المعتمدة. المرجع CASE-2023-8431 · الجهة المعنية: الشؤون القانونية.,الشؤون القانونية,منتهي بتوصيات
CASE-01949,2021-04-24,استخدام غير مصرح للأنظمة,ملخص مواجهة أطراف في الملف رقم MF-2021-523,محضر مواجهة يتضمن إفادات أطراف قد ترتب مسؤولية نظامية. المرجع CASE-2021-4274 · الجهة المعنية: وحدة مكافحة الاحتيال.,وحدة مكافحة الاحتيال,بانتظار الرد
CASE-01950,2025-07-21,تعارض مصالح,قضية إساءة استخدام معلومات داخلية في قطاع البنية التحتية,قضية استخدام معلومات غير معلنة لتحقيق منفعة شخصية. المرجع CASE-2025-5856 · الجهة المعنية: الشؤون القانونية.,الشؤون القانونية,قيد المراجعة القانونية
CASE-01951,2022-10-25,مخالفة مشتريات,ملخص مواجهة أطراف في الملف رقم MF-2022-309,محضر مواجهة يتضمن إفادات أطراف قد ترتب مسؤولية نظامية. المرجع CASE-2022-1723 · الجهة المعنية: التدقيق الداخلي.,التدقيق الداخلي,بانتظار الرد
CASE-01952,2021-12-09,تعارض مصالح,تحقيق في تلاعب بسجلات الاعتماد في بوابة المدفوعات الوطنية,تحقيق في تعديل غير مصرح لسجلات الاعتماد المالي. المرجع CASE-2021-7429 · الجهة المعنية: الموارد البشرية.,الموارد البشرية,منتهي بتوصيات
CASE-01953,2022-07-29,إساءة استخدام صلاحيات,تحقيق في تلاعب بسجلات الاعتماد في نظام التحقق الرقمي,تحقيق في تعديل غير مصرح لسجلات الاعتماد المالي. المرجع CASE-2022-6049 · الجهة المعنية: وحدة مكافحة الاحتيال.,وحدة مكافحة الاحتيال,قيد المراجعة القانونية
CASE-01954,2024-03-11,مخالفة مشتريات,ملف مراجعة خاصة رقم SR-2024-939,مراجعة خاصة بتوجيه من اللجنة مع حظر التداول حتى صدور النتيجة. المرجع CASE-2024-9026 · الجهة المعنية: الشؤون القانونية.,الشؤون القانونية,مغلق
CASE-01955,2019-10-01,تعارض مصالح,قضية تسريب الميزانية الاستراتيجية قبل الاعتماد,تسريب أرقام الميزانية الاستراتيجية إلى جهة خارجية قبل اعتمادها. المرجع CASE-2019-4281 · الجهة المعنية: مكتب حماية المبلّغين.,مكتب حماية المبلّغين,محال للجهة المختصة
CASE-01956,2024-11-07,مخالفة تعاقدية,تحقيق في تواطؤ محتمل بين موردي قطاع الأعمال المؤسسية,تحقيق في مؤشرات تنسيق أسعار بين موردين في منافسة مغلقة. المرجع CASE-2024-6524 · الجهة المعنية: الأمانة العامة.,الأمانة العامة,منتهي بتوصيات
CASE-01957,2022-11-21,احتيال مالي,بلاغ مبلّغ عن مخالفات في التدقيق الداخلي,تحقيق سري في بلاغ مبلّغ مع حماية هويته وفق السياسة. المرجع CASE-2022-9894 · الجهة المعنية: التدقيق الداخلي.,التدقيق الداخلي,محال للجهة المختصة
CASE-01958,2020-04-24,استخدام غير مصرح للأنظمة,قضية تمويل مشبوه مرتبط بشبكة خارجية,إحالة إلى الجهات الأمنية بعد رصد نمط تمويل يتصل بأنشطة استخبارات. المرجع CASE-2020-9365 · الجهة المعنية: إدارة المخاطر.,إدارة المخاطر,قيد المراجعة القانونية
CASE-01959,2021-08-20,بلاغ مبلّغ,مخالفة في التعامل مع مخرجات مورد عسكري المنشأ,استخدام مكوّن عسكري المنشأ خارج الضوابط التعاقدية المعتمدة. المرجع CASE-2021-7647 · الجهة المعنية: التدقيق الداخلي.,التدقيق الداخلي,بانتظار الرد
CASE-01960,2019-03-20,إساءة استخدام صلاحيات,قضية تعارض مصالح في ترسية برنامج الذكاء الاصطناعي المؤسسي,قضية تعارض مصالح بين عضو لجنة وأحد الموردين المتنافسين. المرجع CASE-2019-4735 · الجهة المعنية: مكتب حماية المبلّغين.,مكتب حماية المبلّغين,محال للجهة المختصة
CASE-01961,2020-09-09,مخالفة مشتريات,بلاغ عن مخالفة في التعامل مع مواد أسلحة خاضعة للرقابة,مخالفة إجراءات مناولة أسلحة ومواد خاضعة للرقابة داخل موقع تشغيلي. المرجع CASE-2020-8647 · الجهة المعنية: مكتب حماية المبلّغين.,مكتب حماية المبلّغين,قيد المراجعة القانونية
CASE-01962,2024-08-11,بلاغ مبلّغ,تحقيق في تسريب مسودة مذكرة تفاهم مع شريك خارجي,تسريب مسودة مذكرة تفاهم قبل توقيعها رسميًا. المرجع CASE-2024-6517 · الجهة المعنية: وحدة مكافحة الاحتيال.,وحدة مكافحة الاحتيال,قيد التحقيق
CASE-01963,2026-02-03,مخالفة سلوك مهني,تحقيق في مخالفة تعاقدية مع دولة شريكة,تحقيق في إخلال ببنود تعاقدية قد يرتب مطالبات مالية كبيرة. المرجع CASE-2026-7433 · الجهة المعنية: إدارة المخاطر.,إدارة المخاطر,منتهي بتوصيات
CASE-01964,2021-01-14,مخالفة مشتريات,قضية تسريب الميزانية الاستراتيجية قبل الاعتماد,تسريب أرقام الميزانية الاستراتيجية إلى جهة خارجية قبل اعتمادها. المرجع CASE-2021-1892 · الجهة المعنية: وحدة مكافحة الاحتيال.,وحدة مكافحة الاحتيال,مغلق
CASE-01965,2021-06-12,بلاغ مبلّغ,طلب تصحيح بيانات هوية في سجل الموظفين,طلب تصحيح حقول هوية وبيانات تواصل في السجل. المرجع CASE-2021-9831 · الجهة المعنية: وحدة الالتزام التنظيمي.,وحدة الالتزام التنظيمي,مغلق
CASE-01966,2021-10-28,احتيال مالي,قضية تسريب الميزانية الاستراتيجية قبل الاعتماد,تسريب أرقام الميزانية الاستراتيجية إلى جهة خارجية قبل اعتمادها. المرجع CASE-2021-5165 · الجهة المعنية: إدارة المخاطر.,إدارة المخاطر,قيد التحقيق
CASE-01967,2021-09-17,مخالفة سلوك مهني,تحقيق في تسريب مسودة مذكرة تفاهم مع شريك خارجي,تسريب مسودة مذكرة تفاهم قبل توقيعها رسميًا. المرجع CASE-2021-6792 · الجهة المعنية: وحدة مكافحة الاحتيال.,وحدة مكافحة الاحتيال,منتهي بتوصيات
CASE-01968,2025-01-11,مخالفة سلوك مهني,ملف محال للجهة العليا رقم HC-2025-29,ملف محال لجهة عليا لارتباطه بمواقع ومنشآت وطنية محددة. المرجع CASE-2025-3689 · الجهة المعنية: وحدة مكافحة الاحتيال.,وحدة مكافحة الاحتيال,قيد التحقيق
CASE-01969,2023-08-04,إساءة استخدام صلاحيات,مخالفة خصوصية في تداول ملفات المنسوبين,تداول ملفات موظفين دون مراعاة ضوابط خصوصية البيانات. المرجع CASE-2023-6899 · الجهة المعنية: إدارة المخاطر.,إدارة المخاطر,قيد المراجعة القانونية
CASE-01970,2024-01-04,تسريب معلومات,قضية إساءة استخدام معلومات داخلية في قطاع البنية التحتية,قضية استخدام معلومات غير معلنة لتحقيق منفعة شخصية. المرجع CASE-2024-5653 · الجهة المعنية: الأمانة العامة.,الأمانة العامة,بانتظار الرد
CASE-01971,2019-10-27,إساءة استخدام صلاحيات,تحقيق في تسريب خطط عمليات أمنية لفعالية وطنية,تسريب جدول عمليات أمنية قبل تنفيذ الفعالية الوطنية. المرجع CASE-2019-1761 · الجهة المعنية: التدقيق الداخلي.,التدقيق الداخلي,قيد المراجعة القانونية
CASE-01972,2021-05-03,مخالفة سلوك مهني,قضية تعارض مصالح في ترسية برنامج الاستحواذ التقني,قضية تعارض مصالح بين عضو لجنة وأحد الموردين المتنافسين. المرجع CASE-2021-3696 · الجهة المعنية: التدقيق الداخلي.,التدقيق الداخلي,قيد المراجعة القانونية
CASE-01973,2025-07-22,بلاغ مبلّغ,بلاغ مبلّغ عن مخالفات في إدارة المخاطر,تحقيق سري في بلاغ مبلّغ مع حماية هويته وفق السياسة. المرجع CASE-2025-1881 · الجهة المعنية: وحدة الالتزام التنظيمي.,وحدة الالتزام التنظيمي,قيد التحقيق
CASE-01974,2026-01-10,احتيال مالي,تحقيق في احتيال مالي بقيمة تقديرية 20 مليون ريال,تحقيق داخلي في معاملات مالية غير مبررة وتوصيات الإحالة. المرجع CASE-2026-6502 · الجهة المعنية: وحدة الالتزام التنظيمي.,وحدة الالتزام التنظيمي,بانتظار الرد
CASE-01975,2024-03-16,تعارض مصالح,مراجعة استراتيجية لمخاطر الالتزام في قطاع الخدمات الرقمية,مراجعة استراتيجية لمخاطر التزام قد تؤدي إلى غرامات تنظيمية. المرجع CASE-2024-1686 · الجهة المعنية: إدارة المخاطر.,إدارة المخاطر,منتهي بتوصيات
CASE-01976,2025-08-01,إساءة استخدام صلاحيات,تحقيق في محاولة الوصول إلى سجلات تحركات القوات,محاولة موظف الوصول إلى سجلات تحركات القوات دون تصريح. المرجع CASE-2025-8085 · الجهة المعنية: وحدة الالتزام التنظيمي.,وحدة الالتزام التنظيمي,قيد التحقيق
CASE-01977,2021-12-04,تعارض مصالح,ملخص مواجهة أطراف في الملف رقم MF-2021-518,محضر مواجهة يتضمن إفادات أطراف قد ترتب مسؤولية نظامية. المرجع CASE-2021-4007 · الجهة المعنية: الأمانة العامة.,الأمانة العامة,محال للجهة المختصة
CASE-01978,2026-05-10,تعارض مصالح,إعلان قناة البلاغات في جازان - 2026,إعلان رسمي عن إطلاق قناة استقبال البلاغات وآلية استخدامها. المرجع CASE-2026-4973 · الجهة المعنية: وحدة الالتزام التنظيمي.,وحدة الالتزام التنظيمي,محال للجهة المختصة
CASE-01979,2024-12-02,احتيال مالي,ملف محال للجهة العليا رقم HC-2024-34,ملف محال لجهة عليا لارتباطه بمواقع ومنشآت وطنية محددة. المرجع CASE-2024-6087 · الجهة المعنية: وحدة الالتزام التنظيمي.,وحدة الالتزام التنظيمي,قيد التحقيق
CASE-01980,2023-07-13,تسريب معلومات,قضية مساس بمتطلبات سيادة البيانات الوطنية,استضافة بيانات وطنية خارج النطاق بما يخالف متطلبات سيادة البيانات. المرجع CASE-2023-7658 · الجهة المعنية: وحدة الالتزام التنظيمي.,وحدة الالتزام التنظيمي,بانتظار الرد
CASE-01981,2024-11-09,مخالفة تعاقدية,تحقيق في تسريب مسودة مذكرة تفاهم مع شريك خارجي,تسريب مسودة مذكرة تفاهم قبل توقيعها رسميًا. المرجع CASE-2024-6157 · الجهة المعنية: الأمانة العامة.,,قيد المراجعة القانونية
CASE-01982,2020-07-11,بلاغ مبلّغ,ملخص مواجهة أطراف في الملف رقم MF-2020-540,محضر مواجهة يتضمن إفادات أطراف قد ترتب مسؤولية نظامية. المرجع CASE-2020-6696 · الجهة المعنية: التدقيق الداخلي.,التدقيق الداخلي,قيد التحقيق
CASE-01983,2022-11-05,إساءة استخدام صلاحيات,تحقيق في احتيال مالي بقيمة تقديرية 4 مليون ريال,تحقيق داخلي في معاملات مالية غير مبررة وتوصيات الإحالة. المرجع CASE-2022-3962 · الجهة المعنية: الشؤون القانونية.,الشؤون القانونية,قيد التحقيق
CASE-01984,2021-01-13,إساءة استخدام صلاحيات,تحقيق في تواطؤ محتمل بين موردي قطاع العمليات,تحقيق في مؤشرات تنسيق أسعار بين موردين في منافسة مغلقة. المرجع CASE-2021-2952 · الجهة المعنية: الشؤون القانونية.,,منتهي بتوصيات
CASE-01985,2021-09-18,مخالفة تعاقدية,قضية استخدام غير مصرح لبيانات مواقع تخزين تشغيلية,استخراج قوائم مواقع تخزين تشغيلية دون تصريح. المرجع CASE-2021-3673 · الجهة المعنية: الأمانة العامة.,الأمانة العامة,قيد التحقيق
CASE-01986,2024-08-28,مخالفة مشتريات,تحقيق في مخالفة تعاقدية مع تحالف صناعي دولي,تحقيق في إخلال ببنود تعاقدية قد يرتب مطالبات مالية كبيرة. المرجع CASE-2024-4767 · الجهة المعنية: الأمانة العامة.,الأمانة العامة,قيد المراجعة القانونية
CASE-01987,2026-05-08,مخالفة مشتريات,تحقيق في تلاعب بسجلات الاعتماد في بوابة الموردين الإلكترونية,تحقيق في تعديل غير مصرح لسجلات الاعتماد المالي. المرجع CASE-2026-4317 · الجهة المعنية: التدقيق الداخلي.,التدقيق الداخلي,محال للجهة المختصة
CASE-01988,2020-07-02,مخالفة سلوك مهني,قضية إساءة استخدام معلومات داخلية في قطاع التحول الرقمي,قضية استخدام معلومات غير معلنة لتحقيق منفعة شخصية. المرجع CASE-2020-9390 · الجهة المعنية: الشؤون القانونية.,الشؤون القانونية,منتهي بتوصيات
CASE-01989,2020-04-06,احتيال مالي,قضية تمويل مشبوه مرتبط بشبكة خارجية,إحالة إلى الجهات الأمنية بعد رصد نمط تمويل يتصل بأنشطة استخبارات. المرجع CASE-2020-7714 · الجهة المعنية: وحدة الالتزام التنظيمي.,وحدة الالتزام التنظيمي,قيد التحقيق
CASE-01990,2019-04-01,مخالفة مشتريات,تحقيق في تلاعب بسجلات الاعتماد في شبكة الربط الحكومي,تحقيق في تعديل غير مصرح لسجلات الاعتماد المالي. المرجع CASE-2019-6512 · الجهة المعنية: وحدة مكافحة الاحتيال.,وحدة مكافحة الاحتيال,مغلق
CASE-01991,2024-02-26,مخالفة مشتريات,تحقيق في تسريب مسودة مذكرة تفاهم مع شريك خارجي,تسريب مسودة مذكرة تفاهم قبل توقيعها رسميًا. المرجع CASE-2024-7383 · الجهة المعنية: وحدة الالتزام التنظيمي.,وحدة الالتزام التنظيمي,مغلق
CASE-01992,2022-10-25,تعارض مصالح,ملف مراجعة خاصة رقم SR-2022-674,مراجعة خاصة بتوجيه من اللجنة مع حظر التداول حتى صدور النتيجة. المرجع CASE-2022-3108 · الجهة المعنية: الأمانة العامة.,الأمانة العامة,قيد التحقيق
CASE-01993,2023-10-31,تسريب معلومات,تحقيق في مخالفة تعاقدية مع شريك تقني عالمي,تحقيق في إخلال ببنود تعاقدية قد يرتب مطالبات مالية كبيرة. المرجع CASE-2023-9020 · الجهة المعنية: مكتب حماية المبلّغين.,مكتب حماية المبلّغين,منتهي بتوصيات
CASE-01994,2021-11-03,بلاغ مبلّغ,قضية تعارض مصالح في ترسية برنامج الذكاء الاصطناعي المؤسسي,قضية تعارض مصالح بين عضو لجنة وأحد الموردين المتنافسين. المرجع CASE-2021-7311 · الجهة المعنية: وحدة الالتزام التنظيمي.,وحدة الالتزام التنظيمي,محال للجهة المختصة
CASE-01995,2019-01-28,تسريب معلومات,تحقيق في مخالفة تعاقدية مع صندوق استثماري دولي,تحقيق في إخلال ببنود تعاقدية قد يرتب مطالبات مالية كبيرة. المرجع CASE-2019-6853 · الجهة المعنية: الأمانة العامة.,الأمانة العامة,منتهي بتوصيات
CASE-01996,2023-03-28,احتيال مالي,تحقيق في تلاعب بسجلات الاعتماد في نظام إدارة الهوية المركزي,تحقيق في تعديل غير مصرح لسجلات الاعتماد المالي. المرجع CASE-2023-6280 · الجهة المعنية: مكتب حماية المبلّغين.,مكتب حماية المبلّغين,مغلق
CASE-01997,2022-07-11,إساءة استخدام صلاحيات,تحقيق في مخالفة تعاقدية مع صندوق استثماري دولي,تحقيق في إخلال ببنود تعاقدية قد يرتب مطالبات مالية كبيرة. المرجع CASE-2022-1265 · الجهة المعنية: وحدة مكافحة الاحتيال.,وحدة مكافحة الاحتيال,قيد التحقيق
CASE-01998,2024-04-12,تسريب معلومات,قضية تسريب الميزانية الاستراتيجية قبل الاعتماد,تسريب أرقام الميزانية الاستراتيجية إلى جهة خارجية قبل اعتمادها. المرجع CASE-2024-2693 · الجهة المعنية: وحدة الالتزام التنظيمي.,وحدة الالتزام التنظيمي,منتهي بتوصيات
CASE-01999,2019-06-29,إساءة استخدام صلاحيات,تحقيق في احتيال مالي بقيمة تقديرية 37 مليون ريال,تحقيق داخلي في معاملات مالية غير مبررة وتوصيات الإحالة. المرجع CASE-2019-5031 · الجهة المعنية: وحدة مكافحة الاحتيال.,وحدة مكافحة الاحتيال,بانتظار الرد
CASE-02000,2021-05-16,مخالفة مشتريات,تحقيق في تسريب خطط عمليات أمنية لفعالية وطنية,تسريب جدول عمليات أمنية قبل تنفيذ الفعالية الوطنية. المرجع CASE-2021-3958 · الجهة المعنية: مكتب حماية المبلّغين.,مكتب حماية المبلّغين,قيد التحقيق
