initiative_id,created_date,initiative_title_ar,description_ar,owning_sector,approval_stage,disclosure_status
INIT-00001,2024-06-21,مبادرة تحليل استخبارات التهديد الوطنية,بناء قدرة استخبارات تهديد مشتركة بين الجهات الوطنية. المرجع INI-2024-2385 · الجهة المعنية: قطاع التقنية والمشاريع.,قطاع التقنية والمشاريع,مرفوعة للجنة,غير معلن
INIT-00002,2021-02-25,تحقيق جدوى موسّع لبرنامج تحديث البنية التقنية,تحقيق جدوى يتضمن أرقامًا مالية غير معلنة وسيناريوهات المخاطر. المرجع INI-2021-8183 · الجهة المعنية: قطاع الشراكات.,قطاع الشراكات,مسودة أولية,غير معلن
INIT-00003,2026-04-12,مذكرة تفاهم مع دولة شريكة لتنفيذ برنامج أمن سلاسل الإمداد,مسودة مذكرة تفاهم لم تُوقّع بعد وتتضمن التزامات مالية. المرجع INI-2026-2110 · الجهة المعنية: قطاع الأعمال المؤسسية.,قطاع الأعمال المؤسسية,قيد التنفيذ المبدئي,غير معلن
INIT-00004,2024-04-17,مبادرة إدارة مفاتيح التشفير على مستوى الجهات الوطنية,تصميم مركزي لإدارة مفاتيح التشفير عبر الأنظمة الوطنية. المرجع INI-2024-7590 · الجهة المعنية: قطاع الحلول الحكومية.,قطاع الحلول الحكومية,مسودة أولية,غير معلن
INIT-00005,2022-06-07,مبادرة مواقع تخزين احتياطية للبيانات الحساسة,تحديد مواقع تخزين احتياطية وسعاتها ومستويات حمايتها. المرجع INI-2022-4557 · الجهة المعنية: قطاع البنية التحتية.,قطاع البنية التحتية,قيد الدراسة,غير معلن
INIT-00006,2022-03-22,مذكرة تفاهم مع شريك تقني عالمي لتنفيذ برنامج الحوسبة السيادية,مسودة مذكرة تفاهم لم تُوقّع بعد وتتضمن التزامات مالية. المرجع INI-2022-8997 · الجهة المعنية: قطاع التقنية والمشاريع.,قطاع التقنية والمشاريع,مسودة أولية,غير معلن
INIT-00007,2024-03-28,خطة الاستحواذ الاستراتيجية على مزوّد تقني إقليمي,خطة استراتيجية للاستحواذ مع تقييم مبدئي وهيكل تمويل مقترح. المرجع INI-2024-3860 · الجهة المعنية: قطاع التقنية والمشاريع.,قطاع التقنية والمشاريع,مرفوعة للجنة,معلن جزئيًا
INIT-00008,2019-08-13,متطلبات ربط شبكي لبرنامج الحوسبة السيادية,مخطط الشبكة المطلوب لربط بيئات المشروع الداخلية. المرجع INI-2019-3988 · الجهة المعنية: قطاع العمليات.,قطاع العمليات,مسودة أولية,غير معلن
INIT-00009,2023-12-26,خطة الاستحواذ الاستراتيجية على مزوّد تقني إقليمي,خطة استراتيجية للاستحواذ مع تقييم مبدئي وهيكل تمويل مقترح. المرجع INI-2023-6304 · الجهة المعنية: قطاع التقنية والمشاريع.,قطاع التقنية والمشاريع,مرفوعة للجنة,غير معلن
INIT-00010,2025-02-15,مذكرة تفاهم مع شريك تقني عالمي لتنفيذ برنامج تحديث البنية التقنية,مسودة مذكرة تفاهم لم تُوقّع بعد وتتضمن التزامات مالية. المرجع INI-2025-8672 · الجهة المعنية: قطاع الحلول الحكومية.,قطاع الحلول الحكومية,بانتظار الاعتماد,غير معلن
INIT-00011,2025-09-08,المشروع الوطني المرجعي رقم NP-361 - تداول اللجنة العليا,مشروع لا تُتداول تفاصيله خارج اللجنة العليا لارتباطه بمواقع وطنية. المرجع INI-2025-8416 · الجهة المعنية: قطاع التقنية والمشاريع.,قطاع التقنية والمشاريع,مرفوعة للجنة,غير معلن
INIT-00012,2019-04-05,مبادرة مواقع تخزين احتياطية للبيانات الحساسة,تحديد مواقع تخزين احتياطية وسعاتها ومستويات حمايتها. المرجع INI-2019-9689 · الجهة المعنية: قطاع البنية التحتية.,قطاع البنية التحتية,مسودة أولية,غير معلن
INIT-00013,2019-02-16,تحقيق جدوى موسّع لبرنامج المرونة التشغيلية,تحقيق جدوى يتضمن أرقامًا مالية غير معلنة وسيناريوهات المخاطر. المرجع INI-2019-7088 · الجهة المعنية: قطاع الحلول الحكومية.,قطاع الحلول الحكومية,قيد الدراسة,معلن جزئيًا
INIT-00014,2020-08-10,مبادرة مواقع تخزين احتياطية للبيانات الحساسة,تحديد مواقع تخزين احتياطية وسعاتها ومستويات حمايتها. المرجع INI-2020-4107 · الجهة المعنية: قطاع التحول الرقمي.,قطاع التحول الرقمي,بانتظار الاعتماد,معلن جزئيًا
INIT-00015,2025-11-18,متطلبات ربط شبكي لبرنامج تكامل الأنظمة الحكومية,مخطط الشبكة المطلوب لربط بيئات المشروع الداخلية. المرجع INI-2025-6248 · الجهة المعنية: قطاع التقنية والمشاريع.,قطاع التقنية والمشاريع,بانتظار الاعتماد,غير معلن
INIT-00016,2020-05-31,خطة التخارج الاستراتيجية من عقد تشغيل كبير,خيارات التخارج الاستراتيجية وأثرها المالي على الإيرادات. المرجع INI-2020-1532 · الجهة المعنية: قطاع الشراكات.,قطاع الشراكات,قيد التنفيذ المبدئي,معلن جزئيًا
INIT-00017,2022-04-24,عقد مورد لتوريد تجهيزات برنامج الذكاء الاصطناعي المؤسسي,بنود عقد مورد وجدول التوريد والغرامات التعاقدية. المرجع INI-2022-7119 · الجهة المعنية: قطاع العمليات.,قطاع العمليات,مسودة أولية,معلن جزئيًا
INIT-00018,2022-12-21,مذكرة داخلية لمتابعة مؤشرات برنامج المرونة التشغيلية,مذكرة داخلية دورية لمتابعة مؤشرات التنفيذ بين الإدارات. المرجع INI-2022-5440 · الجهة المعنية: قطاع الشراكات.,قطاع الشراكات,بانتظار الاعتماد,معلن جزئيًا
INIT-00019,2024-03-24,مصفوفة الشركاء المحتملين لبرنامج الحوسبة السيادية,تقييم شركاء محتملين وشروط التفضيل قبل الإفصاح للسوق. المرجع INI-2024-8385 · الجهة المعنية: قطاع البنية التحتية.,قطاع البنية التحتية,قيد الدراسة,غير معلن
INIT-00020,2023-08-10,متطلبات ربط شبكي لبرنامج تكامل الأنظمة الحكومية,مخطط الشبكة المطلوب لربط بيئات المشروع الداخلية. المرجع INI-2023-7540 · الجهة المعنية: قطاع البنية التحتية.,قطاع البنية التحتية,مرفوعة للجنة,معلن جزئيًا
INIT-00021,2024-10-05,مبادرة داخلية رقم SI-2024-515 - غير معلنة,مبادرة قيد الدراسة يترتب على كشفها المبكر أثر تنافسي مباشر. المرجع INI-2024-3653 · الجهة المعنية: قطاع الشراكات.,قطاع الشراكات,قيد التنفيذ المبدئي,غير معلن
INIT-00022,2020-04-04,مذكرة تفاهم مع صندوق استثماري دولي لتنفيذ برنامج أمن سلاسل الإمداد,مسودة مذكرة تفاهم لم تُوقّع بعد وتتضمن التزامات مالية. المرجع INI-2020-7120 · الجهة المعنية: قطاع البنية التحتية.,قطاع البنية التحتية,قيد الدراسة,معلن جزئيًا
INIT-00023,2025-02-05,معاهدة تعاون تقني قيد التفاوض مع شريك تقني عالمي,نص معاهدة تعاون تقني قيد التفاوض وبنود نقل المعرفة. المرجع INI-2025-8761 · الجهة المعنية: قطاع البنية التحتية.,قطاع البنية التحتية,مرفوعة للجنة,غير معلن
INIT-00024,2019-05-29,مبادرة إدارة مفاتيح التشفير على مستوى الجهات الوطنية,تصميم مركزي لإدارة مفاتيح التشفير عبر الأنظمة الوطنية. المرجع INI-2019-9139 · الجهة المعنية: قطاع العمليات.,قطاع العمليات,قيد الدراسة,غير معلن
INIT-00025,2025-11-03,معاهدة تعاون تقني قيد التفاوض مع منظمة إقليمية,نص معاهدة تعاون تقني قيد التفاوض وبنود نقل المعرفة. المرجع INI-2025-9215 · الجهة المعنية: قطاع التقنية والمشاريع.,قطاع التقنية والمشاريع,معتمدة داخليًا,معلن جزئيًا
INIT-00026,2025-08-03,مبادرة الحوسبة السيادية وحماية سيادة البيانات,تصميم بيئة تضمن سيادة البيانات الوطنية وحدود الاستضافة المسموحة. المرجع INI-2025-2490 · الجهة المعنية: قطاع الأعمال المؤسسية.,قطاع الأعمال المؤسسية,مسودة أولية,غير معلن
INIT-00027,2026-05-12,معاهدة تعاون تقني قيد التفاوض مع جهة سيادية شريكة,نص معاهدة تعاون تقني قيد التفاوض وبنود نقل المعرفة. المرجع INI-2026-2588 · الجهة المعنية: قطاع الأعمال المؤسسية.,قطاع الأعمال المؤسسية,بانتظار الاعتماد,معلن جزئيًا
INIT-00028,2020-10-03,مبادرة داخلية رقم SI-2020-440 - غير معلنة,مبادرة قيد الدراسة يترتب على كشفها المبكر أثر تنافسي مباشر. المرجع INI-2020-3108 · الجهة المعنية: قطاع البنية التحتية.,قطاع البنية التحتية,مسودة أولية,غير معلن
INIT-00029,2024-09-17,الميزانية الاستراتيجية لبرنامج التوسع الإقليمي 2024-2027,تفاصيل الميزانية الاستراتيجية وتوزيعها على المراحل قبل الاعتماد. المرجع INI-2024-2056 · الجهة المعنية: قطاع الشراكات.,قطاع الشراكات,بانتظار الاعتماد,معلن جزئيًا
INIT-00030,2025-03-15,مشروع منظومة اتصالات لجهة عسكري الطابع,متطلبات منظومة اتصالات لجهة عسكري الطابع وقيود التسليم. المرجع INI-2025-3264 · الجهة المعنية: قطاع العمليات.,قطاع العمليات,بانتظار الاعتماد,غير معلن
INIT-00031,2024-07-22,مذكرة تفاهم مع تحالف صناعي دولي لتنفيذ برنامج تحديث البنية التقنية,مسودة مذكرة تفاهم لم تُوقّع بعد وتتضمن التزامات مالية. المرجع INI-2024-4722 · الجهة المعنية: قطاع البنية التحتية.,قطاع البنية التحتية,قيد الدراسة,غير معلن
INIT-00032,2024-05-07,مسار تفاوض دبلوماسي لتوطين برنامج الحوسبة السيادية,مسار ذو طابع دبلوماسي لتوطين التقنية مع أطراف خارجية. المرجع INI-2024-7807 · الجهة المعنية: قطاع الحلول الحكومية.,قطاع الحلول الحكومية,مسودة أولية,معلن جزئيًا
INIT-00033,2019-04-16,مصفوفة الشركاء المحتملين لبرنامج الاستحواذ التقني,تقييم شركاء محتملين وشروط التفضيل قبل الإفصاح للسوق. المرجع INI-2019-5761 · الجهة المعنية: قطاع الحلول الحكومية.,قطاع الحلول الحكومية,بانتظار الاعتماد,معلن جزئيًا
INIT-00034,2021-03-09,مشروع تأمين مواقع تخزين أسلحة خاضعة للرقابة,تصميم ضوابط تأمين مواقع أسلحة ومواد خاضعة للرقابة. المرجع INI-2021-9553 · الجهة المعنية: قطاع الشراكات.,قطاع الشراكات,بانتظار الاعتماد,غير معلن
INIT-00035,2019-03-30,مبادرة مواقع تخزين احتياطية للبيانات الحساسة,تحديد مواقع تخزين احتياطية وسعاتها ومستويات حمايتها. المرجع INI-2019-4744 · الجهة المعنية: قطاع العمليات.,قطاع العمليات,قيد التنفيذ المبدئي,معلن جزئيًا
INIT-00036,2025-08-18,مصفوفة الشركاء المحتملين لبرنامج أمن سلاسل الإمداد,تقييم شركاء محتملين وشروط التفضيل قبل الإفصاح للسوق. المرجع INI-2025-2751 · الجهة المعنية: قطاع التقنية والمشاريع.,قطاع التقنية والمشاريع,قيد التنفيذ المبدئي,غير معلن
INIT-00037,2023-07-29,مصفوفة الشركاء المحتملين لبرنامج أمن سلاسل الإمداد,تقييم شركاء محتملين وشروط التفضيل قبل الإفصاح للسوق. المرجع INI-2023-3755 · الجهة المعنية: قطاع التحول الرقمي.,قطاع التحول الرقمي,قيد التنفيذ المبدئي,معلن جزئيًا
INIT-00038,2024-10-01,خطة الاستحواذ الاستراتيجية على مزوّد تقني إقليمي,خطة استراتيجية للاستحواذ مع تقييم مبدئي وهيكل تمويل مقترح. المرجع INI-2024-6534 · الجهة المعنية: قطاع التحول الرقمي.,قطاع التحول الرقمي,مسودة أولية,معلن جزئيًا
INIT-00039,2021-01-16,تحقيق جدوى موسّع لبرنامج تحديث البنية التقنية,تحقيق جدوى يتضمن أرقامًا مالية غير معلنة وسيناريوهات المخاطر. المرجع INI-2021-7213 · الجهة المعنية: قطاع العمليات.,قطاع العمليات,مسودة أولية,معلن جزئيًا
INIT-00040,2024-01-27,عقد مورد لتوريد تجهيزات برنامج الاستحواذ التقني,بنود عقد مورد وجدول التوريد والغرامات التعاقدية. المرجع INI-2024-3841 · الجهة المعنية: قطاع الشراكات.,قطاع الشراكات,بانتظار الاعتماد,غير معلن
INIT-00041,2022-07-21,الميزانية الاستراتيجية لبرنامج التحول الرقمي 2022-2025,تفاصيل الميزانية الاستراتيجية وتوزيعها على المراحل قبل الاعتماد. المرجع INI-2022-6115 · الجهة المعنية: قطاع التقنية والمشاريع.,قطاع التقنية والمشاريع,مرفوعة للجنة,غير معلن
INIT-00042,2019-05-06,تحقيق جدوى موسّع لبرنامج الحوسبة السيادية,تحقيق جدوى يتضمن أرقامًا مالية غير معلنة وسيناريوهات المخاطر. المرجع INI-2019-1246 · الجهة المعنية: قطاع التحول الرقمي.,قطاع التحول الرقمي,قيد التنفيذ المبدئي,غير معلن
INIT-00043,2021-07-15,خطة دخول سوق الأحساء - نسخة غير معلنة,خطة استراتيجية لدخول السوق وتقديرات الحصة المستهدفة. المرجع INI-2021-5332 · الجهة المعنية: قطاع التقنية والمشاريع.,قطاع التقنية والمشاريع,مسودة أولية,غير معلن
INIT-00044,2021-09-14,مشروع منظومة اتصالات لجهة عسكري الطابع,متطلبات منظومة اتصالات لجهة عسكري الطابع وقيود التسليم. المرجع INI-2021-2415 · الجهة المعنية: قطاع التحول الرقمي.,قطاع التحول الرقمي,معتمدة داخليًا,غير معلن
INIT-00045,2024-02-15,متطلبات ربط شبكي لبرنامج الاستحواذ التقني,مخطط الشبكة المطلوب لربط بيئات المشروع الداخلية. المرجع INI-2024-9353 · الجهة المعنية: قطاع التحول الرقمي.,قطاع التحول الرقمي,قيد التنفيذ المبدئي,معلن جزئيًا
INIT-00046,2023-08-06,مبادرة مواقع تخزين احتياطية للبيانات الحساسة,تحديد مواقع تخزين احتياطية وسعاتها ومستويات حمايتها. المرجع INI-2023-7256 · الجهة المعنية: قطاع العمليات.,قطاع العمليات,قيد الدراسة,معلن جزئيًا
INIT-00047,2023-10-03,إعادة هيكلة قطاع الشراكات - قبل الاعتماد,تصور إعادة الهيكلة وأثرها الوظيفي قبل الاعتماد من المجلس. المرجع INI-2023-5440 · الجهة المعنية: قطاع البنية التحتية.,قطاع البنية التحتية,بانتظار الاعتماد,معلن جزئيًا
INIT-00048,2022-07-23,مصفوفة الشركاء المحتملين لبرنامج المدن الذكية,تقييم شركاء محتملين وشروط التفضيل قبل الإفصاح للسوق. المرجع INI-2022-8981 · الجهة المعنية: قطاع الأعمال المؤسسية.,قطاع الأعمال المؤسسية,بانتظار الاعتماد,غير معلن
INIT-00049,2022-05-14,مذكرة تفاهم مع دولة شريكة لتنفيذ برنامج أمن سلاسل الإمداد,مسودة مذكرة تفاهم لم تُوقّع بعد وتتضمن التزامات مالية. المرجع INI-2022-6836 · الجهة المعنية: قطاع العمليات.,قطاع العمليات,معتمدة داخليًا,معلن جزئيًا
INIT-00050,2025-11-26,عرض أسعار استشاري لمرحلة تصميم برنامج المرونة التشغيلية,عرض أسعار مقدم من بيت خبرة ضمن نطاق محدود. المرجع INI-2025-7350 · الجهة المعنية: قطاع البنية التحتية.,قطاع البنية التحتية,قيد الدراسة,معلن جزئيًا
INIT-00051,2022-02-24,معاهدة تعاون تقني قيد التفاوض مع شريك تقني عالمي,نص معاهدة تعاون تقني قيد التفاوض وبنود نقل المعرفة. المرجع INI-2022-4358 · الجهة المعنية: قطاع التحول الرقمي.,قطاع التحول الرقمي,معتمدة داخليًا,معلن جزئيًا
INIT-00052,2022-10-13,مبادرة داخلية رقم SI-2022-448 - غير معلنة,مبادرة قيد الدراسة يترتب على كشفها المبكر أثر تنافسي مباشر. المرجع INI-2022-9881 · الجهة المعنية: قطاع الشراكات.,قطاع الشراكات,قيد الدراسة,معلن جزئيًا
INIT-00053,2024-03-31,مصفوفة الشركاء المحتملين لبرنامج الذكاء الاصطناعي المؤسسي,تقييم شركاء محتملين وشروط التفضيل قبل الإفصاح للسوق. المرجع INI-2024-1022 · الجهة المعنية: قطاع التحول الرقمي.,قطاع التحول الرقمي,قيد الدراسة,معلن جزئيًا
INIT-00054,2020-09-26,نموذج تسعير برنامج الاستحواذ التقني للمنافسات الحكومية,هوامش وحدود تسعير استراتيجية غير قابلة للإفصاح للمنافسين. المرجع INI-2020-8196 · الجهة المعنية: قطاع الشراكات.,قطاع الشراكات,مرفوعة للجنة,غير معلن
INIT-00055,2023-06-11,برنامج تشغيل منشأة حيوية وطنية في ينبع,نطاق تشغيل منشأة حيوية وطنية وحدود المسؤولية التشغيلية. المرجع INI-2023-1190 · الجهة المعنية: قطاع التحول الرقمي.,قطاع التحول الرقمي,مرفوعة للجنة,غير معلن
INIT-00056,2023-08-19,إعادة هيكلة قطاع الشراكات - قبل الاعتماد,تصور إعادة الهيكلة وأثرها الوظيفي قبل الاعتماد من المجلس. المرجع INI-2023-1972 · الجهة المعنية: قطاع الأعمال المؤسسية.,قطاع الأعمال المؤسسية,مسودة أولية,معلن جزئيًا
INIT-00057,2020-12-05,الميزانية الاستراتيجية لبرنامج أمن سلاسل الإمداد 2020-2023,تفاصيل الميزانية الاستراتيجية وتوزيعها على المراحل قبل الاعتماد. المرجع INI-2020-4143 · الجهة المعنية: قطاع البنية التحتية.,قطاع البنية التحتية,قيد التنفيذ المبدئي,غير معلن
INIT-00058,2020-11-03,خطة دخول سوق الخبر - نسخة غير معلنة,خطة استراتيجية لدخول السوق وتقديرات الحصة المستهدفة. المرجع INI-2020-4732 · الجهة المعنية: قطاع التقنية والمشاريع.,قطاع التقنية والمشاريع,قيد التنفيذ المبدئي,غير معلن
INIT-00059,2025-03-23,بيان صحفي عن شراكة معلنة في جازان - 2025,بيان صحفي منشور عن شراكة تم الإعلان عنها رسميًا. المرجع INI-2025-9840 · الجهة المعنية: قطاع التحول الرقمي.,قطاع التحول الرقمي,قيد الدراسة,معلن
INIT-00060,2026-06-06,معاهدة تعاون تقني قيد التفاوض مع صندوق استثماري دولي,نص معاهدة تعاون تقني قيد التفاوض وبنود نقل المعرفة. المرجع INI-2026-4828 · الجهة المعنية: قطاع العمليات.,قطاع العمليات,قيد الدراسة,معلن جزئيًا
INIT-00061,2024-10-25,مبادرة داخلية رقم SI-2024-756 - غير معلنة,مبادرة قيد الدراسة يترتب على كشفها المبكر أثر تنافسي مباشر. المرجع INI-2024-1971 · الجهة المعنية: قطاع التحول الرقمي.,قطاع التحول الرقمي,مسودة أولية,معلن جزئيًا
INIT-00062,2021-06-19,مبادرة الحوسبة السيادية وحماية سيادة البيانات,تصميم بيئة تضمن سيادة البيانات الوطنية وحدود الاستضافة المسموحة. المرجع INI-2021-2505 · الجهة المعنية: قطاع التقنية والمشاريع.,قطاع التقنية والمشاريع,قيد التنفيذ المبدئي,غير معلن
INIT-00063,2021-04-02,مبادرة تحليل استخبارات التهديد الوطنية,بناء قدرة استخبارات تهديد مشتركة بين الجهات الوطنية. المرجع INI-2021-9575 · الجهة المعنية: قطاع الأعمال المؤسسية.,قطاع الأعمال المؤسسية,قيد التنفيذ المبدئي,غير معلن
INIT-00064,2024-06-06,خطة توزيع الكوادر على برنامج الذكاء الاصطناعي المؤسسي,توزيع كوادر مع بيانات شخصية ومسميات وظيفية تفصيلية. المرجع INI-2024-4504 · الجهة المعنية: قطاع الحلول الحكومية.,قطاع الحلول الحكومية,قيد الدراسة,غير معلن
INIT-00065,2026-03-23,خطة دخول سوق مكة المكرمة - نسخة غير معلنة,خطة استراتيجية لدخول السوق وتقديرات الحصة المستهدفة. المرجع INI-2026-2562 · الجهة المعنية: قطاع الحلول الحكومية.,قطاع الحلول الحكومية,مرفوعة للجنة,غير معلن
INIT-00066,2023-05-10,خطة التخارج الاستراتيجية من عقد تشغيل كبير,خيارات التخارج الاستراتيجية وأثرها المالي على الإيرادات. المرجع INI-2023-3244 · الجهة المعنية: قطاع التحول الرقمي.,قطاع التحول الرقمي,قيد التنفيذ المبدئي,معلن جزئيًا
INIT-00067,2022-02-25,خطة الاستحواذ الاستراتيجية على مزوّد تقني إقليمي,خطة استراتيجية للاستحواذ مع تقييم مبدئي وهيكل تمويل مقترح. المرجع INI-2022-3788 · الجهة المعنية: قطاع التحول الرقمي.,قطاع التحول الرقمي,مسودة أولية,معلن جزئيًا
INIT-00068,2020-04-15,مبادرة إدارة مفاتيح التشفير على مستوى الجهات الوطنية,تصميم مركزي لإدارة مفاتيح التشفير عبر الأنظمة الوطنية. المرجع INI-2020-6995 · الجهة المعنية: قطاع العمليات.,قطاع العمليات,مسودة أولية,غير معلن
INIT-00069,2024-12-03,نموذج تسعير برنامج التوسع الإقليمي للمنافسات الحكومية,هوامش وحدود تسعير استراتيجية غير قابلة للإفصاح للمنافسين. المرجع INI-2024-9233 · الجهة المعنية: قطاع التقنية والمشاريع.,قطاع التقنية والمشاريع,بانتظار الاعتماد,معلن جزئيًا
INIT-00070,2025-04-16,متطلبات ربط شبكي لبرنامج الذكاء الاصطناعي المؤسسي,مخطط الشبكة المطلوب لربط بيئات المشروع الداخلية. المرجع INI-2025-2262 · الجهة المعنية: قطاع التقنية والمشاريع.,قطاع التقنية والمشاريع,قيد الدراسة,غير معلن
INIT-00071,2025-03-12,مبادرة مواقع تخزين احتياطية للبيانات الحساسة,تحديد مواقع تخزين احتياطية وسعاتها ومستويات حمايتها. المرجع INI-2025-6921 · الجهة المعنية: قطاع التقنية والمشاريع.,قطاع التقنية والمشاريع,قيد التنفيذ المبدئي,معلن جزئيًا
INIT-00072,2025-02-15,مسار تفاوض دبلوماسي لتوطين برنامج المدن الذكية,مسار ذو طابع دبلوماسي لتوطين التقنية مع أطراف خارجية. المرجع INI-2025-6722 · الجهة المعنية: قطاع الحلول الحكومية.,قطاع الحلول الحكومية,قيد الدراسة,معلن جزئيًا
INIT-00073,2022-08-21,منشور تعريفي بمخرجات برنامج أمن سلاسل الإمداد في الطائف,منشور تعريفي عام بالمخرجات المعلنة للبرنامج. المرجع INI-2022-2278 · الجهة المعنية: قطاع الحلول الحكومية.,قطاع الحلول الحكومية,قيد التنفيذ المبدئي,معلن
INIT-00074,2021-09-30,نموذج تسعير برنامج التحول الرقمي للمنافسات الحكومية,هوامش وحدود تسعير استراتيجية غير قابلة للإفصاح للمنافسين. المرجع INI-2021-1826 · الجهة المعنية: قطاع الحلول الحكومية.,قطاع الحلول الحكومية,قيد الدراسة,معلن جزئيًا
INIT-00075,2025-05-02,مبادرة مواقع تخزين احتياطية للبيانات الحساسة,تحديد مواقع تخزين احتياطية وسعاتها ومستويات حمايتها. المرجع INI-2025-1917 · الجهة المعنية: قطاع التقنية والمشاريع.,قطاع التقنية والمشاريع,قيد التنفيذ المبدئي,غير معلن
INIT-00076,2025-01-20,مذكرة داخلية لمتابعة مؤشرات برنامج الاستحواذ التقني,مذكرة داخلية دورية لمتابعة مؤشرات التنفيذ بين الإدارات. المرجع INI-2025-8395 · الجهة المعنية: قطاع الأعمال المؤسسية.,قطاع الأعمال المؤسسية,بانتظار الاعتماد,معلن جزئيًا
INIT-00077,2021-07-13,مسار تفاوض دبلوماسي لتوطين برنامج المدن الذكية,مسار ذو طابع دبلوماسي لتوطين التقنية مع أطراف خارجية. المرجع INI-2021-6733 · الجهة المعنية: قطاع البنية التحتية.,قطاع البنية التحتية,قيد التنفيذ المبدئي,غير معلن
INIT-00078,2020-12-05,إعادة هيكلة قطاع العمليات - قبل الاعتماد,تصور إعادة الهيكلة وأثرها الوظيفي قبل الاعتماد من المجلس. المرجع INI-2020-6333 · الجهة المعنية: قطاع الأعمال المؤسسية.,قطاع الأعمال المؤسسية,معتمدة داخليًا,غير معلن
INIT-00079,2019-10-28,مذكرة تفاهم مع دولة شريكة لتنفيذ برنامج تكامل الأنظمة الحكومية,مسودة مذكرة تفاهم لم تُوقّع بعد وتتضمن التزامات مالية. المرجع INI-2019-4681 · الجهة المعنية: قطاع العمليات.,قطاع العمليات,قيد التنفيذ المبدئي,غير معلن
INIT-00080,2026-02-27,خطة الاستحواذ الاستراتيجية على مزوّد تقني إقليمي,خطة استراتيجية للاستحواذ مع تقييم مبدئي وهيكل تمويل مقترح. المرجع INI-2026-2168 · الجهة المعنية: قطاع العمليات.,قطاع العمليات,مرفوعة للجنة,معلن جزئيًا
INIT-00081,2019-01-20,مشروع منظومة اتصالات لجهة عسكري الطابع,متطلبات منظومة اتصالات لجهة عسكري الطابع وقيود التسليم. المرجع INI-2019-5200 · الجهة المعنية: قطاع الحلول الحكومية.,قطاع الحلول الحكومية,قيد التنفيذ المبدئي,غير معلن
INIT-00082,2022-10-23,خطة توزيع الكوادر على برنامج الاستحواذ التقني,توزيع كوادر مع بيانات شخصية ومسميات وظيفية تفصيلية. المرجع INI-2022-4331 · الجهة المعنية: قطاع البنية التحتية.,قطاع البنية التحتية,بانتظار الاعتماد,معلن جزئيًا
INIT-00083,2023-01-20,نموذج تسعير برنامج تحديث البنية التقنية للمنافسات الحكومية,هوامش وحدود تسعير استراتيجية غير قابلة للإفصاح للمنافسين. المرجع INI-2023-7057 · الجهة المعنية: قطاع البنية التحتية.,قطاع البنية التحتية,مسودة أولية,معلن جزئيًا
INIT-00084,2026-01-04,مذكرة تفاهم مع صندوق استثماري دولي لتنفيذ برنامج أمن سلاسل الإمداد,مسودة مذكرة تفاهم لم تُوقّع بعد وتتضمن التزامات مالية. المرجع INI-2026-7901 · الجهة المعنية: قطاع الأعمال المؤسسية.,قطاع الأعمال المؤسسية,مسودة أولية,غير معلن
INIT-00085,2020-04-26,تحقيق جدوى موسّع لبرنامج التحول الرقمي,تحقيق جدوى يتضمن أرقامًا مالية غير معلنة وسيناريوهات المخاطر. المرجع INI-2020-1610 · الجهة المعنية: قطاع التقنية والمشاريع.,قطاع التقنية والمشاريع,معتمدة داخليًا,غير معلن
INIT-00086,2019-06-09,مصفوفة الشركاء المحتملين لبرنامج تكامل الأنظمة الحكومية,تقييم شركاء محتملين وشروط التفضيل قبل الإفصاح للسوق. المرجع INI-2019-1431 · الجهة المعنية: قطاع الشراكات.,قطاع الشراكات,مسودة أولية,غير معلن
INIT-00087,2021-09-04,خطة توزيع الكوادر على برنامج الذكاء الاصطناعي المؤسسي,توزيع كوادر مع بيانات شخصية ومسميات وظيفية تفصيلية. المرجع INI-2021-1772 · الجهة المعنية: قطاع الشراكات.,قطاع الشراكات,قيد الدراسة,معلن جزئيًا
INIT-00088,2021-06-30,خطة دخول سوق عرعر - نسخة غير معلنة,خطة استراتيجية لدخول السوق وتقديرات الحصة المستهدفة. المرجع INI-2021-2946 · الجهة المعنية: قطاع التقنية والمشاريع.,قطاع التقنية والمشاريع,مسودة أولية,غير معلن
INIT-00089,2020-10-31,إعادة هيكلة قطاع التحول الرقمي - قبل الاعتماد,تصور إعادة الهيكلة وأثرها الوظيفي قبل الاعتماد من المجلس. المرجع INI-2020-5517 · الجهة المعنية: قطاع التحول الرقمي.,قطاع التحول الرقمي,قيد التنفيذ المبدئي,غير معلن
INIT-00090,2021-02-27,تحقيق جدوى موسّع لبرنامج الاستحواذ التقني,تحقيق جدوى يتضمن أرقامًا مالية غير معلنة وسيناريوهات المخاطر. المرجع INI-2021-1605 · الجهة المعنية: قطاع العمليات.,قطاع العمليات,قيد التنفيذ المبدئي,غير معلن
INIT-00091,2020-03-28,المشروع الوطني المرجعي رقم NP-470 - تداول اللجنة العليا,مشروع لا تُتداول تفاصيله خارج اللجنة العليا لارتباطه بمواقع وطنية. المرجع INI-2020-9630 · الجهة المعنية: قطاع العمليات.,قطاع العمليات,قيد الدراسة,غير معلن
INIT-00092,2021-09-29,معاهدة تعاون تقني قيد التفاوض مع تحالف صناعي دولي,نص معاهدة تعاون تقني قيد التفاوض وبنود نقل المعرفة. المرجع INI-2021-8949 · الجهة المعنية: قطاع الأعمال المؤسسية.,قطاع الأعمال المؤسسية,قيد التنفيذ المبدئي,معلن جزئيًا
INIT-00093,2020-09-25,مبادرة مواقع تخزين احتياطية للبيانات الحساسة,تحديد مواقع تخزين احتياطية وسعاتها ومستويات حمايتها. المرجع INI-2020-9279 · الجهة المعنية: قطاع الشراكات.,قطاع الشراكات,قيد التنفيذ المبدئي,معلن جزئيًا
INIT-00094,2023-10-19,معاهدة تعاون تقني قيد التفاوض مع شريك تقني عالمي,نص معاهدة تعاون تقني قيد التفاوض وبنود نقل المعرفة. المرجع INI-2023-4248 · الجهة المعنية: قطاع التقنية والمشاريع.,قطاع التقنية والمشاريع,مسودة أولية,غير معلن
INIT-00095,2022-05-08,عقد مورد لتوريد تجهيزات برنامج المرونة التشغيلية,بنود عقد مورد وجدول التوريد والغرامات التعاقدية. المرجع INI-2022-7157 · الجهة المعنية: قطاع البنية التحتية.,قطاع البنية التحتية,بانتظار الاعتماد,معلن جزئيًا
INIT-00096,2023-09-25,مصفوفة الشركاء المحتملين لبرنامج الاستحواذ التقني,تقييم شركاء محتملين وشروط التفضيل قبل الإفصاح للسوق. المرجع INI-2023-5692 · الجهة المعنية: قطاع البنية التحتية.,قطاع البنية التحتية,مسودة أولية,غير معلن
INIT-00097,2025-08-12,مشروع تحديث أنظمة مركز التحكم بالشبكة الكهربائية - مرحلة 3,تحديث أنظمة تحكم منشأة حيوية وجدول الإيقاف المخطط. المرجع INI-2025-8795 · الجهة المعنية: قطاع العمليات.,قطاع العمليات,معتمدة داخليًا,غير معلن
INIT-00098,2025-01-17,خطة دخول سوق المدينة المنورة - نسخة غير معلنة,خطة استراتيجية لدخول السوق وتقديرات الحصة المستهدفة. المرجع INI-2025-2623 · الجهة المعنية: قطاع الحلول الحكومية.,قطاع الحلول الحكومية,قيد الدراسة,معلن جزئيًا
INIT-00099,2024-03-20,معاهدة تعاون تقني قيد التفاوض مع دولة شريكة,نص معاهدة تعاون تقني قيد التفاوض وبنود نقل المعرفة. المرجع INI-2024-4555 · الجهة المعنية: قطاع البنية التحتية.,قطاع البنية التحتية,قيد التنفيذ المبدئي,معلن جزئيًا
INIT-00100,2024-10-30,مبادرة داخلية رقم SI-2024-309 - غير معلنة,مبادرة قيد الدراسة يترتب على كشفها المبكر أثر تنافسي مباشر. المرجع INI-2024-1893 · الجهة المعنية: قطاع الحلول الحكومية.,قطاع الحلول الحكومية,بانتظار الاعتماد,معلن جزئيًا
INIT-00101,2023-08-22,الميزانية الاستراتيجية لبرنامج المدن الذكية 2023-2026,تفاصيل الميزانية الاستراتيجية وتوزيعها على المراحل قبل الاعتماد. المرجع INI-2023-6015 · الجهة المعنية: قطاع البنية التحتية.,قطاع البنية التحتية,بانتظار الاعتماد,غير معلن
INIT-00102,2024-01-13,جدول بدلات ورواتب فريق برنامج تكامل الأنظمة الحكومية,جدول رواتب وبدلات أعضاء الفريق خلال مراحل التنفيذ. المرجع INI-2024-9208 · الجهة المعنية: قطاع الشراكات.,قطاع الشراكات,بانتظار الاعتماد,غير معلن
INIT-00103,2022-11-05,إعادة هيكلة قطاع العمليات - قبل الاعتماد,تصور إعادة الهيكلة وأثرها الوظيفي قبل الاعتماد من المجلس. المرجع INI-2022-3596 · الجهة المعنية: قطاع البنية التحتية.,قطاع البنية التحتية,بانتظار الاعتماد,معلن جزئيًا
INIT-00104,2024-04-03,مذكرة تفاهم مع صندوق استثماري دولي لتنفيذ برنامج الذكاء الاصطناعي المؤسسي,مسودة مذكرة تفاهم لم تُوقّع بعد وتتضمن التزامات مالية. المرجع INI-2024-3235 · الجهة المعنية: قطاع الشراكات.,قطاع الشراكات,بانتظار الاعتماد,معلن جزئيًا
INIT-00105,2019-04-18,مصفوفة الشركاء المحتملين لبرنامج المدن الذكية,تقييم شركاء محتملين وشروط التفضيل قبل الإفصاح للسوق. المرجع INI-2019-3929 · الجهة المعنية: قطاع الحلول الحكومية.,قطاع الحلول الحكومية,معتمدة داخليًا,معلن جزئيًا
INIT-00106,2022-08-31,الميزانية الاستراتيجية لبرنامج تحديث البنية التقنية 2022-2024,تفاصيل الميزانية الاستراتيجية وتوزيعها على المراحل قبل الاعتماد. المرجع INI-2022-2912 · الجهة المعنية: قطاع العمليات.,قطاع العمليات,معتمدة داخليًا,معلن جزئيًا
INIT-00107,2024-01-05,خطة الاستحواذ الاستراتيجية على مزوّد تقني إقليمي,خطة استراتيجية للاستحواذ مع تقييم مبدئي وهيكل تمويل مقترح. المرجع INI-2024-5655 · الجهة المعنية: قطاع التحول الرقمي.,قطاع التحول الرقمي,قيد التنفيذ المبدئي,غير معلن
INIT-00108,2020-10-01,الميزانية الاستراتيجية لبرنامج التحول الرقمي 2020-2022,تفاصيل الميزانية الاستراتيجية وتوزيعها على المراحل قبل الاعتماد. المرجع INI-2020-3206 · الجهة المعنية: قطاع التحول الرقمي.,قطاع التحول الرقمي,قيد الدراسة,معلن جزئيًا
INIT-00109,2024-05-12,خطة الاستحواذ الاستراتيجية على مزوّد تقني إقليمي,خطة استراتيجية للاستحواذ مع تقييم مبدئي وهيكل تمويل مقترح. المرجع INI-2024-1487 · الجهة المعنية: قطاع العمليات.,قطاع العمليات,مرفوعة للجنة,غير معلن
INIT-00110,2022-01-19,خطة الاستحواذ الاستراتيجية على مزوّد تقني إقليمي,خطة استراتيجية للاستحواذ مع تقييم مبدئي وهيكل تمويل مقترح. المرجع INI-2022-6232 · الجهة المعنية: قطاع الشراكات.,قطاع الشراكات,معتمدة داخليًا,معلن جزئيًا
INIT-00111,2023-11-04,مصفوفة الشركاء المحتملين لبرنامج الاستحواذ التقني,تقييم شركاء محتملين وشروط التفضيل قبل الإفصاح للسوق. المرجع INI-2023-2638 · الجهة المعنية: قطاع البنية التحتية.,قطاع البنية التحتية,قيد الدراسة,معلن جزئيًا
INIT-00112,2025-08-09,مذكرة تفاهم مع تحالف صناعي دولي لتنفيذ برنامج المدن الذكية,مسودة مذكرة تفاهم لم تُوقّع بعد وتتضمن التزامات مالية. المرجع INI-2025-6751 · الجهة المعنية: قطاع الحلول الحكومية.,قطاع الحلول الحكومية,قيد الدراسة,معلن جزئيًا
INIT-00113,2020-12-04,مذكرة تفاهم مع منظمة إقليمية لتنفيذ برنامج الاستحواذ التقني,مسودة مذكرة تفاهم لم تُوقّع بعد وتتضمن التزامات مالية. المرجع INI-2020-2486 · الجهة المعنية: قطاع التحول الرقمي.,قطاع التحول الرقمي,قيد التنفيذ المبدئي,معلن جزئيًا
INIT-00114,2020-03-26,خطة دخول سوق مكة المكرمة - نسخة غير معلنة,خطة استراتيجية لدخول السوق وتقديرات الحصة المستهدفة. المرجع INI-2020-5115 · الجهة المعنية: قطاع الأعمال المؤسسية.,قطاع الأعمال المؤسسية,قيد التنفيذ المبدئي,غير معلن
INIT-00115,2022-10-24,خطة الاستحواذ الاستراتيجية على مزوّد تقني إقليمي,خطة استراتيجية للاستحواذ مع تقييم مبدئي وهيكل تمويل مقترح. المرجع INI-2022-6575 · الجهة المعنية: قطاع البنية التحتية.,قطاع البنية التحتية,معتمدة داخليًا,غير معلن
INIT-00116,2020-11-29,جدول بدلات ورواتب فريق برنامج تكامل الأنظمة الحكومية,جدول رواتب وبدلات أعضاء الفريق خلال مراحل التنفيذ. المرجع INI-2020-2094 · الجهة المعنية: قطاع التقنية والمشاريع.,قطاع التقنية والمشاريع,قيد الدراسة,غير معلن
INIT-00117,2024-10-06,مبادرة الحوسبة السيادية وحماية سيادة البيانات,تصميم بيئة تضمن سيادة البيانات الوطنية وحدود الاستضافة المسموحة. المرجع INI-2024-4529 · الجهة المعنية: قطاع الأعمال المؤسسية.,قطاع الأعمال المؤسسية,قيد الدراسة,غير معلن
INIT-00118,2022-04-30,مبادرة مواقع تخزين احتياطية للبيانات الحساسة,تحديد مواقع تخزين احتياطية وسعاتها ومستويات حمايتها. المرجع INI-2022-6691 · الجهة المعنية: قطاع التحول الرقمي.,قطاع التحول الرقمي,معتمدة داخليًا,غير معلن
INIT-00119,2026-05-15,مشروع تحديث أنظمة محطة ضخ رئيسية - مرحلة 2,تحديث أنظمة تحكم منشأة حيوية وجدول الإيقاف المخطط. المرجع INI-2026-3172 · الجهة المعنية: قطاع الحلول الحكومية.,قطاع الحلول الحكومية,مرفوعة للجنة,غير معلن
INIT-00120,2022-10-14,مشروع تأمين مواقع تخزين أسلحة خاضعة للرقابة,تصميم ضوابط تأمين مواقع أسلحة ومواد خاضعة للرقابة. المرجع INI-2022-3919 · الجهة المعنية: قطاع الأعمال المؤسسية.,قطاع الأعمال المؤسسية,قيد التنفيذ المبدئي,غير معلن
INIT-00121,2023-03-08,مشروع تحديث أنظمة ميناء بحري - مرحلة 3,تحديث أنظمة تحكم منشأة حيوية وجدول الإيقاف المخطط. المرجع INI-2023-2444 · الجهة المعنية: قطاع الحلول الحكومية.,,قيد التنفيذ المبدئي,غير معلن
INIT-00122,2026-04-25,مشروع منظومة اتصالات لجهة عسكري الطابع,متطلبات منظومة اتصالات لجهة عسكري الطابع وقيود التسليم. المرجع INI-2026-3490 · الجهة المعنية: قطاع البنية التحتية.,قطاع البنية التحتية,مسودة أولية,غير معلن
INIT-00123,2025-12-05,نموذج تسعير برنامج تكامل الأنظمة الحكومية للمنافسات الحكومية,هوامش وحدود تسعير استراتيجية غير قابلة للإفصاح للمنافسين. المرجع INI-2025-8789 · الجهة المعنية: قطاع الحلول الحكومية.,قطاع الحلول الحكومية,قيد التنفيذ المبدئي,غير معلن
INIT-00124,2026-05-27,نموذج تسعير برنامج المرونة التشغيلية للمنافسات الحكومية,هوامش وحدود تسعير استراتيجية غير قابلة للإفصاح للمنافسين. المرجع INI-2026-6591 · الجهة المعنية: قطاع الأعمال المؤسسية.,قطاع الأعمال المؤسسية,مرفوعة للجنة,معلن جزئيًا
INIT-00125,2021-09-03,خطة الاستحواذ الاستراتيجية على مزوّد تقني إقليمي,خطة استراتيجية للاستحواذ مع تقييم مبدئي وهيكل تمويل مقترح. المرجع INI-2021-7079 · الجهة المعنية: قطاع الحلول الحكومية.,قطاع الحلول الحكومية,معتمدة داخليًا,غير معلن
INIT-00126,2023-09-19,مصفوفة الشركاء المحتملين لبرنامج التحول الرقمي,تقييم شركاء محتملين وشروط التفضيل قبل الإفصاح للسوق. المرجع INI-2023-7113 · الجهة المعنية: قطاع الأعمال المؤسسية.,,بانتظار الاعتماد,غير معلن
INIT-00127,2024-06-04,مسار تفاوض دبلوماسي لتوطين برنامج الاستحواذ التقني,مسار ذو طابع دبلوماسي لتوطين التقنية مع أطراف خارجية. المرجع INI-2024-5806 · الجهة المعنية: قطاع العمليات.,,معتمدة داخليًا,غير معلن
INIT-00128,2022-12-29,مسار تفاوض دبلوماسي لتوطين برنامج المدن الذكية,مسار ذو طابع دبلوماسي لتوطين التقنية مع أطراف خارجية. المرجع INI-2022-8335 · الجهة المعنية: قطاع البنية التحتية.,قطاع البنية التحتية,قيد الدراسة,معلن جزئيًا
INIT-00129,2024-02-15,مذكرة تفاهم مع جهة سيادية شريكة لتنفيذ برنامج الذكاء الاصطناعي المؤسسي,مسودة مذكرة تفاهم لم تُوقّع بعد وتتضمن التزامات مالية. المرجع INI-2024-2948 · الجهة المعنية: قطاع التحول الرقمي.,قطاع التحول الرقمي,مسودة أولية,معلن جزئيًا
INIT-00130,2022-01-07,متطلبات ربط شبكي لبرنامج المرونة التشغيلية,مخطط الشبكة المطلوب لربط بيئات المشروع الداخلية. المرجع INI-2022-1139 · الجهة المعنية: قطاع التحول الرقمي.,قطاع التحول الرقمي,قيد التنفيذ المبدئي,معلن جزئيًا
INIT-00131,2025-04-18,خطة الاستحواذ الاستراتيجية على مزوّد تقني إقليمي,خطة استراتيجية للاستحواذ مع تقييم مبدئي وهيكل تمويل مقترح. المرجع INI-2025-1448 · الجهة المعنية: قطاع البنية التحتية.,قطاع البنية التحتية,بانتظار الاعتماد,غير معلن
INIT-00132,2023-06-09,مسار تفاوض دبلوماسي لتوطين برنامج التحول الرقمي,مسار ذو طابع دبلوماسي لتوطين التقنية مع أطراف خارجية. المرجع INI-2023-9891 · الجهة المعنية: قطاع التحول الرقمي.,قطاع التحول الرقمي,قيد الدراسة,غير معلن
INIT-00133,2025-05-17,تحقيق جدوى موسّع لبرنامج تكامل الأنظمة الحكومية,تحقيق جدوى يتضمن أرقامًا مالية غير معلنة وسيناريوهات المخاطر. المرجع INI-2025-2080 · الجهة المعنية: قطاع الأعمال المؤسسية.,قطاع الأعمال المؤسسية,مرفوعة للجنة,غير معلن
INIT-00134,2021-01-10,مصفوفة الشركاء المحتملين لبرنامج أمن سلاسل الإمداد,تقييم شركاء محتملين وشروط التفضيل قبل الإفصاح للسوق. المرجع INI-2021-5906 · الجهة المعنية: قطاع الحلول الحكومية.,قطاع الحلول الحكومية,قيد الدراسة,معلن جزئيًا
INIT-00135,2023-12-25,مذكرة تفاهم مع شريك تقني عالمي لتنفيذ برنامج الحوسبة السيادية,مسودة مذكرة تفاهم لم تُوقّع بعد وتتضمن التزامات مالية. المرجع INI-2023-7791 · الجهة المعنية: قطاع الحلول الحكومية.,قطاع الحلول الحكومية,مرفوعة للجنة,غير معلن
INIT-00136,2023-07-20,إعادة هيكلة قطاع العمليات - قبل الاعتماد,تصور إعادة الهيكلة وأثرها الوظيفي قبل الاعتماد من المجلس. المرجع INI-2023-6448 · الجهة المعنية: قطاع التحول الرقمي.,قطاع التحول الرقمي,قيد الدراسة,غير معلن
INIT-00137,2021-07-21,تحقيق جدوى موسّع لبرنامج المرونة التشغيلية,تحقيق جدوى يتضمن أرقامًا مالية غير معلنة وسيناريوهات المخاطر. المرجع INI-2021-6384 · الجهة المعنية: قطاع البنية التحتية.,قطاع البنية التحتية,مرفوعة للجنة,غير معلن
INIT-00138,2023-11-25,مبادرة إدارة مفاتيح التشفير على مستوى الجهات الوطنية,تصميم مركزي لإدارة مفاتيح التشفير عبر الأنظمة الوطنية. المرجع INI-2023-4092 · الجهة المعنية: قطاع العمليات.,قطاع العمليات,معتمدة داخليًا,غير معلن
INIT-00139,2019-07-10,مبادرة مواقع تخزين احتياطية للبيانات الحساسة,تحديد مواقع تخزين احتياطية وسعاتها ومستويات حمايتها. المرجع INI-2019-2854 · الجهة المعنية: قطاع الحلول الحكومية.,قطاع الحلول الحكومية,قيد الدراسة,معلن جزئيًا
INIT-00140,2021-07-30,مبادرة مواقع تخزين احتياطية للبيانات الحساسة,تحديد مواقع تخزين احتياطية وسعاتها ومستويات حمايتها. المرجع INI-2021-2568 · الجهة المعنية: قطاع الأعمال المؤسسية.,قطاع الأعمال المؤسسية,قيد الدراسة,غير معلن
INIT-00141,2021-07-04,خطة الاستحواذ الاستراتيجية على مزوّد تقني إقليمي,خطة استراتيجية للاستحواذ مع تقييم مبدئي وهيكل تمويل مقترح. المرجع INI-2021-1223 · الجهة المعنية: قطاع الأعمال المؤسسية.,قطاع الأعمال المؤسسية,مرفوعة للجنة,غير معلن
INIT-00142,2020-09-27,عرض أسعار استشاري لمرحلة تصميم برنامج التوسع الإقليمي,عرض أسعار مقدم من بيت خبرة ضمن نطاق محدود. المرجع INI-2020-6900 · الجهة المعنية: قطاع البنية التحتية.,قطاع البنية التحتية,مسودة أولية,غير معلن
INIT-00143,2023-02-14,برنامج تشغيل منشأة حيوية وطنية في الطائف,نطاق تشغيل منشأة حيوية وطنية وحدود المسؤولية التشغيلية. المرجع INI-2023-1812 · الجهة المعنية: قطاع التحول الرقمي.,قطاع التحول الرقمي,قيد التنفيذ المبدئي,غير معلن
INIT-00144,2021-08-08,خطة الاستحواذ الاستراتيجية على مزوّد تقني إقليمي,خطة استراتيجية للاستحواذ مع تقييم مبدئي وهيكل تمويل مقترح. المرجع INI-2021-8128 · الجهة المعنية: قطاع الشراكات.,قطاع الشراكات,قيد الدراسة,غير معلن
INIT-00145,2020-06-17,إعلان انطلاق برنامج المرونة التشغيلية - قطاع الحلول الحكومية 2020,إعلان رسمي عن انطلاق البرنامج وأهدافه المعلنة. المرجع INI-2020-9444 · الجهة المعنية: قطاع العمليات.,قطاع العمليات,معتمدة داخليًا,معلن
INIT-00146,2020-01-08,خطة دخول سوق جدة - نسخة غير معلنة,خطة استراتيجية لدخول السوق وتقديرات الحصة المستهدفة. المرجع INI-2020-4825 · الجهة المعنية: قطاع البنية التحتية.,قطاع البنية التحتية,بانتظار الاعتماد,غير معلن
INIT-00147,2019-09-22,مشروع تأمين مواقع تخزين أسلحة خاضعة للرقابة,تصميم ضوابط تأمين مواقع أسلحة ومواد خاضعة للرقابة. المرجع INI-2019-8058 · الجهة المعنية: قطاع التقنية والمشاريع.,قطاع التقنية والمشاريع,مرفوعة للجنة,غير معلن
INIT-00148,2020-07-01,برنامج تشغيل منشأة حيوية وطنية في عرعر,نطاق تشغيل منشأة حيوية وطنية وحدود المسؤولية التشغيلية. المرجع INI-2020-5550 · الجهة المعنية: قطاع الأعمال المؤسسية.,قطاع الأعمال المؤسسية,قيد الدراسة,غير معلن
INIT-00149,2025-08-15,مبادرة داخلية رقم SI-2025-216 - غير معلنة,مبادرة قيد الدراسة يترتب على كشفها المبكر أثر تنافسي مباشر. المرجع INI-2025-5391 · الجهة المعنية: قطاع الحلول الحكومية.,قطاع الحلول الحكومية,قيد التنفيذ المبدئي,غير معلن
INIT-00150,2025-10-26,خطة الاستحواذ الاستراتيجية على مزوّد تقني إقليمي,خطة استراتيجية للاستحواذ مع تقييم مبدئي وهيكل تمويل مقترح. المرجع INI-2025-5531 · الجهة المعنية: قطاع العمليات.,قطاع العمليات,معتمدة داخليًا,غير معلن
INIT-00151,2024-06-12,الميزانية الاستراتيجية لبرنامج المدن الذكية 2024-2028,تفاصيل الميزانية الاستراتيجية وتوزيعها على المراحل قبل الاعتماد. المرجع INI-2024-1553 · الجهة المعنية: قطاع التحول الرقمي.,قطاع التحول الرقمي,معتمدة داخليًا,معلن جزئيًا
INIT-00152,2021-03-17,جدول بدلات ورواتب فريق برنامج التوسع الإقليمي,جدول رواتب وبدلات أعضاء الفريق خلال مراحل التنفيذ. المرجع INI-2021-8203 · الجهة المعنية: قطاع الأعمال المؤسسية.,قطاع الأعمال المؤسسية,مرفوعة للجنة,معلن جزئيًا
INIT-00153,2025-11-29,جدول بدلات ورواتب فريق برنامج المدن الذكية,جدول رواتب وبدلات أعضاء الفريق خلال مراحل التنفيذ. المرجع INI-2025-5113 · الجهة المعنية: قطاع الحلول الحكومية.,قطاع الحلول الحكومية,مسودة أولية,غير معلن
INIT-00154,2020-10-08,معاهدة تعاون تقني قيد التفاوض مع دولة شريكة,نص معاهدة تعاون تقني قيد التفاوض وبنود نقل المعرفة. المرجع INI-2020-8315 · الجهة المعنية: قطاع الأعمال المؤسسية.,قطاع الأعمال المؤسسية,مسودة أولية,غير معلن
INIT-00155,2020-11-06,إعادة هيكلة قطاع البنية التحتية - قبل الاعتماد,تصور إعادة الهيكلة وأثرها الوظيفي قبل الاعتماد من المجلس. المرجع INI-2020-7627 · الجهة المعنية: قطاع البنية التحتية.,قطاع البنية التحتية,معتمدة داخليًا,معلن جزئيًا
INIT-00156,2020-01-07,نموذج تسعير برنامج الاستحواذ التقني للمنافسات الحكومية,هوامش وحدود تسعير استراتيجية غير قابلة للإفصاح للمنافسين. المرجع INI-2020-5203 · الجهة المعنية: قطاع البنية التحتية.,قطاع البنية التحتية,قيد الدراسة,معلن جزئيًا
INIT-00157,2020-07-09,معاهدة تعاون تقني قيد التفاوض مع جهة سيادية شريكة,نص معاهدة تعاون تقني قيد التفاوض وبنود نقل المعرفة. المرجع INI-2020-2631 · الجهة المعنية: قطاع البنية التحتية.,قطاع البنية التحتية,معتمدة داخليًا,معلن جزئيًا
INIT-00158,2020-03-20,مصفوفة الشركاء المحتملين لبرنامج التوسع الإقليمي,تقييم شركاء محتملين وشروط التفضيل قبل الإفصاح للسوق. المرجع INI-2020-5405 · الجهة المعنية: قطاع الأعمال المؤسسية.,قطاع الأعمال المؤسسية,بانتظار الاعتماد,غير معلن
INIT-00159,2024-11-10,إعادة هيكلة قطاع الشراكات - قبل الاعتماد,تصور إعادة الهيكلة وأثرها الوظيفي قبل الاعتماد من المجلس. المرجع INI-2024-6186 · الجهة المعنية: قطاع العمليات.,قطاع العمليات,مرفوعة للجنة,غير معلن
INIT-00160,2022-05-22,إعادة هيكلة قطاع الخدمات الرقمية - قبل الاعتماد,تصور إعادة الهيكلة وأثرها الوظيفي قبل الاعتماد من المجلس. المرجع INI-2022-8106 · الجهة المعنية: قطاع التحول الرقمي.,قطاع التحول الرقمي,قيد الدراسة,معلن جزئيًا
INIT-00161,2021-12-17,مبادرة مواقع تخزين احتياطية للبيانات الحساسة,تحديد مواقع تخزين احتياطية وسعاتها ومستويات حمايتها. المرجع INI-2021-8167 · الجهة المعنية: قطاع العمليات.,قطاع العمليات,قيد التنفيذ المبدئي,معلن جزئيًا
INIT-00162,2026-06-17,خطة التخارج الاستراتيجية من عقد تشغيل كبير,خيارات التخارج الاستراتيجية وأثرها المالي على الإيرادات. المرجع INI-2026-5700 · الجهة المعنية: قطاع الحلول الحكومية.,قطاع الحلول الحكومية,بانتظار الاعتماد,معلن جزئيًا
INIT-00163,2019-06-07,الميزانية الاستراتيجية لبرنامج الذكاء الاصطناعي المؤسسي 2019-2021,تفاصيل الميزانية الاستراتيجية وتوزيعها على المراحل قبل الاعتماد. المرجع INI-2019-2021 · الجهة المعنية: قطاع التقنية والمشاريع.,قطاع التقنية والمشاريع,قيد التنفيذ المبدئي,معلن جزئيًا
INIT-00164,2025-03-04,إعلان انطلاق برنامج التحول الرقمي - قطاع الخدمات الرقمية 2025,إعلان رسمي عن انطلاق البرنامج وأهدافه المعلنة. المرجع INI-2025-2809 · الجهة المعنية: قطاع التحول الرقمي.,قطاع التحول الرقمي,قيد التنفيذ المبدئي,معلن
INIT-00165,2024-08-15,مذكرة تفاهم مع تحالف صناعي دولي لتنفيذ برنامج تكامل الأنظمة الحكومية,مسودة مذكرة تفاهم لم تُوقّع بعد وتتضمن التزامات مالية. المرجع INI-2024-4751 · الجهة المعنية: قطاع الحلول الحكومية.,قطاع الحلول الحكومية,معتمدة داخليًا,غير معلن
INIT-00166,2025-01-29,مبادرة داخلية رقم SI-2025-875 - غير معلنة,مبادرة قيد الدراسة يترتب على كشفها المبكر أثر تنافسي مباشر. المرجع INI-2025-8681 · الجهة المعنية: قطاع التقنية والمشاريع.,قطاع التقنية والمشاريع,معتمدة داخليًا,غير معلن
INIT-00167,2022-01-02,مذكرة تفاهم مع منظمة إقليمية لتنفيذ برنامج التحول الرقمي,مسودة مذكرة تفاهم لم تُوقّع بعد وتتضمن التزامات مالية. المرجع INI-2022-4002 · الجهة المعنية: قطاع التحول الرقمي.,قطاع التحول الرقمي,معتمدة داخليًا,غير معلن
INIT-00168,2020-06-02,خطة التخارج الاستراتيجية من عقد تشغيل كبير,خيارات التخارج الاستراتيجية وأثرها المالي على الإيرادات. المرجع INI-2020-1250 · الجهة المعنية: قطاع التقنية والمشاريع.,قطاع التقنية والمشاريع,معتمدة داخليًا,غير معلن
INIT-00169,2025-05-29,برنامج تشغيل منشأة حيوية وطنية في خميس مشيط,نطاق تشغيل منشأة حيوية وطنية وحدود المسؤولية التشغيلية. المرجع INI-2025-6862 · الجهة المعنية: قطاع التقنية والمشاريع.,قطاع التقنية والمشاريع,مرفوعة للجنة,غير معلن
INIT-00170,2021-01-13,نموذج تسعير برنامج الذكاء الاصطناعي المؤسسي للمنافسات الحكومية,هوامش وحدود تسعير استراتيجية غير قابلة للإفصاح للمنافسين. المرجع INI-2021-3932 · الجهة المعنية: قطاع الحلول الحكومية.,قطاع الحلول الحكومية,معتمدة داخليًا,معلن جزئيًا
INIT-00171,2019-10-22,مشروع تأمين مواقع تخزين أسلحة خاضعة للرقابة,تصميم ضوابط تأمين مواقع أسلحة ومواد خاضعة للرقابة. المرجع INI-2019-8543 · الجهة المعنية: قطاع التحول الرقمي.,قطاع التحول الرقمي,بانتظار الاعتماد,غير معلن
INIT-00172,2020-07-16,إعادة هيكلة قطاع الشراكات - قبل الاعتماد,تصور إعادة الهيكلة وأثرها الوظيفي قبل الاعتماد من المجلس. المرجع INI-2020-8649 · الجهة المعنية: قطاع البنية التحتية.,قطاع البنية التحتية,مرفوعة للجنة,غير معلن
INIT-00173,2025-01-10,الميزانية الاستراتيجية لبرنامج الحوسبة السيادية 2025-2028,تفاصيل الميزانية الاستراتيجية وتوزيعها على المراحل قبل الاعتماد. المرجع INI-2025-8236 · الجهة المعنية: قطاع العمليات.,قطاع العمليات,بانتظار الاعتماد,معلن جزئيًا
INIT-00174,2020-03-14,مذكرة تفاهم مع صندوق استثماري دولي لتنفيذ برنامج تحديث البنية التقنية,مسودة مذكرة تفاهم لم تُوقّع بعد وتتضمن التزامات مالية. المرجع INI-2020-3236 · الجهة المعنية: قطاع الشراكات.,قطاع الشراكات,معتمدة داخليًا,غير معلن
INIT-00175,2023-03-30,مبادرة مواقع تخزين احتياطية للبيانات الحساسة,تحديد مواقع تخزين احتياطية وسعاتها ومستويات حمايتها. المرجع INI-2023-1004 · الجهة المعنية: قطاع الأعمال المؤسسية.,قطاع الأعمال المؤسسية,مرفوعة للجنة,غير معلن
INIT-00176,2019-09-12,الميزانية الاستراتيجية لبرنامج المدن الذكية 2019-2021,تفاصيل الميزانية الاستراتيجية وتوزيعها على المراحل قبل الاعتماد. المرجع INI-2019-4343 · الجهة المعنية: قطاع التقنية والمشاريع.,قطاع التقنية والمشاريع,مسودة أولية,غير معلن
INIT-00177,2024-05-30,الميزانية الاستراتيجية لبرنامج المدن الذكية 2024-2026,تفاصيل الميزانية الاستراتيجية وتوزيعها على المراحل قبل الاعتماد. المرجع INI-2024-6139 · الجهة المعنية: قطاع العمليات.,قطاع العمليات,معتمدة داخليًا,غير معلن
INIT-00178,2019-02-20,خطة التخارج الاستراتيجية من عقد تشغيل كبير,خيارات التخارج الاستراتيجية وأثرها المالي على الإيرادات. المرجع INI-2019-3345 · الجهة المعنية: قطاع التقنية والمشاريع.,قطاع التقنية والمشاريع,مرفوعة للجنة,معلن جزئيًا
INIT-00179,2026-04-09,خطة الاستحواذ الاستراتيجية على مزوّد تقني إقليمي,خطة استراتيجية للاستحواذ مع تقييم مبدئي وهيكل تمويل مقترح. المرجع INI-2026-8309 · الجهة المعنية: قطاع البنية التحتية.,قطاع البنية التحتية,قيد التنفيذ المبدئي,معلن جزئيًا
INIT-00180,2021-11-16,مذكرة داخلية لمتابعة مؤشرات برنامج الاستحواذ التقني,مذكرة داخلية دورية لمتابعة مؤشرات التنفيذ بين الإدارات. المرجع INI-2021-2559 · الجهة المعنية: قطاع الأعمال المؤسسية.,قطاع الأعمال المؤسسية,معتمدة داخليًا,غير معلن
INIT-00181,2019-07-24,مذكرة تفاهم مع جهة سيادية شريكة لتنفيذ برنامج الذكاء الاصطناعي المؤسسي,مسودة مذكرة تفاهم لم تُوقّع بعد وتتضمن التزامات مالية. المرجع INI-2019-9573 · الجهة المعنية: قطاع الحلول الحكومية.,قطاع الحلول الحكومية,قيد التنفيذ المبدئي,معلن جزئيًا
INIT-00182,2022-03-03,خطة دخول سوق نجران - نسخة غير معلنة,خطة استراتيجية لدخول السوق وتقديرات الحصة المستهدفة. المرجع INI-2022-9609 · الجهة المعنية: قطاع الأعمال المؤسسية.,قطاع الأعمال المؤسسية,قيد الدراسة,معلن جزئيًا
INIT-00183,2020-03-17,إعلان انطلاق برنامج المرونة التشغيلية - قطاع الأعمال المؤسسية 2020,إعلان رسمي عن انطلاق البرنامج وأهدافه المعلنة. المرجع INI-2020-5843 · الجهة المعنية: قطاع الحلول الحكومية.,قطاع الحلول الحكومية,مرفوعة للجنة,معلن
INIT-00184,2023-01-07,مذكرة تفاهم مع شريك تقني عالمي لتنفيذ برنامج التحول الرقمي,مسودة مذكرة تفاهم لم تُوقّع بعد وتتضمن التزامات مالية. المرجع INI-2023-8526 · الجهة المعنية: قطاع الحلول الحكومية.,قطاع الحلول الحكومية,مسودة أولية,غير معلن
INIT-00185,2023-12-24,خطة دخول سوق بريدة - نسخة غير معلنة,خطة استراتيجية لدخول السوق وتقديرات الحصة المستهدفة. المرجع INI-2023-1205 · الجهة المعنية: قطاع التقنية والمشاريع.,قطاع التقنية والمشاريع,بانتظار الاعتماد,معلن جزئيًا
INIT-00186,2025-01-31,مبادرة إدارة مفاتيح التشفير على مستوى الجهات الوطنية,تصميم مركزي لإدارة مفاتيح التشفير عبر الأنظمة الوطنية. المرجع INI-2025-8366 · الجهة المعنية: قطاع الحلول الحكومية.,قطاع الحلول الحكومية,مسودة أولية,غير معلن
INIT-00187,2024-10-26,خطة التخارج الاستراتيجية من عقد تشغيل كبير,خيارات التخارج الاستراتيجية وأثرها المالي على الإيرادات. المرجع INI-2024-5000 · الجهة المعنية: قطاع الشراكات.,قطاع الشراكات,معتمدة داخليًا,معلن جزئيًا
INIT-00188,2021-02-09,مبادرة الحوسبة السيادية وحماية سيادة البيانات,تصميم بيئة تضمن سيادة البيانات الوطنية وحدود الاستضافة المسموحة. المرجع INI-2021-5181 · الجهة المعنية: قطاع التحول الرقمي.,قطاع التحول الرقمي,قيد الدراسة,غير معلن
INIT-00189,2021-11-14,الميزانية الاستراتيجية لبرنامج الاستحواذ التقني 2021-2025,تفاصيل الميزانية الاستراتيجية وتوزيعها على المراحل قبل الاعتماد. المرجع INI-2021-3801 · الجهة المعنية: قطاع التقنية والمشاريع.,قطاع التقنية والمشاريع,معتمدة داخليًا,غير معلن
INIT-00190,2024-11-20,مبادرة مواقع تخزين احتياطية للبيانات الحساسة,تحديد مواقع تخزين احتياطية وسعاتها ومستويات حمايتها. المرجع INI-2024-8748 · الجهة المعنية: قطاع التحول الرقمي.,قطاع التحول الرقمي,مسودة أولية,غير معلن
INIT-00191,2020-12-25,خطة الاستحواذ الاستراتيجية على مزوّد تقني إقليمي,خطة استراتيجية للاستحواذ مع تقييم مبدئي وهيكل تمويل مقترح. المرجع INI-2020-3312 · الجهة المعنية: قطاع التحول الرقمي.,قطاع التحول الرقمي,بانتظار الاعتماد,غير معلن
INIT-00192,2023-11-21,خطة دخول سوق المدينة المنورة - نسخة غير معلنة,خطة استراتيجية لدخول السوق وتقديرات الحصة المستهدفة. المرجع INI-2023-8953 · الجهة المعنية: قطاع العمليات.,قطاع العمليات,معتمدة داخليًا,غير معلن
INIT-00193,2019-10-14,معاهدة تعاون تقني قيد التفاوض مع دولة شريكة,نص معاهدة تعاون تقني قيد التفاوض وبنود نقل المعرفة. المرجع INI-2019-3168 · الجهة المعنية: قطاع البنية التحتية.,قطاع البنية التحتية,معتمدة داخليًا,معلن جزئيًا
INIT-00194,2024-08-02,الميزانية الاستراتيجية لبرنامج تكامل الأنظمة الحكومية 2024-2028,تفاصيل الميزانية الاستراتيجية وتوزيعها على المراحل قبل الاعتماد. المرجع INI-2024-4668 · الجهة المعنية: قطاع التحول الرقمي.,قطاع التحول الرقمي,مرفوعة للجنة,غير معلن
INIT-00195,2019-03-12,مبادرة مواقع تخزين احتياطية للبيانات الحساسة,تحديد مواقع تخزين احتياطية وسعاتها ومستويات حمايتها. المرجع INI-2019-6244 · الجهة المعنية: قطاع التحول الرقمي.,قطاع التحول الرقمي,قيد التنفيذ المبدئي,معلن جزئيًا
INIT-00196,2022-09-04,مصفوفة الشركاء المحتملين لبرنامج المدن الذكية,تقييم شركاء محتملين وشروط التفضيل قبل الإفصاح للسوق. المرجع INI-2022-6842 · الجهة المعنية: قطاع الشراكات.,قطاع الشراكات,مرفوعة للجنة,غير معلن
INIT-00197,2024-12-05,خطة دخول سوق نجران - نسخة غير معلنة,خطة استراتيجية لدخول السوق وتقديرات الحصة المستهدفة. المرجع INI-2024-2238 · الجهة المعنية: قطاع الشراكات.,قطاع الشراكات,قيد الدراسة,غير معلن
INIT-00198,2026-03-19,مبادرة مواقع تخزين احتياطية للبيانات الحساسة,تحديد مواقع تخزين احتياطية وسعاتها ومستويات حمايتها. المرجع INI-2026-7293 · الجهة المعنية: قطاع العمليات.,قطاع العمليات,قيد التنفيذ المبدئي,غير معلن
INIT-00199,2021-04-09,مسار تفاوض دبلوماسي لتوطين برنامج الاستحواذ التقني,مسار ذو طابع دبلوماسي لتوطين التقنية مع أطراف خارجية. المرجع INI-2021-6801 · الجهة المعنية: قطاع العمليات.,قطاع العمليات,قيد التنفيذ المبدئي,معلن جزئيًا
INIT-00200,2022-04-16,خطة توزيع الكوادر على برنامج التوسع الإقليمي,توزيع كوادر مع بيانات شخصية ومسميات وظيفية تفصيلية. المرجع INI-2022-3696 · الجهة المعنية: قطاع التحول الرقمي.,قطاع التحول الرقمي,بانتظار الاعتماد,غير معلن
INIT-00201,2021-12-27,برنامج تشغيل منشأة حيوية وطنية في عرعر,نطاق تشغيل منشأة حيوية وطنية وحدود المسؤولية التشغيلية. المرجع INI-2021-9646 · الجهة المعنية: قطاع الأعمال المؤسسية.,قطاع الأعمال المؤسسية,مرفوعة للجنة,غير معلن
INIT-00202,2021-06-11,برنامج تشغيل منشأة حيوية وطنية في أبها,نطاق تشغيل منشأة حيوية وطنية وحدود المسؤولية التشغيلية. المرجع INI-2021-9332 · الجهة المعنية: قطاع العمليات.,قطاع العمليات,قيد الدراسة,غير معلن
INIT-00203,2022-10-13,نموذج تسعير برنامج الذكاء الاصطناعي المؤسسي للمنافسات الحكومية,هوامش وحدود تسعير استراتيجية غير قابلة للإفصاح للمنافسين. المرجع INI-2022-1135 · الجهة المعنية: قطاع الحلول الحكومية.,قطاع الحلول الحكومية,معتمدة داخليًا,غير معلن
INIT-00204,2024-04-10,مبادرة الحوسبة السيادية وحماية سيادة البيانات,تصميم بيئة تضمن سيادة البيانات الوطنية وحدود الاستضافة المسموحة. المرجع INI-2024-6933 · الجهة المعنية: قطاع الحلول الحكومية.,قطاع الحلول الحكومية,بانتظار الاعتماد,غير معلن
INIT-00205,2020-01-20,مبادرة داخلية رقم SI-2020-320 - غير معلنة,مبادرة قيد الدراسة يترتب على كشفها المبكر أثر تنافسي مباشر. المرجع INI-2020-1309 · الجهة المعنية: قطاع العمليات.,قطاع العمليات,مسودة أولية,غير معلن
INIT-00206,2020-01-22,مصفوفة الشركاء المحتملين لبرنامج أمن سلاسل الإمداد,تقييم شركاء محتملين وشروط التفضيل قبل الإفصاح للسوق. المرجع INI-2020-1287 · الجهة المعنية: قطاع التحول الرقمي.,قطاع التحول الرقمي,مرفوعة للجنة,غير معلن
INIT-00207,2021-10-28,منشور تعريفي بمخرجات برنامج تكامل الأنظمة الحكومية في الجبيل,منشور تعريفي عام بالمخرجات المعلنة للبرنامج. المرجع INI-2021-1270 · الجهة المعنية: قطاع العمليات.,قطاع العمليات,بانتظار الاعتماد,معلن
INIT-00208,2020-03-22,مشروع تحديث أنظمة مركز تحكم شبكة النقل - مرحلة 3,تحديث أنظمة تحكم منشأة حيوية وجدول الإيقاف المخطط. المرجع INI-2020-6448 · الجهة المعنية: قطاع التقنية والمشاريع.,قطاع التقنية والمشاريع,مسودة أولية,غير معلن
INIT-00209,2022-09-30,مبادرة تحليل استخبارات التهديد الوطنية,بناء قدرة استخبارات تهديد مشتركة بين الجهات الوطنية. المرجع INI-2022-3252 · الجهة المعنية: قطاع التقنية والمشاريع.,قطاع التقنية والمشاريع,مرفوعة للجنة,غير معلن
INIT-00210,2021-11-21,مبادرة داخلية رقم SI-2021-147 - غير معلنة,مبادرة قيد الدراسة يترتب على كشفها المبكر أثر تنافسي مباشر. المرجع INI-2021-7172 · الجهة المعنية: قطاع الحلول الحكومية.,قطاع الحلول الحكومية,بانتظار الاعتماد,معلن جزئيًا
INIT-00211,2026-05-02,مسار تفاوض دبلوماسي لتوطين برنامج المرونة التشغيلية,مسار ذو طابع دبلوماسي لتوطين التقنية مع أطراف خارجية. المرجع INI-2026-4862 · الجهة المعنية: قطاع الحلول الحكومية.,قطاع الحلول الحكومية,بانتظار الاعتماد,معلن جزئيًا
INIT-00212,2019-09-21,معاهدة تعاون تقني قيد التفاوض مع شريك تقني عالمي,نص معاهدة تعاون تقني قيد التفاوض وبنود نقل المعرفة. المرجع INI-2019-1216 · الجهة المعنية: قطاع الأعمال المؤسسية.,قطاع الأعمال المؤسسية,مرفوعة للجنة,معلن جزئيًا
INIT-00213,2022-12-12,تحقيق جدوى موسّع لبرنامج التوسع الإقليمي,تحقيق جدوى يتضمن أرقامًا مالية غير معلنة وسيناريوهات المخاطر. المرجع INI-2022-8016 · الجهة المعنية: قطاع الشراكات.,قطاع الشراكات,مسودة أولية,غير معلن
INIT-00214,2020-08-09,مصفوفة الشركاء المحتملين لبرنامج الحوسبة السيادية,تقييم شركاء محتملين وشروط التفضيل قبل الإفصاح للسوق. المرجع INI-2020-8579 · الجهة المعنية: قطاع البنية التحتية.,,بانتظار الاعتماد,معلن جزئيًا
INIT-00215,2021-09-14,مصفوفة الشركاء المحتملين لبرنامج تحديث البنية التقنية,تقييم شركاء محتملين وشروط التفضيل قبل الإفصاح للسوق. المرجع INI-2021-3850 · الجهة المعنية: قطاع الحلول الحكومية.,قطاع الحلول الحكومية,مسودة أولية,غير معلن
INIT-00216,2026-01-28,خطة التخارج الاستراتيجية من عقد تشغيل كبير,خيارات التخارج الاستراتيجية وأثرها المالي على الإيرادات. المرجع INI-2026-3505 · الجهة المعنية: قطاع العمليات.,قطاع العمليات,مسودة أولية,غير معلن
INIT-00217,2025-05-22,عقد مورد لتوريد تجهيزات برنامج الاستحواذ التقني,بنود عقد مورد وجدول التوريد والغرامات التعاقدية. المرجع INI-2025-4632 · الجهة المعنية: قطاع الحلول الحكومية.,قطاع الحلول الحكومية,قيد التنفيذ المبدئي,غير معلن
INIT-00218,2021-01-25,مشروع تحديث أنظمة مصفاة بترولية - مرحلة 2,تحديث أنظمة تحكم منشأة حيوية وجدول الإيقاف المخطط. المرجع INI-2021-1074 · الجهة المعنية: قطاع التحول الرقمي.,قطاع التحول الرقمي,معتمدة داخليًا,غير معلن
INIT-00219,2019-10-17,منشور تعريفي بمخرجات برنامج تكامل الأنظمة الحكومية في جازان,منشور تعريفي عام بالمخرجات المعلنة للبرنامج. المرجع INI-2019-6665 · الجهة المعنية: قطاع التقنية والمشاريع.,قطاع التقنية والمشاريع,قيد التنفيذ المبدئي,معلن
INIT-00220,2021-02-20,خطة الاستحواذ الاستراتيجية على مزوّد تقني إقليمي,خطة استراتيجية للاستحواذ مع تقييم مبدئي وهيكل تمويل مقترح. المرجع INI-2021-1818 · الجهة المعنية: قطاع التحول الرقمي.,قطاع التحول الرقمي,قيد التنفيذ المبدئي,غير معلن
INIT-00221,2021-09-26,خطة دخول سوق بريدة - نسخة غير معلنة,خطة استراتيجية لدخول السوق وتقديرات الحصة المستهدفة. المرجع INI-2021-4367 · الجهة المعنية: قطاع العمليات.,قطاع العمليات,قيد التنفيذ المبدئي,غير معلن
INIT-00222,2022-08-24,خطة توزيع الكوادر على برنامج تكامل الأنظمة الحكومية,توزيع كوادر مع بيانات شخصية ومسميات وظيفية تفصيلية. المرجع INI-2022-7155 · الجهة المعنية: قطاع الأعمال المؤسسية.,,قيد الدراسة,معلن جزئيًا
INIT-00223,2026-01-06,مذكرة تفاهم مع تحالف صناعي دولي لتنفيذ برنامج المرونة التشغيلية,مسودة مذكرة تفاهم لم تُوقّع بعد وتتضمن التزامات مالية. المرجع INI-2026-3895 · الجهة المعنية: قطاع العمليات.,قطاع العمليات,مسودة أولية,معلن جزئيًا
INIT-00224,2022-07-28,مذكرة تفاهم مع شريك تقني عالمي لتنفيذ برنامج الحوسبة السيادية,مسودة مذكرة تفاهم لم تُوقّع بعد وتتضمن التزامات مالية. المرجع INI-2022-6610 · الجهة المعنية: قطاع العمليات.,قطاع العمليات,مرفوعة للجنة,معلن جزئيًا
INIT-00225,2025-09-17,مبادرة الحوسبة السيادية وحماية سيادة البيانات,تصميم بيئة تضمن سيادة البيانات الوطنية وحدود الاستضافة المسموحة. المرجع INI-2025-7360 · الجهة المعنية: قطاع التقنية والمشاريع.,قطاع التقنية والمشاريع,مسودة أولية,غير معلن
INIT-00226,2019-03-16,مصفوفة الشركاء المحتملين لبرنامج التحول الرقمي,تقييم شركاء محتملين وشروط التفضيل قبل الإفصاح للسوق. المرجع INI-2019-3097 · الجهة المعنية: قطاع الأعمال المؤسسية.,قطاع الأعمال المؤسسية,قيد التنفيذ المبدئي,معلن جزئيًا
INIT-00227,2022-02-16,مصفوفة الشركاء المحتملين لبرنامج الاستحواذ التقني,تقييم شركاء محتملين وشروط التفضيل قبل الإفصاح للسوق. المرجع INI-2022-1395 · الجهة المعنية: قطاع التقنية والمشاريع.,,قيد الدراسة,معلن جزئيًا
INIT-00228,2019-10-26,مبادرة داخلية رقم SI-2019-858 - غير معلنة,مبادرة قيد الدراسة يترتب على كشفها المبكر أثر تنافسي مباشر. المرجع INI-2019-6012 · الجهة المعنية: قطاع العمليات.,قطاع العمليات,مرفوعة للجنة,معلن جزئيًا
INIT-00229,2020-04-18,مبادرة الحوسبة السيادية وحماية سيادة البيانات,تصميم بيئة تضمن سيادة البيانات الوطنية وحدود الاستضافة المسموحة. المرجع INI-2020-7413 · الجهة المعنية: قطاع الحلول الحكومية.,قطاع الحلول الحكومية,قيد التنفيذ المبدئي,غير معلن
INIT-00230,2024-07-28,متطلبات ربط شبكي لبرنامج تكامل الأنظمة الحكومية,مخطط الشبكة المطلوب لربط بيئات المشروع الداخلية. المرجع INI-2024-3033 · الجهة المعنية: قطاع التحول الرقمي.,قطاع التحول الرقمي,مرفوعة للجنة,معلن جزئيًا
INIT-00231,2025-12-16,مذكرة تفاهم مع منظمة إقليمية لتنفيذ برنامج التحول الرقمي,مسودة مذكرة تفاهم لم تُوقّع بعد وتتضمن التزامات مالية. المرجع INI-2025-5712 · الجهة المعنية: قطاع التقنية والمشاريع.,قطاع التقنية والمشاريع,قيد الدراسة,غير معلن
INIT-00232,2023-11-11,مشروع منظومة اتصالات لجهة عسكري الطابع,متطلبات منظومة اتصالات لجهة عسكري الطابع وقيود التسليم. المرجع INI-2023-7440 · الجهة المعنية: قطاع الحلول الحكومية.,قطاع الحلول الحكومية,معتمدة داخليًا,غير معلن
INIT-00233,2020-10-28,خطة دخول سوق جازان - نسخة غير معلنة,خطة استراتيجية لدخول السوق وتقديرات الحصة المستهدفة. المرجع INI-2020-6440 · الجهة المعنية: قطاع العمليات.,قطاع العمليات,بانتظار الاعتماد,معلن جزئيًا
INIT-00234,2024-08-14,تحقيق جدوى موسّع لبرنامج الحوسبة السيادية,تحقيق جدوى يتضمن أرقامًا مالية غير معلنة وسيناريوهات المخاطر. المرجع INI-2024-8443 · الجهة المعنية: قطاع العمليات.,قطاع العمليات,قيد الدراسة,غير معلن
INIT-00235,2024-06-19,خطة الاستحواذ الاستراتيجية على مزوّد تقني إقليمي,خطة استراتيجية للاستحواذ مع تقييم مبدئي وهيكل تمويل مقترح. المرجع INI-2024-2597 · الجهة المعنية: قطاع التحول الرقمي.,قطاع التحول الرقمي,قيد التنفيذ المبدئي,غير معلن
INIT-00236,2020-11-11,مبادرة مواقع تخزين احتياطية للبيانات الحساسة,تحديد مواقع تخزين احتياطية وسعاتها ومستويات حمايتها. المرجع INI-2020-8288 · الجهة المعنية: قطاع البنية التحتية.,قطاع البنية التحتية,قيد الدراسة,غير معلن
INIT-00237,2023-12-10,معاهدة تعاون تقني قيد التفاوض مع تحالف صناعي دولي,نص معاهدة تعاون تقني قيد التفاوض وبنود نقل المعرفة. المرجع INI-2023-5154 · الجهة المعنية: قطاع العمليات.,قطاع العمليات,قيد التنفيذ المبدئي,غير معلن
INIT-00238,2025-11-10,مصفوفة الشركاء المحتملين لبرنامج المدن الذكية,تقييم شركاء محتملين وشروط التفضيل قبل الإفصاح للسوق. المرجع INI-2025-5827 · الجهة المعنية: قطاع الحلول الحكومية.,قطاع الحلول الحكومية,معتمدة داخليًا,غير معلن
INIT-00239,2023-10-25,مبادرة مواقع تخزين احتياطية للبيانات الحساسة,تحديد مواقع تخزين احتياطية وسعاتها ومستويات حمايتها. المرجع INI-2023-4662 · الجهة المعنية: قطاع البنية التحتية.,قطاع البنية التحتية,بانتظار الاعتماد,معلن جزئيًا
INIT-00240,2019-08-12,متطلبات ربط شبكي لبرنامج الحوسبة السيادية,مخطط الشبكة المطلوب لربط بيئات المشروع الداخلية. المرجع INI-2019-7437 · الجهة المعنية: قطاع العمليات.,قطاع العمليات,بانتظار الاعتماد,معلن جزئيًا
INIT-00241,2023-09-28,خطة الاستحواذ الاستراتيجية على مزوّد تقني إقليمي,خطة استراتيجية للاستحواذ مع تقييم مبدئي وهيكل تمويل مقترح. المرجع INI-2023-1788 · الجهة المعنية: قطاع الأعمال المؤسسية.,قطاع الأعمال المؤسسية,معتمدة داخليًا,غير معلن
INIT-00242,2024-04-10,خطة الاستحواذ الاستراتيجية على مزوّد تقني إقليمي,خطة استراتيجية للاستحواذ مع تقييم مبدئي وهيكل تمويل مقترح. المرجع INI-2024-5911 · الجهة المعنية: قطاع العمليات.,قطاع العمليات,مرفوعة للجنة,معلن جزئيًا
INIT-00243,2023-12-27,المشروع الوطني المرجعي رقم NP-282 - تداول اللجنة العليا,مشروع لا تُتداول تفاصيله خارج اللجنة العليا لارتباطه بمواقع وطنية. المرجع INI-2023-9389 · الجهة المعنية: قطاع الشراكات.,قطاع الشراكات,مرفوعة للجنة,غير معلن
INIT-00244,2023-11-24,عرض أسعار استشاري لمرحلة تصميم برنامج تكامل الأنظمة الحكومية,عرض أسعار مقدم من بيت خبرة ضمن نطاق محدود. المرجع INI-2023-5828 · الجهة المعنية: قطاع الشراكات.,قطاع الشراكات,قيد الدراسة,معلن جزئيًا
INIT-00245,2022-01-17,خطة الاستحواذ الاستراتيجية على مزوّد تقني إقليمي,خطة استراتيجية للاستحواذ مع تقييم مبدئي وهيكل تمويل مقترح. المرجع INI-2022-5133 · الجهة المعنية: قطاع الشراكات.,,مسودة أولية,غير معلن
INIT-00246,2023-02-15,خطة التخارج الاستراتيجية من عقد تشغيل كبير,خيارات التخارج الاستراتيجية وأثرها المالي على الإيرادات. المرجع INI-2023-6220 · الجهة المعنية: قطاع الأعمال المؤسسية.,قطاع الأعمال المؤسسية,مرفوعة للجنة,معلن جزئيًا
INIT-00247,2020-12-25,معاهدة تعاون تقني قيد التفاوض مع جهة سيادية شريكة,نص معاهدة تعاون تقني قيد التفاوض وبنود نقل المعرفة. المرجع INI-2020-3072 · الجهة المعنية: قطاع التقنية والمشاريع.,قطاع التقنية والمشاريع,قيد التنفيذ المبدئي,معلن جزئيًا
INIT-00248,2025-03-19,خطة دخول سوق الخبر - نسخة غير معلنة,خطة استراتيجية لدخول السوق وتقديرات الحصة المستهدفة. المرجع INI-2025-8473 · الجهة المعنية: قطاع التحول الرقمي.,قطاع التحول الرقمي,مرفوعة للجنة,غير معلن
INIT-00249,2023-02-14,إعادة هيكلة قطاع البنية التحتية - قبل الاعتماد,تصور إعادة الهيكلة وأثرها الوظيفي قبل الاعتماد من المجلس. المرجع INI-2023-7695 · الجهة المعنية: قطاع التحول الرقمي.,قطاع التحول الرقمي,بانتظار الاعتماد,غير معلن
INIT-00250,2020-08-15,نموذج تسعير برنامج الاستحواذ التقني للمنافسات الحكومية,هوامش وحدود تسعير استراتيجية غير قابلة للإفصاح للمنافسين. المرجع INI-2020-5097 · الجهة المعنية: قطاع العمليات.,قطاع العمليات,مرفوعة للجنة,غير معلن
INIT-00251,2022-07-06,إعادة هيكلة قطاع الخدمات الرقمية - قبل الاعتماد,تصور إعادة الهيكلة وأثرها الوظيفي قبل الاعتماد من المجلس. المرجع INI-2022-7890 · الجهة المعنية: قطاع الشراكات.,قطاع الشراكات,قيد الدراسة,معلن جزئيًا
INIT-00252,2019-12-31,مسار تفاوض دبلوماسي لتوطين برنامج أمن سلاسل الإمداد,مسار ذو طابع دبلوماسي لتوطين التقنية مع أطراف خارجية. المرجع INI-2019-3508 · الجهة المعنية: قطاع الأعمال المؤسسية.,قطاع الأعمال المؤسسية,قيد الدراسة,معلن جزئيًا
INIT-00253,2024-11-04,خطة الاستحواذ الاستراتيجية على مزوّد تقني إقليمي,خطة استراتيجية للاستحواذ مع تقييم مبدئي وهيكل تمويل مقترح. المرجع INI-2024-8275 · الجهة المعنية: قطاع التقنية والمشاريع.,قطاع التقنية والمشاريع,قيد الدراسة,معلن جزئيًا
INIT-00254,2023-03-15,الميزانية الاستراتيجية لبرنامج التحول الرقمي 2023-2027,تفاصيل الميزانية الاستراتيجية وتوزيعها على المراحل قبل الاعتماد. المرجع INI-2023-5027 · الجهة المعنية: قطاع التحول الرقمي.,قطاع التحول الرقمي,معتمدة داخليًا,غير معلن
INIT-00255,2024-04-01,مبادرة مواقع تخزين احتياطية للبيانات الحساسة,تحديد مواقع تخزين احتياطية وسعاتها ومستويات حمايتها. المرجع INI-2024-7470 · الجهة المعنية: قطاع التقنية والمشاريع.,قطاع التقنية والمشاريع,قيد التنفيذ المبدئي,غير معلن
INIT-00256,2022-10-08,عرض أسعار استشاري لمرحلة تصميم برنامج المدن الذكية,عرض أسعار مقدم من بيت خبرة ضمن نطاق محدود. المرجع INI-2022-8720 · الجهة المعنية: قطاع التقنية والمشاريع.,قطاع التقنية والمشاريع,مرفوعة للجنة,غير معلن
INIT-00257,2021-05-03,عرض أسعار استشاري لمرحلة تصميم برنامج المدن الذكية,عرض أسعار مقدم من بيت خبرة ضمن نطاق محدود. المرجع INI-2021-5412 · الجهة المعنية: قطاع البنية التحتية.,قطاع البنية التحتية,قيد الدراسة,غير معلن
INIT-00258,2026-03-25,نموذج تسعير برنامج التوسع الإقليمي للمنافسات الحكومية,هوامش وحدود تسعير استراتيجية غير قابلة للإفصاح للمنافسين. المرجع INI-2026-3696 · الجهة المعنية: قطاع التحول الرقمي.,قطاع التحول الرقمي,بانتظار الاعتماد,معلن جزئيًا
INIT-00259,2021-11-23,بيان صحفي عن شراكة معلنة في الدمام - 2021,بيان صحفي منشور عن شراكة تم الإعلان عنها رسميًا. المرجع INI-2021-9237 · الجهة المعنية: قطاع الحلول الحكومية.,قطاع الحلول الحكومية,معتمدة داخليًا,معلن
INIT-00260,2023-06-13,مذكرة تفاهم مع منظمة إقليمية لتنفيذ برنامج التوسع الإقليمي,مسودة مذكرة تفاهم لم تُوقّع بعد وتتضمن التزامات مالية. المرجع INI-2023-2491 · الجهة المعنية: قطاع العمليات.,قطاع العمليات,قيد الدراسة,غير معلن
INIT-00261,2025-09-20,خطة دخول سوق سكاكا - نسخة غير معلنة,خطة استراتيجية لدخول السوق وتقديرات الحصة المستهدفة. المرجع INI-2025-7388 · الجهة المعنية: قطاع التحول الرقمي.,قطاع التحول الرقمي,بانتظار الاعتماد,معلن جزئيًا
INIT-00262,2025-01-03,عقد مورد لتوريد تجهيزات برنامج أمن سلاسل الإمداد,بنود عقد مورد وجدول التوريد والغرامات التعاقدية. المرجع INI-2025-2400 · الجهة المعنية: قطاع البنية التحتية.,قطاع البنية التحتية,معتمدة داخليًا,غير معلن
INIT-00263,2022-06-05,مبادرة مواقع تخزين احتياطية للبيانات الحساسة,تحديد مواقع تخزين احتياطية وسعاتها ومستويات حمايتها. المرجع INI-2022-6571 · الجهة المعنية: قطاع البنية التحتية.,قطاع البنية التحتية,مرفوعة للجنة,غير معلن
INIT-00264,2019-12-17,مصفوفة الشركاء المحتملين لبرنامج تكامل الأنظمة الحكومية,تقييم شركاء محتملين وشروط التفضيل قبل الإفصاح للسوق. المرجع INI-2019-3425 · الجهة المعنية: قطاع التقنية والمشاريع.,قطاع التقنية والمشاريع,بانتظار الاعتماد,غير معلن
INIT-00265,2021-10-29,خطة التخارج الاستراتيجية من عقد تشغيل كبير,خيارات التخارج الاستراتيجية وأثرها المالي على الإيرادات. المرجع INI-2021-8314 · الجهة المعنية: قطاع التحول الرقمي.,قطاع التحول الرقمي,قيد التنفيذ المبدئي,معلن جزئيًا
INIT-00266,2020-01-23,الميزانية الاستراتيجية لبرنامج التوسع الإقليمي 2020-2024,تفاصيل الميزانية الاستراتيجية وتوزيعها على المراحل قبل الاعتماد. المرجع INI-2020-1392 · الجهة المعنية: قطاع الأعمال المؤسسية.,قطاع الأعمال المؤسسية,مرفوعة للجنة,غير معلن
INIT-00267,2021-12-25,مبادرة داخلية رقم SI-2021-222 - غير معلنة,مبادرة قيد الدراسة يترتب على كشفها المبكر أثر تنافسي مباشر. المرجع INI-2021-2122 · الجهة المعنية: قطاع الشراكات.,قطاع الشراكات,قيد التنفيذ المبدئي,غير معلن
INIT-00268,2023-01-30,مصفوفة الشركاء المحتملين لبرنامج الذكاء الاصطناعي المؤسسي,تقييم شركاء محتملين وشروط التفضيل قبل الإفصاح للسوق. المرجع INI-2023-6235 · الجهة المعنية: قطاع الأعمال المؤسسية.,قطاع الأعمال المؤسسية,معتمدة داخليًا,غير معلن
INIT-00269,2024-02-22,مسار تفاوض دبلوماسي لتوطين برنامج تحديث البنية التقنية,مسار ذو طابع دبلوماسي لتوطين التقنية مع أطراف خارجية. المرجع INI-2024-9529 · الجهة المعنية: قطاع الأعمال المؤسسية.,قطاع الأعمال المؤسسية,قيد التنفيذ المبدئي,غير معلن
INIT-00270,2023-12-05,مبادرة إدارة مفاتيح التشفير على مستوى الجهات الوطنية,تصميم مركزي لإدارة مفاتيح التشفير عبر الأنظمة الوطنية. المرجع INI-2023-9822 · الجهة المعنية: قطاع الحلول الحكومية.,قطاع الحلول الحكومية,معتمدة داخليًا,غير معلن
INIT-00271,2025-11-28,مشروع تحديث أنظمة محطة توليد كهربائي - مرحلة 1,تحديث أنظمة تحكم منشأة حيوية وجدول الإيقاف المخطط. المرجع INI-2025-9321 · الجهة المعنية: قطاع العمليات.,قطاع العمليات,مسودة أولية,غير معلن
INIT-00272,2019-04-14,مبادرة مواقع تخزين احتياطية للبيانات الحساسة,تحديد مواقع تخزين احتياطية وسعاتها ومستويات حمايتها. المرجع INI-2019-5330 · الجهة المعنية: قطاع الأعمال المؤسسية.,قطاع الأعمال المؤسسية,مسودة أولية,معلن جزئيًا
INIT-00273,2022-08-20,خطة دخول سوق مكة المكرمة - نسخة غير معلنة,خطة استراتيجية لدخول السوق وتقديرات الحصة المستهدفة. المرجع INI-2022-3964 · الجهة المعنية: قطاع التحول الرقمي.,قطاع التحول الرقمي,مسودة أولية,معلن جزئيًا
INIT-00274,2019-06-17,مصفوفة الشركاء المحتملين لبرنامج التحول الرقمي,تقييم شركاء محتملين وشروط التفضيل قبل الإفصاح للسوق. المرجع INI-2019-2259 · الجهة المعنية: قطاع التقنية والمشاريع.,قطاع التقنية والمشاريع,مسودة أولية,غير معلن
INIT-00275,2024-06-16,الميزانية الاستراتيجية لبرنامج التوسع الإقليمي 2024-2028,تفاصيل الميزانية الاستراتيجية وتوزيعها على المراحل قبل الاعتماد. المرجع INI-2024-3684 · الجهة المعنية: قطاع الأعمال المؤسسية.,قطاع الأعمال المؤسسية,قيد الدراسة,غير معلن
INIT-00276,2025-01-29,مشروع تأمين مواقع تخزين أسلحة خاضعة للرقابة,تصميم ضوابط تأمين مواقع أسلحة ومواد خاضعة للرقابة. المرجع INI-2025-9945 · الجهة المعنية: قطاع العمليات.,قطاع العمليات,بانتظار الاعتماد,غير معلن
INIT-00277,2022-03-11,مبادرة إدارة مفاتيح التشفير على مستوى الجهات الوطنية,تصميم مركزي لإدارة مفاتيح التشفير عبر الأنظمة الوطنية. المرجع INI-2022-4731 · الجهة المعنية: قطاع الحلول الحكومية.,قطاع الحلول الحكومية,مرفوعة للجنة,غير معلن
INIT-00278,2019-01-04,مذكرة تفاهم مع تحالف صناعي دولي لتنفيذ برنامج الذكاء الاصطناعي المؤسسي,مسودة مذكرة تفاهم لم تُوقّع بعد وتتضمن التزامات مالية. المرجع INI-2019-5284 · الجهة المعنية: قطاع الأعمال المؤسسية.,قطاع الأعمال المؤسسية,بانتظار الاعتماد,معلن جزئيًا
INIT-00279,2021-09-13,نموذج تسعير برنامج المدن الذكية للمنافسات الحكومية,هوامش وحدود تسعير استراتيجية غير قابلة للإفصاح للمنافسين. المرجع INI-2021-3231 · الجهة المعنية: قطاع التقنية والمشاريع.,قطاع التقنية والمشاريع,قيد التنفيذ المبدئي,معلن جزئيًا
INIT-00280,2020-08-07,إحصاءات أثر برنامج الاستحواذ التقني المعلنة - الربع الثالث 2020,إحصاءات معلنة عن أثر البرنامج على مستوى الخدمة. المرجع INI-2020-9252 · الجهة المعنية: قطاع العمليات.,قطاع العمليات,قيد الدراسة,معلن
INIT-00281,2019-09-05,عرض أسعار استشاري لمرحلة تصميم برنامج التوسع الإقليمي,عرض أسعار مقدم من بيت خبرة ضمن نطاق محدود. المرجع INI-2019-1921 · الجهة المعنية: قطاع التحول الرقمي.,قطاع التحول الرقمي,معتمدة داخليًا,غير معلن
INIT-00282,2023-02-07,مبادرة مواقع تخزين احتياطية للبيانات الحساسة,تحديد مواقع تخزين احتياطية وسعاتها ومستويات حمايتها. المرجع INI-2023-9506 · الجهة المعنية: قطاع الشراكات.,قطاع الشراكات,بانتظار الاعتماد,معلن جزئيًا
INIT-00283,2022-08-19,معاهدة تعاون تقني قيد التفاوض مع تحالف صناعي دولي,نص معاهدة تعاون تقني قيد التفاوض وبنود نقل المعرفة. المرجع INI-2022-6263 · الجهة المعنية: قطاع الأعمال المؤسسية.,قطاع الأعمال المؤسسية,بانتظار الاعتماد,غير معلن
INIT-00284,2021-11-27,إعادة هيكلة قطاع الحلول الحكومية - قبل الاعتماد,تصور إعادة الهيكلة وأثرها الوظيفي قبل الاعتماد من المجلس. المرجع INI-2021-1293 · الجهة المعنية: قطاع الشراكات.,قطاع الشراكات,بانتظار الاعتماد,معلن جزئيًا
INIT-00285,2019-10-19,معاهدة تعاون تقني قيد التفاوض مع منظمة إقليمية,نص معاهدة تعاون تقني قيد التفاوض وبنود نقل المعرفة. المرجع INI-2019-6776 · الجهة المعنية: قطاع الشراكات.,قطاع الشراكات,قيد التنفيذ المبدئي,معلن جزئيًا
INIT-00286,2023-03-29,مذكرة تفاهم مع منظمة إقليمية لتنفيذ برنامج التحول الرقمي,مسودة مذكرة تفاهم لم تُوقّع بعد وتتضمن التزامات مالية. المرجع INI-2023-2179 · الجهة المعنية: قطاع العمليات.,قطاع العمليات,معتمدة داخليًا,معلن جزئيًا
INIT-00287,2019-05-15,مسار تفاوض دبلوماسي لتوطين برنامج الحوسبة السيادية,مسار ذو طابع دبلوماسي لتوطين التقنية مع أطراف خارجية. المرجع INI-2019-1660 · الجهة المعنية: قطاع البنية التحتية.,قطاع البنية التحتية,معتمدة داخليًا,معلن جزئيًا
INIT-00288,2019-07-02,الميزانية الاستراتيجية لبرنامج الذكاء الاصطناعي المؤسسي 2019-2022,تفاصيل الميزانية الاستراتيجية وتوزيعها على المراحل قبل الاعتماد. المرجع INI-2019-4504 · الجهة المعنية: قطاع العمليات.,قطاع العمليات,بانتظار الاعتماد,غير معلن
INIT-00289,2025-04-04,مذكرة تفاهم مع شريك تقني عالمي لتنفيذ برنامج التحول الرقمي,مسودة مذكرة تفاهم لم تُوقّع بعد وتتضمن التزامات مالية. المرجع INI-2025-6426 · الجهة المعنية: قطاع التحول الرقمي.,قطاع التحول الرقمي,بانتظار الاعتماد,معلن جزئيًا
INIT-00290,2026-03-30,مصفوفة الشركاء المحتملين لبرنامج الاستحواذ التقني,تقييم شركاء محتملين وشروط التفضيل قبل الإفصاح للسوق. المرجع INI-2026-9172 · الجهة المعنية: قطاع التحول الرقمي.,قطاع التحول الرقمي,قيد الدراسة,غير معلن
INIT-00291,2021-05-06,مبادرة مواقع تخزين احتياطية للبيانات الحساسة,تحديد مواقع تخزين احتياطية وسعاتها ومستويات حمايتها. المرجع INI-2021-6677 · الجهة المعنية: قطاع التقنية والمشاريع.,قطاع التقنية والمشاريع,قيد الدراسة,معلن جزئيًا
INIT-00292,2022-10-28,إعادة هيكلة قطاع الشراكات - قبل الاعتماد,تصور إعادة الهيكلة وأثرها الوظيفي قبل الاعتماد من المجلس. المرجع INI-2022-4031 · الجهة المعنية: قطاع البنية التحتية.,قطاع البنية التحتية,قيد الدراسة,غير معلن
INIT-00293,2019-08-01,المشروع الوطني المرجعي رقم NP-146 - تداول اللجنة العليا,مشروع لا تُتداول تفاصيله خارج اللجنة العليا لارتباطه بمواقع وطنية. المرجع INI-2019-7718 · الجهة المعنية: قطاع التحول الرقمي.,قطاع التحول الرقمي,قيد التنفيذ المبدئي,غير معلن
INIT-00294,2021-07-01,مبادرة إدارة مفاتيح التشفير على مستوى الجهات الوطنية,تصميم مركزي لإدارة مفاتيح التشفير عبر الأنظمة الوطنية. المرجع INI-2021-6709 · الجهة المعنية: قطاع التقنية والمشاريع.,قطاع التقنية والمشاريع,مسودة أولية,غير معلن
INIT-00295,2023-10-04,مبادرة داخلية رقم SI-2023-799 - غير معلنة,مبادرة قيد الدراسة يترتب على كشفها المبكر أثر تنافسي مباشر. المرجع INI-2023-3656 · الجهة المعنية: قطاع الأعمال المؤسسية.,قطاع الأعمال المؤسسية,مرفوعة للجنة,معلن جزئيًا
INIT-00296,2023-05-04,تحقيق جدوى موسّع لبرنامج تكامل الأنظمة الحكومية,تحقيق جدوى يتضمن أرقامًا مالية غير معلنة وسيناريوهات المخاطر. المرجع INI-2023-2593 · الجهة المعنية: قطاع الأعمال المؤسسية.,قطاع الأعمال المؤسسية,قيد التنفيذ المبدئي,معلن جزئيًا
INIT-00297,2022-12-29,الميزانية الاستراتيجية لبرنامج تكامل الأنظمة الحكومية 2022-2026,تفاصيل الميزانية الاستراتيجية وتوزيعها على المراحل قبل الاعتماد. المرجع INI-2022-3861 · الجهة المعنية: قطاع التقنية والمشاريع.,قطاع التقنية والمشاريع,بانتظار الاعتماد,معلن جزئيًا
INIT-00298,2026-03-09,مسار تفاوض دبلوماسي لتوطين برنامج أمن سلاسل الإمداد,مسار ذو طابع دبلوماسي لتوطين التقنية مع أطراف خارجية. المرجع INI-2026-5666 · الجهة المعنية: قطاع الحلول الحكومية.,قطاع الحلول الحكومية,مرفوعة للجنة,معلن جزئيًا
INIT-00299,2025-10-17,مبادرة داخلية رقم SI-2025-482 - غير معلنة,مبادرة قيد الدراسة يترتب على كشفها المبكر أثر تنافسي مباشر. المرجع INI-2025-6336 · الجهة المعنية: قطاع الأعمال المؤسسية.,قطاع الأعمال المؤسسية,بانتظار الاعتماد,غير معلن
INIT-00300,2019-04-14,مذكرة تفاهم مع دولة شريكة لتنفيذ برنامج المرونة التشغيلية,مسودة مذكرة تفاهم لم تُوقّع بعد وتتضمن التزامات مالية. المرجع INI-2019-8258 · الجهة المعنية: قطاع الحلول الحكومية.,قطاع الحلول الحكومية,بانتظار الاعتماد,غير معلن
INIT-00301,2021-11-07,المشروع الوطني المرجعي رقم NP-237 - تداول اللجنة العليا,مشروع لا تُتداول تفاصيله خارج اللجنة العليا لارتباطه بمواقع وطنية. المرجع INI-2021-2292 · الجهة المعنية: قطاع البنية التحتية.,قطاع البنية التحتية,معتمدة داخليًا,غير معلن
INIT-00302,2023-02-28,مبادرة داخلية رقم SI-2023-379 - غير معلنة,مبادرة قيد الدراسة يترتب على كشفها المبكر أثر تنافسي مباشر. المرجع INI-2023-4105 · الجهة المعنية: قطاع البنية التحتية.,قطاع البنية التحتية,مسودة أولية,غير معلن
INIT-00303,2025-04-18,مصفوفة الشركاء المحتملين لبرنامج أمن سلاسل الإمداد,تقييم شركاء محتملين وشروط التفضيل قبل الإفصاح للسوق. المرجع INI-2025-2541 · الجهة المعنية: قطاع البنية التحتية.,قطاع البنية التحتية,مرفوعة للجنة,غير معلن
INIT-00304,2023-11-27,مصفوفة الشركاء المحتملين لبرنامج تحديث البنية التقنية,تقييم شركاء محتملين وشروط التفضيل قبل الإفصاح للسوق. المرجع INI-2023-1474 · الجهة المعنية: قطاع الأعمال المؤسسية.,قطاع الأعمال المؤسسية,قيد الدراسة,معلن جزئيًا
INIT-00305,2025-01-18,مبادرة الحوسبة السيادية وحماية سيادة البيانات,تصميم بيئة تضمن سيادة البيانات الوطنية وحدود الاستضافة المسموحة. المرجع INI-2025-9614 · الجهة المعنية: قطاع البنية التحتية.,قطاع البنية التحتية,معتمدة داخليًا,غير معلن
INIT-00306,2021-08-04,مصفوفة الشركاء المحتملين لبرنامج تكامل الأنظمة الحكومية,تقييم شركاء محتملين وشروط التفضيل قبل الإفصاح للسوق. المرجع INI-2021-7327 · الجهة المعنية: قطاع التحول الرقمي.,قطاع التحول الرقمي,مرفوعة للجنة,معلن جزئيًا
INIT-00307,2020-09-24,مشروع تحديث أنظمة محطة ضخ رئيسية - مرحلة 1,تحديث أنظمة تحكم منشأة حيوية وجدول الإيقاف المخطط. المرجع INI-2020-7846 · الجهة المعنية: قطاع التقنية والمشاريع.,قطاع التقنية والمشاريع,قيد التنفيذ المبدئي,غير معلن
INIT-00308,2022-07-17,مبادرة داخلية رقم SI-2022-517 - غير معلنة,مبادرة قيد الدراسة يترتب على كشفها المبكر أثر تنافسي مباشر. المرجع INI-2022-1768 · الجهة المعنية: قطاع الشراكات.,قطاع الشراكات,مرفوعة للجنة,غير معلن
INIT-00309,2025-02-11,عرض أسعار استشاري لمرحلة تصميم برنامج الاستحواذ التقني,عرض أسعار مقدم من بيت خبرة ضمن نطاق محدود. المرجع INI-2025-8088 · الجهة المعنية: قطاع العمليات.,قطاع العمليات,قيد التنفيذ المبدئي,معلن جزئيًا
INIT-00310,2025-02-13,خطة توزيع الكوادر على برنامج التوسع الإقليمي,توزيع كوادر مع بيانات شخصية ومسميات وظيفية تفصيلية. المرجع INI-2025-2770 · الجهة المعنية: قطاع التقنية والمشاريع.,قطاع التقنية والمشاريع,قيد الدراسة,معلن جزئيًا
INIT-00311,2021-04-28,تحقيق جدوى موسّع لبرنامج الاستحواذ التقني,تحقيق جدوى يتضمن أرقامًا مالية غير معلنة وسيناريوهات المخاطر. المرجع INI-2021-9152 · الجهة المعنية: قطاع الحلول الحكومية.,قطاع الحلول الحكومية,بانتظار الاعتماد,غير معلن
INIT-00312,2024-03-18,تحقيق جدوى موسّع لبرنامج المرونة التشغيلية,تحقيق جدوى يتضمن أرقامًا مالية غير معلنة وسيناريوهات المخاطر. المرجع INI-2024-6357 · الجهة المعنية: قطاع التقنية والمشاريع.,قطاع التقنية والمشاريع,قيد التنفيذ المبدئي,غير معلن
INIT-00313,2023-03-17,خطة توزيع الكوادر على برنامج أمن سلاسل الإمداد,توزيع كوادر مع بيانات شخصية ومسميات وظيفية تفصيلية. المرجع INI-2023-2925 · الجهة المعنية: قطاع الأعمال المؤسسية.,قطاع الأعمال المؤسسية,قيد الدراسة,معلن جزئيًا
INIT-00314,2020-12-18,مذكرة تفاهم مع شريك تقني عالمي لتنفيذ برنامج الحوسبة السيادية,مسودة مذكرة تفاهم لم تُوقّع بعد وتتضمن التزامات مالية. المرجع INI-2020-3963 · الجهة المعنية: قطاع التحول الرقمي.,قطاع التحول الرقمي,قيد الدراسة,غير معلن
INIT-00315,2024-05-06,الميزانية الاستراتيجية لبرنامج الذكاء الاصطناعي المؤسسي 2024-2027,تفاصيل الميزانية الاستراتيجية وتوزيعها على المراحل قبل الاعتماد. المرجع INI-2024-2935 · الجهة المعنية: قطاع الحلول الحكومية.,قطاع الحلول الحكومية,قيد الدراسة,غير معلن
INIT-00316,2026-04-18,الميزانية الاستراتيجية لبرنامج الحوسبة السيادية 2026-2029,تفاصيل الميزانية الاستراتيجية وتوزيعها على المراحل قبل الاعتماد. المرجع INI-2026-9564 · الجهة المعنية: قطاع الشراكات.,قطاع الشراكات,قيد الدراسة,غير معلن
INIT-00317,2020-04-01,تحقيق جدوى موسّع لبرنامج أمن سلاسل الإمداد,تحقيق جدوى يتضمن أرقامًا مالية غير معلنة وسيناريوهات المخاطر. المرجع INI-2020-1390 · الجهة المعنية: قطاع الحلول الحكومية.,قطاع الحلول الحكومية,قيد الدراسة,معلن جزئيًا
INIT-00318,2021-09-21,جدول بدلات ورواتب فريق برنامج الحوسبة السيادية,جدول رواتب وبدلات أعضاء الفريق خلال مراحل التنفيذ. المرجع INI-2021-3595 · الجهة المعنية: قطاع البنية التحتية.,قطاع البنية التحتية,مسودة أولية,غير معلن
INIT-00319,2019-09-03,مبادرة تحليل استخبارات التهديد الوطنية,بناء قدرة استخبارات تهديد مشتركة بين الجهات الوطنية. المرجع INI-2019-5532 · الجهة المعنية: قطاع الشراكات.,قطاع الشراكات,مرفوعة للجنة,غير معلن
INIT-00320,2019-07-22,خطة الاستحواذ الاستراتيجية على مزوّد تقني إقليمي,خطة استراتيجية للاستحواذ مع تقييم مبدئي وهيكل تمويل مقترح. المرجع INI-2019-1692 · الجهة المعنية: قطاع الأعمال المؤسسية.,قطاع الأعمال المؤسسية,بانتظار الاعتماد,غير معلن
INIT-00321,2019-07-23,مسار تفاوض دبلوماسي لتوطين برنامج أمن سلاسل الإمداد,مسار ذو طابع دبلوماسي لتوطين التقنية مع أطراف خارجية. المرجع INI-2019-7279 · الجهة المعنية: قطاع العمليات.,قطاع العمليات,بانتظار الاعتماد,معلن جزئيًا
INIT-00322,2025-07-27,إعلان انطلاق برنامج التحول الرقمي - قطاع التقنية والمشاريع 2025,إعلان رسمي عن انطلاق البرنامج وأهدافه المعلنة. المرجع INI-2025-9695 · الجهة المعنية: قطاع البنية التحتية.,قطاع البنية التحتية,قيد التنفيذ المبدئي,معلن
INIT-00323,2021-01-19,عقد مورد لتوريد تجهيزات برنامج التحول الرقمي,بنود عقد مورد وجدول التوريد والغرامات التعاقدية. المرجع INI-2021-6683 · الجهة المعنية: قطاع العمليات.,قطاع العمليات,قيد التنفيذ المبدئي,غير معلن
INIT-00324,2022-04-10,مسار تفاوض دبلوماسي لتوطين برنامج الاستحواذ التقني,مسار ذو طابع دبلوماسي لتوطين التقنية مع أطراف خارجية. المرجع INI-2022-9690 · الجهة المعنية: قطاع الشراكات.,قطاع الشراكات,قيد التنفيذ المبدئي,غير معلن
INIT-00325,2019-08-03,تحقيق جدوى موسّع لبرنامج الاستحواذ التقني,تحقيق جدوى يتضمن أرقامًا مالية غير معلنة وسيناريوهات المخاطر. المرجع INI-2019-1436 · الجهة المعنية: قطاع الأعمال المؤسسية.,قطاع الأعمال المؤسسية,معتمدة داخليًا,غير معلن
INIT-00326,2026-04-14,مشروع منظومة اتصالات لجهة عسكري الطابع,متطلبات منظومة اتصالات لجهة عسكري الطابع وقيود التسليم. المرجع INI-2026-8002 · الجهة المعنية: قطاع التقنية والمشاريع.,,قيد التنفيذ المبدئي,غير معلن
INIT-00327,2019-02-05,مسار تفاوض دبلوماسي لتوطين برنامج الحوسبة السيادية,مسار ذو طابع دبلوماسي لتوطين التقنية مع أطراف خارجية. المرجع INI-2019-1556 · الجهة المعنية: قطاع التحول الرقمي.,قطاع التحول الرقمي,قيد الدراسة,غير معلن
INIT-00328,2026-02-13,نموذج تسعير برنامج المرونة التشغيلية للمنافسات الحكومية,هوامش وحدود تسعير استراتيجية غير قابلة للإفصاح للمنافسين. المرجع INI-2026-6978 · الجهة المعنية: قطاع الشراكات.,قطاع الشراكات,بانتظار الاعتماد,معلن جزئيًا
INIT-00329,2019-10-14,مصفوفة الشركاء المحتملين لبرنامج تحديث البنية التقنية,تقييم شركاء محتملين وشروط التفضيل قبل الإفصاح للسوق. المرجع INI-2019-4263 · الجهة المعنية: قطاع العمليات.,قطاع العمليات,معتمدة داخليًا,غير معلن
INIT-00330,2025-04-01,خطة توزيع الكوادر على برنامج أمن سلاسل الإمداد,توزيع كوادر مع بيانات شخصية ومسميات وظيفية تفصيلية. المرجع INI-2025-8688 · الجهة المعنية: قطاع البنية التحتية.,قطاع البنية التحتية,بانتظار الاعتماد,معلن جزئيًا
INIT-00331,2021-10-17,الميزانية الاستراتيجية لبرنامج التحول الرقمي 2021-2025,تفاصيل الميزانية الاستراتيجية وتوزيعها على المراحل قبل الاعتماد. المرجع INI-2021-3288 · الجهة المعنية: قطاع الحلول الحكومية.,قطاع الحلول الحكومية,معتمدة داخليًا,غير معلن
INIT-00332,2022-01-04,مسار تفاوض دبلوماسي لتوطين برنامج تحديث البنية التقنية,مسار ذو طابع دبلوماسي لتوطين التقنية مع أطراف خارجية. المرجع INI-2022-7903 · الجهة المعنية: قطاع العمليات.,قطاع العمليات,قيد التنفيذ المبدئي,غير معلن
INIT-00333,2025-06-12,مشروع تأمين مواقع تخزين أسلحة خاضعة للرقابة,تصميم ضوابط تأمين مواقع أسلحة ومواد خاضعة للرقابة. المرجع INI-2025-8204 · الجهة المعنية: قطاع التحول الرقمي.,قطاع التحول الرقمي,بانتظار الاعتماد,غير معلن
INIT-00334,2020-01-02,مبادرة داخلية رقم SI-2020-520 - غير معلنة,مبادرة قيد الدراسة يترتب على كشفها المبكر أثر تنافسي مباشر. المرجع INI-2020-5499 · الجهة المعنية: قطاع الشراكات.,قطاع الشراكات,مرفوعة للجنة,غير معلن
INIT-00335,2025-04-23,إعادة هيكلة قطاع البنية التحتية - قبل الاعتماد,تصور إعادة الهيكلة وأثرها الوظيفي قبل الاعتماد من المجلس. المرجع INI-2025-5361 · الجهة المعنية: قطاع الأعمال المؤسسية.,قطاع الأعمال المؤسسية,قيد الدراسة,معلن جزئيًا
INIT-00336,2019-10-22,مشروع منظومة اتصالات لجهة عسكري الطابع,متطلبات منظومة اتصالات لجهة عسكري الطابع وقيود التسليم. المرجع INI-2019-4702 · الجهة المعنية: قطاع الأعمال المؤسسية.,قطاع الأعمال المؤسسية,قيد الدراسة,غير معلن
INIT-00337,2023-06-29,مشروع تحديث أنظمة مصفاة بترولية - مرحلة 1,تحديث أنظمة تحكم منشأة حيوية وجدول الإيقاف المخطط. المرجع INI-2023-4632 · الجهة المعنية: قطاع العمليات.,قطاع العمليات,معتمدة داخليًا,غير معلن
INIT-00338,2022-02-11,مذكرة تفاهم مع جهة سيادية شريكة لتنفيذ برنامج التحول الرقمي,مسودة مذكرة تفاهم لم تُوقّع بعد وتتضمن التزامات مالية. المرجع INI-2022-7422 · الجهة المعنية: قطاع البنية التحتية.,قطاع البنية التحتية,مرفوعة للجنة,معلن جزئيًا
INIT-00339,2024-08-17,المشروع الوطني المرجعي رقم NP-618 - تداول اللجنة العليا,مشروع لا تُتداول تفاصيله خارج اللجنة العليا لارتباطه بمواقع وطنية. المرجع INI-2024-4800 · الجهة المعنية: قطاع الأعمال المؤسسية.,قطاع الأعمال المؤسسية,مرفوعة للجنة,غير معلن
INIT-00340,2025-10-31,مشروع منظومة اتصالات لجهة عسكري الطابع,متطلبات منظومة اتصالات لجهة عسكري الطابع وقيود التسليم. المرجع INI-2025-2504 · الجهة المعنية: قطاع البنية التحتية.,قطاع البنية التحتية,بانتظار الاعتماد,غير معلن
INIT-00341,2024-02-10,خطة الاستحواذ الاستراتيجية على مزوّد تقني إقليمي,خطة استراتيجية للاستحواذ مع تقييم مبدئي وهيكل تمويل مقترح. المرجع INI-2024-6789 · الجهة المعنية: قطاع الشراكات.,قطاع الشراكات,بانتظار الاعتماد,غير معلن
INIT-00342,2025-01-17,خطة الاستحواذ الاستراتيجية على مزوّد تقني إقليمي,خطة استراتيجية للاستحواذ مع تقييم مبدئي وهيكل تمويل مقترح. المرجع INI-2025-3616 · الجهة المعنية: قطاع العمليات.,قطاع العمليات,معتمدة داخليًا,غير معلن
INIT-00343,2026-03-04,مبادرة مواقع تخزين احتياطية للبيانات الحساسة,تحديد مواقع تخزين احتياطية وسعاتها ومستويات حمايتها. المرجع INI-2026-1167 · الجهة المعنية: قطاع التحول الرقمي.,قطاع التحول الرقمي,مرفوعة للجنة,غير معلن
INIT-00344,2025-07-24,مذكرة داخلية لمتابعة مؤشرات برنامج المرونة التشغيلية,مذكرة داخلية دورية لمتابعة مؤشرات التنفيذ بين الإدارات. المرجع INI-2025-6084 · الجهة المعنية: قطاع الحلول الحكومية.,قطاع الحلول الحكومية,معتمدة داخليًا,غير معلن
INIT-00345,2021-02-25,المشروع الوطني المرجعي رقم NP-105 - تداول اللجنة العليا,مشروع لا تُتداول تفاصيله خارج اللجنة العليا لارتباطه بمواقع وطنية. المرجع INI-2021-1286 · الجهة المعنية: قطاع العمليات.,قطاع العمليات,قيد التنفيذ المبدئي,غير معلن
INIT-00346,2021-11-07,إعادة هيكلة قطاع الخدمات الرقمية - قبل الاعتماد,تصور إعادة الهيكلة وأثرها الوظيفي قبل الاعتماد من المجلس. المرجع INI-2021-2058 · الجهة المعنية: قطاع الحلول الحكومية.,قطاع الحلول الحكومية,مرفوعة للجنة,معلن جزئيًا
INIT-00347,2025-08-02,خطة دخول سوق الرياض - نسخة غير معلنة,خطة استراتيجية لدخول السوق وتقديرات الحصة المستهدفة. المرجع INI-2025-4218 · الجهة المعنية: قطاع التقنية والمشاريع.,قطاع التقنية والمشاريع,قيد الدراسة,غير معلن
INIT-00348,2022-12-07,تحقيق جدوى موسّع لبرنامج الاستحواذ التقني,تحقيق جدوى يتضمن أرقامًا مالية غير معلنة وسيناريوهات المخاطر. المرجع INI-2022-5349 · الجهة المعنية: قطاع الحلول الحكومية.,قطاع الحلول الحكومية,مسودة أولية,معلن جزئيًا
INIT-00349,2020-03-16,خطة التخارج الاستراتيجية من عقد تشغيل كبير,خيارات التخارج الاستراتيجية وأثرها المالي على الإيرادات. المرجع INI-2020-1403 · الجهة المعنية: قطاع البنية التحتية.,قطاع البنية التحتية,قيد الدراسة,غير معلن
INIT-00350,2023-09-05,خطة التخارج الاستراتيجية من عقد تشغيل كبير,خيارات التخارج الاستراتيجية وأثرها المالي على الإيرادات. المرجع INI-2023-7676 · الجهة المعنية: قطاع العمليات.,قطاع العمليات,مسودة أولية,معلن جزئيًا
INIT-00351,2023-11-28,مبادرة تحليل استخبارات التهديد الوطنية,بناء قدرة استخبارات تهديد مشتركة بين الجهات الوطنية. المرجع INI-2023-1652 · الجهة المعنية: قطاع الحلول الحكومية.,قطاع الحلول الحكومية,معتمدة داخليًا,غير معلن
INIT-00352,2022-08-19,مصفوفة الشركاء المحتملين لبرنامج أمن سلاسل الإمداد,تقييم شركاء محتملين وشروط التفضيل قبل الإفصاح للسوق. المرجع INI-2022-1004 · الجهة المعنية: قطاع التحول الرقمي.,قطاع التحول الرقمي,قيد التنفيذ المبدئي,غير معلن
INIT-00353,2022-08-16,مبادرة تحليل استخبارات التهديد الوطنية,بناء قدرة استخبارات تهديد مشتركة بين الجهات الوطنية. المرجع INI-2022-4082 · الجهة المعنية: قطاع العمليات.,قطاع العمليات,قيد التنفيذ المبدئي,غير معلن
INIT-00354,2025-07-07,مبادرة داخلية رقم SI-2025-129 - غير معلنة,مبادرة قيد الدراسة يترتب على كشفها المبكر أثر تنافسي مباشر. المرجع INI-2025-8386 · الجهة المعنية: قطاع الشراكات.,قطاع الشراكات,معتمدة داخليًا,غير معلن
INIT-00355,2022-02-06,نموذج تسعير برنامج الذكاء الاصطناعي المؤسسي للمنافسات الحكومية,هوامش وحدود تسعير استراتيجية غير قابلة للإفصاح للمنافسين. المرجع INI-2022-3067 · الجهة المعنية: قطاع التحول الرقمي.,,قيد التنفيذ المبدئي,غير معلن
INIT-00356,2021-08-09,الميزانية الاستراتيجية لبرنامج الحوسبة السيادية 2021-2023,تفاصيل الميزانية الاستراتيجية وتوزيعها على المراحل قبل الاعتماد. المرجع INI-2021-3145 · الجهة المعنية: قطاع الحلول الحكومية.,قطاع الحلول الحكومية,قيد التنفيذ المبدئي,معلن جزئيًا
INIT-00357,2021-11-11,خطة دخول سوق سكاكا - نسخة غير معلنة,خطة استراتيجية لدخول السوق وتقديرات الحصة المستهدفة. المرجع INI-2021-4992 · الجهة المعنية: قطاع البنية التحتية.,قطاع البنية التحتية,معتمدة داخليًا,معلن جزئيًا
INIT-00358,2024-12-24,الميزانية الاستراتيجية لبرنامج الحوسبة السيادية 2024-2026,تفاصيل الميزانية الاستراتيجية وتوزيعها على المراحل قبل الاعتماد. المرجع INI-2024-7996 · الجهة المعنية: قطاع الحلول الحكومية.,قطاع الحلول الحكومية,قيد التنفيذ المبدئي,معلن جزئيًا
INIT-00359,2022-08-25,متطلبات ربط شبكي لبرنامج المرونة التشغيلية,مخطط الشبكة المطلوب لربط بيئات المشروع الداخلية. المرجع INI-2022-9211 · الجهة المعنية: قطاع التقنية والمشاريع.,,قيد التنفيذ المبدئي,معلن جزئيًا
INIT-00360,2021-04-23,نموذج تسعير برنامج التحول الرقمي للمنافسات الحكومية,هوامش وحدود تسعير استراتيجية غير قابلة للإفصاح للمنافسين. المرجع INI-2021-4140 · الجهة المعنية: قطاع الحلول الحكومية.,قطاع الحلول الحكومية,قيد التنفيذ المبدئي,غير معلن
INIT-00361,2022-04-15,مصفوفة الشركاء المحتملين لبرنامج التوسع الإقليمي,تقييم شركاء محتملين وشروط التفضيل قبل الإفصاح للسوق. المرجع INI-2022-4922 · الجهة المعنية: قطاع التقنية والمشاريع.,قطاع التقنية والمشاريع,مسودة أولية,غير معلن
INIT-00362,2022-08-23,جدول بدلات ورواتب فريق برنامج المدن الذكية,جدول رواتب وبدلات أعضاء الفريق خلال مراحل التنفيذ. المرجع INI-2022-2212 · الجهة المعنية: قطاع الأعمال المؤسسية.,قطاع الأعمال المؤسسية,معتمدة داخليًا,معلن جزئيًا
INIT-00363,2024-07-01,برنامج تشغيل منشأة حيوية وطنية في جازان,نطاق تشغيل منشأة حيوية وطنية وحدود المسؤولية التشغيلية. المرجع INI-2024-3950 · الجهة المعنية: قطاع الشراكات.,قطاع الشراكات,بانتظار الاعتماد,غير معلن
INIT-00364,2019-09-25,معاهدة تعاون تقني قيد التفاوض مع صندوق استثماري دولي,نص معاهدة تعاون تقني قيد التفاوض وبنود نقل المعرفة. المرجع INI-2019-5818 · الجهة المعنية: قطاع الحلول الحكومية.,قطاع الحلول الحكومية,مسودة أولية,معلن جزئيًا
INIT-00365,2021-08-27,نموذج تسعير برنامج تحديث البنية التقنية للمنافسات الحكومية,هوامش وحدود تسعير استراتيجية غير قابلة للإفصاح للمنافسين. المرجع INI-2021-7620 · الجهة المعنية: قطاع الأعمال المؤسسية.,قطاع الأعمال المؤسسية,معتمدة داخليًا,معلن جزئيًا
INIT-00366,2019-01-12,مذكرة تفاهم مع جهة سيادية شريكة لتنفيذ برنامج تحديث البنية التقنية,مسودة مذكرة تفاهم لم تُوقّع بعد وتتضمن التزامات مالية. المرجع INI-2019-2504 · الجهة المعنية: قطاع العمليات.,قطاع العمليات,قيد الدراسة,معلن جزئيًا
INIT-00367,2023-11-30,مسار تفاوض دبلوماسي لتوطين برنامج الاستحواذ التقني,مسار ذو طابع دبلوماسي لتوطين التقنية مع أطراف خارجية. المرجع INI-2023-9947 · الجهة المعنية: قطاع التقنية والمشاريع.,قطاع التقنية والمشاريع,قيد الدراسة,معلن جزئيًا
INIT-00368,2025-07-19,نموذج تسعير برنامج المرونة التشغيلية للمنافسات الحكومية,هوامش وحدود تسعير استراتيجية غير قابلة للإفصاح للمنافسين. المرجع INI-2025-5159 · الجهة المعنية: قطاع الحلول الحكومية.,قطاع الحلول الحكومية,مرفوعة للجنة,معلن جزئيًا
INIT-00369,2023-11-27,خطة الاستحواذ الاستراتيجية على مزوّد تقني إقليمي,خطة استراتيجية للاستحواذ مع تقييم مبدئي وهيكل تمويل مقترح. المرجع INI-2023-1656 · الجهة المعنية: قطاع الحلول الحكومية.,قطاع الحلول الحكومية,قيد الدراسة,غير معلن
INIT-00370,2021-12-12,مصفوفة الشركاء المحتملين لبرنامج المدن الذكية,تقييم شركاء محتملين وشروط التفضيل قبل الإفصاح للسوق. المرجع INI-2021-8146 · الجهة المعنية: قطاع التقنية والمشاريع.,قطاع التقنية والمشاريع,بانتظار الاعتماد,غير معلن
INIT-00371,2025-09-14,إعادة هيكلة قطاع الحلول الحكومية - قبل الاعتماد,تصور إعادة الهيكلة وأثرها الوظيفي قبل الاعتماد من المجلس. المرجع INI-2025-4448 · الجهة المعنية: قطاع الأعمال المؤسسية.,قطاع الأعمال المؤسسية,معتمدة داخليًا,معلن جزئيًا
INIT-00372,2019-03-11,إعادة هيكلة قطاع البنية التحتية - قبل الاعتماد,تصور إعادة الهيكلة وأثرها الوظيفي قبل الاعتماد من المجلس. المرجع INI-2019-2035 · الجهة المعنية: قطاع التقنية والمشاريع.,قطاع التقنية والمشاريع,قيد الدراسة,معلن جزئيًا
INIT-00373,2019-03-27,مبادرة مواقع تخزين احتياطية للبيانات الحساسة,تحديد مواقع تخزين احتياطية وسعاتها ومستويات حمايتها. المرجع INI-2019-8306 · الجهة المعنية: قطاع الحلول الحكومية.,قطاع الحلول الحكومية,مسودة أولية,غير معلن
INIT-00374,2020-02-16,مسار تفاوض دبلوماسي لتوطين برنامج تكامل الأنظمة الحكومية,مسار ذو طابع دبلوماسي لتوطين التقنية مع أطراف خارجية. المرجع INI-2020-1382 · الجهة المعنية: قطاع العمليات.,قطاع العمليات,بانتظار الاعتماد,معلن جزئيًا
INIT-00375,2021-06-27,إحصاءات أثر برنامج تكامل الأنظمة الحكومية المعلنة - الربع الثالث 2021,إحصاءات معلنة عن أثر البرنامج على مستوى الخدمة. المرجع INI-2021-6647 · الجهة المعنية: قطاع الحلول الحكومية.,قطاع الحلول الحكومية,مسودة أولية,معلن
INIT-00376,2021-06-27,مبادرة داخلية رقم SI-2021-287 - غير معلنة,مبادرة قيد الدراسة يترتب على كشفها المبكر أثر تنافسي مباشر. المرجع INI-2021-1143 · الجهة المعنية: قطاع البنية التحتية.,قطاع البنية التحتية,مسودة أولية,معلن جزئيًا
INIT-00377,2024-10-12,عرض أسعار استشاري لمرحلة تصميم برنامج الذكاء الاصطناعي المؤسسي,عرض أسعار مقدم من بيت خبرة ضمن نطاق محدود. المرجع INI-2024-9994 · الجهة المعنية: قطاع التحول الرقمي.,قطاع التحول الرقمي,قيد التنفيذ المبدئي,معلن جزئيًا
INIT-00378,2023-07-16,مبادرة الحوسبة السيادية وحماية سيادة البيانات,تصميم بيئة تضمن سيادة البيانات الوطنية وحدود الاستضافة المسموحة. المرجع INI-2023-7089 · الجهة المعنية: قطاع البنية التحتية.,قطاع البنية التحتية,معتمدة داخليًا,غير معلن
INIT-00379,2024-11-14,جدول بدلات ورواتب فريق برنامج التحول الرقمي,جدول رواتب وبدلات أعضاء الفريق خلال مراحل التنفيذ. المرجع INI-2024-2009 · الجهة المعنية: قطاع التقنية والمشاريع.,قطاع التقنية والمشاريع,قيد التنفيذ المبدئي,معلن جزئيًا
INIT-00380,2025-04-10,مبادرة داخلية رقم SI-2025-797 - غير معلنة,مبادرة قيد الدراسة يترتب على كشفها المبكر أثر تنافسي مباشر. المرجع INI-2025-3016 · الجهة المعنية: قطاع التحول الرقمي.,قطاع التحول الرقمي,بانتظار الاعتماد,معلن جزئيًا
INIT-00381,2019-08-25,عرض أسعار استشاري لمرحلة تصميم برنامج الذكاء الاصطناعي المؤسسي,عرض أسعار مقدم من بيت خبرة ضمن نطاق محدود. المرجع INI-2019-9406 · الجهة المعنية: قطاع التحول الرقمي.,,معتمدة داخليًا,معلن جزئيًا
INIT-00382,2021-03-19,خطة دخول سوق بريدة - نسخة غير معلنة,خطة استراتيجية لدخول السوق وتقديرات الحصة المستهدفة. المرجع INI-2021-7732 · الجهة المعنية: قطاع البنية التحتية.,قطاع البنية التحتية,بانتظار الاعتماد,غير معلن
INIT-00383,2021-11-17,إحصاءات أثر برنامج أمن سلاسل الإمداد المعلنة - الربع الثالث 2021,إحصاءات معلنة عن أثر البرنامج على مستوى الخدمة. المرجع INI-2021-2442 · الجهة المعنية: قطاع التحول الرقمي.,قطاع التحول الرقمي,مرفوعة للجنة,معلن
INIT-00384,2024-06-23,مسار تفاوض دبلوماسي لتوطين برنامج الاستحواذ التقني,مسار ذو طابع دبلوماسي لتوطين التقنية مع أطراف خارجية. المرجع INI-2024-3951 · الجهة المعنية: قطاع العمليات.,قطاع العمليات,مرفوعة للجنة,معلن جزئيًا
INIT-00385,2023-09-28,مسار تفاوض دبلوماسي لتوطين برنامج التوسع الإقليمي,مسار ذو طابع دبلوماسي لتوطين التقنية مع أطراف خارجية. المرجع INI-2023-7758 · الجهة المعنية: قطاع الحلول الحكومية.,قطاع الحلول الحكومية,مسودة أولية,معلن جزئيًا
INIT-00386,2019-01-12,مذكرة تفاهم مع صندوق استثماري دولي لتنفيذ برنامج الحوسبة السيادية,مسودة مذكرة تفاهم لم تُوقّع بعد وتتضمن التزامات مالية. المرجع INI-2019-5733 · الجهة المعنية: قطاع التحول الرقمي.,قطاع التحول الرقمي,قيد الدراسة,غير معلن
INIT-00387,2025-06-06,مسار تفاوض دبلوماسي لتوطين برنامج الحوسبة السيادية,مسار ذو طابع دبلوماسي لتوطين التقنية مع أطراف خارجية. المرجع INI-2025-4982 · الجهة المعنية: قطاع البنية التحتية.,قطاع البنية التحتية,بانتظار الاعتماد,غير معلن
INIT-00388,2019-06-07,تحقيق جدوى موسّع لبرنامج الاستحواذ التقني,تحقيق جدوى يتضمن أرقامًا مالية غير معلنة وسيناريوهات المخاطر. المرجع INI-2019-2917 · الجهة المعنية: قطاع الأعمال المؤسسية.,قطاع الأعمال المؤسسية,مرفوعة للجنة,غير معلن
INIT-00389,2023-01-06,نموذج تسعير برنامج الحوسبة السيادية للمنافسات الحكومية,هوامش وحدود تسعير استراتيجية غير قابلة للإفصاح للمنافسين. المرجع INI-2023-7003 · الجهة المعنية: قطاع الحلول الحكومية.,قطاع الحلول الحكومية,مرفوعة للجنة,غير معلن
INIT-00390,2021-12-11,مسار تفاوض دبلوماسي لتوطين برنامج الذكاء الاصطناعي المؤسسي,مسار ذو طابع دبلوماسي لتوطين التقنية مع أطراف خارجية. المرجع INI-2021-6439 · الجهة المعنية: قطاع التحول الرقمي.,قطاع التحول الرقمي,بانتظار الاعتماد,معلن جزئيًا
INIT-00391,2025-08-20,نموذج تسعير برنامج أمن سلاسل الإمداد للمنافسات الحكومية,هوامش وحدود تسعير استراتيجية غير قابلة للإفصاح للمنافسين. المرجع INI-2025-3741 · الجهة المعنية: قطاع الحلول الحكومية.,قطاع الحلول الحكومية,بانتظار الاعتماد,غير معلن
INIT-00392,2020-03-23,مشروع منظومة اتصالات لجهة عسكري الطابع,متطلبات منظومة اتصالات لجهة عسكري الطابع وقيود التسليم. المرجع INI-2020-6249 · الجهة المعنية: قطاع التحول الرقمي.,قطاع التحول الرقمي,مرفوعة للجنة,غير معلن
INIT-00393,2023-05-27,إعادة هيكلة قطاع التقنية والمشاريع - قبل الاعتماد,تصور إعادة الهيكلة وأثرها الوظيفي قبل الاعتماد من المجلس. المرجع INI-2023-1427 · الجهة المعنية: قطاع الشراكات.,قطاع الشراكات,مسودة أولية,غير معلن
INIT-00394,2022-12-04,خطة دخول سوق بريدة - نسخة غير معلنة,خطة استراتيجية لدخول السوق وتقديرات الحصة المستهدفة. المرجع INI-2022-6194 · الجهة المعنية: قطاع الأعمال المؤسسية.,قطاع الأعمال المؤسسية,مرفوعة للجنة,غير معلن
INIT-00395,2019-09-13,مصفوفة الشركاء المحتملين لبرنامج المدن الذكية,تقييم شركاء محتملين وشروط التفضيل قبل الإفصاح للسوق. المرجع INI-2019-1390 · الجهة المعنية: قطاع الأعمال المؤسسية.,قطاع الأعمال المؤسسية,مرفوعة للجنة,غير معلن
INIT-00396,2023-01-20,نموذج تسعير برنامج تحديث البنية التقنية للمنافسات الحكومية,هوامش وحدود تسعير استراتيجية غير قابلة للإفصاح للمنافسين. المرجع INI-2023-8782 · الجهة المعنية: قطاع الأعمال المؤسسية.,,قيد التنفيذ المبدئي,معلن جزئيًا
INIT-00397,2022-02-23,مذكرة تفاهم مع دولة شريكة لتنفيذ برنامج أمن سلاسل الإمداد,مسودة مذكرة تفاهم لم تُوقّع بعد وتتضمن التزامات مالية. المرجع INI-2022-8994 · الجهة المعنية: قطاع التقنية والمشاريع.,قطاع التقنية والمشاريع,مرفوعة للجنة,معلن جزئيًا
INIT-00398,2020-10-04,مشروع منظومة اتصالات لجهة عسكري الطابع,متطلبات منظومة اتصالات لجهة عسكري الطابع وقيود التسليم. المرجع INI-2020-9291 · الجهة المعنية: قطاع العمليات.,قطاع العمليات,معتمدة داخليًا,غير معلن
INIT-00399,2022-01-22,مبادرة إدارة مفاتيح التشفير على مستوى الجهات الوطنية,تصميم مركزي لإدارة مفاتيح التشفير عبر الأنظمة الوطنية. المرجع INI-2022-8262 · الجهة المعنية: قطاع التحول الرقمي.,قطاع التحول الرقمي,قيد الدراسة,غير معلن
INIT-00400,2025-07-24,مذكرة داخلية لمتابعة مؤشرات برنامج أمن سلاسل الإمداد,مذكرة داخلية دورية لمتابعة مؤشرات التنفيذ بين الإدارات. المرجع INI-2025-9967 · الجهة المعنية: قطاع التحول الرقمي.,قطاع التحول الرقمي,بانتظار الاعتماد,معلن جزئيًا
INIT-00401,2024-12-20,إعادة هيكلة قطاع الشراكات - قبل الاعتماد,تصور إعادة الهيكلة وأثرها الوظيفي قبل الاعتماد من المجلس. المرجع INI-2024-7796 · الجهة المعنية: قطاع التقنية والمشاريع.,قطاع التقنية والمشاريع,مسودة أولية,معلن جزئيًا
INIT-00402,2019-08-16,الميزانية الاستراتيجية لبرنامج التوسع الإقليمي 2019-2021,تفاصيل الميزانية الاستراتيجية وتوزيعها على المراحل قبل الاعتماد. المرجع INI-2019-4164 · الجهة المعنية: قطاع الشراكات.,قطاع الشراكات,معتمدة داخليًا,غير معلن
INIT-00403,2023-10-14,مذكرة تفاهم مع دولة شريكة لتنفيذ برنامج الاستحواذ التقني,مسودة مذكرة تفاهم لم تُوقّع بعد وتتضمن التزامات مالية. المرجع INI-2023-1423 · الجهة المعنية: قطاع الحلول الحكومية.,قطاع الحلول الحكومية,بانتظار الاعتماد,معلن جزئيًا
INIT-00404,2025-03-14,مصفوفة الشركاء المحتملين لبرنامج تكامل الأنظمة الحكومية,تقييم شركاء محتملين وشروط التفضيل قبل الإفصاح للسوق. المرجع INI-2025-8658 · الجهة المعنية: قطاع الشراكات.,قطاع الشراكات,معتمدة داخليًا,غير معلن
INIT-00405,2019-10-06,مبادرة داخلية رقم SI-2019-140 - غير معلنة,مبادرة قيد الدراسة يترتب على كشفها المبكر أثر تنافسي مباشر. المرجع INI-2019-6971 · الجهة المعنية: قطاع العمليات.,قطاع العمليات,مسودة أولية,معلن جزئيًا
INIT-00406,2024-02-17,تحقيق جدوى موسّع لبرنامج الحوسبة السيادية,تحقيق جدوى يتضمن أرقامًا مالية غير معلنة وسيناريوهات المخاطر. المرجع INI-2024-6813 · الجهة المعنية: قطاع التحول الرقمي.,قطاع التحول الرقمي,مرفوعة للجنة,معلن جزئيًا
INIT-00407,2024-06-08,جدول بدلات ورواتب فريق برنامج المدن الذكية,جدول رواتب وبدلات أعضاء الفريق خلال مراحل التنفيذ. المرجع INI-2024-3249 · الجهة المعنية: قطاع العمليات.,قطاع العمليات,بانتظار الاعتماد,غير معلن
INIT-00408,2021-10-18,مبادرة مواقع تخزين احتياطية للبيانات الحساسة,تحديد مواقع تخزين احتياطية وسعاتها ومستويات حمايتها. المرجع INI-2021-5087 · الجهة المعنية: قطاع العمليات.,قطاع العمليات,مرفوعة للجنة,غير معلن
INIT-00409,2024-12-17,مبادرة مواقع تخزين احتياطية للبيانات الحساسة,تحديد مواقع تخزين احتياطية وسعاتها ومستويات حمايتها. المرجع INI-2024-8500 · الجهة المعنية: قطاع التحول الرقمي.,قطاع التحول الرقمي,معتمدة داخليًا,معلن جزئيًا
INIT-00410,2023-06-01,مبادرة تحليل استخبارات التهديد الوطنية,بناء قدرة استخبارات تهديد مشتركة بين الجهات الوطنية. المرجع INI-2023-3922 · الجهة المعنية: قطاع الحلول الحكومية.,قطاع الحلول الحكومية,قيد التنفيذ المبدئي,غير معلن
INIT-00411,2019-08-13,نموذج تسعير برنامج المدن الذكية للمنافسات الحكومية,هوامش وحدود تسعير استراتيجية غير قابلة للإفصاح للمنافسين. المرجع INI-2019-8061 · الجهة المعنية: قطاع العمليات.,قطاع العمليات,قيد التنفيذ المبدئي,غير معلن
INIT-00412,2020-10-22,نموذج تسعير برنامج التحول الرقمي للمنافسات الحكومية,هوامش وحدود تسعير استراتيجية غير قابلة للإفصاح للمنافسين. المرجع INI-2020-4610 · الجهة المعنية: قطاع التقنية والمشاريع.,قطاع التقنية والمشاريع,قيد الدراسة,معلن جزئيًا
INIT-00413,2022-09-05,تحقيق جدوى موسّع لبرنامج المدن الذكية,تحقيق جدوى يتضمن أرقامًا مالية غير معلنة وسيناريوهات المخاطر. المرجع INI-2022-9491 · الجهة المعنية: قطاع الشراكات.,قطاع الشراكات,قيد التنفيذ المبدئي,غير معلن
INIT-00414,2022-06-13,خطة دخول سوق الرياض - نسخة غير معلنة,خطة استراتيجية لدخول السوق وتقديرات الحصة المستهدفة. المرجع INI-2022-8673 · الجهة المعنية: قطاع التحول الرقمي.,قطاع التحول الرقمي,مسودة أولية,معلن جزئيًا
INIT-00415,2021-03-21,تحقيق جدوى موسّع لبرنامج تحديث البنية التقنية,تحقيق جدوى يتضمن أرقامًا مالية غير معلنة وسيناريوهات المخاطر. المرجع INI-2021-2458 · الجهة المعنية: قطاع البنية التحتية.,قطاع البنية التحتية,مسودة أولية,معلن جزئيًا
INIT-00416,2023-07-28,خطة الاستحواذ الاستراتيجية على مزوّد تقني إقليمي,خطة استراتيجية للاستحواذ مع تقييم مبدئي وهيكل تمويل مقترح. المرجع INI-2023-8033 · الجهة المعنية: قطاع الشراكات.,قطاع الشراكات,قيد الدراسة,غير معلن
INIT-00417,2023-12-17,مبادرة داخلية رقم SI-2023-482 - غير معلنة,مبادرة قيد الدراسة يترتب على كشفها المبكر أثر تنافسي مباشر. المرجع INI-2023-3568 · الجهة المعنية: قطاع البنية التحتية.,قطاع البنية التحتية,مسودة أولية,غير معلن
INIT-00418,2022-05-10,خطة التخارج الاستراتيجية من عقد تشغيل كبير,خيارات التخارج الاستراتيجية وأثرها المالي على الإيرادات. المرجع INI-2022-4758 · الجهة المعنية: قطاع الحلول الحكومية.,قطاع الحلول الحكومية,مسودة أولية,غير معلن
INIT-00419,2021-05-29,مصفوفة الشركاء المحتملين لبرنامج التحول الرقمي,تقييم شركاء محتملين وشروط التفضيل قبل الإفصاح للسوق. المرجع INI-2021-4791 · الجهة المعنية: قطاع الحلول الحكومية.,قطاع الحلول الحكومية,معتمدة داخليًا,غير معلن
INIT-00420,2020-05-07,مبادرة إدارة مفاتيح التشفير على مستوى الجهات الوطنية,تصميم مركزي لإدارة مفاتيح التشفير عبر الأنظمة الوطنية. المرجع INI-2020-6941 · الجهة المعنية: قطاع الأعمال المؤسسية.,قطاع الأعمال المؤسسية,قيد الدراسة,غير معلن
INIT-00421,2026-05-13,نموذج تسعير برنامج تكامل الأنظمة الحكومية للمنافسات الحكومية,هوامش وحدود تسعير استراتيجية غير قابلة للإفصاح للمنافسين. المرجع INI-2026-8173 · الجهة المعنية: قطاع الحلول الحكومية.,قطاع الحلول الحكومية,مرفوعة للجنة,غير معلن
INIT-00422,2023-09-26,مشروع تأمين مواقع تخزين أسلحة خاضعة للرقابة,تصميم ضوابط تأمين مواقع أسلحة ومواد خاضعة للرقابة. المرجع INI-2023-9682 · الجهة المعنية: قطاع العمليات.,قطاع العمليات,قيد الدراسة,غير معلن
INIT-00423,2025-08-09,إعادة هيكلة قطاع الشراكات - قبل الاعتماد,تصور إعادة الهيكلة وأثرها الوظيفي قبل الاعتماد من المجلس. المرجع INI-2025-6820 · الجهة المعنية: قطاع التحول الرقمي.,قطاع التحول الرقمي,مسودة أولية,معلن جزئيًا
INIT-00424,2019-04-07,مبادرة مواقع تخزين احتياطية للبيانات الحساسة,تحديد مواقع تخزين احتياطية وسعاتها ومستويات حمايتها. المرجع INI-2019-4895 · الجهة المعنية: قطاع الحلول الحكومية.,قطاع الحلول الحكومية,مسودة أولية,معلن جزئيًا
INIT-00425,2019-05-25,نموذج تسعير برنامج تحديث البنية التقنية للمنافسات الحكومية,هوامش وحدود تسعير استراتيجية غير قابلة للإفصاح للمنافسين. المرجع INI-2019-3884 · الجهة المعنية: قطاع الحلول الحكومية.,قطاع الحلول الحكومية,بانتظار الاعتماد,غير معلن
INIT-00426,2020-08-06,مشروع منظومة اتصالات لجهة عسكري الطابع,متطلبات منظومة اتصالات لجهة عسكري الطابع وقيود التسليم. المرجع INI-2020-5236 · الجهة المعنية: قطاع الحلول الحكومية.,قطاع الحلول الحكومية,معتمدة داخليًا,غير معلن
INIT-00427,2024-01-11,الميزانية الاستراتيجية لبرنامج التحول الرقمي 2024-2027,تفاصيل الميزانية الاستراتيجية وتوزيعها على المراحل قبل الاعتماد. المرجع INI-2024-8875 · الجهة المعنية: قطاع البنية التحتية.,قطاع البنية التحتية,قيد الدراسة,غير معلن
INIT-00428,2024-02-25,خطة التخارج الاستراتيجية من عقد تشغيل كبير,خيارات التخارج الاستراتيجية وأثرها المالي على الإيرادات. المرجع INI-2024-6492 · الجهة المعنية: قطاع البنية التحتية.,قطاع البنية التحتية,مرفوعة للجنة,غير معلن
INIT-00429,2020-04-22,خطة دخول سوق الجبيل - نسخة غير معلنة,خطة استراتيجية لدخول السوق وتقديرات الحصة المستهدفة. المرجع INI-2020-5982 · الجهة المعنية: قطاع العمليات.,قطاع العمليات,مرفوعة للجنة,غير معلن
INIT-00430,2026-03-06,مبادرة داخلية رقم SI-2026-633 - غير معلنة,مبادرة قيد الدراسة يترتب على كشفها المبكر أثر تنافسي مباشر. المرجع INI-2026-8506 · الجهة المعنية: قطاع التقنية والمشاريع.,قطاع التقنية والمشاريع,قيد الدراسة,غير معلن
INIT-00431,2022-01-23,تحقيق جدوى موسّع لبرنامج الاستحواذ التقني,تحقيق جدوى يتضمن أرقامًا مالية غير معلنة وسيناريوهات المخاطر. المرجع INI-2022-4632 · الجهة المعنية: قطاع التقنية والمشاريع.,قطاع التقنية والمشاريع,بانتظار الاعتماد,معلن جزئيًا
INIT-00432,2022-02-23,خطة دخول سوق الدمام - نسخة غير معلنة,خطة استراتيجية لدخول السوق وتقديرات الحصة المستهدفة. المرجع INI-2022-9852 · الجهة المعنية: قطاع التحول الرقمي.,قطاع التحول الرقمي,قيد الدراسة,معلن جزئيًا
INIT-00433,2023-08-06,خطة التخارج الاستراتيجية من عقد تشغيل كبير,خيارات التخارج الاستراتيجية وأثرها المالي على الإيرادات. المرجع INI-2023-2913 · الجهة المعنية: قطاع الحلول الحكومية.,قطاع الحلول الحكومية,مسودة أولية,غير معلن
INIT-00434,2023-10-24,مسار تفاوض دبلوماسي لتوطين برنامج الذكاء الاصطناعي المؤسسي,مسار ذو طابع دبلوماسي لتوطين التقنية مع أطراف خارجية. المرجع INI-2023-9524 · الجهة المعنية: قطاع الشراكات.,قطاع الشراكات,قيد التنفيذ المبدئي,معلن جزئيًا
INIT-00435,2023-10-07,المشروع الوطني المرجعي رقم NP-470 - تداول اللجنة العليا,مشروع لا تُتداول تفاصيله خارج اللجنة العليا لارتباطه بمواقع وطنية. المرجع INI-2023-2681 · الجهة المعنية: قطاع العمليات.,قطاع العمليات,قيد التنفيذ المبدئي,غير معلن
INIT-00436,2022-02-06,مبادرة مواقع تخزين احتياطية للبيانات الحساسة,تحديد مواقع تخزين احتياطية وسعاتها ومستويات حمايتها. المرجع INI-2022-1223 · الجهة المعنية: قطاع الأعمال المؤسسية.,قطاع الأعمال المؤسسية,مرفوعة للجنة,معلن جزئيًا
INIT-00437,2021-04-04,خطة دخول سوق الأحساء - نسخة غير معلنة,خطة استراتيجية لدخول السوق وتقديرات الحصة المستهدفة. المرجع INI-2021-4559 · الجهة المعنية: قطاع الأعمال المؤسسية.,قطاع الأعمال المؤسسية,قيد التنفيذ المبدئي,غير معلن
INIT-00438,2023-01-12,عرض أسعار استشاري لمرحلة تصميم برنامج التحول الرقمي,عرض أسعار مقدم من بيت خبرة ضمن نطاق محدود. المرجع INI-2023-9489 · الجهة المعنية: قطاع العمليات.,قطاع العمليات,معتمدة داخليًا,غير معلن
INIT-00439,2023-04-17,مذكرة تفاهم مع جهة سيادية شريكة لتنفيذ برنامج التحول الرقمي,مسودة مذكرة تفاهم لم تُوقّع بعد وتتضمن التزامات مالية. المرجع INI-2023-1168 · الجهة المعنية: قطاع الشراكات.,قطاع الشراكات,مسودة أولية,غير معلن
INIT-00440,2023-01-14,تحقيق جدوى موسّع لبرنامج الاستحواذ التقني,تحقيق جدوى يتضمن أرقامًا مالية غير معلنة وسيناريوهات المخاطر. المرجع INI-2023-3640 · الجهة المعنية: قطاع العمليات.,قطاع العمليات,مرفوعة للجنة,غير معلن
INIT-00441,2024-04-08,إعلان انطلاق برنامج الاستحواذ التقني - قطاع الشراكات 2024,إعلان رسمي عن انطلاق البرنامج وأهدافه المعلنة. المرجع INI-2024-8367 · الجهة المعنية: قطاع الأعمال المؤسسية.,قطاع الأعمال المؤسسية,معتمدة داخليًا,معلن
INIT-00442,2026-05-21,خطة الاستحواذ الاستراتيجية على مزوّد تقني إقليمي,خطة استراتيجية للاستحواذ مع تقييم مبدئي وهيكل تمويل مقترح. المرجع INI-2026-4181 · الجهة المعنية: قطاع التقنية والمشاريع.,قطاع التقنية والمشاريع,معتمدة داخليًا,معلن جزئيًا
INIT-00443,2022-10-28,منشور تعريفي بمخرجات برنامج التحول الرقمي في المدينة المنورة,منشور تعريفي عام بالمخرجات المعلنة للبرنامج. المرجع INI-2022-2189 · الجهة المعنية: قطاع العمليات.,قطاع العمليات,قيد الدراسة,معلن
INIT-00444,2024-07-07,مسار تفاوض دبلوماسي لتوطين برنامج الذكاء الاصطناعي المؤسسي,مسار ذو طابع دبلوماسي لتوطين التقنية مع أطراف خارجية. المرجع INI-2024-8806 · الجهة المعنية: قطاع التحول الرقمي.,قطاع التحول الرقمي,معتمدة داخليًا,معلن جزئيًا
INIT-00445,2024-05-29,المشروع الوطني المرجعي رقم NP-846 - تداول اللجنة العليا,مشروع لا تُتداول تفاصيله خارج اللجنة العليا لارتباطه بمواقع وطنية. المرجع INI-2024-3316 · الجهة المعنية: قطاع الأعمال المؤسسية.,قطاع الأعمال المؤسسية,قيد التنفيذ المبدئي,غير معلن
INIT-00446,2019-06-15,معاهدة تعاون تقني قيد التفاوض مع شريك تقني عالمي,نص معاهدة تعاون تقني قيد التفاوض وبنود نقل المعرفة. المرجع INI-2019-1716 · الجهة المعنية: قطاع الأعمال المؤسسية.,قطاع الأعمال المؤسسية,معتمدة داخليًا,معلن جزئيًا
INIT-00447,2024-08-01,عرض أسعار استشاري لمرحلة تصميم برنامج التحول الرقمي,عرض أسعار مقدم من بيت خبرة ضمن نطاق محدود. المرجع INI-2024-7858 · الجهة المعنية: قطاع التحول الرقمي.,قطاع التحول الرقمي,قيد التنفيذ المبدئي,معلن جزئيًا
INIT-00448,2021-06-23,مسار تفاوض دبلوماسي لتوطين برنامج تكامل الأنظمة الحكومية,مسار ذو طابع دبلوماسي لتوطين التقنية مع أطراف خارجية. المرجع INI-2021-2827 · الجهة المعنية: قطاع البنية التحتية.,قطاع البنية التحتية,قيد الدراسة,معلن جزئيًا
INIT-00449,2019-12-16,المشروع الوطني المرجعي رقم NP-750 - تداول اللجنة العليا,مشروع لا تُتداول تفاصيله خارج اللجنة العليا لارتباطه بمواقع وطنية. المرجع INI-2019-5779 · الجهة المعنية: قطاع الشراكات.,قطاع الشراكات,بانتظار الاعتماد,غير معلن
INIT-00450,2023-02-07,مشروع تأمين مواقع تخزين أسلحة خاضعة للرقابة,تصميم ضوابط تأمين مواقع أسلحة ومواد خاضعة للرقابة. المرجع INI-2023-1445 · الجهة المعنية: قطاع التقنية والمشاريع.,قطاع التقنية والمشاريع,بانتظار الاعتماد,غير معلن
INIT-00451,2021-06-10,عرض أسعار استشاري لمرحلة تصميم برنامج تحديث البنية التقنية,عرض أسعار مقدم من بيت خبرة ضمن نطاق محدود. المرجع INI-2021-7352 · الجهة المعنية: قطاع العمليات.,قطاع العمليات,قيد التنفيذ المبدئي,غير معلن
INIT-00452,2025-04-12,مبادرة مواقع تخزين احتياطية للبيانات الحساسة,تحديد مواقع تخزين احتياطية وسعاتها ومستويات حمايتها. المرجع INI-2025-9507 · الجهة المعنية: قطاع التقنية والمشاريع.,قطاع التقنية والمشاريع,قيد الدراسة,معلن جزئيًا
INIT-00453,2021-07-21,خطة الاستحواذ الاستراتيجية على مزوّد تقني إقليمي,خطة استراتيجية للاستحواذ مع تقييم مبدئي وهيكل تمويل مقترح. المرجع INI-2021-9645 · الجهة المعنية: قطاع التقنية والمشاريع.,قطاع التقنية والمشاريع,مرفوعة للجنة,غير معلن
INIT-00454,2022-03-22,عقد مورد لتوريد تجهيزات برنامج الحوسبة السيادية,بنود عقد مورد وجدول التوريد والغرامات التعاقدية. المرجع INI-2022-1178 · الجهة المعنية: قطاع التقنية والمشاريع.,قطاع التقنية والمشاريع,معتمدة داخليًا,غير معلن
INIT-00455,2022-02-07,الميزانية الاستراتيجية لبرنامج الاستحواذ التقني 2022-2025,تفاصيل الميزانية الاستراتيجية وتوزيعها على المراحل قبل الاعتماد. المرجع INI-2022-1434 · الجهة المعنية: قطاع الحلول الحكومية.,قطاع الحلول الحكومية,مرفوعة للجنة,غير معلن
INIT-00456,2020-06-17,مبادرة تحليل استخبارات التهديد الوطنية,بناء قدرة استخبارات تهديد مشتركة بين الجهات الوطنية. المرجع INI-2020-3034 · الجهة المعنية: قطاع العمليات.,قطاع العمليات,بانتظار الاعتماد,غير معلن
INIT-00457,2025-12-07,الميزانية الاستراتيجية لبرنامج الاستحواذ التقني 2025-2028,تفاصيل الميزانية الاستراتيجية وتوزيعها على المراحل قبل الاعتماد. المرجع INI-2025-3328 · الجهة المعنية: قطاع الحلول الحكومية.,قطاع الحلول الحكومية,معتمدة داخليًا,غير معلن
INIT-00458,2025-08-15,نموذج تسعير برنامج تكامل الأنظمة الحكومية للمنافسات الحكومية,هوامش وحدود تسعير استراتيجية غير قابلة للإفصاح للمنافسين. المرجع INI-2025-2920 · الجهة المعنية: قطاع التحول الرقمي.,قطاع التحول الرقمي,بانتظار الاعتماد,معلن جزئيًا
INIT-00459,2023-07-09,إعادة هيكلة قطاع العمليات - قبل الاعتماد,تصور إعادة الهيكلة وأثرها الوظيفي قبل الاعتماد من المجلس. المرجع INI-2023-1916 · الجهة المعنية: قطاع الشراكات.,قطاع الشراكات,قيد التنفيذ المبدئي,معلن جزئيًا
INIT-00460,2019-11-27,خطة توزيع الكوادر على برنامج الاستحواذ التقني,توزيع كوادر مع بيانات شخصية ومسميات وظيفية تفصيلية. المرجع INI-2019-5993 · الجهة المعنية: قطاع التقنية والمشاريع.,قطاع التقنية والمشاريع,قيد التنفيذ المبدئي,غير معلن
INIT-00461,2025-04-11,خطة دخول سوق مكة المكرمة - نسخة غير معلنة,خطة استراتيجية لدخول السوق وتقديرات الحصة المستهدفة. المرجع INI-2025-7160 · الجهة المعنية: قطاع الحلول الحكومية.,قطاع الحلول الحكومية,مسودة أولية,معلن جزئيًا
INIT-00462,2025-03-07,خطة الاستحواذ الاستراتيجية على مزوّد تقني إقليمي,خطة استراتيجية للاستحواذ مع تقييم مبدئي وهيكل تمويل مقترح. المرجع INI-2025-4356 · الجهة المعنية: قطاع التقنية والمشاريع.,قطاع التقنية والمشاريع,قيد التنفيذ المبدئي,غير معلن
INIT-00463,2022-01-12,خطة دخول سوق خميس مشيط - نسخة غير معلنة,خطة استراتيجية لدخول السوق وتقديرات الحصة المستهدفة. المرجع INI-2022-4534 · الجهة المعنية: قطاع العمليات.,قطاع العمليات,مرفوعة للجنة,غير معلن
INIT-00464,2023-05-28,خطة التخارج الاستراتيجية من عقد تشغيل كبير,خيارات التخارج الاستراتيجية وأثرها المالي على الإيرادات. المرجع INI-2023-6035 · الجهة المعنية: قطاع الشراكات.,قطاع الشراكات,قيد الدراسة,غير معلن
INIT-00465,2026-05-10,منشور تعريفي بمخرجات برنامج المرونة التشغيلية في الدمام,منشور تعريفي عام بالمخرجات المعلنة للبرنامج. المرجع INI-2026-8927 · الجهة المعنية: قطاع البنية التحتية.,قطاع البنية التحتية,قيد التنفيذ المبدئي,معلن
INIT-00466,2019-11-28,متطلبات ربط شبكي لبرنامج الحوسبة السيادية,مخطط الشبكة المطلوب لربط بيئات المشروع الداخلية. المرجع INI-2019-8585 · الجهة المعنية: قطاع التقنية والمشاريع.,قطاع التقنية والمشاريع,قيد التنفيذ المبدئي,غير معلن
INIT-00467,2022-09-24,مبادرة الحوسبة السيادية وحماية سيادة البيانات,تصميم بيئة تضمن سيادة البيانات الوطنية وحدود الاستضافة المسموحة. المرجع INI-2022-7876 · الجهة المعنية: قطاع البنية التحتية.,قطاع البنية التحتية,مرفوعة للجنة,غير معلن
INIT-00468,2021-06-04,مبادرة داخلية رقم SI-2021-734 - غير معلنة,مبادرة قيد الدراسة يترتب على كشفها المبكر أثر تنافسي مباشر. المرجع INI-2021-7849 · الجهة المعنية: قطاع التقنية والمشاريع.,قطاع التقنية والمشاريع,قيد التنفيذ المبدئي,غير معلن
INIT-00469,2025-04-17,عقد مورد لتوريد تجهيزات برنامج المرونة التشغيلية,بنود عقد مورد وجدول التوريد والغرامات التعاقدية. المرجع INI-2025-6318 · الجهة المعنية: قطاع التحول الرقمي.,قطاع التحول الرقمي,معتمدة داخليًا,معلن جزئيًا
INIT-00470,2025-07-17,مشروع تأمين مواقع تخزين أسلحة خاضعة للرقابة,تصميم ضوابط تأمين مواقع أسلحة ومواد خاضعة للرقابة. المرجع INI-2025-2526 · الجهة المعنية: قطاع التقنية والمشاريع.,قطاع التقنية والمشاريع,معتمدة داخليًا,غير معلن
INIT-00471,2026-03-02,خطة دخول سوق ينبع - نسخة غير معلنة,خطة استراتيجية لدخول السوق وتقديرات الحصة المستهدفة. المرجع INI-2026-9506 · الجهة المعنية: قطاع التحول الرقمي.,قطاع التحول الرقمي,مسودة أولية,غير معلن
INIT-00472,2020-01-17,مشروع تحديث أنظمة منشأة تخزين استراتيجي - مرحلة 3,تحديث أنظمة تحكم منشأة حيوية وجدول الإيقاف المخطط. المرجع INI-2020-5832 · الجهة المعنية: قطاع التقنية والمشاريع.,قطاع التقنية والمشاريع,مرفوعة للجنة,غير معلن
INIT-00473,2020-02-02,مشروع تأمين مواقع تخزين أسلحة خاضعة للرقابة,تصميم ضوابط تأمين مواقع أسلحة ومواد خاضعة للرقابة. المرجع INI-2020-1671 · الجهة المعنية: قطاع الأعمال المؤسسية.,قطاع الأعمال المؤسسية,معتمدة داخليًا,غير معلن
INIT-00474,2023-04-29,مبادرة تحليل استخبارات التهديد الوطنية,بناء قدرة استخبارات تهديد مشتركة بين الجهات الوطنية. المرجع INI-2023-4350 · الجهة المعنية: قطاع الشراكات.,قطاع الشراكات,مرفوعة للجنة,غير معلن
INIT-00475,2025-05-21,نموذج تسعير برنامج الحوسبة السيادية للمنافسات الحكومية,هوامش وحدود تسعير استراتيجية غير قابلة للإفصاح للمنافسين. المرجع INI-2025-8467 · الجهة المعنية: قطاع التحول الرقمي.,قطاع التحول الرقمي,مسودة أولية,غير معلن
INIT-00476,2024-06-09,عقد مورد لتوريد تجهيزات برنامج التحول الرقمي,بنود عقد مورد وجدول التوريد والغرامات التعاقدية. المرجع INI-2024-1162 · الجهة المعنية: قطاع العمليات.,قطاع العمليات,بانتظار الاعتماد,غير معلن
INIT-00477,2020-09-24,مسار تفاوض دبلوماسي لتوطين برنامج تكامل الأنظمة الحكومية,مسار ذو طابع دبلوماسي لتوطين التقنية مع أطراف خارجية. المرجع INI-2020-8263 · الجهة المعنية: قطاع البنية التحتية.,قطاع البنية التحتية,قيد التنفيذ المبدئي,غير معلن
INIT-00478,2019-11-24,خطة دخول سوق الخبر - نسخة غير معلنة,خطة استراتيجية لدخول السوق وتقديرات الحصة المستهدفة. المرجع INI-2019-8412 · الجهة المعنية: قطاع الشراكات.,قطاع الشراكات,قيد التنفيذ المبدئي,غير معلن
INIT-00479,2023-10-01,خطة الاستحواذ الاستراتيجية على مزوّد تقني إقليمي,خطة استراتيجية للاستحواذ مع تقييم مبدئي وهيكل تمويل مقترح. المرجع INI-2023-4535 · الجهة المعنية: قطاع العمليات.,قطاع العمليات,قيد التنفيذ المبدئي,معلن جزئيًا
INIT-00480,2019-10-25,عقد مورد لتوريد تجهيزات برنامج المدن الذكية,بنود عقد مورد وجدول التوريد والغرامات التعاقدية. المرجع INI-2019-1836 · الجهة المعنية: قطاع الشراكات.,قطاع الشراكات,قيد الدراسة,غير معلن
INIT-00481,2022-09-30,تحقيق جدوى موسّع لبرنامج تكامل الأنظمة الحكومية,تحقيق جدوى يتضمن أرقامًا مالية غير معلنة وسيناريوهات المخاطر. المرجع INI-2022-2957 · الجهة المعنية: قطاع الحلول الحكومية.,قطاع الحلول الحكومية,بانتظار الاعتماد,معلن جزئيًا
INIT-00482,2021-06-09,خطة دخول سوق خميس مشيط - نسخة غير معلنة,خطة استراتيجية لدخول السوق وتقديرات الحصة المستهدفة. المرجع INI-2021-4606 · الجهة المعنية: قطاع الشراكات.,قطاع الشراكات,مسودة أولية,معلن جزئيًا
INIT-00483,2020-09-28,إحصاءات أثر برنامج تكامل الأنظمة الحكومية المعلنة - الربع الرابع 2020,إحصاءات معلنة عن أثر البرنامج على مستوى الخدمة. المرجع INI-2020-6204 · الجهة المعنية: قطاع الأعمال المؤسسية.,قطاع الأعمال المؤسسية,معتمدة داخليًا,معلن
INIT-00484,2021-05-14,مشروع منظومة اتصالات لجهة عسكري الطابع,متطلبات منظومة اتصالات لجهة عسكري الطابع وقيود التسليم. المرجع INI-2021-6944 · الجهة المعنية: قطاع التقنية والمشاريع.,قطاع التقنية والمشاريع,قيد التنفيذ المبدئي,غير معلن
INIT-00485,2022-06-07,تحقيق جدوى موسّع لبرنامج الاستحواذ التقني,تحقيق جدوى يتضمن أرقامًا مالية غير معلنة وسيناريوهات المخاطر. المرجع INI-2022-1467 · الجهة المعنية: قطاع الحلول الحكومية.,قطاع الحلول الحكومية,قيد الدراسة,غير معلن
INIT-00486,2023-02-11,مبادرة داخلية رقم SI-2023-126 - غير معلنة,مبادرة قيد الدراسة يترتب على كشفها المبكر أثر تنافسي مباشر. المرجع INI-2023-4402 · الجهة المعنية: قطاع البنية التحتية.,قطاع البنية التحتية,معتمدة داخليًا,غير معلن
INIT-00487,2020-03-25,مصفوفة الشركاء المحتملين لبرنامج تحديث البنية التقنية,تقييم شركاء محتملين وشروط التفضيل قبل الإفصاح للسوق. المرجع INI-2020-6137 · الجهة المعنية: قطاع التحول الرقمي.,قطاع التحول الرقمي,قيد الدراسة,غير معلن
INIT-00488,2024-09-03,جدول بدلات ورواتب فريق برنامج أمن سلاسل الإمداد,جدول رواتب وبدلات أعضاء الفريق خلال مراحل التنفيذ. المرجع INI-2024-8442 · الجهة المعنية: قطاع التقنية والمشاريع.,قطاع التقنية والمشاريع,معتمدة داخليًا,غير معلن
INIT-00489,2019-10-23,مصفوفة الشركاء المحتملين لبرنامج المدن الذكية,تقييم شركاء محتملين وشروط التفضيل قبل الإفصاح للسوق. المرجع INI-2019-1669 · الجهة المعنية: قطاع التحول الرقمي.,قطاع التحول الرقمي,بانتظار الاعتماد,معلن جزئيًا
INIT-00490,2024-07-18,مبادرة مواقع تخزين احتياطية للبيانات الحساسة,تحديد مواقع تخزين احتياطية وسعاتها ومستويات حمايتها. المرجع INI-2024-6529 · الجهة المعنية: قطاع الحلول الحكومية.,قطاع الحلول الحكومية,معتمدة داخليًا,غير معلن
INIT-00491,2024-02-23,نموذج تسعير برنامج الحوسبة السيادية للمنافسات الحكومية,هوامش وحدود تسعير استراتيجية غير قابلة للإفصاح للمنافسين. المرجع INI-2024-5883 · الجهة المعنية: قطاع الأعمال المؤسسية.,قطاع الأعمال المؤسسية,بانتظار الاعتماد,غير معلن
INIT-00492,2026-03-24,مسار تفاوض دبلوماسي لتوطين برنامج الحوسبة السيادية,مسار ذو طابع دبلوماسي لتوطين التقنية مع أطراف خارجية. المرجع INI-2026-2244 · الجهة المعنية: قطاع العمليات.,قطاع العمليات,قيد التنفيذ المبدئي,معلن جزئيًا
INIT-00493,2021-03-07,متطلبات ربط شبكي لبرنامج الذكاء الاصطناعي المؤسسي,مخطط الشبكة المطلوب لربط بيئات المشروع الداخلية. المرجع INI-2021-5857 · الجهة المعنية: قطاع التحول الرقمي.,قطاع التحول الرقمي,قيد الدراسة,غير معلن
INIT-00494,2026-06-13,معاهدة تعاون تقني قيد التفاوض مع صندوق استثماري دولي,نص معاهدة تعاون تقني قيد التفاوض وبنود نقل المعرفة. المرجع INI-2026-5995 · الجهة المعنية: قطاع البنية التحتية.,قطاع البنية التحتية,قيد التنفيذ المبدئي,غير معلن
INIT-00495,2020-06-12,الميزانية الاستراتيجية لبرنامج التوسع الإقليمي 2020-2024,تفاصيل الميزانية الاستراتيجية وتوزيعها على المراحل قبل الاعتماد. المرجع INI-2020-7784 · الجهة المعنية: قطاع التحول الرقمي.,قطاع التحول الرقمي,بانتظار الاعتماد,غير معلن
INIT-00496,2022-12-08,خطة توزيع الكوادر على برنامج المدن الذكية,توزيع كوادر مع بيانات شخصية ومسميات وظيفية تفصيلية. المرجع INI-2022-4135 · الجهة المعنية: قطاع العمليات.,قطاع العمليات,معتمدة داخليًا,معلن جزئيًا
INIT-00497,2020-09-29,خطة دخول سوق مكة المكرمة - نسخة غير معلنة,خطة استراتيجية لدخول السوق وتقديرات الحصة المستهدفة. المرجع INI-2020-9630 · الجهة المعنية: قطاع الحلول الحكومية.,قطاع الحلول الحكومية,مسودة أولية,غير معلن
INIT-00498,2020-01-07,مبادرة تحليل استخبارات التهديد الوطنية,بناء قدرة استخبارات تهديد مشتركة بين الجهات الوطنية. المرجع INI-2020-6301 · الجهة المعنية: قطاع التقنية والمشاريع.,قطاع التقنية والمشاريع,مسودة أولية,غير معلن
INIT-00499,2023-02-07,جدول بدلات ورواتب فريق برنامج المرونة التشغيلية,جدول رواتب وبدلات أعضاء الفريق خلال مراحل التنفيذ. المرجع INI-2023-1644 · الجهة المعنية: قطاع التحول الرقمي.,قطاع التحول الرقمي,بانتظار الاعتماد,غير معلن
INIT-00500,2021-06-27,مبادرة الحوسبة السيادية وحماية سيادة البيانات,تصميم بيئة تضمن سيادة البيانات الوطنية وحدود الاستضافة المسموحة. المرجع INI-2021-3361 · الجهة المعنية: قطاع التحول الرقمي.,قطاع التحول الرقمي,مسودة أولية,غير معلن
INIT-00501,2022-12-01,إعادة هيكلة قطاع العمليات - قبل الاعتماد,تصور إعادة الهيكلة وأثرها الوظيفي قبل الاعتماد من المجلس. المرجع INI-2022-3074 · الجهة المعنية: قطاع الحلول الحكومية.,قطاع الحلول الحكومية,قيد الدراسة,غير معلن
INIT-00502,2019-10-19,نموذج تسعير برنامج التوسع الإقليمي للمنافسات الحكومية,هوامش وحدود تسعير استراتيجية غير قابلة للإفصاح للمنافسين. المرجع INI-2019-3004 · الجهة المعنية: قطاع التقنية والمشاريع.,قطاع التقنية والمشاريع,بانتظار الاعتماد,معلن جزئيًا
INIT-00503,2025-04-07,معاهدة تعاون تقني قيد التفاوض مع تحالف صناعي دولي,نص معاهدة تعاون تقني قيد التفاوض وبنود نقل المعرفة. المرجع INI-2025-1506 · الجهة المعنية: قطاع الحلول الحكومية.,قطاع الحلول الحكومية,مرفوعة للجنة,معلن جزئيًا
INIT-00504,2024-12-31,خطة التخارج الاستراتيجية من عقد تشغيل كبير,خيارات التخارج الاستراتيجية وأثرها المالي على الإيرادات. المرجع INI-2024-5409 · الجهة المعنية: قطاع العمليات.,,مسودة أولية,غير معلن
INIT-00505,2024-09-24,تحقيق جدوى موسّع لبرنامج الاستحواذ التقني,تحقيق جدوى يتضمن أرقامًا مالية غير معلنة وسيناريوهات المخاطر. المرجع INI-2024-3529 · الجهة المعنية: قطاع البنية التحتية.,قطاع البنية التحتية,بانتظار الاعتماد,معلن جزئيًا
INIT-00506,2024-07-11,خطة توزيع الكوادر على برنامج الذكاء الاصطناعي المؤسسي,توزيع كوادر مع بيانات شخصية ومسميات وظيفية تفصيلية. المرجع INI-2024-3616 · الجهة المعنية: قطاع الشراكات.,قطاع الشراكات,قيد التنفيذ المبدئي,غير معلن
INIT-00507,2019-06-02,بيان صحفي عن شراكة معلنة في الأحساء - 2019,بيان صحفي منشور عن شراكة تم الإعلان عنها رسميًا. المرجع INI-2019-7981 · الجهة المعنية: قطاع التقنية والمشاريع.,قطاع التقنية والمشاريع,قيد الدراسة,معلن
INIT-00508,2025-11-05,خطة دخول سوق القطيف - نسخة غير معلنة,خطة استراتيجية لدخول السوق وتقديرات الحصة المستهدفة. المرجع INI-2025-6656 · الجهة المعنية: قطاع العمليات.,قطاع العمليات,بانتظار الاعتماد,معلن جزئيًا
INIT-00509,2026-06-02,مشروع تأمين مواقع تخزين أسلحة خاضعة للرقابة,تصميم ضوابط تأمين مواقع أسلحة ومواد خاضعة للرقابة. المرجع INI-2026-1664 · الجهة المعنية: قطاع الحلول الحكومية.,قطاع الحلول الحكومية,بانتظار الاعتماد,غير معلن
INIT-00510,2020-01-06,الميزانية الاستراتيجية لبرنامج التوسع الإقليمي 2020-2022,تفاصيل الميزانية الاستراتيجية وتوزيعها على المراحل قبل الاعتماد. المرجع INI-2020-5763 · الجهة المعنية: قطاع الشراكات.,قطاع الشراكات,معتمدة داخليًا,معلن جزئيًا
INIT-00511,2019-03-03,تحقيق جدوى موسّع لبرنامج المدن الذكية,تحقيق جدوى يتضمن أرقامًا مالية غير معلنة وسيناريوهات المخاطر. المرجع INI-2019-7113 · الجهة المعنية: قطاع الحلول الحكومية.,قطاع الحلول الحكومية,بانتظار الاعتماد,غير معلن
INIT-00512,2019-10-10,إعادة هيكلة قطاع الأعمال المؤسسية - قبل الاعتماد,تصور إعادة الهيكلة وأثرها الوظيفي قبل الاعتماد من المجلس. المرجع INI-2019-9398 · الجهة المعنية: قطاع الأعمال المؤسسية.,قطاع الأعمال المؤسسية,مسودة أولية,معلن جزئيًا
INIT-00513,2021-08-12,مبادرة داخلية رقم SI-2021-592 - غير معلنة,مبادرة قيد الدراسة يترتب على كشفها المبكر أثر تنافسي مباشر. المرجع INI-2021-4844 · الجهة المعنية: قطاع الأعمال المؤسسية.,قطاع الأعمال المؤسسية,قيد التنفيذ المبدئي,غير معلن
INIT-00514,2025-01-12,نموذج تسعير برنامج المدن الذكية للمنافسات الحكومية,هوامش وحدود تسعير استراتيجية غير قابلة للإفصاح للمنافسين. المرجع INI-2025-3852 · الجهة المعنية: قطاع البنية التحتية.,قطاع البنية التحتية,مرفوعة للجنة,معلن جزئيًا
INIT-00515,2023-05-04,جدول بدلات ورواتب فريق برنامج الاستحواذ التقني,جدول رواتب وبدلات أعضاء الفريق خلال مراحل التنفيذ. المرجع INI-2023-7171 · الجهة المعنية: قطاع البنية التحتية.,قطاع البنية التحتية,مسودة أولية,معلن جزئيًا
INIT-00516,2026-05-19,مبادرة تحليل استخبارات التهديد الوطنية,بناء قدرة استخبارات تهديد مشتركة بين الجهات الوطنية. المرجع INI-2026-8444 · الجهة المعنية: قطاع التقنية والمشاريع.,قطاع التقنية والمشاريع,مرفوعة للجنة,غير معلن
INIT-00517,2026-03-01,مصفوفة الشركاء المحتملين لبرنامج الاستحواذ التقني,تقييم شركاء محتملين وشروط التفضيل قبل الإفصاح للسوق. المرجع INI-2026-5078 · الجهة المعنية: قطاع العمليات.,قطاع العمليات,قيد التنفيذ المبدئي,غير معلن
INIT-00518,2025-08-25,خطة دخول سوق المدينة المنورة - نسخة غير معلنة,خطة استراتيجية لدخول السوق وتقديرات الحصة المستهدفة. المرجع INI-2025-1763 · الجهة المعنية: قطاع الحلول الحكومية.,قطاع الحلول الحكومية,مرفوعة للجنة,غير معلن
INIT-00519,2019-09-11,جدول بدلات ورواتب فريق برنامج التحول الرقمي,جدول رواتب وبدلات أعضاء الفريق خلال مراحل التنفيذ. المرجع INI-2019-2835 · الجهة المعنية: قطاع الأعمال المؤسسية.,قطاع الأعمال المؤسسية,قيد التنفيذ المبدئي,غير معلن
INIT-00520,2025-08-17,إعادة هيكلة قطاع الأعمال المؤسسية - قبل الاعتماد,تصور إعادة الهيكلة وأثرها الوظيفي قبل الاعتماد من المجلس. المرجع INI-2025-9399 · الجهة المعنية: قطاع الشراكات.,قطاع الشراكات,قيد الدراسة,معلن جزئيًا
INIT-00521,2025-03-01,مسار تفاوض دبلوماسي لتوطين برنامج الاستحواذ التقني,مسار ذو طابع دبلوماسي لتوطين التقنية مع أطراف خارجية. المرجع INI-2025-8668 · الجهة المعنية: قطاع التحول الرقمي.,قطاع التحول الرقمي,مسودة أولية,معلن جزئيًا
INIT-00522,2021-02-24,خطة الاستحواذ الاستراتيجية على مزوّد تقني إقليمي,خطة استراتيجية للاستحواذ مع تقييم مبدئي وهيكل تمويل مقترح. المرجع INI-2021-4050 · الجهة المعنية: قطاع الحلول الحكومية.,قطاع الحلول الحكومية,معتمدة داخليًا,غير معلن
INIT-00523,2021-03-21,خطة التخارج الاستراتيجية من عقد تشغيل كبير,خيارات التخارج الاستراتيجية وأثرها المالي على الإيرادات. المرجع INI-2021-3346 · الجهة المعنية: قطاع العمليات.,قطاع العمليات,قيد الدراسة,غير معلن
INIT-00524,2020-09-20,إعادة هيكلة قطاع التقنية والمشاريع - قبل الاعتماد,تصور إعادة الهيكلة وأثرها الوظيفي قبل الاعتماد من المجلس. المرجع INI-2020-5231 · الجهة المعنية: قطاع الشراكات.,قطاع الشراكات,مرفوعة للجنة,غير معلن
INIT-00525,2023-05-05,تحقيق جدوى موسّع لبرنامج الذكاء الاصطناعي المؤسسي,تحقيق جدوى يتضمن أرقامًا مالية غير معلنة وسيناريوهات المخاطر. المرجع INI-2023-3708 · الجهة المعنية: قطاع التحول الرقمي.,قطاع التحول الرقمي,قيد الدراسة,معلن جزئيًا
INIT-00526,2023-10-25,مبادرة تحليل استخبارات التهديد الوطنية,بناء قدرة استخبارات تهديد مشتركة بين الجهات الوطنية. المرجع INI-2023-3136 · الجهة المعنية: قطاع الأعمال المؤسسية.,قطاع الأعمال المؤسسية,قيد التنفيذ المبدئي,غير معلن
INIT-00527,2019-06-28,مشروع منظومة اتصالات لجهة عسكري الطابع,متطلبات منظومة اتصالات لجهة عسكري الطابع وقيود التسليم. المرجع INI-2019-3844 · الجهة المعنية: قطاع البنية التحتية.,قطاع البنية التحتية,بانتظار الاعتماد,غير معلن
INIT-00528,2025-03-10,مشروع منظومة اتصالات لجهة عسكري الطابع,متطلبات منظومة اتصالات لجهة عسكري الطابع وقيود التسليم. المرجع INI-2025-2038 · الجهة المعنية: قطاع الحلول الحكومية.,قطاع الحلول الحكومية,مرفوعة للجنة,غير معلن
INIT-00529,2023-02-28,الميزانية الاستراتيجية لبرنامج المرونة التشغيلية 2023-2026,تفاصيل الميزانية الاستراتيجية وتوزيعها على المراحل قبل الاعتماد. المرجع INI-2023-8898 · الجهة المعنية: قطاع البنية التحتية.,قطاع البنية التحتية,مسودة أولية,معلن جزئيًا
INIT-00530,2021-09-26,مصفوفة الشركاء المحتملين لبرنامج التحول الرقمي,تقييم شركاء محتملين وشروط التفضيل قبل الإفصاح للسوق. المرجع INI-2021-7928 · الجهة المعنية: قطاع العمليات.,قطاع العمليات,مسودة أولية,غير معلن
INIT-00531,2023-09-10,مذكرة تفاهم مع تحالف صناعي دولي لتنفيذ برنامج التحول الرقمي,مسودة مذكرة تفاهم لم تُوقّع بعد وتتضمن التزامات مالية. المرجع INI-2023-9470 · الجهة المعنية: قطاع التقنية والمشاريع.,قطاع التقنية والمشاريع,بانتظار الاعتماد,معلن جزئيًا
INIT-00532,2021-05-11,متطلبات ربط شبكي لبرنامج التوسع الإقليمي,مخطط الشبكة المطلوب لربط بيئات المشروع الداخلية. المرجع INI-2021-8721 · الجهة المعنية: قطاع التحول الرقمي.,قطاع التحول الرقمي,قيد التنفيذ المبدئي,غير معلن
INIT-00533,2021-09-15,إعادة هيكلة قطاع البنية التحتية - قبل الاعتماد,تصور إعادة الهيكلة وأثرها الوظيفي قبل الاعتماد من المجلس. المرجع INI-2021-2522 · الجهة المعنية: قطاع الشراكات.,قطاع الشراكات,معتمدة داخليًا,غير معلن
INIT-00534,2023-07-07,مذكرة داخلية لمتابعة مؤشرات برنامج الذكاء الاصطناعي المؤسسي,مذكرة داخلية دورية لمتابعة مؤشرات التنفيذ بين الإدارات. المرجع INI-2023-6405 · الجهة المعنية: قطاع العمليات.,قطاع العمليات,بانتظار الاعتماد,غير معلن
INIT-00535,2023-01-20,إعادة هيكلة قطاع التحول الرقمي - قبل الاعتماد,تصور إعادة الهيكلة وأثرها الوظيفي قبل الاعتماد من المجلس. المرجع INI-2023-9435 · الجهة المعنية: قطاع العمليات.,قطاع العمليات,مرفوعة للجنة,غير معلن
INIT-00536,2024-03-15,مذكرة تفاهم مع جهة سيادية شريكة لتنفيذ برنامج الحوسبة السيادية,مسودة مذكرة تفاهم لم تُوقّع بعد وتتضمن التزامات مالية. المرجع INI-2024-4670 · الجهة المعنية: قطاع الأعمال المؤسسية.,,بانتظار الاعتماد,غير معلن
INIT-00537,2023-09-28,خطة دخول سوق تبوك - نسخة غير معلنة,خطة استراتيجية لدخول السوق وتقديرات الحصة المستهدفة. المرجع INI-2023-1188 · الجهة المعنية: قطاع الشراكات.,قطاع الشراكات,قيد الدراسة,غير معلن
INIT-00538,2023-05-18,مشروع تأمين مواقع تخزين أسلحة خاضعة للرقابة,تصميم ضوابط تأمين مواقع أسلحة ومواد خاضعة للرقابة. المرجع INI-2023-1004 · الجهة المعنية: قطاع البنية التحتية.,قطاع البنية التحتية,مرفوعة للجنة,غير معلن
INIT-00539,2023-03-19,نموذج تسعير برنامج أمن سلاسل الإمداد للمنافسات الحكومية,هوامش وحدود تسعير استراتيجية غير قابلة للإفصاح للمنافسين. المرجع INI-2023-6649 · الجهة المعنية: قطاع التحول الرقمي.,قطاع التحول الرقمي,قيد التنفيذ المبدئي,معلن جزئيًا
INIT-00540,2019-03-13,خطة دخول سوق الجبيل - نسخة غير معلنة,خطة استراتيجية لدخول السوق وتقديرات الحصة المستهدفة. المرجع INI-2019-1099 · الجهة المعنية: قطاع الشراكات.,قطاع الشراكات,بانتظار الاعتماد,غير معلن
INIT-00541,2026-02-22,مبادرة الحوسبة السيادية وحماية سيادة البيانات,تصميم بيئة تضمن سيادة البيانات الوطنية وحدود الاستضافة المسموحة. المرجع INI-2026-6435 · الجهة المعنية: قطاع الأعمال المؤسسية.,قطاع الأعمال المؤسسية,قيد التنفيذ المبدئي,غير معلن
INIT-00542,2023-07-29,معاهدة تعاون تقني قيد التفاوض مع دولة شريكة,نص معاهدة تعاون تقني قيد التفاوض وبنود نقل المعرفة. المرجع INI-2023-8108 · الجهة المعنية: قطاع التقنية والمشاريع.,قطاع التقنية والمشاريع,قيد الدراسة,معلن جزئيًا
INIT-00543,2020-08-20,مبادرة داخلية رقم SI-2020-571 - غير معلنة,مبادرة قيد الدراسة يترتب على كشفها المبكر أثر تنافسي مباشر. المرجع INI-2020-9338 · الجهة المعنية: قطاع التحول الرقمي.,قطاع التحول الرقمي,مسودة أولية,معلن جزئيًا
INIT-00544,2022-03-27,إعادة هيكلة قطاع التقنية والمشاريع - قبل الاعتماد,تصور إعادة الهيكلة وأثرها الوظيفي قبل الاعتماد من المجلس. المرجع INI-2022-2543 · الجهة المعنية: قطاع التقنية والمشاريع.,قطاع التقنية والمشاريع,مسودة أولية,غير معلن
INIT-00545,2021-11-24,تحقيق جدوى موسّع لبرنامج الذكاء الاصطناعي المؤسسي,تحقيق جدوى يتضمن أرقامًا مالية غير معلنة وسيناريوهات المخاطر. المرجع INI-2021-2236 · الجهة المعنية: قطاع البنية التحتية.,قطاع البنية التحتية,قيد الدراسة,غير معلن
INIT-00546,2022-12-23,خطة الاستحواذ الاستراتيجية على مزوّد تقني إقليمي,خطة استراتيجية للاستحواذ مع تقييم مبدئي وهيكل تمويل مقترح. المرجع INI-2022-1641 · الجهة المعنية: قطاع التقنية والمشاريع.,قطاع التقنية والمشاريع,بانتظار الاعتماد,معلن جزئيًا
INIT-00547,2024-11-20,خطة الاستحواذ الاستراتيجية على مزوّد تقني إقليمي,خطة استراتيجية للاستحواذ مع تقييم مبدئي وهيكل تمويل مقترح. المرجع INI-2024-9806 · الجهة المعنية: قطاع التقنية والمشاريع.,قطاع التقنية والمشاريع,مسودة أولية,غير معلن
INIT-00548,2019-12-01,خطة دخول سوق نجران - نسخة غير معلنة,خطة استراتيجية لدخول السوق وتقديرات الحصة المستهدفة. المرجع INI-2019-8896 · الجهة المعنية: قطاع الشراكات.,قطاع الشراكات,قيد التنفيذ المبدئي,غير معلن
INIT-00549,2025-01-18,مبادرة مواقع تخزين احتياطية للبيانات الحساسة,تحديد مواقع تخزين احتياطية وسعاتها ومستويات حمايتها. المرجع INI-2025-4004 · الجهة المعنية: قطاع العمليات.,قطاع العمليات,بانتظار الاعتماد,غير معلن
INIT-00550,2020-03-31,نموذج تسعير برنامج المرونة التشغيلية للمنافسات الحكومية,هوامش وحدود تسعير استراتيجية غير قابلة للإفصاح للمنافسين. المرجع INI-2020-9715 · الجهة المعنية: قطاع البنية التحتية.,قطاع البنية التحتية,مرفوعة للجنة,غير معلن
INIT-00551,2021-06-30,تحقيق جدوى موسّع لبرنامج المدن الذكية,تحقيق جدوى يتضمن أرقامًا مالية غير معلنة وسيناريوهات المخاطر. المرجع INI-2021-1118 · الجهة المعنية: قطاع العمليات.,قطاع العمليات,قيد الدراسة,معلن جزئيًا
INIT-00552,2019-06-17,خطة التخارج الاستراتيجية من عقد تشغيل كبير,خيارات التخارج الاستراتيجية وأثرها المالي على الإيرادات. المرجع INI-2019-6594 · الجهة المعنية: قطاع البنية التحتية.,قطاع البنية التحتية,قيد التنفيذ المبدئي,غير معلن
INIT-00553,2019-12-06,خطة التخارج الاستراتيجية من عقد تشغيل كبير,خيارات التخارج الاستراتيجية وأثرها المالي على الإيرادات. المرجع INI-2019-9301 · الجهة المعنية: قطاع العمليات.,قطاع العمليات,قيد التنفيذ المبدئي,معلن جزئيًا
INIT-00554,2022-09-23,خطة التخارج الاستراتيجية من عقد تشغيل كبير,خيارات التخارج الاستراتيجية وأثرها المالي على الإيرادات. المرجع INI-2022-6508 · الجهة المعنية: قطاع الحلول الحكومية.,قطاع الحلول الحكومية,مسودة أولية,غير معلن
INIT-00555,2019-05-11,مبادرة مواقع تخزين احتياطية للبيانات الحساسة,تحديد مواقع تخزين احتياطية وسعاتها ومستويات حمايتها. المرجع INI-2019-8690 · الجهة المعنية: قطاع العمليات.,قطاع العمليات,قيد التنفيذ المبدئي,معلن جزئيًا
INIT-00556,2023-09-22,الميزانية الاستراتيجية لبرنامج تكامل الأنظمة الحكومية 2023-2026,تفاصيل الميزانية الاستراتيجية وتوزيعها على المراحل قبل الاعتماد. المرجع INI-2023-2731 · الجهة المعنية: قطاع البنية التحتية.,قطاع البنية التحتية,مسودة أولية,معلن جزئيًا
INIT-00557,2025-04-05,خطة التخارج الاستراتيجية من عقد تشغيل كبير,خيارات التخارج الاستراتيجية وأثرها المالي على الإيرادات. المرجع INI-2025-3796 · الجهة المعنية: قطاع الشراكات.,قطاع الشراكات,مرفوعة للجنة,غير معلن
INIT-00558,2021-12-09,خطة دخول سوق المدينة المنورة - نسخة غير معلنة,خطة استراتيجية لدخول السوق وتقديرات الحصة المستهدفة. المرجع INI-2021-9956 · الجهة المعنية: قطاع البنية التحتية.,قطاع البنية التحتية,مسودة أولية,معلن جزئيًا
INIT-00559,2023-05-23,تحقيق جدوى موسّع لبرنامج التحول الرقمي,تحقيق جدوى يتضمن أرقامًا مالية غير معلنة وسيناريوهات المخاطر. المرجع INI-2023-9566 · الجهة المعنية: قطاع البنية التحتية.,قطاع البنية التحتية,قيد التنفيذ المبدئي,معلن جزئيًا
INIT-00560,2020-04-08,خطة الاستحواذ الاستراتيجية على مزوّد تقني إقليمي,خطة استراتيجية للاستحواذ مع تقييم مبدئي وهيكل تمويل مقترح. المرجع INI-2020-6383 · الجهة المعنية: قطاع التحول الرقمي.,قطاع التحول الرقمي,مسودة أولية,غير معلن
INIT-00561,2022-11-07,تحقيق جدوى موسّع لبرنامج الاستحواذ التقني,تحقيق جدوى يتضمن أرقامًا مالية غير معلنة وسيناريوهات المخاطر. المرجع INI-2022-1777 · الجهة المعنية: قطاع الشراكات.,قطاع الشراكات,قيد الدراسة,معلن جزئيًا
INIT-00562,2020-08-28,تحقيق جدوى موسّع لبرنامج الذكاء الاصطناعي المؤسسي,تحقيق جدوى يتضمن أرقامًا مالية غير معلنة وسيناريوهات المخاطر. المرجع INI-2020-2150 · الجهة المعنية: قطاع الشراكات.,قطاع الشراكات,بانتظار الاعتماد,معلن جزئيًا
INIT-00563,2023-07-26,مبادرة مواقع تخزين احتياطية للبيانات الحساسة,تحديد مواقع تخزين احتياطية وسعاتها ومستويات حمايتها. المرجع INI-2023-3362 · الجهة المعنية: قطاع الشراكات.,قطاع الشراكات,بانتظار الاعتماد,معلن جزئيًا
INIT-00564,2019-08-02,مبادرة داخلية رقم SI-2019-593 - غير معلنة,مبادرة قيد الدراسة يترتب على كشفها المبكر أثر تنافسي مباشر. المرجع INI-2019-6156 · الجهة المعنية: قطاع العمليات.,قطاع العمليات,قيد التنفيذ المبدئي,معلن جزئيًا
INIT-00565,2021-06-25,مبادرة الحوسبة السيادية وحماية سيادة البيانات,تصميم بيئة تضمن سيادة البيانات الوطنية وحدود الاستضافة المسموحة. المرجع INI-2021-1413 · الجهة المعنية: قطاع الشراكات.,قطاع الشراكات,معتمدة داخليًا,غير معلن
INIT-00566,2023-09-10,تحقيق جدوى موسّع لبرنامج الاستحواذ التقني,تحقيق جدوى يتضمن أرقامًا مالية غير معلنة وسيناريوهات المخاطر. المرجع INI-2023-8060 · الجهة المعنية: قطاع البنية التحتية.,قطاع البنية التحتية,معتمدة داخليًا,غير معلن
INIT-00567,2021-09-08,عقد مورد لتوريد تجهيزات برنامج التحول الرقمي,بنود عقد مورد وجدول التوريد والغرامات التعاقدية. المرجع INI-2021-6051 · الجهة المعنية: قطاع الأعمال المؤسسية.,قطاع الأعمال المؤسسية,بانتظار الاعتماد,معلن جزئيًا
INIT-00568,2023-02-04,مبادرة مواقع تخزين احتياطية للبيانات الحساسة,تحديد مواقع تخزين احتياطية وسعاتها ومستويات حمايتها. المرجع INI-2023-7196 · الجهة المعنية: قطاع الأعمال المؤسسية.,قطاع الأعمال المؤسسية,معتمدة داخليًا,معلن جزئيًا
INIT-00569,2019-05-19,مبادرة داخلية رقم SI-2019-218 - غير معلنة,مبادرة قيد الدراسة يترتب على كشفها المبكر أثر تنافسي مباشر. المرجع INI-2019-1332 · الجهة المعنية: قطاع الأعمال المؤسسية.,قطاع الأعمال المؤسسية,قيد الدراسة,غير معلن
INIT-00570,2022-06-11,معاهدة تعاون تقني قيد التفاوض مع صندوق استثماري دولي,نص معاهدة تعاون تقني قيد التفاوض وبنود نقل المعرفة. المرجع INI-2022-4637 · الجهة المعنية: قطاع الحلول الحكومية.,قطاع الحلول الحكومية,بانتظار الاعتماد,معلن جزئيًا
INIT-00571,2020-02-04,خطة دخول سوق ينبع - نسخة غير معلنة,خطة استراتيجية لدخول السوق وتقديرات الحصة المستهدفة. المرجع INI-2020-8813 · الجهة المعنية: قطاع التحول الرقمي.,قطاع التحول الرقمي,مسودة أولية,معلن جزئيًا
INIT-00572,2024-09-01,خطة الاستحواذ الاستراتيجية على مزوّد تقني إقليمي,خطة استراتيجية للاستحواذ مع تقييم مبدئي وهيكل تمويل مقترح. المرجع INI-2024-1920 · الجهة المعنية: قطاع العمليات.,قطاع العمليات,قيد الدراسة,غير معلن
INIT-00573,2026-04-17,تحقيق جدوى موسّع لبرنامج المدن الذكية,تحقيق جدوى يتضمن أرقامًا مالية غير معلنة وسيناريوهات المخاطر. المرجع INI-2026-9363 · الجهة المعنية: قطاع التحول الرقمي.,قطاع التحول الرقمي,مرفوعة للجنة,معلن جزئيًا
INIT-00574,2019-08-13,معاهدة تعاون تقني قيد التفاوض مع شريك تقني عالمي,نص معاهدة تعاون تقني قيد التفاوض وبنود نقل المعرفة. المرجع INI-2019-2594 · الجهة المعنية: قطاع الأعمال المؤسسية.,قطاع الأعمال المؤسسية,مسودة أولية,غير معلن
INIT-00575,2025-12-27,تحقيق جدوى موسّع لبرنامج تحديث البنية التقنية,تحقيق جدوى يتضمن أرقامًا مالية غير معلنة وسيناريوهات المخاطر. المرجع INI-2025-3098 · الجهة المعنية: قطاع الحلول الحكومية.,قطاع الحلول الحكومية,مرفوعة للجنة,غير معلن
INIT-00576,2025-03-25,خطة الاستحواذ الاستراتيجية على مزوّد تقني إقليمي,خطة استراتيجية للاستحواذ مع تقييم مبدئي وهيكل تمويل مقترح. المرجع INI-2025-6378 · الجهة المعنية: قطاع التحول الرقمي.,قطاع التحول الرقمي,بانتظار الاعتماد,معلن جزئيًا
INIT-00577,2022-01-03,خطة الاستحواذ الاستراتيجية على مزوّد تقني إقليمي,خطة استراتيجية للاستحواذ مع تقييم مبدئي وهيكل تمويل مقترح. المرجع INI-2022-6061 · الجهة المعنية: قطاع العمليات.,قطاع العمليات,بانتظار الاعتماد,غير معلن
INIT-00578,2025-11-20,مبادرة مواقع تخزين احتياطية للبيانات الحساسة,تحديد مواقع تخزين احتياطية وسعاتها ومستويات حمايتها. المرجع INI-2025-4344 · الجهة المعنية: قطاع الأعمال المؤسسية.,قطاع الأعمال المؤسسية,معتمدة داخليًا,معلن جزئيًا
INIT-00579,2025-09-17,الميزانية الاستراتيجية لبرنامج أمن سلاسل الإمداد 2025-2028,تفاصيل الميزانية الاستراتيجية وتوزيعها على المراحل قبل الاعتماد. المرجع INI-2025-1407 · الجهة المعنية: قطاع الشراكات.,قطاع الشراكات,قيد التنفيذ المبدئي,غير معلن
INIT-00580,2022-02-02,الميزانية الاستراتيجية لبرنامج المدن الذكية 2022-2026,تفاصيل الميزانية الاستراتيجية وتوزيعها على المراحل قبل الاعتماد. المرجع INI-2022-1205 · الجهة المعنية: قطاع الحلول الحكومية.,,مرفوعة للجنة,معلن جزئيًا
INIT-00581,2019-04-10,إحصاءات أثر برنامج تحديث البنية التقنية المعلنة - الربع الرابع 2019,إحصاءات معلنة عن أثر البرنامج على مستوى الخدمة. المرجع INI-2019-1125 · الجهة المعنية: قطاع الأعمال المؤسسية.,قطاع الأعمال المؤسسية,مرفوعة للجنة,معلن
INIT-00582,2025-08-13,مبادرة إدارة مفاتيح التشفير على مستوى الجهات الوطنية,تصميم مركزي لإدارة مفاتيح التشفير عبر الأنظمة الوطنية. المرجع INI-2025-2745 · الجهة المعنية: قطاع التحول الرقمي.,قطاع التحول الرقمي,بانتظار الاعتماد,غير معلن
INIT-00583,2023-04-01,إعادة هيكلة قطاع التحول الرقمي - قبل الاعتماد,تصور إعادة الهيكلة وأثرها الوظيفي قبل الاعتماد من المجلس. المرجع INI-2023-7770 · الجهة المعنية: قطاع الشراكات.,قطاع الشراكات,مرفوعة للجنة,معلن جزئيًا
INIT-00584,2021-02-08,مبادرة الحوسبة السيادية وحماية سيادة البيانات,تصميم بيئة تضمن سيادة البيانات الوطنية وحدود الاستضافة المسموحة. المرجع INI-2021-8647 · الجهة المعنية: قطاع التحول الرقمي.,قطاع التحول الرقمي,قيد الدراسة,غير معلن
INIT-00585,2023-04-28,مسار تفاوض دبلوماسي لتوطين برنامج الذكاء الاصطناعي المؤسسي,مسار ذو طابع دبلوماسي لتوطين التقنية مع أطراف خارجية. المرجع INI-2023-5809 · الجهة المعنية: قطاع الأعمال المؤسسية.,قطاع الأعمال المؤسسية,مرفوعة للجنة,غير معلن
INIT-00586,2024-07-25,مبادرة إدارة مفاتيح التشفير على مستوى الجهات الوطنية,تصميم مركزي لإدارة مفاتيح التشفير عبر الأنظمة الوطنية. المرجع INI-2024-8684 · الجهة المعنية: قطاع العمليات.,قطاع العمليات,معتمدة داخليًا,غير معلن
INIT-00587,2021-07-22,مشروع منظومة اتصالات لجهة عسكري الطابع,متطلبات منظومة اتصالات لجهة عسكري الطابع وقيود التسليم. المرجع INI-2021-1445 · الجهة المعنية: قطاع الأعمال المؤسسية.,قطاع الأعمال المؤسسية,بانتظار الاعتماد,غير معلن
INIT-00588,2022-08-16,مبادرة مواقع تخزين احتياطية للبيانات الحساسة,تحديد مواقع تخزين احتياطية وسعاتها ومستويات حمايتها. المرجع INI-2022-8762 · الجهة المعنية: قطاع الأعمال المؤسسية.,قطاع الأعمال المؤسسية,مرفوعة للجنة,غير معلن
INIT-00589,2020-08-24,خطة الاستحواذ الاستراتيجية على مزوّد تقني إقليمي,خطة استراتيجية للاستحواذ مع تقييم مبدئي وهيكل تمويل مقترح. المرجع INI-2020-6438 · الجهة المعنية: قطاع العمليات.,قطاع العمليات,بانتظار الاعتماد,معلن جزئيًا
INIT-00590,2025-03-20,مذكرة داخلية لمتابعة مؤشرات برنامج الاستحواذ التقني,مذكرة داخلية دورية لمتابعة مؤشرات التنفيذ بين الإدارات. المرجع INI-2025-4765 · الجهة المعنية: قطاع التقنية والمشاريع.,قطاع التقنية والمشاريع,قيد التنفيذ المبدئي,غير معلن
INIT-00591,2022-09-04,تحقيق جدوى موسّع لبرنامج تحديث البنية التقنية,تحقيق جدوى يتضمن أرقامًا مالية غير معلنة وسيناريوهات المخاطر. المرجع INI-2022-3585 · الجهة المعنية: قطاع الحلول الحكومية.,قطاع الحلول الحكومية,مرفوعة للجنة,غير معلن
INIT-00592,2020-06-26,معاهدة تعاون تقني قيد التفاوض مع دولة شريكة,نص معاهدة تعاون تقني قيد التفاوض وبنود نقل المعرفة. المرجع INI-2020-5858 · الجهة المعنية: قطاع الأعمال المؤسسية.,قطاع الأعمال المؤسسية,مسودة أولية,معلن جزئيًا
INIT-00593,2022-07-24,متطلبات ربط شبكي لبرنامج الاستحواذ التقني,مخطط الشبكة المطلوب لربط بيئات المشروع الداخلية. المرجع INI-2022-5817 · الجهة المعنية: قطاع التحول الرقمي.,قطاع التحول الرقمي,مرفوعة للجنة,معلن جزئيًا
INIT-00594,2023-01-04,مسار تفاوض دبلوماسي لتوطين برنامج أمن سلاسل الإمداد,مسار ذو طابع دبلوماسي لتوطين التقنية مع أطراف خارجية. المرجع INI-2023-8287 · الجهة المعنية: قطاع التحول الرقمي.,قطاع التحول الرقمي,بانتظار الاعتماد,معلن جزئيًا
INIT-00595,2020-11-26,مذكرة داخلية لمتابعة مؤشرات برنامج الحوسبة السيادية,مذكرة داخلية دورية لمتابعة مؤشرات التنفيذ بين الإدارات. المرجع INI-2020-4584 · الجهة المعنية: قطاع الحلول الحكومية.,قطاع الحلول الحكومية,قيد الدراسة,غير معلن
INIT-00596,2025-06-17,برنامج تشغيل منشأة حيوية وطنية في تبوك,نطاق تشغيل منشأة حيوية وطنية وحدود المسؤولية التشغيلية. المرجع INI-2025-7768 · الجهة المعنية: قطاع العمليات.,قطاع العمليات,معتمدة داخليًا,غير معلن
INIT-00597,2023-01-15,تحقيق جدوى موسّع لبرنامج تحديث البنية التقنية,تحقيق جدوى يتضمن أرقامًا مالية غير معلنة وسيناريوهات المخاطر. المرجع INI-2023-3761 · الجهة المعنية: قطاع العمليات.,قطاع العمليات,مسودة أولية,غير معلن
INIT-00598,2021-04-25,خطة دخول سوق المدينة المنورة - نسخة غير معلنة,خطة استراتيجية لدخول السوق وتقديرات الحصة المستهدفة. المرجع INI-2021-5103 · الجهة المعنية: قطاع التحول الرقمي.,قطاع التحول الرقمي,مرفوعة للجنة,معلن جزئيًا
INIT-00599,2022-11-23,نموذج تسعير برنامج التوسع الإقليمي للمنافسات الحكومية,هوامش وحدود تسعير استراتيجية غير قابلة للإفصاح للمنافسين. المرجع INI-2022-9001 · الجهة المعنية: قطاع العمليات.,قطاع العمليات,مسودة أولية,معلن جزئيًا
INIT-00600,2019-12-02,مبادرة داخلية رقم SI-2019-494 - غير معلنة,مبادرة قيد الدراسة يترتب على كشفها المبكر أثر تنافسي مباشر. المرجع INI-2019-1032 · الجهة المعنية: قطاع الحلول الحكومية.,قطاع الحلول الحكومية,مرفوعة للجنة,غير معلن
INIT-00601,2021-03-14,مبادرة الحوسبة السيادية وحماية سيادة البيانات,تصميم بيئة تضمن سيادة البيانات الوطنية وحدود الاستضافة المسموحة. المرجع INI-2021-3433 · الجهة المعنية: قطاع التحول الرقمي.,قطاع التحول الرقمي,قيد التنفيذ المبدئي,غير معلن
INIT-00602,2019-07-29,الميزانية الاستراتيجية لبرنامج تحديث البنية التقنية 2019-2021,تفاصيل الميزانية الاستراتيجية وتوزيعها على المراحل قبل الاعتماد. المرجع INI-2019-2247 · الجهة المعنية: قطاع الشراكات.,قطاع الشراكات,قيد التنفيذ المبدئي,غير معلن
INIT-00603,2026-06-10,خطة دخول سوق بريدة - نسخة غير معلنة,خطة استراتيجية لدخول السوق وتقديرات الحصة المستهدفة. المرجع INI-2026-1019 · الجهة المعنية: قطاع الحلول الحكومية.,قطاع الحلول الحكومية,قيد الدراسة,معلن جزئيًا
INIT-00604,2020-02-15,مسار تفاوض دبلوماسي لتوطين برنامج الذكاء الاصطناعي المؤسسي,مسار ذو طابع دبلوماسي لتوطين التقنية مع أطراف خارجية. المرجع INI-2020-6331 · الجهة المعنية: قطاع التقنية والمشاريع.,قطاع التقنية والمشاريع,مرفوعة للجنة,غير معلن
INIT-00605,2025-10-03,مبادرة داخلية رقم SI-2025-716 - غير معلنة,مبادرة قيد الدراسة يترتب على كشفها المبكر أثر تنافسي مباشر. المرجع INI-2025-9590 · الجهة المعنية: قطاع البنية التحتية.,قطاع البنية التحتية,معتمدة داخليًا,معلن جزئيًا
INIT-00606,2024-09-03,مبادرة داخلية رقم SI-2024-691 - غير معلنة,مبادرة قيد الدراسة يترتب على كشفها المبكر أثر تنافسي مباشر. المرجع INI-2024-9479 · الجهة المعنية: قطاع الحلول الحكومية.,قطاع الحلول الحكومية,بانتظار الاعتماد,معلن جزئيًا
INIT-00607,2022-07-12,مشروع منظومة اتصالات لجهة عسكري الطابع,متطلبات منظومة اتصالات لجهة عسكري الطابع وقيود التسليم. المرجع INI-2022-3321 · الجهة المعنية: قطاع الحلول الحكومية.,قطاع الحلول الحكومية,بانتظار الاعتماد,غير معلن
INIT-00608,2020-04-19,خطة التخارج الاستراتيجية من عقد تشغيل كبير,خيارات التخارج الاستراتيجية وأثرها المالي على الإيرادات. المرجع INI-2020-8990 · الجهة المعنية: قطاع البنية التحتية.,قطاع البنية التحتية,معتمدة داخليًا,معلن جزئيًا
INIT-00609,2021-05-22,مبادرة مواقع تخزين احتياطية للبيانات الحساسة,تحديد مواقع تخزين احتياطية وسعاتها ومستويات حمايتها. المرجع INI-2021-5836 · الجهة المعنية: قطاع الحلول الحكومية.,قطاع الحلول الحكومية,مرفوعة للجنة,معلن جزئيًا
INIT-00610,2025-03-12,عرض أسعار استشاري لمرحلة تصميم برنامج الحوسبة السيادية,عرض أسعار مقدم من بيت خبرة ضمن نطاق محدود. المرجع INI-2025-6902 · الجهة المعنية: قطاع الشراكات.,قطاع الشراكات,مسودة أولية,معلن جزئيًا
INIT-00611,2019-07-17,الميزانية الاستراتيجية لبرنامج تكامل الأنظمة الحكومية 2019-2022,تفاصيل الميزانية الاستراتيجية وتوزيعها على المراحل قبل الاعتماد. المرجع INI-2019-9240 · الجهة المعنية: قطاع الشراكات.,قطاع الشراكات,بانتظار الاعتماد,غير معلن
INIT-00612,2025-06-05,إعادة هيكلة قطاع الخدمات الرقمية - قبل الاعتماد,تصور إعادة الهيكلة وأثرها الوظيفي قبل الاعتماد من المجلس. المرجع INI-2025-1376 · الجهة المعنية: قطاع التقنية والمشاريع.,قطاع التقنية والمشاريع,قيد التنفيذ المبدئي,غير معلن
INIT-00613,2020-03-16,عرض أسعار استشاري لمرحلة تصميم برنامج الاستحواذ التقني,عرض أسعار مقدم من بيت خبرة ضمن نطاق محدود. المرجع INI-2020-1901 · الجهة المعنية: قطاع العمليات.,قطاع العمليات,قيد الدراسة,غير معلن
INIT-00614,2021-03-01,خطة الاستحواذ الاستراتيجية على مزوّد تقني إقليمي,خطة استراتيجية للاستحواذ مع تقييم مبدئي وهيكل تمويل مقترح. المرجع INI-2021-7068 · الجهة المعنية: قطاع الحلول الحكومية.,قطاع الحلول الحكومية,معتمدة داخليًا,معلن جزئيًا
INIT-00615,2020-12-31,مبادرة الحوسبة السيادية وحماية سيادة البيانات,تصميم بيئة تضمن سيادة البيانات الوطنية وحدود الاستضافة المسموحة. المرجع INI-2020-8872 · الجهة المعنية: قطاع الحلول الحكومية.,قطاع الحلول الحكومية,قيد الدراسة,غير معلن
INIT-00616,2025-12-07,خطة التخارج الاستراتيجية من عقد تشغيل كبير,خيارات التخارج الاستراتيجية وأثرها المالي على الإيرادات. المرجع INI-2025-8891 · الجهة المعنية: قطاع الشراكات.,قطاع الشراكات,قيد الدراسة,معلن جزئيًا
INIT-00617,2023-09-18,معاهدة تعاون تقني قيد التفاوض مع منظمة إقليمية,نص معاهدة تعاون تقني قيد التفاوض وبنود نقل المعرفة. المرجع INI-2023-6144 · الجهة المعنية: قطاع التقنية والمشاريع.,قطاع التقنية والمشاريع,قيد الدراسة,غير معلن
INIT-00618,2023-02-25,خطة التخارج الاستراتيجية من عقد تشغيل كبير,خيارات التخارج الاستراتيجية وأثرها المالي على الإيرادات. المرجع INI-2023-3142 · الجهة المعنية: قطاع التقنية والمشاريع.,قطاع التقنية والمشاريع,مسودة أولية,معلن جزئيًا
INIT-00619,2021-02-23,خطة الاستحواذ الاستراتيجية على مزوّد تقني إقليمي,خطة استراتيجية للاستحواذ مع تقييم مبدئي وهيكل تمويل مقترح. المرجع INI-2021-5516 · الجهة المعنية: قطاع الأعمال المؤسسية.,قطاع الأعمال المؤسسية,معتمدة داخليًا,معلن جزئيًا
INIT-00620,2025-02-10,مسار تفاوض دبلوماسي لتوطين برنامج المرونة التشغيلية,مسار ذو طابع دبلوماسي لتوطين التقنية مع أطراف خارجية. المرجع INI-2025-6958 · الجهة المعنية: قطاع الحلول الحكومية.,قطاع الحلول الحكومية,مرفوعة للجنة,غير معلن
INIT-00621,2021-08-26,الميزانية الاستراتيجية لبرنامج تكامل الأنظمة الحكومية 2021-2024,تفاصيل الميزانية الاستراتيجية وتوزيعها على المراحل قبل الاعتماد. المرجع INI-2021-1841 · الجهة المعنية: قطاع الحلول الحكومية.,قطاع الحلول الحكومية,قيد التنفيذ المبدئي,معلن جزئيًا
INIT-00622,2020-03-27,مبادرة تحليل استخبارات التهديد الوطنية,بناء قدرة استخبارات تهديد مشتركة بين الجهات الوطنية. المرجع INI-2020-1117 · الجهة المعنية: قطاع الشراكات.,قطاع الشراكات,مرفوعة للجنة,غير معلن
INIT-00623,2024-05-02,مبادرة إدارة مفاتيح التشفير على مستوى الجهات الوطنية,تصميم مركزي لإدارة مفاتيح التشفير عبر الأنظمة الوطنية. المرجع INI-2024-8580 · الجهة المعنية: قطاع التقنية والمشاريع.,قطاع التقنية والمشاريع,بانتظار الاعتماد,غير معلن
INIT-00624,2025-02-24,خطة توزيع الكوادر على برنامج تكامل الأنظمة الحكومية,توزيع كوادر مع بيانات شخصية ومسميات وظيفية تفصيلية. المرجع INI-2025-7050 · الجهة المعنية: قطاع الأعمال المؤسسية.,قطاع الأعمال المؤسسية,مرفوعة للجنة,معلن جزئيًا
INIT-00625,2021-04-18,المشروع الوطني المرجعي رقم NP-367 - تداول اللجنة العليا,مشروع لا تُتداول تفاصيله خارج اللجنة العليا لارتباطه بمواقع وطنية. المرجع INI-2021-3788 · الجهة المعنية: قطاع الشراكات.,قطاع الشراكات,قيد التنفيذ المبدئي,غير معلن
INIT-00626,2020-05-23,مذكرة تفاهم مع دولة شريكة لتنفيذ برنامج الذكاء الاصطناعي المؤسسي,مسودة مذكرة تفاهم لم تُوقّع بعد وتتضمن التزامات مالية. المرجع INI-2020-2595 · الجهة المعنية: قطاع التقنية والمشاريع.,قطاع التقنية والمشاريع,قيد الدراسة,غير معلن
INIT-00627,2019-05-16,الميزانية الاستراتيجية لبرنامج الذكاء الاصطناعي المؤسسي 2019-2022,تفاصيل الميزانية الاستراتيجية وتوزيعها على المراحل قبل الاعتماد. المرجع INI-2019-1269 · الجهة المعنية: قطاع التقنية والمشاريع.,قطاع التقنية والمشاريع,بانتظار الاعتماد,غير معلن
INIT-00628,2020-02-14,معاهدة تعاون تقني قيد التفاوض مع جهة سيادية شريكة,نص معاهدة تعاون تقني قيد التفاوض وبنود نقل المعرفة. المرجع INI-2020-1631 · الجهة المعنية: قطاع التحول الرقمي.,قطاع التحول الرقمي,قيد التنفيذ المبدئي,معلن جزئيًا
INIT-00629,2020-06-28,إعادة هيكلة قطاع البنية التحتية - قبل الاعتماد,تصور إعادة الهيكلة وأثرها الوظيفي قبل الاعتماد من المجلس. المرجع INI-2020-9911 · الجهة المعنية: قطاع الأعمال المؤسسية.,قطاع الأعمال المؤسسية,مسودة أولية,غير معلن
INIT-00630,2025-12-14,خطة التخارج الاستراتيجية من عقد تشغيل كبير,خيارات التخارج الاستراتيجية وأثرها المالي على الإيرادات. المرجع INI-2025-1213 · الجهة المعنية: قطاع التحول الرقمي.,قطاع التحول الرقمي,مرفوعة للجنة,غير معلن
INIT-00631,2025-06-17,مبادرة مواقع تخزين احتياطية للبيانات الحساسة,تحديد مواقع تخزين احتياطية وسعاتها ومستويات حمايتها. المرجع INI-2025-8414 · الجهة المعنية: قطاع الشراكات.,قطاع الشراكات,مسودة أولية,غير معلن
INIT-00632,2021-08-12,خطة الاستحواذ الاستراتيجية على مزوّد تقني إقليمي,خطة استراتيجية للاستحواذ مع تقييم مبدئي وهيكل تمويل مقترح. المرجع INI-2021-6129 · الجهة المعنية: قطاع التحول الرقمي.,قطاع التحول الرقمي,معتمدة داخليًا,غير معلن
INIT-00633,2022-08-04,عرض أسعار استشاري لمرحلة تصميم برنامج التوسع الإقليمي,عرض أسعار مقدم من بيت خبرة ضمن نطاق محدود. المرجع INI-2022-7870 · الجهة المعنية: قطاع التحول الرقمي.,قطاع التحول الرقمي,بانتظار الاعتماد,غير معلن
INIT-00634,2023-05-05,عقد مورد لتوريد تجهيزات برنامج التوسع الإقليمي,بنود عقد مورد وجدول التوريد والغرامات التعاقدية. المرجع INI-2023-7751 · الجهة المعنية: قطاع التحول الرقمي.,قطاع التحول الرقمي,مسودة أولية,غير معلن
INIT-00635,2022-02-01,مشروع تأمين مواقع تخزين أسلحة خاضعة للرقابة,تصميم ضوابط تأمين مواقع أسلحة ومواد خاضعة للرقابة. المرجع INI-2022-7875 · الجهة المعنية: قطاع الأعمال المؤسسية.,قطاع الأعمال المؤسسية,قيد الدراسة,غير معلن
INIT-00636,2019-06-13,خطة التخارج الاستراتيجية من عقد تشغيل كبير,خيارات التخارج الاستراتيجية وأثرها المالي على الإيرادات. المرجع INI-2019-5113 · الجهة المعنية: قطاع التقنية والمشاريع.,قطاع التقنية والمشاريع,مسودة أولية,معلن جزئيًا
INIT-00637,2019-09-29,خطة دخول سوق أبها - نسخة غير معلنة,خطة استراتيجية لدخول السوق وتقديرات الحصة المستهدفة. المرجع INI-2019-3481 · الجهة المعنية: قطاع البنية التحتية.,قطاع البنية التحتية,قيد الدراسة,معلن جزئيًا
INIT-00638,2023-10-21,مسار تفاوض دبلوماسي لتوطين برنامج تكامل الأنظمة الحكومية,مسار ذو طابع دبلوماسي لتوطين التقنية مع أطراف خارجية. المرجع INI-2023-4153 · الجهة المعنية: قطاع البنية التحتية.,قطاع البنية التحتية,قيد التنفيذ المبدئي,معلن جزئيًا
INIT-00639,2022-12-04,مشروع منظومة اتصالات لجهة عسكري الطابع,متطلبات منظومة اتصالات لجهة عسكري الطابع وقيود التسليم. المرجع INI-2022-8863 · الجهة المعنية: قطاع التقنية والمشاريع.,قطاع التقنية والمشاريع,معتمدة داخليًا,غير معلن
INIT-00640,2019-03-23,مبادرة الحوسبة السيادية وحماية سيادة البيانات,تصميم بيئة تضمن سيادة البيانات الوطنية وحدود الاستضافة المسموحة. المرجع INI-2019-4660 · الجهة المعنية: قطاع العمليات.,قطاع العمليات,مسودة أولية,غير معلن
INIT-00641,2025-03-20,معاهدة تعاون تقني قيد التفاوض مع شريك تقني عالمي,نص معاهدة تعاون تقني قيد التفاوض وبنود نقل المعرفة. المرجع INI-2025-7177 · الجهة المعنية: قطاع البنية التحتية.,قطاع البنية التحتية,بانتظار الاعتماد,معلن جزئيًا
INIT-00642,2022-05-22,إعلان انطلاق برنامج تحديث البنية التقنية - قطاع الحلول الحكومية 2022,إعلان رسمي عن انطلاق البرنامج وأهدافه المعلنة. المرجع INI-2022-7665 · الجهة المعنية: قطاع البنية التحتية.,قطاع البنية التحتية,قيد التنفيذ المبدئي,معلن
INIT-00643,2022-12-10,مبادرة تحليل استخبارات التهديد الوطنية,بناء قدرة استخبارات تهديد مشتركة بين الجهات الوطنية. المرجع INI-2022-6199 · الجهة المعنية: قطاع البنية التحتية.,قطاع البنية التحتية,مرفوعة للجنة,غير معلن
INIT-00644,2022-06-11,برنامج تشغيل منشأة حيوية وطنية في نجران,نطاق تشغيل منشأة حيوية وطنية وحدود المسؤولية التشغيلية. المرجع INI-2022-2864 · الجهة المعنية: قطاع الحلول الحكومية.,قطاع الحلول الحكومية,مرفوعة للجنة,غير معلن
INIT-00645,2026-06-11,إحصاءات أثر برنامج تحديث البنية التقنية المعلنة - الربع الثالث 2026,إحصاءات معلنة عن أثر البرنامج على مستوى الخدمة. المرجع INI-2026-9151 · الجهة المعنية: قطاع الحلول الحكومية.,قطاع الحلول الحكومية,مسودة أولية,معلن
INIT-00646,2023-01-30,إحصاءات أثر برنامج الحوسبة السيادية المعلنة - الربع الثاني 2023,إحصاءات معلنة عن أثر البرنامج على مستوى الخدمة. المرجع INI-2023-9291 · الجهة المعنية: قطاع الحلول الحكومية.,قطاع الحلول الحكومية,قيد الدراسة,معلن
INIT-00647,2025-03-29,مسار تفاوض دبلوماسي لتوطين برنامج التوسع الإقليمي,مسار ذو طابع دبلوماسي لتوطين التقنية مع أطراف خارجية. المرجع INI-2025-4170 · الجهة المعنية: قطاع الحلول الحكومية.,قطاع الحلول الحكومية,قيد التنفيذ المبدئي,غير معلن
INIT-00648,2026-04-21,خطة التخارج الاستراتيجية من عقد تشغيل كبير,خيارات التخارج الاستراتيجية وأثرها المالي على الإيرادات. المرجع INI-2026-4229 · الجهة المعنية: قطاع الشراكات.,قطاع الشراكات,معتمدة داخليًا,معلن جزئيًا
INIT-00649,2020-10-01,متطلبات ربط شبكي لبرنامج التوسع الإقليمي,مخطط الشبكة المطلوب لربط بيئات المشروع الداخلية. المرجع INI-2020-3748 · الجهة المعنية: قطاع الشراكات.,قطاع الشراكات,مرفوعة للجنة,معلن جزئيًا
INIT-00650,2020-07-12,متطلبات ربط شبكي لبرنامج المرونة التشغيلية,مخطط الشبكة المطلوب لربط بيئات المشروع الداخلية. المرجع INI-2020-7424 · الجهة المعنية: قطاع الشراكات.,قطاع الشراكات,معتمدة داخليًا,غير معلن
INIT-00651,2019-09-02,مبادرة مواقع تخزين احتياطية للبيانات الحساسة,تحديد مواقع تخزين احتياطية وسعاتها ومستويات حمايتها. المرجع INI-2019-1236 · الجهة المعنية: قطاع الحلول الحكومية.,قطاع الحلول الحكومية,مرفوعة للجنة,غير معلن
INIT-00652,2022-02-05,إعادة هيكلة قطاع التحول الرقمي - قبل الاعتماد,تصور إعادة الهيكلة وأثرها الوظيفي قبل الاعتماد من المجلس. المرجع INI-2022-6566 · الجهة المعنية: قطاع التحول الرقمي.,قطاع التحول الرقمي,معتمدة داخليًا,غير معلن
INIT-00653,2021-11-21,معاهدة تعاون تقني قيد التفاوض مع منظمة إقليمية,نص معاهدة تعاون تقني قيد التفاوض وبنود نقل المعرفة. المرجع INI-2021-3284 · الجهة المعنية: قطاع الأعمال المؤسسية.,قطاع الأعمال المؤسسية,قيد الدراسة,غير معلن
INIT-00654,2021-02-28,مسار تفاوض دبلوماسي لتوطين برنامج تحديث البنية التقنية,مسار ذو طابع دبلوماسي لتوطين التقنية مع أطراف خارجية. المرجع INI-2021-1669 · الجهة المعنية: قطاع التحول الرقمي.,قطاع التحول الرقمي,مرفوعة للجنة,معلن جزئيًا
INIT-00655,2019-01-11,مصفوفة الشركاء المحتملين لبرنامج تحديث البنية التقنية,تقييم شركاء محتملين وشروط التفضيل قبل الإفصاح للسوق. المرجع INI-2019-5242 · الجهة المعنية: قطاع التقنية والمشاريع.,قطاع التقنية والمشاريع,مرفوعة للجنة,معلن جزئيًا
INIT-00656,2023-11-28,مشروع تأمين مواقع تخزين أسلحة خاضعة للرقابة,تصميم ضوابط تأمين مواقع أسلحة ومواد خاضعة للرقابة. المرجع INI-2023-8722 · الجهة المعنية: قطاع الحلول الحكومية.,قطاع الحلول الحكومية,بانتظار الاعتماد,غير معلن
INIT-00657,2019-03-12,مصفوفة الشركاء المحتملين لبرنامج أمن سلاسل الإمداد,تقييم شركاء محتملين وشروط التفضيل قبل الإفصاح للسوق. المرجع INI-2019-4910 · الجهة المعنية: قطاع التقنية والمشاريع.,قطاع التقنية والمشاريع,قيد الدراسة,غير معلن
INIT-00658,2021-07-20,إعلان انطلاق برنامج الحوسبة السيادية - قطاع البنية التحتية 2021,إعلان رسمي عن انطلاق البرنامج وأهدافه المعلنة. المرجع INI-2021-5647 · الجهة المعنية: قطاع التقنية والمشاريع.,قطاع التقنية والمشاريع,بانتظار الاعتماد,معلن
INIT-00659,2021-11-13,مبادرة تحليل استخبارات التهديد الوطنية,بناء قدرة استخبارات تهديد مشتركة بين الجهات الوطنية. المرجع INI-2021-5017 · الجهة المعنية: قطاع التحول الرقمي.,قطاع التحول الرقمي,قيد الدراسة,غير معلن
INIT-00660,2023-09-22,خطة الاستحواذ الاستراتيجية على مزوّد تقني إقليمي,خطة استراتيجية للاستحواذ مع تقييم مبدئي وهيكل تمويل مقترح. المرجع INI-2023-7567 · الجهة المعنية: قطاع التحول الرقمي.,قطاع التحول الرقمي,مسودة أولية,معلن جزئيًا
INIT-00661,2020-09-11,إعادة هيكلة قطاع الحلول الحكومية - قبل الاعتماد,تصور إعادة الهيكلة وأثرها الوظيفي قبل الاعتماد من المجلس. المرجع INI-2020-6284 · الجهة المعنية: قطاع البنية التحتية.,قطاع البنية التحتية,مرفوعة للجنة,غير معلن
INIT-00662,2021-12-30,مذكرة تفاهم مع منظمة إقليمية لتنفيذ برنامج الحوسبة السيادية,مسودة مذكرة تفاهم لم تُوقّع بعد وتتضمن التزامات مالية. المرجع INI-2021-8568 · الجهة المعنية: قطاع التقنية والمشاريع.,قطاع التقنية والمشاريع,مرفوعة للجنة,معلن جزئيًا
INIT-00663,2025-05-11,تحقيق جدوى موسّع لبرنامج التوسع الإقليمي,تحقيق جدوى يتضمن أرقامًا مالية غير معلنة وسيناريوهات المخاطر. المرجع INI-2025-5964 · الجهة المعنية: قطاع التقنية والمشاريع.,قطاع التقنية والمشاريع,قيد التنفيذ المبدئي,غير معلن
INIT-00664,2021-10-06,مصفوفة الشركاء المحتملين لبرنامج المرونة التشغيلية,تقييم شركاء محتملين وشروط التفضيل قبل الإفصاح للسوق. المرجع INI-2021-3312 · الجهة المعنية: قطاع الأعمال المؤسسية.,قطاع الأعمال المؤسسية,قيد الدراسة,غير معلن
INIT-00665,2025-11-16,إعلان انطلاق برنامج أمن سلاسل الإمداد - قطاع الخدمات الرقمية 2025,إعلان رسمي عن انطلاق البرنامج وأهدافه المعلنة. المرجع INI-2025-7039 · الجهة المعنية: قطاع البنية التحتية.,قطاع البنية التحتية,مرفوعة للجنة,معلن
INIT-00666,2026-02-28,مسار تفاوض دبلوماسي لتوطين برنامج المدن الذكية,مسار ذو طابع دبلوماسي لتوطين التقنية مع أطراف خارجية. المرجع INI-2026-7041 · الجهة المعنية: قطاع التحول الرقمي.,قطاع التحول الرقمي,مرفوعة للجنة,معلن جزئيًا
INIT-00667,2023-09-14,برنامج تشغيل منشأة حيوية وطنية في ينبع,نطاق تشغيل منشأة حيوية وطنية وحدود المسؤولية التشغيلية. المرجع INI-2023-2554 · الجهة المعنية: قطاع البنية التحتية.,قطاع البنية التحتية,قيد التنفيذ المبدئي,غير معلن
INIT-00668,2019-12-09,المشروع الوطني المرجعي رقم NP-501 - تداول اللجنة العليا,مشروع لا تُتداول تفاصيله خارج اللجنة العليا لارتباطه بمواقع وطنية. المرجع INI-2019-6883 · الجهة المعنية: قطاع البنية التحتية.,قطاع البنية التحتية,قيد التنفيذ المبدئي,غير معلن
INIT-00669,2021-03-08,مبادرة مواقع تخزين احتياطية للبيانات الحساسة,تحديد مواقع تخزين احتياطية وسعاتها ومستويات حمايتها. المرجع INI-2021-7644 · الجهة المعنية: قطاع البنية التحتية.,قطاع البنية التحتية,قيد الدراسة,غير معلن
INIT-00670,2020-01-21,عرض أسعار استشاري لمرحلة تصميم برنامج التوسع الإقليمي,عرض أسعار مقدم من بيت خبرة ضمن نطاق محدود. المرجع INI-2020-5302 · الجهة المعنية: قطاع التحول الرقمي.,قطاع التحول الرقمي,مرفوعة للجنة,معلن جزئيًا
INIT-00671,2021-09-25,مبادرة داخلية رقم SI-2021-840 - غير معلنة,مبادرة قيد الدراسة يترتب على كشفها المبكر أثر تنافسي مباشر. المرجع INI-2021-4211 · الجهة المعنية: قطاع العمليات.,قطاع العمليات,بانتظار الاعتماد,غير معلن
INIT-00672,2021-08-05,خطة دخول سوق الدمام - نسخة غير معلنة,خطة استراتيجية لدخول السوق وتقديرات الحصة المستهدفة. المرجع INI-2021-8235 · الجهة المعنية: قطاع العمليات.,قطاع العمليات,قيد التنفيذ المبدئي,معلن جزئيًا
INIT-00673,2023-10-23,مبادرة الحوسبة السيادية وحماية سيادة البيانات,تصميم بيئة تضمن سيادة البيانات الوطنية وحدود الاستضافة المسموحة. المرجع INI-2023-5821 · الجهة المعنية: قطاع الشراكات.,قطاع الشراكات,مسودة أولية,غير معلن
INIT-00674,2025-11-24,خطة توزيع الكوادر على برنامج المرونة التشغيلية,توزيع كوادر مع بيانات شخصية ومسميات وظيفية تفصيلية. المرجع INI-2025-1151 · الجهة المعنية: قطاع البنية التحتية.,قطاع البنية التحتية,بانتظار الاعتماد,معلن جزئيًا
INIT-00675,2021-03-18,الميزانية الاستراتيجية لبرنامج الذكاء الاصطناعي المؤسسي 2021-2023,تفاصيل الميزانية الاستراتيجية وتوزيعها على المراحل قبل الاعتماد. المرجع INI-2021-9963 · الجهة المعنية: قطاع العمليات.,قطاع العمليات,بانتظار الاعتماد,غير معلن
INIT-00676,2022-02-01,مسار تفاوض دبلوماسي لتوطين برنامج التحول الرقمي,مسار ذو طابع دبلوماسي لتوطين التقنية مع أطراف خارجية. المرجع INI-2022-1002 · الجهة المعنية: قطاع الأعمال المؤسسية.,قطاع الأعمال المؤسسية,مرفوعة للجنة,غير معلن
INIT-00677,2025-05-18,مبادرة داخلية رقم SI-2025-541 - غير معلنة,مبادرة قيد الدراسة يترتب على كشفها المبكر أثر تنافسي مباشر. المرجع INI-2025-9173 · الجهة المعنية: قطاع الأعمال المؤسسية.,قطاع الأعمال المؤسسية,مرفوعة للجنة,معلن جزئيًا
INIT-00678,2024-01-08,خطة التخارج الاستراتيجية من عقد تشغيل كبير,خيارات التخارج الاستراتيجية وأثرها المالي على الإيرادات. المرجع INI-2024-7032 · الجهة المعنية: قطاع البنية التحتية.,قطاع البنية التحتية,قيد التنفيذ المبدئي,غير معلن
INIT-00679,2022-07-15,مشروع تأمين مواقع تخزين أسلحة خاضعة للرقابة,تصميم ضوابط تأمين مواقع أسلحة ومواد خاضعة للرقابة. المرجع INI-2022-4121 · الجهة المعنية: قطاع الشراكات.,قطاع الشراكات,مرفوعة للجنة,غير معلن
INIT-00680,2025-08-28,خطة دخول سوق الأحساء - نسخة غير معلنة,خطة استراتيجية لدخول السوق وتقديرات الحصة المستهدفة. المرجع INI-2025-7754 · الجهة المعنية: قطاع العمليات.,قطاع العمليات,معتمدة داخليًا,معلن جزئيًا
INIT-00681,2020-10-28,مصفوفة الشركاء المحتملين لبرنامج تحديث البنية التقنية,تقييم شركاء محتملين وشروط التفضيل قبل الإفصاح للسوق. المرجع INI-2020-3027 · الجهة المعنية: قطاع التقنية والمشاريع.,قطاع التقنية والمشاريع,بانتظار الاعتماد,غير معلن
INIT-00682,2022-10-13,خطة توزيع الكوادر على برنامج تحديث البنية التقنية,توزيع كوادر مع بيانات شخصية ومسميات وظيفية تفصيلية. المرجع INI-2022-4165 · الجهة المعنية: قطاع الشراكات.,قطاع الشراكات,مسودة أولية,غير معلن
INIT-00683,2023-03-08,مبادرة داخلية رقم SI-2023-707 - غير معلنة,مبادرة قيد الدراسة يترتب على كشفها المبكر أثر تنافسي مباشر. المرجع INI-2023-7683 · الجهة المعنية: قطاع التحول الرقمي.,قطاع التحول الرقمي,معتمدة داخليًا,غير معلن
INIT-00684,2025-01-28,الميزانية الاستراتيجية لبرنامج المدن الذكية 2025-2027,تفاصيل الميزانية الاستراتيجية وتوزيعها على المراحل قبل الاعتماد. المرجع INI-2025-3354 · الجهة المعنية: قطاع التقنية والمشاريع.,قطاع التقنية والمشاريع,قيد التنفيذ المبدئي,معلن جزئيًا
INIT-00685,2019-01-10,معاهدة تعاون تقني قيد التفاوض مع دولة شريكة,نص معاهدة تعاون تقني قيد التفاوض وبنود نقل المعرفة. المرجع INI-2019-2835 · الجهة المعنية: قطاع العمليات.,قطاع العمليات,بانتظار الاعتماد,غير معلن
INIT-00686,2019-11-25,تحقيق جدوى موسّع لبرنامج الاستحواذ التقني,تحقيق جدوى يتضمن أرقامًا مالية غير معلنة وسيناريوهات المخاطر. المرجع INI-2019-7342 · الجهة المعنية: قطاع التقنية والمشاريع.,قطاع التقنية والمشاريع,مسودة أولية,معلن جزئيًا
INIT-00687,2020-09-16,الميزانية الاستراتيجية لبرنامج التحول الرقمي 2020-2024,تفاصيل الميزانية الاستراتيجية وتوزيعها على المراحل قبل الاعتماد. المرجع INI-2020-7700 · الجهة المعنية: قطاع التقنية والمشاريع.,,بانتظار الاعتماد,غير معلن
INIT-00688,2021-09-19,معاهدة تعاون تقني قيد التفاوض مع صندوق استثماري دولي,نص معاهدة تعاون تقني قيد التفاوض وبنود نقل المعرفة. المرجع INI-2021-6598 · الجهة المعنية: قطاع الحلول الحكومية.,قطاع الحلول الحكومية,معتمدة داخليًا,معلن جزئيًا
INIT-00689,2020-11-27,مبادرة داخلية رقم SI-2020-550 - غير معلنة,مبادرة قيد الدراسة يترتب على كشفها المبكر أثر تنافسي مباشر. المرجع INI-2020-2785 · الجهة المعنية: قطاع البنية التحتية.,قطاع البنية التحتية,مرفوعة للجنة,معلن جزئيًا
INIT-00690,2019-06-16,مبادرة مواقع تخزين احتياطية للبيانات الحساسة,تحديد مواقع تخزين احتياطية وسعاتها ومستويات حمايتها. المرجع INI-2019-3409 · الجهة المعنية: قطاع الشراكات.,قطاع الشراكات,قيد التنفيذ المبدئي,غير معلن
INIT-00691,2023-05-04,معاهدة تعاون تقني قيد التفاوض مع صندوق استثماري دولي,نص معاهدة تعاون تقني قيد التفاوض وبنود نقل المعرفة. المرجع INI-2023-8038 · الجهة المعنية: قطاع العمليات.,قطاع العمليات,قيد الدراسة,معلن جزئيًا
INIT-00692,2025-02-13,خطة التخارج الاستراتيجية من عقد تشغيل كبير,خيارات التخارج الاستراتيجية وأثرها المالي على الإيرادات. المرجع INI-2025-4786 · الجهة المعنية: قطاع البنية التحتية.,قطاع البنية التحتية,معتمدة داخليًا,غير معلن
INIT-00693,2022-04-02,نموذج تسعير برنامج التحول الرقمي للمنافسات الحكومية,هوامش وحدود تسعير استراتيجية غير قابلة للإفصاح للمنافسين. المرجع INI-2022-1540 · الجهة المعنية: قطاع الأعمال المؤسسية.,قطاع الأعمال المؤسسية,قيد التنفيذ المبدئي,غير معلن
INIT-00694,2019-03-13,مصفوفة الشركاء المحتملين لبرنامج تحديث البنية التقنية,تقييم شركاء محتملين وشروط التفضيل قبل الإفصاح للسوق. المرجع INI-2019-4736 · الجهة المعنية: قطاع الشراكات.,قطاع الشراكات,معتمدة داخليًا,معلن جزئيًا
INIT-00695,2022-06-22,مذكرة تفاهم مع دولة شريكة لتنفيذ برنامج أمن سلاسل الإمداد,مسودة مذكرة تفاهم لم تُوقّع بعد وتتضمن التزامات مالية. المرجع INI-2022-9766 · الجهة المعنية: قطاع الأعمال المؤسسية.,قطاع الأعمال المؤسسية,بانتظار الاعتماد,غير معلن
INIT-00696,2025-11-29,مسار تفاوض دبلوماسي لتوطين برنامج الاستحواذ التقني,مسار ذو طابع دبلوماسي لتوطين التقنية مع أطراف خارجية. المرجع INI-2025-5390 · الجهة المعنية: قطاع العمليات.,قطاع العمليات,مسودة أولية,غير معلن
INIT-00697,2023-07-08,مسار تفاوض دبلوماسي لتوطين برنامج التحول الرقمي,مسار ذو طابع دبلوماسي لتوطين التقنية مع أطراف خارجية. المرجع INI-2023-4293 · الجهة المعنية: قطاع الحلول الحكومية.,قطاع الحلول الحكومية,مسودة أولية,معلن جزئيًا
INIT-00698,2021-02-05,مسار تفاوض دبلوماسي لتوطين برنامج الحوسبة السيادية,مسار ذو طابع دبلوماسي لتوطين التقنية مع أطراف خارجية. المرجع INI-2021-5878 · الجهة المعنية: قطاع التحول الرقمي.,قطاع التحول الرقمي,قيد الدراسة,غير معلن
INIT-00699,2024-01-14,مبادرة مواقع تخزين احتياطية للبيانات الحساسة,تحديد مواقع تخزين احتياطية وسعاتها ومستويات حمايتها. المرجع INI-2024-5555 · الجهة المعنية: قطاع الأعمال المؤسسية.,قطاع الأعمال المؤسسية,معتمدة داخليًا,معلن جزئيًا
INIT-00700,2025-07-09,مبادرة مواقع تخزين احتياطية للبيانات الحساسة,تحديد مواقع تخزين احتياطية وسعاتها ومستويات حمايتها. المرجع INI-2025-8511 · الجهة المعنية: قطاع العمليات.,قطاع العمليات,قيد التنفيذ المبدئي,غير معلن
INIT-00701,2025-06-18,الميزانية الاستراتيجية لبرنامج الحوسبة السيادية 2025-2029,تفاصيل الميزانية الاستراتيجية وتوزيعها على المراحل قبل الاعتماد. المرجع INI-2025-4976 · الجهة المعنية: قطاع التحول الرقمي.,قطاع التحول الرقمي,بانتظار الاعتماد,معلن جزئيًا
INIT-00702,2019-01-25,الميزانية الاستراتيجية لبرنامج الذكاء الاصطناعي المؤسسي 2019-2023,تفاصيل الميزانية الاستراتيجية وتوزيعها على المراحل قبل الاعتماد. المرجع INI-2019-8301 · الجهة المعنية: قطاع العمليات.,قطاع العمليات,مسودة أولية,غير معلن
INIT-00703,2022-07-22,خطة دخول سوق الخبر - نسخة غير معلنة,خطة استراتيجية لدخول السوق وتقديرات الحصة المستهدفة. المرجع INI-2022-5894 · الجهة المعنية: قطاع الحلول الحكومية.,قطاع الحلول الحكومية,معتمدة داخليًا,غير معلن
INIT-00704,2024-02-26,خطة الاستحواذ الاستراتيجية على مزوّد تقني إقليمي,خطة استراتيجية للاستحواذ مع تقييم مبدئي وهيكل تمويل مقترح. المرجع INI-2024-2386 · الجهة المعنية: قطاع البنية التحتية.,قطاع البنية التحتية,قيد التنفيذ المبدئي,غير معلن
INIT-00705,2025-04-12,خطة الاستحواذ الاستراتيجية على مزوّد تقني إقليمي,خطة استراتيجية للاستحواذ مع تقييم مبدئي وهيكل تمويل مقترح. المرجع INI-2025-1896 · الجهة المعنية: قطاع الشراكات.,قطاع الشراكات,بانتظار الاعتماد,معلن جزئيًا
INIT-00706,2022-05-28,خطة الاستحواذ الاستراتيجية على مزوّد تقني إقليمي,خطة استراتيجية للاستحواذ مع تقييم مبدئي وهيكل تمويل مقترح. المرجع INI-2022-4755 · الجهة المعنية: قطاع العمليات.,قطاع العمليات,مرفوعة للجنة,معلن جزئيًا
INIT-00707,2021-07-20,بيان صحفي عن شراكة معلنة في عرعر - 2021,بيان صحفي منشور عن شراكة تم الإعلان عنها رسميًا. المرجع INI-2021-3239 · الجهة المعنية: قطاع التقنية والمشاريع.,قطاع التقنية والمشاريع,قيد الدراسة,معلن
INIT-00708,2023-04-26,مبادرة مواقع تخزين احتياطية للبيانات الحساسة,تحديد مواقع تخزين احتياطية وسعاتها ومستويات حمايتها. المرجع INI-2023-2802 · الجهة المعنية: قطاع الشراكات.,قطاع الشراكات,بانتظار الاعتماد,معلن جزئيًا
INIT-00709,2021-06-23,خطة توزيع الكوادر على برنامج التحول الرقمي,توزيع كوادر مع بيانات شخصية ومسميات وظيفية تفصيلية. المرجع INI-2021-3483 · الجهة المعنية: قطاع الأعمال المؤسسية.,قطاع الأعمال المؤسسية,بانتظار الاعتماد,معلن جزئيًا
INIT-00710,2023-01-03,مبادرة داخلية رقم SI-2023-995 - غير معلنة,مبادرة قيد الدراسة يترتب على كشفها المبكر أثر تنافسي مباشر. المرجع INI-2023-5869 · الجهة المعنية: قطاع العمليات.,قطاع العمليات,معتمدة داخليًا,غير معلن
INIT-00711,2024-02-23,مصفوفة الشركاء المحتملين لبرنامج أمن سلاسل الإمداد,تقييم شركاء محتملين وشروط التفضيل قبل الإفصاح للسوق. المرجع INI-2024-7344 · الجهة المعنية: قطاع البنية التحتية.,قطاع البنية التحتية,معتمدة داخليًا,غير معلن
INIT-00712,2019-01-03,خطة الاستحواذ الاستراتيجية على مزوّد تقني إقليمي,خطة استراتيجية للاستحواذ مع تقييم مبدئي وهيكل تمويل مقترح. المرجع INI-2019-5693 · الجهة المعنية: قطاع العمليات.,قطاع العمليات,بانتظار الاعتماد,معلن جزئيًا
INIT-00713,2023-03-22,إعادة هيكلة قطاع الخدمات الرقمية - قبل الاعتماد,تصور إعادة الهيكلة وأثرها الوظيفي قبل الاعتماد من المجلس. المرجع INI-2023-8042 · الجهة المعنية: قطاع الحلول الحكومية.,قطاع الحلول الحكومية,معتمدة داخليًا,معلن جزئيًا
INIT-00714,2019-11-22,مذكرة تفاهم مع تحالف صناعي دولي لتنفيذ برنامج الحوسبة السيادية,مسودة مذكرة تفاهم لم تُوقّع بعد وتتضمن التزامات مالية. المرجع INI-2019-1507 · الجهة المعنية: قطاع التقنية والمشاريع.,قطاع التقنية والمشاريع,مسودة أولية,غير معلن
INIT-00715,2022-09-04,نموذج تسعير برنامج التحول الرقمي للمنافسات الحكومية,هوامش وحدود تسعير استراتيجية غير قابلة للإفصاح للمنافسين. المرجع INI-2022-1089 · الجهة المعنية: قطاع الحلول الحكومية.,قطاع الحلول الحكومية,قيد التنفيذ المبدئي,معلن جزئيًا
INIT-00716,2020-09-01,مصفوفة الشركاء المحتملين لبرنامج التحول الرقمي,تقييم شركاء محتملين وشروط التفضيل قبل الإفصاح للسوق. المرجع INI-2020-5651 · الجهة المعنية: قطاع البنية التحتية.,قطاع البنية التحتية,قيد الدراسة,معلن جزئيًا
INIT-00717,2019-01-29,إعادة هيكلة قطاع البنية التحتية - قبل الاعتماد,تصور إعادة الهيكلة وأثرها الوظيفي قبل الاعتماد من المجلس. المرجع INI-2019-3229 · الجهة المعنية: قطاع العمليات.,قطاع العمليات,قيد التنفيذ المبدئي,غير معلن
INIT-00718,2023-01-09,إعادة هيكلة قطاع التحول الرقمي - قبل الاعتماد,تصور إعادة الهيكلة وأثرها الوظيفي قبل الاعتماد من المجلس. المرجع INI-2023-7449 · الجهة المعنية: قطاع الشراكات.,,بانتظار الاعتماد,معلن جزئيًا
INIT-00719,2025-10-30,مصفوفة الشركاء المحتملين لبرنامج المرونة التشغيلية,تقييم شركاء محتملين وشروط التفضيل قبل الإفصاح للسوق. المرجع INI-2025-5743 · الجهة المعنية: قطاع الأعمال المؤسسية.,قطاع الأعمال المؤسسية,قيد التنفيذ المبدئي,غير معلن
INIT-00720,2019-07-13,مبادرة مواقع تخزين احتياطية للبيانات الحساسة,تحديد مواقع تخزين احتياطية وسعاتها ومستويات حمايتها. المرجع INI-2019-9331 · الجهة المعنية: قطاع التحول الرقمي.,قطاع التحول الرقمي,معتمدة داخليًا,غير معلن
INIT-00721,2023-12-14,متطلبات ربط شبكي لبرنامج التوسع الإقليمي,مخطط الشبكة المطلوب لربط بيئات المشروع الداخلية. المرجع INI-2023-1963 · الجهة المعنية: قطاع العمليات.,قطاع العمليات,مرفوعة للجنة,غير معلن
INIT-00722,2020-08-01,خطة التخارج الاستراتيجية من عقد تشغيل كبير,خيارات التخارج الاستراتيجية وأثرها المالي على الإيرادات. المرجع INI-2020-1838 · الجهة المعنية: قطاع الشراكات.,قطاع الشراكات,بانتظار الاعتماد,غير معلن
INIT-00723,2023-09-07,مبادرة مواقع تخزين احتياطية للبيانات الحساسة,تحديد مواقع تخزين احتياطية وسعاتها ومستويات حمايتها. المرجع INI-2023-6958 · الجهة المعنية: قطاع العمليات.,قطاع العمليات,بانتظار الاعتماد,معلن جزئيًا
INIT-00724,2020-10-18,نموذج تسعير برنامج تحديث البنية التقنية للمنافسات الحكومية,هوامش وحدود تسعير استراتيجية غير قابلة للإفصاح للمنافسين. المرجع INI-2020-5413 · الجهة المعنية: قطاع التقنية والمشاريع.,قطاع التقنية والمشاريع,قيد الدراسة,غير معلن
INIT-00725,2023-12-03,مبادرة الحوسبة السيادية وحماية سيادة البيانات,تصميم بيئة تضمن سيادة البيانات الوطنية وحدود الاستضافة المسموحة. المرجع INI-2023-7682 · الجهة المعنية: قطاع الشراكات.,قطاع الشراكات,معتمدة داخليًا,غير معلن
INIT-00726,2021-07-24,خطة التخارج الاستراتيجية من عقد تشغيل كبير,خيارات التخارج الاستراتيجية وأثرها المالي على الإيرادات. المرجع INI-2021-4248 · الجهة المعنية: قطاع التحول الرقمي.,قطاع التحول الرقمي,بانتظار الاعتماد,معلن جزئيًا
INIT-00727,2020-09-17,المشروع الوطني المرجعي رقم NP-864 - تداول اللجنة العليا,مشروع لا تُتداول تفاصيله خارج اللجنة العليا لارتباطه بمواقع وطنية. المرجع INI-2020-2443 · الجهة المعنية: قطاع الشراكات.,قطاع الشراكات,معتمدة داخليًا,غير معلن
INIT-00728,2026-04-20,تحقيق جدوى موسّع لبرنامج تكامل الأنظمة الحكومية,تحقيق جدوى يتضمن أرقامًا مالية غير معلنة وسيناريوهات المخاطر. المرجع INI-2026-2780 · الجهة المعنية: قطاع البنية التحتية.,قطاع البنية التحتية,مرفوعة للجنة,غير معلن
INIT-00729,2022-11-25,مذكرة داخلية لمتابعة مؤشرات برنامج التحول الرقمي,مذكرة داخلية دورية لمتابعة مؤشرات التنفيذ بين الإدارات. المرجع INI-2022-4597 · الجهة المعنية: قطاع التحول الرقمي.,قطاع التحول الرقمي,مرفوعة للجنة,غير معلن
INIT-00730,2024-03-07,معاهدة تعاون تقني قيد التفاوض مع صندوق استثماري دولي,نص معاهدة تعاون تقني قيد التفاوض وبنود نقل المعرفة. المرجع INI-2024-2862 · الجهة المعنية: قطاع التحول الرقمي.,قطاع التحول الرقمي,مرفوعة للجنة,معلن جزئيًا
INIT-00731,2021-07-29,إعادة هيكلة قطاع التحول الرقمي - قبل الاعتماد,تصور إعادة الهيكلة وأثرها الوظيفي قبل الاعتماد من المجلس. المرجع INI-2021-6889 · الجهة المعنية: قطاع البنية التحتية.,قطاع البنية التحتية,مرفوعة للجنة,معلن جزئيًا
INIT-00732,2025-07-31,مصفوفة الشركاء المحتملين لبرنامج الاستحواذ التقني,تقييم شركاء محتملين وشروط التفضيل قبل الإفصاح للسوق. المرجع INI-2025-3309 · الجهة المعنية: قطاع البنية التحتية.,قطاع البنية التحتية,قيد التنفيذ المبدئي,معلن جزئيًا
INIT-00733,2022-10-25,معاهدة تعاون تقني قيد التفاوض مع منظمة إقليمية,نص معاهدة تعاون تقني قيد التفاوض وبنود نقل المعرفة. المرجع INI-2022-8977 · الجهة المعنية: قطاع الشراكات.,قطاع الشراكات,معتمدة داخليًا,معلن جزئيًا
INIT-00734,2020-08-15,مصفوفة الشركاء المحتملين لبرنامج الاستحواذ التقني,تقييم شركاء محتملين وشروط التفضيل قبل الإفصاح للسوق. المرجع INI-2020-9829 · الجهة المعنية: قطاع الحلول الحكومية.,قطاع الحلول الحكومية,معتمدة داخليًا,معلن جزئيًا
INIT-00735,2020-08-11,الميزانية الاستراتيجية لبرنامج الاستحواذ التقني 2020-2023,تفاصيل الميزانية الاستراتيجية وتوزيعها على المراحل قبل الاعتماد. المرجع INI-2020-8537 · الجهة المعنية: قطاع الأعمال المؤسسية.,قطاع الأعمال المؤسسية,بانتظار الاعتماد,معلن جزئيًا
INIT-00736,2025-05-09,معاهدة تعاون تقني قيد التفاوض مع صندوق استثماري دولي,نص معاهدة تعاون تقني قيد التفاوض وبنود نقل المعرفة. المرجع INI-2025-4162 · الجهة المعنية: قطاع التقنية والمشاريع.,قطاع التقنية والمشاريع,مسودة أولية,معلن جزئيًا
INIT-00737,2022-11-06,مبادرة داخلية رقم SI-2022-913 - غير معلنة,مبادرة قيد الدراسة يترتب على كشفها المبكر أثر تنافسي مباشر. المرجع INI-2022-3410 · الجهة المعنية: قطاع الحلول الحكومية.,قطاع الحلول الحكومية,قيد التنفيذ المبدئي,غير معلن
INIT-00738,2023-12-16,خطة دخول سوق بريدة - نسخة غير معلنة,خطة استراتيجية لدخول السوق وتقديرات الحصة المستهدفة. المرجع INI-2023-5273 · الجهة المعنية: قطاع الشراكات.,قطاع الشراكات,قيد الدراسة,معلن جزئيًا
INIT-00739,2022-02-05,برنامج تشغيل منشأة حيوية وطنية في الطائف,نطاق تشغيل منشأة حيوية وطنية وحدود المسؤولية التشغيلية. المرجع INI-2022-4695 · الجهة المعنية: قطاع التقنية والمشاريع.,قطاع التقنية والمشاريع,مسودة أولية,غير معلن
INIT-00740,2025-12-17,خطة دخول سوق حائل - نسخة غير معلنة,خطة استراتيجية لدخول السوق وتقديرات الحصة المستهدفة. المرجع INI-2025-4262 · الجهة المعنية: قطاع الحلول الحكومية.,قطاع الحلول الحكومية,بانتظار الاعتماد,غير معلن
INIT-00741,2023-06-06,مصفوفة الشركاء المحتملين لبرنامج تكامل الأنظمة الحكومية,تقييم شركاء محتملين وشروط التفضيل قبل الإفصاح للسوق. المرجع INI-2023-8967 · الجهة المعنية: قطاع الحلول الحكومية.,قطاع الحلول الحكومية,مرفوعة للجنة,معلن جزئيًا
INIT-00742,2026-01-16,مبادرة داخلية رقم SI-2026-657 - غير معلنة,مبادرة قيد الدراسة يترتب على كشفها المبكر أثر تنافسي مباشر. المرجع INI-2026-1425 · الجهة المعنية: قطاع الشراكات.,قطاع الشراكات,مسودة أولية,معلن جزئيًا
INIT-00743,2025-07-14,مبادرة مواقع تخزين احتياطية للبيانات الحساسة,تحديد مواقع تخزين احتياطية وسعاتها ومستويات حمايتها. المرجع INI-2025-2573 · الجهة المعنية: قطاع التحول الرقمي.,قطاع التحول الرقمي,قيد الدراسة,معلن جزئيًا
INIT-00744,2026-03-26,مبادرة داخلية رقم SI-2026-887 - غير معلنة,مبادرة قيد الدراسة يترتب على كشفها المبكر أثر تنافسي مباشر. المرجع INI-2026-7371 · الجهة المعنية: قطاع الشراكات.,قطاع الشراكات,مسودة أولية,معلن جزئيًا
INIT-00745,2022-09-03,خطة دخول سوق أبها - نسخة غير معلنة,خطة استراتيجية لدخول السوق وتقديرات الحصة المستهدفة. المرجع INI-2022-3624 · الجهة المعنية: قطاع العمليات.,قطاع العمليات,قيد الدراسة,معلن جزئيًا
INIT-00746,2024-02-13,إعادة هيكلة قطاع الأعمال المؤسسية - قبل الاعتماد,تصور إعادة الهيكلة وأثرها الوظيفي قبل الاعتماد من المجلس. المرجع INI-2024-7275 · الجهة المعنية: قطاع العمليات.,قطاع العمليات,مسودة أولية,معلن جزئيًا
INIT-00747,2020-05-29,عقد مورد لتوريد تجهيزات برنامج الاستحواذ التقني,بنود عقد مورد وجدول التوريد والغرامات التعاقدية. المرجع INI-2020-3955 · الجهة المعنية: قطاع التقنية والمشاريع.,قطاع التقنية والمشاريع,قيد الدراسة,غير معلن
INIT-00748,2023-03-29,معاهدة تعاون تقني قيد التفاوض مع منظمة إقليمية,نص معاهدة تعاون تقني قيد التفاوض وبنود نقل المعرفة. المرجع INI-2023-1555 · الجهة المعنية: قطاع التقنية والمشاريع.,قطاع التقنية والمشاريع,قيد التنفيذ المبدئي,غير معلن
INIT-00749,2022-04-26,مشروع منظومة اتصالات لجهة عسكري الطابع,متطلبات منظومة اتصالات لجهة عسكري الطابع وقيود التسليم. المرجع INI-2022-9238 · الجهة المعنية: قطاع الشراكات.,قطاع الشراكات,مسودة أولية,غير معلن
INIT-00750,2020-01-16,خطة توزيع الكوادر على برنامج التوسع الإقليمي,توزيع كوادر مع بيانات شخصية ومسميات وظيفية تفصيلية. المرجع INI-2020-8018 · الجهة المعنية: قطاع التقنية والمشاريع.,قطاع التقنية والمشاريع,قيد الدراسة,معلن جزئيًا
INIT-00751,2021-11-21,مبادرة داخلية رقم SI-2021-838 - غير معلنة,مبادرة قيد الدراسة يترتب على كشفها المبكر أثر تنافسي مباشر. المرجع INI-2021-9172 · الجهة المعنية: قطاع التحول الرقمي.,قطاع التحول الرقمي,مسودة أولية,معلن جزئيًا
INIT-00752,2025-11-03,خطة التخارج الاستراتيجية من عقد تشغيل كبير,خيارات التخارج الاستراتيجية وأثرها المالي على الإيرادات. المرجع INI-2025-6722 · الجهة المعنية: قطاع البنية التحتية.,قطاع البنية التحتية,مرفوعة للجنة,غير معلن
INIT-00753,2019-10-14,معاهدة تعاون تقني قيد التفاوض مع تحالف صناعي دولي,نص معاهدة تعاون تقني قيد التفاوض وبنود نقل المعرفة. المرجع INI-2019-3764 · الجهة المعنية: قطاع الأعمال المؤسسية.,,بانتظار الاعتماد,غير معلن
INIT-00754,2023-10-07,خطة توزيع الكوادر على برنامج الذكاء الاصطناعي المؤسسي,توزيع كوادر مع بيانات شخصية ومسميات وظيفية تفصيلية. المرجع INI-2023-8287 · الجهة المعنية: قطاع العمليات.,قطاع العمليات,قيد التنفيذ المبدئي,غير معلن
INIT-00755,2025-11-16,معاهدة تعاون تقني قيد التفاوض مع شريك تقني عالمي,نص معاهدة تعاون تقني قيد التفاوض وبنود نقل المعرفة. المرجع INI-2025-1642 · الجهة المعنية: قطاع التحول الرقمي.,قطاع التحول الرقمي,معتمدة داخليًا,غير معلن
INIT-00756,2023-10-26,مبادرة داخلية رقم SI-2023-458 - غير معلنة,مبادرة قيد الدراسة يترتب على كشفها المبكر أثر تنافسي مباشر. المرجع INI-2023-5539 · الجهة المعنية: قطاع التحول الرقمي.,قطاع التحول الرقمي,معتمدة داخليًا,غير معلن
INIT-00757,2022-01-11,نموذج تسعير برنامج التوسع الإقليمي للمنافسات الحكومية,هوامش وحدود تسعير استراتيجية غير قابلة للإفصاح للمنافسين. المرجع INI-2022-3859 · الجهة المعنية: قطاع التقنية والمشاريع.,قطاع التقنية والمشاريع,مسودة أولية,غير معلن
INIT-00758,2021-03-15,مبادرة داخلية رقم SI-2021-182 - غير معلنة,مبادرة قيد الدراسة يترتب على كشفها المبكر أثر تنافسي مباشر. المرجع INI-2021-5417 · الجهة المعنية: قطاع التحول الرقمي.,قطاع التحول الرقمي,قيد التنفيذ المبدئي,غير معلن
INIT-00759,2025-03-30,تحقيق جدوى موسّع لبرنامج الذكاء الاصطناعي المؤسسي,تحقيق جدوى يتضمن أرقامًا مالية غير معلنة وسيناريوهات المخاطر. المرجع INI-2025-6668 · الجهة المعنية: قطاع العمليات.,قطاع العمليات,قيد التنفيذ المبدئي,غير معلن
INIT-00760,2025-01-02,مصفوفة الشركاء المحتملين لبرنامج أمن سلاسل الإمداد,تقييم شركاء محتملين وشروط التفضيل قبل الإفصاح للسوق. المرجع INI-2025-1179 · الجهة المعنية: قطاع البنية التحتية.,قطاع البنية التحتية,بانتظار الاعتماد,غير معلن
INIT-00761,2019-08-07,إعادة هيكلة قطاع العمليات - قبل الاعتماد,تصور إعادة الهيكلة وأثرها الوظيفي قبل الاعتماد من المجلس. المرجع INI-2019-5500 · الجهة المعنية: قطاع التحول الرقمي.,قطاع التحول الرقمي,معتمدة داخليًا,معلن جزئيًا
INIT-00762,2019-04-07,برنامج تشغيل منشأة حيوية وطنية في نجران,نطاق تشغيل منشأة حيوية وطنية وحدود المسؤولية التشغيلية. المرجع INI-2019-4574 · الجهة المعنية: قطاع الحلول الحكومية.,قطاع الحلول الحكومية,مرفوعة للجنة,غير معلن
INIT-00763,2022-03-09,مشروع تحديث أنظمة محطة ضخ رئيسية - مرحلة 3,تحديث أنظمة تحكم منشأة حيوية وجدول الإيقاف المخطط. المرجع INI-2022-2493 · الجهة المعنية: قطاع الحلول الحكومية.,قطاع الحلول الحكومية,مسودة أولية,غير معلن
INIT-00764,2019-10-10,مذكرة داخلية لمتابعة مؤشرات برنامج التوسع الإقليمي,مذكرة داخلية دورية لمتابعة مؤشرات التنفيذ بين الإدارات. المرجع INI-2019-4320 · الجهة المعنية: قطاع الشراكات.,قطاع الشراكات,قيد الدراسة,غير معلن
INIT-00765,2019-03-20,مبادرة مواقع تخزين احتياطية للبيانات الحساسة,تحديد مواقع تخزين احتياطية وسعاتها ومستويات حمايتها. المرجع INI-2019-7522 · الجهة المعنية: قطاع الشراكات.,قطاع الشراكات,معتمدة داخليًا,معلن جزئيًا
INIT-00766,2023-08-29,خطة توزيع الكوادر على برنامج المرونة التشغيلية,توزيع كوادر مع بيانات شخصية ومسميات وظيفية تفصيلية. المرجع INI-2023-8062 · الجهة المعنية: قطاع التحول الرقمي.,قطاع التحول الرقمي,مرفوعة للجنة,غير معلن
INIT-00767,2023-12-02,مبادرة داخلية رقم SI-2023-172 - غير معلنة,مبادرة قيد الدراسة يترتب على كشفها المبكر أثر تنافسي مباشر. المرجع INI-2023-2220 · الجهة المعنية: قطاع البنية التحتية.,قطاع البنية التحتية,مسودة أولية,غير معلن
INIT-00768,2025-03-28,الميزانية الاستراتيجية لبرنامج تحديث البنية التقنية 2025-2029,تفاصيل الميزانية الاستراتيجية وتوزيعها على المراحل قبل الاعتماد. المرجع INI-2025-2691 · الجهة المعنية: قطاع الشراكات.,قطاع الشراكات,مسودة أولية,غير معلن
INIT-00769,2021-10-10,خطة دخول سوق مكة المكرمة - نسخة غير معلنة,خطة استراتيجية لدخول السوق وتقديرات الحصة المستهدفة. المرجع INI-2021-6000 · الجهة المعنية: قطاع الحلول الحكومية.,قطاع الحلول الحكومية,بانتظار الاعتماد,غير معلن
INIT-00770,2019-11-09,إعادة هيكلة قطاع التقنية والمشاريع - قبل الاعتماد,تصور إعادة الهيكلة وأثرها الوظيفي قبل الاعتماد من المجلس. المرجع INI-2019-8132 · الجهة المعنية: قطاع الحلول الحكومية.,قطاع الحلول الحكومية,معتمدة داخليًا,غير معلن
INIT-00771,2024-03-10,مذكرة تفاهم مع جهة سيادية شريكة لتنفيذ برنامج التحول الرقمي,مسودة مذكرة تفاهم لم تُوقّع بعد وتتضمن التزامات مالية. المرجع INI-2024-5608 · الجهة المعنية: قطاع التقنية والمشاريع.,قطاع التقنية والمشاريع,قيد الدراسة,غير معلن
INIT-00772,2024-06-04,مشروع منظومة اتصالات لجهة عسكري الطابع,متطلبات منظومة اتصالات لجهة عسكري الطابع وقيود التسليم. المرجع INI-2024-8287 · الجهة المعنية: قطاع التقنية والمشاريع.,قطاع التقنية والمشاريع,مرفوعة للجنة,غير معلن
INIT-00773,2024-08-14,مذكرة تفاهم مع جهة سيادية شريكة لتنفيذ برنامج المدن الذكية,مسودة مذكرة تفاهم لم تُوقّع بعد وتتضمن التزامات مالية. المرجع INI-2024-5226 · الجهة المعنية: قطاع الأعمال المؤسسية.,قطاع الأعمال المؤسسية,مسودة أولية,معلن جزئيًا
INIT-00774,2026-01-22,مسار تفاوض دبلوماسي لتوطين برنامج الاستحواذ التقني,مسار ذو طابع دبلوماسي لتوطين التقنية مع أطراف خارجية. المرجع INI-2026-5278 · الجهة المعنية: قطاع العمليات.,قطاع العمليات,معتمدة داخليًا,غير معلن
INIT-00775,2023-04-18,إحصاءات أثر برنامج الاستحواذ التقني المعلنة - الربع الثالث 2023,إحصاءات معلنة عن أثر البرنامج على مستوى الخدمة. المرجع INI-2023-4994 · الجهة المعنية: قطاع الحلول الحكومية.,قطاع الحلول الحكومية,معتمدة داخليًا,معلن
INIT-00776,2022-05-02,معاهدة تعاون تقني قيد التفاوض مع شريك تقني عالمي,نص معاهدة تعاون تقني قيد التفاوض وبنود نقل المعرفة. المرجع INI-2022-9140 · الجهة المعنية: قطاع الحلول الحكومية.,قطاع الحلول الحكومية,بانتظار الاعتماد,غير معلن
INIT-00777,2022-12-09,المشروع الوطني المرجعي رقم NP-736 - تداول اللجنة العليا,مشروع لا تُتداول تفاصيله خارج اللجنة العليا لارتباطه بمواقع وطنية. المرجع INI-2022-7211 · الجهة المعنية: قطاع الشراكات.,قطاع الشراكات,مسودة أولية,غير معلن
INIT-00778,2025-04-19,برنامج تشغيل منشأة حيوية وطنية في الخبر,نطاق تشغيل منشأة حيوية وطنية وحدود المسؤولية التشغيلية. المرجع INI-2025-5085 · الجهة المعنية: قطاع التحول الرقمي.,قطاع التحول الرقمي,مرفوعة للجنة,غير معلن
INIT-00779,2026-05-12,مسار تفاوض دبلوماسي لتوطين برنامج الذكاء الاصطناعي المؤسسي,مسار ذو طابع دبلوماسي لتوطين التقنية مع أطراف خارجية. المرجع INI-2026-3489 · الجهة المعنية: قطاع التقنية والمشاريع.,قطاع التقنية والمشاريع,بانتظار الاعتماد,معلن جزئيًا
INIT-00780,2019-08-19,إعادة هيكلة قطاع البنية التحتية - قبل الاعتماد,تصور إعادة الهيكلة وأثرها الوظيفي قبل الاعتماد من المجلس. المرجع INI-2019-2877 · الجهة المعنية: قطاع التقنية والمشاريع.,قطاع التقنية والمشاريع,مسودة أولية,غير معلن
INIT-00781,2021-05-10,نموذج تسعير برنامج تحديث البنية التقنية للمنافسات الحكومية,هوامش وحدود تسعير استراتيجية غير قابلة للإفصاح للمنافسين. المرجع INI-2021-8979 · الجهة المعنية: قطاع الحلول الحكومية.,قطاع الحلول الحكومية,قيد الدراسة,معلن جزئيًا
INIT-00782,2024-04-23,مبادرة داخلية رقم SI-2024-398 - غير معلنة,مبادرة قيد الدراسة يترتب على كشفها المبكر أثر تنافسي مباشر. المرجع INI-2024-5126 · الجهة المعنية: قطاع العمليات.,قطاع العمليات,قيد الدراسة,معلن جزئيًا
INIT-00783,2020-08-24,إعادة هيكلة قطاع التحول الرقمي - قبل الاعتماد,تصور إعادة الهيكلة وأثرها الوظيفي قبل الاعتماد من المجلس. المرجع INI-2020-9767 · الجهة المعنية: قطاع الشراكات.,قطاع الشراكات,بانتظار الاعتماد,معلن جزئيًا
INIT-00784,2021-12-31,نموذج تسعير برنامج التوسع الإقليمي للمنافسات الحكومية,هوامش وحدود تسعير استراتيجية غير قابلة للإفصاح للمنافسين. المرجع INI-2021-1900 · الجهة المعنية: قطاع البنية التحتية.,قطاع البنية التحتية,معتمدة داخليًا,معلن جزئيًا
INIT-00785,2020-03-21,إعادة هيكلة قطاع الحلول الحكومية - قبل الاعتماد,تصور إعادة الهيكلة وأثرها الوظيفي قبل الاعتماد من المجلس. المرجع INI-2020-3727 · الجهة المعنية: قطاع الأعمال المؤسسية.,قطاع الأعمال المؤسسية,بانتظار الاعتماد,غير معلن
INIT-00786,2022-07-17,خطة دخول سوق الطائف - نسخة غير معلنة,خطة استراتيجية لدخول السوق وتقديرات الحصة المستهدفة. المرجع INI-2022-9293 · الجهة المعنية: قطاع التحول الرقمي.,قطاع التحول الرقمي,بانتظار الاعتماد,غير معلن
INIT-00787,2023-09-29,بيان صحفي عن شراكة معلنة في نجران - 2023,بيان صحفي منشور عن شراكة تم الإعلان عنها رسميًا. المرجع INI-2023-8969 · الجهة المعنية: قطاع التقنية والمشاريع.,قطاع التقنية والمشاريع,قيد التنفيذ المبدئي,معلن
INIT-00788,2019-09-26,الميزانية الاستراتيجية لبرنامج التوسع الإقليمي 2019-2022,تفاصيل الميزانية الاستراتيجية وتوزيعها على المراحل قبل الاعتماد. المرجع INI-2019-7568 · الجهة المعنية: قطاع الشراكات.,قطاع الشراكات,قيد الدراسة,معلن جزئيًا
INIT-00789,2022-08-16,مصفوفة الشركاء المحتملين لبرنامج أمن سلاسل الإمداد,تقييم شركاء محتملين وشروط التفضيل قبل الإفصاح للسوق. المرجع INI-2022-1524 · الجهة المعنية: قطاع الشراكات.,,قيد التنفيذ المبدئي,معلن جزئيًا
INIT-00790,2023-06-17,جدول بدلات ورواتب فريق برنامج تكامل الأنظمة الحكومية,جدول رواتب وبدلات أعضاء الفريق خلال مراحل التنفيذ. المرجع INI-2023-3357 · الجهة المعنية: قطاع التقنية والمشاريع.,قطاع التقنية والمشاريع,مسودة أولية,معلن جزئيًا
INIT-00791,2021-07-28,مشروع تحديث أنظمة منشأة تخزين استراتيجي - مرحلة 3,تحديث أنظمة تحكم منشأة حيوية وجدول الإيقاف المخطط. المرجع INI-2021-1815 · الجهة المعنية: قطاع التحول الرقمي.,قطاع التحول الرقمي,بانتظار الاعتماد,غير معلن
INIT-00792,2025-12-01,خطة الاستحواذ الاستراتيجية على مزوّد تقني إقليمي,خطة استراتيجية للاستحواذ مع تقييم مبدئي وهيكل تمويل مقترح. المرجع INI-2025-8076 · الجهة المعنية: قطاع التقنية والمشاريع.,قطاع التقنية والمشاريع,مرفوعة للجنة,غير معلن
INIT-00793,2019-02-19,نموذج تسعير برنامج المدن الذكية للمنافسات الحكومية,هوامش وحدود تسعير استراتيجية غير قابلة للإفصاح للمنافسين. المرجع INI-2019-2667 · الجهة المعنية: قطاع الشراكات.,قطاع الشراكات,بانتظار الاعتماد,غير معلن
INIT-00794,2024-09-28,مسار تفاوض دبلوماسي لتوطين برنامج المدن الذكية,مسار ذو طابع دبلوماسي لتوطين التقنية مع أطراف خارجية. المرجع INI-2024-2053 · الجهة المعنية: قطاع التقنية والمشاريع.,قطاع التقنية والمشاريع,بانتظار الاعتماد,غير معلن
INIT-00795,2026-02-03,مبادرة داخلية رقم SI-2026-529 - غير معلنة,مبادرة قيد الدراسة يترتب على كشفها المبكر أثر تنافسي مباشر. المرجع INI-2026-6965 · الجهة المعنية: قطاع البنية التحتية.,قطاع البنية التحتية,قيد الدراسة,غير معلن
INIT-00796,2022-09-05,مسار تفاوض دبلوماسي لتوطين برنامج أمن سلاسل الإمداد,مسار ذو طابع دبلوماسي لتوطين التقنية مع أطراف خارجية. المرجع INI-2022-6928 · الجهة المعنية: قطاع التحول الرقمي.,قطاع التحول الرقمي,بانتظار الاعتماد,غير معلن
INIT-00797,2022-08-05,متطلبات ربط شبكي لبرنامج أمن سلاسل الإمداد,مخطط الشبكة المطلوب لربط بيئات المشروع الداخلية. المرجع INI-2022-3252 · الجهة المعنية: قطاع التقنية والمشاريع.,قطاع التقنية والمشاريع,معتمدة داخليًا,غير معلن
INIT-00798,2025-03-13,خطة توزيع الكوادر على برنامج الاستحواذ التقني,توزيع كوادر مع بيانات شخصية ومسميات وظيفية تفصيلية. المرجع INI-2025-7404 · الجهة المعنية: قطاع العمليات.,قطاع العمليات,معتمدة داخليًا,معلن جزئيًا
INIT-00799,2022-10-08,خطة التخارج الاستراتيجية من عقد تشغيل كبير,خيارات التخارج الاستراتيجية وأثرها المالي على الإيرادات. المرجع INI-2022-6700 · الجهة المعنية: قطاع التحول الرقمي.,قطاع التحول الرقمي,معتمدة داخليًا,معلن جزئيًا
INIT-00800,2024-06-08,نموذج تسعير برنامج المدن الذكية للمنافسات الحكومية,هوامش وحدود تسعير استراتيجية غير قابلة للإفصاح للمنافسين. المرجع INI-2024-2840 · الجهة المعنية: قطاع العمليات.,قطاع العمليات,معتمدة داخليًا,معلن جزئيًا
INIT-00801,2025-03-29,جدول بدلات ورواتب فريق برنامج تكامل الأنظمة الحكومية,جدول رواتب وبدلات أعضاء الفريق خلال مراحل التنفيذ. المرجع INI-2025-8930 · الجهة المعنية: قطاع الأعمال المؤسسية.,قطاع الأعمال المؤسسية,معتمدة داخليًا,غير معلن
INIT-00802,2023-07-26,برنامج تشغيل منشأة حيوية وطنية في تبوك,نطاق تشغيل منشأة حيوية وطنية وحدود المسؤولية التشغيلية. المرجع INI-2023-4462 · الجهة المعنية: قطاع الحلول الحكومية.,قطاع الحلول الحكومية,مسودة أولية,غير معلن
INIT-00803,2023-06-15,منشور تعريفي بمخرجات برنامج التحول الرقمي في الرياض,منشور تعريفي عام بالمخرجات المعلنة للبرنامج. المرجع INI-2023-6476 · الجهة المعنية: قطاع البنية التحتية.,قطاع البنية التحتية,بانتظار الاعتماد,معلن
INIT-00804,2024-12-18,مصفوفة الشركاء المحتملين لبرنامج المدن الذكية,تقييم شركاء محتملين وشروط التفضيل قبل الإفصاح للسوق. المرجع INI-2024-6225 · الجهة المعنية: قطاع الحلول الحكومية.,قطاع الحلول الحكومية,مسودة أولية,معلن جزئيًا
INIT-00805,2022-10-20,مبادرة تحليل استخبارات التهديد الوطنية,بناء قدرة استخبارات تهديد مشتركة بين الجهات الوطنية. المرجع INI-2022-6151 · الجهة المعنية: قطاع العمليات.,قطاع العمليات,مسودة أولية,غير معلن
INIT-00806,2019-02-06,خطة دخول سوق تبوك - نسخة غير معلنة,خطة استراتيجية لدخول السوق وتقديرات الحصة المستهدفة. المرجع INI-2019-9926 · الجهة المعنية: قطاع الأعمال المؤسسية.,قطاع الأعمال المؤسسية,مرفوعة للجنة,غير معلن
INIT-00807,2022-02-23,مبادرة تحليل استخبارات التهديد الوطنية,بناء قدرة استخبارات تهديد مشتركة بين الجهات الوطنية. المرجع INI-2022-3542 · الجهة المعنية: قطاع البنية التحتية.,قطاع البنية التحتية,مرفوعة للجنة,غير معلن
INIT-00808,2026-04-27,مذكرة تفاهم مع تحالف صناعي دولي لتنفيذ برنامج أمن سلاسل الإمداد,مسودة مذكرة تفاهم لم تُوقّع بعد وتتضمن التزامات مالية. المرجع INI-2026-8431 · الجهة المعنية: قطاع التحول الرقمي.,قطاع التحول الرقمي,قيد الدراسة,غير معلن
INIT-00809,2021-12-10,الميزانية الاستراتيجية لبرنامج المدن الذكية 2021-2024,تفاصيل الميزانية الاستراتيجية وتوزيعها على المراحل قبل الاعتماد. المرجع INI-2021-3357 · الجهة المعنية: قطاع التقنية والمشاريع.,قطاع التقنية والمشاريع,مرفوعة للجنة,غير معلن
INIT-00810,2019-05-19,مصفوفة الشركاء المحتملين لبرنامج المدن الذكية,تقييم شركاء محتملين وشروط التفضيل قبل الإفصاح للسوق. المرجع INI-2019-9612 · الجهة المعنية: قطاع الشراكات.,قطاع الشراكات,مسودة أولية,غير معلن
INIT-00811,2023-03-25,إعادة هيكلة قطاع الأعمال المؤسسية - قبل الاعتماد,تصور إعادة الهيكلة وأثرها الوظيفي قبل الاعتماد من المجلس. المرجع INI-2023-8111 · الجهة المعنية: قطاع العمليات.,قطاع العمليات,بانتظار الاعتماد,معلن جزئيًا
INIT-00812,2021-11-20,مشروع منظومة اتصالات لجهة عسكري الطابع,متطلبات منظومة اتصالات لجهة عسكري الطابع وقيود التسليم. المرجع INI-2021-9585 · الجهة المعنية: قطاع الأعمال المؤسسية.,قطاع الأعمال المؤسسية,مرفوعة للجنة,غير معلن
INIT-00813,2021-11-12,تحقيق جدوى موسّع لبرنامج المدن الذكية,تحقيق جدوى يتضمن أرقامًا مالية غير معلنة وسيناريوهات المخاطر. المرجع INI-2021-9460 · الجهة المعنية: قطاع الشراكات.,قطاع الشراكات,معتمدة داخليًا,معلن جزئيًا
INIT-00814,2019-10-04,معاهدة تعاون تقني قيد التفاوض مع جهة سيادية شريكة,نص معاهدة تعاون تقني قيد التفاوض وبنود نقل المعرفة. المرجع INI-2019-4275 · الجهة المعنية: قطاع التحول الرقمي.,قطاع التحول الرقمي,معتمدة داخليًا,معلن جزئيًا
INIT-00815,2021-09-05,مصفوفة الشركاء المحتملين لبرنامج الذكاء الاصطناعي المؤسسي,تقييم شركاء محتملين وشروط التفضيل قبل الإفصاح للسوق. المرجع INI-2021-4204 · الجهة المعنية: قطاع العمليات.,قطاع العمليات,مسودة أولية,معلن جزئيًا
INIT-00816,2022-08-07,إعادة هيكلة قطاع التقنية والمشاريع - قبل الاعتماد,تصور إعادة الهيكلة وأثرها الوظيفي قبل الاعتماد من المجلس. المرجع INI-2022-9658 · الجهة المعنية: قطاع البنية التحتية.,قطاع البنية التحتية,بانتظار الاعتماد,غير معلن
INIT-00817,2024-07-27,تحقيق جدوى موسّع لبرنامج الحوسبة السيادية,تحقيق جدوى يتضمن أرقامًا مالية غير معلنة وسيناريوهات المخاطر. المرجع INI-2024-1147 · الجهة المعنية: قطاع الأعمال المؤسسية.,قطاع الأعمال المؤسسية,مسودة أولية,معلن جزئيًا
INIT-00818,2023-08-20,نموذج تسعير برنامج التوسع الإقليمي للمنافسات الحكومية,هوامش وحدود تسعير استراتيجية غير قابلة للإفصاح للمنافسين. المرجع INI-2023-3781 · الجهة المعنية: قطاع التحول الرقمي.,قطاع التحول الرقمي,بانتظار الاعتماد,غير معلن
INIT-00819,2023-06-03,برنامج تشغيل منشأة حيوية وطنية في الدمام,نطاق تشغيل منشأة حيوية وطنية وحدود المسؤولية التشغيلية. المرجع INI-2023-8461 · الجهة المعنية: قطاع التقنية والمشاريع.,قطاع التقنية والمشاريع,قيد التنفيذ المبدئي,غير معلن
INIT-00820,2022-12-19,بيان صحفي عن شراكة معلنة في الخبر - 2022,بيان صحفي منشور عن شراكة تم الإعلان عنها رسميًا. المرجع INI-2022-4840 · الجهة المعنية: قطاع العمليات.,قطاع العمليات,قيد التنفيذ المبدئي,معلن
INIT-00821,2021-03-26,عرض أسعار استشاري لمرحلة تصميم برنامج التوسع الإقليمي,عرض أسعار مقدم من بيت خبرة ضمن نطاق محدود. المرجع INI-2021-4657 · الجهة المعنية: قطاع الأعمال المؤسسية.,قطاع الأعمال المؤسسية,بانتظار الاعتماد,غير معلن
INIT-00822,2021-07-04,إعلان انطلاق برنامج تحديث البنية التقنية - قطاع الحلول الحكومية 2021,إعلان رسمي عن انطلاق البرنامج وأهدافه المعلنة. المرجع INI-2021-8866 · الجهة المعنية: قطاع البنية التحتية.,قطاع البنية التحتية,قيد التنفيذ المبدئي,معلن
INIT-00823,2020-09-12,نموذج تسعير برنامج المدن الذكية للمنافسات الحكومية,هوامش وحدود تسعير استراتيجية غير قابلة للإفصاح للمنافسين. المرجع INI-2020-5024 · الجهة المعنية: قطاع الأعمال المؤسسية.,قطاع الأعمال المؤسسية,قيد الدراسة,معلن جزئيًا
INIT-00824,2026-01-28,مصفوفة الشركاء المحتملين لبرنامج التحول الرقمي,تقييم شركاء محتملين وشروط التفضيل قبل الإفصاح للسوق. المرجع INI-2026-3813 · الجهة المعنية: قطاع البنية التحتية.,قطاع البنية التحتية,معتمدة داخليًا,غير معلن
INIT-00825,2024-10-29,مبادرة داخلية رقم SI-2024-633 - غير معلنة,مبادرة قيد الدراسة يترتب على كشفها المبكر أثر تنافسي مباشر. المرجع INI-2024-3208 · الجهة المعنية: قطاع العمليات.,قطاع العمليات,قيد الدراسة,غير معلن
INIT-00826,2020-05-21,إعادة هيكلة قطاع التقنية والمشاريع - قبل الاعتماد,تصور إعادة الهيكلة وأثرها الوظيفي قبل الاعتماد من المجلس. المرجع INI-2020-5844 · الجهة المعنية: قطاع العمليات.,قطاع العمليات,بانتظار الاعتماد,معلن جزئيًا
INIT-00827,2024-08-19,تحقيق جدوى موسّع لبرنامج المرونة التشغيلية,تحقيق جدوى يتضمن أرقامًا مالية غير معلنة وسيناريوهات المخاطر. المرجع INI-2024-9195 · الجهة المعنية: قطاع العمليات.,قطاع العمليات,قيد الدراسة,معلن جزئيًا
INIT-00828,2023-09-10,مبادرة الحوسبة السيادية وحماية سيادة البيانات,تصميم بيئة تضمن سيادة البيانات الوطنية وحدود الاستضافة المسموحة. المرجع INI-2023-8935 · الجهة المعنية: قطاع الحلول الحكومية.,قطاع الحلول الحكومية,مرفوعة للجنة,غير معلن
INIT-00829,2019-08-30,برنامج تشغيل منشأة حيوية وطنية في حائل,نطاق تشغيل منشأة حيوية وطنية وحدود المسؤولية التشغيلية. المرجع INI-2019-3700 · الجهة المعنية: قطاع البنية التحتية.,قطاع البنية التحتية,قيد التنفيذ المبدئي,غير معلن
INIT-00830,2021-02-10,مشروع تحديث أنظمة ميناء بحري - مرحلة 1,تحديث أنظمة تحكم منشأة حيوية وجدول الإيقاف المخطط. المرجع INI-2021-1586 · الجهة المعنية: قطاع الأعمال المؤسسية.,قطاع الأعمال المؤسسية,قيد الدراسة,غير معلن
INIT-00831,2020-12-26,خطة الاستحواذ الاستراتيجية على مزوّد تقني إقليمي,خطة استراتيجية للاستحواذ مع تقييم مبدئي وهيكل تمويل مقترح. المرجع INI-2020-9730 · الجهة المعنية: قطاع العمليات.,قطاع العمليات,قيد التنفيذ المبدئي,غير معلن
INIT-00832,2021-09-10,إعادة هيكلة قطاع التحول الرقمي - قبل الاعتماد,تصور إعادة الهيكلة وأثرها الوظيفي قبل الاعتماد من المجلس. المرجع INI-2021-1779 · الجهة المعنية: قطاع التحول الرقمي.,قطاع التحول الرقمي,مرفوعة للجنة,معلن جزئيًا
INIT-00833,2020-08-25,مبادرة داخلية رقم SI-2020-138 - غير معلنة,مبادرة قيد الدراسة يترتب على كشفها المبكر أثر تنافسي مباشر. المرجع INI-2020-5744 · الجهة المعنية: قطاع البنية التحتية.,قطاع البنية التحتية,بانتظار الاعتماد,معلن جزئيًا
INIT-00834,2026-02-04,مصفوفة الشركاء المحتملين لبرنامج التوسع الإقليمي,تقييم شركاء محتملين وشروط التفضيل قبل الإفصاح للسوق. المرجع INI-2026-6293 · الجهة المعنية: قطاع الأعمال المؤسسية.,قطاع الأعمال المؤسسية,معتمدة داخليًا,غير معلن
INIT-00835,2020-07-04,خطة الاستحواذ الاستراتيجية على مزوّد تقني إقليمي,خطة استراتيجية للاستحواذ مع تقييم مبدئي وهيكل تمويل مقترح. المرجع INI-2020-6534 · الجهة المعنية: قطاع التحول الرقمي.,قطاع التحول الرقمي,بانتظار الاعتماد,غير معلن
INIT-00836,2019-05-14,خطة الاستحواذ الاستراتيجية على مزوّد تقني إقليمي,خطة استراتيجية للاستحواذ مع تقييم مبدئي وهيكل تمويل مقترح. المرجع INI-2019-6435 · الجهة المعنية: قطاع التقنية والمشاريع.,قطاع التقنية والمشاريع,مسودة أولية,معلن جزئيًا
INIT-00837,2021-06-20,خطة توزيع الكوادر على برنامج الذكاء الاصطناعي المؤسسي,توزيع كوادر مع بيانات شخصية ومسميات وظيفية تفصيلية. المرجع INI-2021-6619 · الجهة المعنية: قطاع الأعمال المؤسسية.,قطاع الأعمال المؤسسية,قيد التنفيذ المبدئي,غير معلن
INIT-00838,2024-05-31,مبادرة داخلية رقم SI-2024-808 - غير معلنة,مبادرة قيد الدراسة يترتب على كشفها المبكر أثر تنافسي مباشر. المرجع INI-2024-1244 · الجهة المعنية: قطاع البنية التحتية.,قطاع البنية التحتية,قيد التنفيذ المبدئي,غير معلن
INIT-00839,2021-10-13,تحقيق جدوى موسّع لبرنامج الذكاء الاصطناعي المؤسسي,تحقيق جدوى يتضمن أرقامًا مالية غير معلنة وسيناريوهات المخاطر. المرجع INI-2021-3371 · الجهة المعنية: قطاع العمليات.,قطاع العمليات,مسودة أولية,معلن جزئيًا
INIT-00840,2022-07-27,مشروع منظومة اتصالات لجهة عسكري الطابع,متطلبات منظومة اتصالات لجهة عسكري الطابع وقيود التسليم. المرجع INI-2022-9383 · الجهة المعنية: قطاع العمليات.,قطاع العمليات,مرفوعة للجنة,غير معلن
INIT-00841,2025-01-05,مشروع منظومة اتصالات لجهة عسكري الطابع,متطلبات منظومة اتصالات لجهة عسكري الطابع وقيود التسليم. المرجع INI-2025-5287 · الجهة المعنية: قطاع العمليات.,قطاع العمليات,مسودة أولية,غير معلن
INIT-00842,2022-07-25,المشروع الوطني المرجعي رقم NP-630 - تداول اللجنة العليا,مشروع لا تُتداول تفاصيله خارج اللجنة العليا لارتباطه بمواقع وطنية. المرجع INI-2022-4887 · الجهة المعنية: قطاع البنية التحتية.,قطاع البنية التحتية,معتمدة داخليًا,غير معلن
INIT-00843,2023-10-29,خطة دخول سوق أبها - نسخة غير معلنة,خطة استراتيجية لدخول السوق وتقديرات الحصة المستهدفة. المرجع INI-2023-4628 · الجهة المعنية: قطاع الشراكات.,قطاع الشراكات,قيد الدراسة,غير معلن
INIT-00844,2024-01-03,مذكرة تفاهم مع تحالف صناعي دولي لتنفيذ برنامج الاستحواذ التقني,مسودة مذكرة تفاهم لم تُوقّع بعد وتتضمن التزامات مالية. المرجع INI-2024-2833 · الجهة المعنية: قطاع الأعمال المؤسسية.,قطاع الأعمال المؤسسية,بانتظار الاعتماد,معلن جزئيًا
INIT-00845,2022-03-23,خطة التخارج الاستراتيجية من عقد تشغيل كبير,خيارات التخارج الاستراتيجية وأثرها المالي على الإيرادات. المرجع INI-2022-7173 · الجهة المعنية: قطاع الحلول الحكومية.,قطاع الحلول الحكومية,مسودة أولية,غير معلن
INIT-00846,2020-02-18,المشروع الوطني المرجعي رقم NP-725 - تداول اللجنة العليا,مشروع لا تُتداول تفاصيله خارج اللجنة العليا لارتباطه بمواقع وطنية. المرجع INI-2020-4592 · الجهة المعنية: قطاع العمليات.,قطاع العمليات,قيد الدراسة,غير معلن
INIT-00847,2023-06-27,برنامج تشغيل منشأة حيوية وطنية في بريدة,نطاق تشغيل منشأة حيوية وطنية وحدود المسؤولية التشغيلية. المرجع INI-2023-6332 · الجهة المعنية: قطاع التقنية والمشاريع.,قطاع التقنية والمشاريع,قيد الدراسة,غير معلن
INIT-00848,2022-06-28,مصفوفة الشركاء المحتملين لبرنامج الحوسبة السيادية,تقييم شركاء محتملين وشروط التفضيل قبل الإفصاح للسوق. المرجع INI-2022-2200 · الجهة المعنية: قطاع الحلول الحكومية.,قطاع الحلول الحكومية,قيد الدراسة,معلن جزئيًا
INIT-00849,2024-03-30,المشروع الوطني المرجعي رقم NP-324 - تداول اللجنة العليا,مشروع لا تُتداول تفاصيله خارج اللجنة العليا لارتباطه بمواقع وطنية. المرجع INI-2024-9895 · الجهة المعنية: قطاع العمليات.,قطاع العمليات,قيد الدراسة,غير معلن
INIT-00850,2023-08-27,الميزانية الاستراتيجية لبرنامج المدن الذكية 2023-2026,تفاصيل الميزانية الاستراتيجية وتوزيعها على المراحل قبل الاعتماد. المرجع INI-2023-3738 · الجهة المعنية: قطاع التقنية والمشاريع.,قطاع التقنية والمشاريع,قيد الدراسة,معلن جزئيًا
INIT-00851,2025-07-09,برنامج تشغيل منشأة حيوية وطنية في القطيف,نطاق تشغيل منشأة حيوية وطنية وحدود المسؤولية التشغيلية. المرجع INI-2025-5705 · الجهة المعنية: قطاع الشراكات.,قطاع الشراكات,معتمدة داخليًا,غير معلن
INIT-00852,2021-01-29,خطة دخول سوق الأحساء - نسخة غير معلنة,خطة استراتيجية لدخول السوق وتقديرات الحصة المستهدفة. المرجع INI-2021-6609 · الجهة المعنية: قطاع الشراكات.,قطاع الشراكات,بانتظار الاعتماد,غير معلن
INIT-00853,2022-04-08,معاهدة تعاون تقني قيد التفاوض مع صندوق استثماري دولي,نص معاهدة تعاون تقني قيد التفاوض وبنود نقل المعرفة. المرجع INI-2022-9439 · الجهة المعنية: قطاع الشراكات.,قطاع الشراكات,قيد الدراسة,معلن جزئيًا
INIT-00854,2026-03-03,مبادرة الحوسبة السيادية وحماية سيادة البيانات,تصميم بيئة تضمن سيادة البيانات الوطنية وحدود الاستضافة المسموحة. المرجع INI-2026-1309 · الجهة المعنية: قطاع العمليات.,قطاع العمليات,مسودة أولية,غير معلن
INIT-00855,2022-05-26,مبادرة مواقع تخزين احتياطية للبيانات الحساسة,تحديد مواقع تخزين احتياطية وسعاتها ومستويات حمايتها. المرجع INI-2022-7106 · الجهة المعنية: قطاع البنية التحتية.,قطاع البنية التحتية,بانتظار الاعتماد,غير معلن
INIT-00856,2024-11-27,إعادة هيكلة قطاع العمليات - قبل الاعتماد,تصور إعادة الهيكلة وأثرها الوظيفي قبل الاعتماد من المجلس. المرجع INI-2024-3964 · الجهة المعنية: قطاع التحول الرقمي.,قطاع التحول الرقمي,قيد التنفيذ المبدئي,غير معلن
INIT-00857,2026-01-05,مبادرة الحوسبة السيادية وحماية سيادة البيانات,تصميم بيئة تضمن سيادة البيانات الوطنية وحدود الاستضافة المسموحة. المرجع INI-2026-3889 · الجهة المعنية: قطاع الحلول الحكومية.,قطاع الحلول الحكومية,معتمدة داخليًا,غير معلن
INIT-00858,2019-06-30,مسار تفاوض دبلوماسي لتوطين برنامج تكامل الأنظمة الحكومية,مسار ذو طابع دبلوماسي لتوطين التقنية مع أطراف خارجية. المرجع INI-2019-8123 · الجهة المعنية: قطاع التقنية والمشاريع.,قطاع التقنية والمشاريع,معتمدة داخليًا,غير معلن
INIT-00859,2020-05-22,نموذج تسعير برنامج الاستحواذ التقني للمنافسات الحكومية,هوامش وحدود تسعير استراتيجية غير قابلة للإفصاح للمنافسين. المرجع INI-2020-3463 · الجهة المعنية: قطاع الأعمال المؤسسية.,قطاع الأعمال المؤسسية,معتمدة داخليًا,معلن جزئيًا
INIT-00860,2022-11-23,خطة التخارج الاستراتيجية من عقد تشغيل كبير,خيارات التخارج الاستراتيجية وأثرها المالي على الإيرادات. المرجع INI-2022-1680 · الجهة المعنية: قطاع العمليات.,قطاع العمليات,معتمدة داخليًا,معلن جزئيًا
INIT-00861,2019-07-13,خطة التخارج الاستراتيجية من عقد تشغيل كبير,خيارات التخارج الاستراتيجية وأثرها المالي على الإيرادات. المرجع INI-2019-9333 · الجهة المعنية: قطاع العمليات.,قطاع العمليات,مسودة أولية,معلن جزئيًا
INIT-00862,2021-06-26,نموذج تسعير برنامج المدن الذكية للمنافسات الحكومية,هوامش وحدود تسعير استراتيجية غير قابلة للإفصاح للمنافسين. المرجع INI-2021-7257 · الجهة المعنية: قطاع الشراكات.,قطاع الشراكات,مرفوعة للجنة,غير معلن
INIT-00863,2021-03-08,منشور تعريفي بمخرجات برنامج أمن سلاسل الإمداد في الطائف,منشور تعريفي عام بالمخرجات المعلنة للبرنامج. المرجع INI-2021-5621 · الجهة المعنية: قطاع الشراكات.,قطاع الشراكات,مسودة أولية,معلن
INIT-00864,2021-06-20,مبادرة تحليل استخبارات التهديد الوطنية,بناء قدرة استخبارات تهديد مشتركة بين الجهات الوطنية. المرجع INI-2021-4002 · الجهة المعنية: قطاع التحول الرقمي.,,معتمدة داخليًا,غير معلن
INIT-00865,2022-03-17,برنامج تشغيل منشأة حيوية وطنية في أبها,نطاق تشغيل منشأة حيوية وطنية وحدود المسؤولية التشغيلية. المرجع INI-2022-4023 · الجهة المعنية: قطاع الأعمال المؤسسية.,قطاع الأعمال المؤسسية,مسودة أولية,غير معلن
INIT-00866,2022-12-28,مبادرة الحوسبة السيادية وحماية سيادة البيانات,تصميم بيئة تضمن سيادة البيانات الوطنية وحدود الاستضافة المسموحة. المرجع INI-2022-2077 · الجهة المعنية: قطاع التحول الرقمي.,,قيد التنفيذ المبدئي,غير معلن
INIT-00867,2026-05-15,تحقيق جدوى موسّع لبرنامج أمن سلاسل الإمداد,تحقيق جدوى يتضمن أرقامًا مالية غير معلنة وسيناريوهات المخاطر. المرجع INI-2026-2694 · الجهة المعنية: قطاع التحول الرقمي.,قطاع التحول الرقمي,معتمدة داخليًا,غير معلن
INIT-00868,2022-04-13,خطة الاستحواذ الاستراتيجية على مزوّد تقني إقليمي,خطة استراتيجية للاستحواذ مع تقييم مبدئي وهيكل تمويل مقترح. المرجع INI-2022-7837 · الجهة المعنية: قطاع الأعمال المؤسسية.,قطاع الأعمال المؤسسية,مرفوعة للجنة,غير معلن
INIT-00869,2023-05-01,خطة الاستحواذ الاستراتيجية على مزوّد تقني إقليمي,خطة استراتيجية للاستحواذ مع تقييم مبدئي وهيكل تمويل مقترح. المرجع INI-2023-1814 · الجهة المعنية: قطاع العمليات.,قطاع العمليات,بانتظار الاعتماد,معلن جزئيًا
INIT-00870,2021-09-20,تحقيق جدوى موسّع لبرنامج الاستحواذ التقني,تحقيق جدوى يتضمن أرقامًا مالية غير معلنة وسيناريوهات المخاطر. المرجع INI-2021-3146 · الجهة المعنية: قطاع البنية التحتية.,قطاع البنية التحتية,مرفوعة للجنة,معلن جزئيًا
INIT-00871,2023-06-06,مذكرة تفاهم مع منظمة إقليمية لتنفيذ برنامج تكامل الأنظمة الحكومية,مسودة مذكرة تفاهم لم تُوقّع بعد وتتضمن التزامات مالية. المرجع INI-2023-5354 · الجهة المعنية: قطاع التحول الرقمي.,قطاع التحول الرقمي,قيد الدراسة,غير معلن
INIT-00872,2023-01-06,مبادرة الحوسبة السيادية وحماية سيادة البيانات,تصميم بيئة تضمن سيادة البيانات الوطنية وحدود الاستضافة المسموحة. المرجع INI-2023-7135 · الجهة المعنية: قطاع الشراكات.,قطاع الشراكات,مسودة أولية,غير معلن
INIT-00873,2020-07-31,مشروع منظومة اتصالات لجهة عسكري الطابع,متطلبات منظومة اتصالات لجهة عسكري الطابع وقيود التسليم. المرجع INI-2020-5249 · الجهة المعنية: قطاع التقنية والمشاريع.,قطاع التقنية والمشاريع,بانتظار الاعتماد,غير معلن
INIT-00874,2020-02-10,مشروع تحديث أنظمة مطار دولي - مرحلة 4,تحديث أنظمة تحكم منشأة حيوية وجدول الإيقاف المخطط. المرجع INI-2020-5625 · الجهة المعنية: قطاع الأعمال المؤسسية.,قطاع الأعمال المؤسسية,مرفوعة للجنة,غير معلن
INIT-00875,2022-07-29,بيان صحفي عن شراكة معلنة في الأحساء - 2022,بيان صحفي منشور عن شراكة تم الإعلان عنها رسميًا. المرجع INI-2022-9559 · الجهة المعنية: قطاع التحول الرقمي.,قطاع التحول الرقمي,مرفوعة للجنة,معلن
INIT-00876,2025-08-25,مبادرة الحوسبة السيادية وحماية سيادة البيانات,تصميم بيئة تضمن سيادة البيانات الوطنية وحدود الاستضافة المسموحة. المرجع INI-2025-4830 · الجهة المعنية: قطاع العمليات.,قطاع العمليات,قيد الدراسة,غير معلن
INIT-00877,2024-02-29,الميزانية الاستراتيجية لبرنامج الاستحواذ التقني 2024-2028,تفاصيل الميزانية الاستراتيجية وتوزيعها على المراحل قبل الاعتماد. المرجع INI-2024-9184 · الجهة المعنية: قطاع التقنية والمشاريع.,قطاع التقنية والمشاريع,قيد التنفيذ المبدئي,غير معلن
INIT-00878,2020-05-06,معاهدة تعاون تقني قيد التفاوض مع منظمة إقليمية,نص معاهدة تعاون تقني قيد التفاوض وبنود نقل المعرفة. المرجع INI-2020-3103 · الجهة المعنية: قطاع الأعمال المؤسسية.,قطاع الأعمال المؤسسية,مسودة أولية,غير معلن
INIT-00879,2025-07-26,خطة دخول سوق الطائف - نسخة غير معلنة,خطة استراتيجية لدخول السوق وتقديرات الحصة المستهدفة. المرجع INI-2025-7716 · الجهة المعنية: قطاع الحلول الحكومية.,قطاع الحلول الحكومية,بانتظار الاعتماد,غير معلن
INIT-00880,2023-03-18,الميزانية الاستراتيجية لبرنامج تحديث البنية التقنية 2023-2026,تفاصيل الميزانية الاستراتيجية وتوزيعها على المراحل قبل الاعتماد. المرجع INI-2023-8146 · الجهة المعنية: قطاع الشراكات.,قطاع الشراكات,بانتظار الاعتماد,معلن جزئيًا
INIT-00881,2023-03-12,الميزانية الاستراتيجية لبرنامج أمن سلاسل الإمداد 2023-2027,تفاصيل الميزانية الاستراتيجية وتوزيعها على المراحل قبل الاعتماد. المرجع INI-2023-4096 · الجهة المعنية: قطاع التحول الرقمي.,قطاع التحول الرقمي,قيد الدراسة,غير معلن
INIT-00882,2020-01-03,خطة دخول سوق جازان - نسخة غير معلنة,خطة استراتيجية لدخول السوق وتقديرات الحصة المستهدفة. المرجع INI-2020-1007 · الجهة المعنية: قطاع التقنية والمشاريع.,قطاع التقنية والمشاريع,مرفوعة للجنة,غير معلن
INIT-00883,2023-08-07,مبادرة الحوسبة السيادية وحماية سيادة البيانات,تصميم بيئة تضمن سيادة البيانات الوطنية وحدود الاستضافة المسموحة. المرجع INI-2023-2136 · الجهة المعنية: قطاع التحول الرقمي.,قطاع التحول الرقمي,معتمدة داخليًا,غير معلن
INIT-00884,2020-04-04,خطة الاستحواذ الاستراتيجية على مزوّد تقني إقليمي,خطة استراتيجية للاستحواذ مع تقييم مبدئي وهيكل تمويل مقترح. المرجع INI-2020-3494 · الجهة المعنية: قطاع الشراكات.,قطاع الشراكات,قيد الدراسة,معلن جزئيًا
INIT-00885,2021-03-13,خطة التخارج الاستراتيجية من عقد تشغيل كبير,خيارات التخارج الاستراتيجية وأثرها المالي على الإيرادات. المرجع INI-2021-5411 · الجهة المعنية: قطاع العمليات.,قطاع العمليات,قيد الدراسة,معلن جزئيًا
INIT-00886,2021-03-23,المشروع الوطني المرجعي رقم NP-139 - تداول اللجنة العليا,مشروع لا تُتداول تفاصيله خارج اللجنة العليا لارتباطه بمواقع وطنية. المرجع INI-2021-3066 · الجهة المعنية: قطاع العمليات.,قطاع العمليات,معتمدة داخليًا,غير معلن
INIT-00887,2024-04-28,مذكرة تفاهم مع جهة سيادية شريكة لتنفيذ برنامج المرونة التشغيلية,مسودة مذكرة تفاهم لم تُوقّع بعد وتتضمن التزامات مالية. المرجع INI-2024-5989 · الجهة المعنية: قطاع الحلول الحكومية.,قطاع الحلول الحكومية,بانتظار الاعتماد,معلن جزئيًا
INIT-00888,2020-01-01,مسار تفاوض دبلوماسي لتوطين برنامج التوسع الإقليمي,مسار ذو طابع دبلوماسي لتوطين التقنية مع أطراف خارجية. المرجع INI-2020-3036 · الجهة المعنية: قطاع البنية التحتية.,قطاع البنية التحتية,قيد التنفيذ المبدئي,غير معلن
INIT-00889,2025-01-05,مذكرة تفاهم مع جهة سيادية شريكة لتنفيذ برنامج الاستحواذ التقني,مسودة مذكرة تفاهم لم تُوقّع بعد وتتضمن التزامات مالية. المرجع INI-2025-2255 · الجهة المعنية: قطاع العمليات.,قطاع العمليات,بانتظار الاعتماد,معلن جزئيًا
INIT-00890,2019-10-26,مبادرة مواقع تخزين احتياطية للبيانات الحساسة,تحديد مواقع تخزين احتياطية وسعاتها ومستويات حمايتها. المرجع INI-2019-9245 · الجهة المعنية: قطاع البنية التحتية.,,قيد التنفيذ المبدئي,غير معلن
INIT-00891,2025-02-23,إعادة هيكلة قطاع الشراكات - قبل الاعتماد,تصور إعادة الهيكلة وأثرها الوظيفي قبل الاعتماد من المجلس. المرجع INI-2025-3510 · الجهة المعنية: قطاع الشراكات.,قطاع الشراكات,قيد التنفيذ المبدئي,غير معلن
INIT-00892,2019-12-19,مبادرة مواقع تخزين احتياطية للبيانات الحساسة,تحديد مواقع تخزين احتياطية وسعاتها ومستويات حمايتها. المرجع INI-2019-8535 · الجهة المعنية: قطاع التحول الرقمي.,قطاع التحول الرقمي,بانتظار الاعتماد,معلن جزئيًا
INIT-00893,2025-06-30,المشروع الوطني المرجعي رقم NP-817 - تداول اللجنة العليا,مشروع لا تُتداول تفاصيله خارج اللجنة العليا لارتباطه بمواقع وطنية. المرجع INI-2025-4669 · الجهة المعنية: قطاع الشراكات.,قطاع الشراكات,قيد الدراسة,غير معلن
INIT-00894,2020-05-09,مبادرة مواقع تخزين احتياطية للبيانات الحساسة,تحديد مواقع تخزين احتياطية وسعاتها ومستويات حمايتها. المرجع INI-2020-3444 · الجهة المعنية: قطاع الشراكات.,قطاع الشراكات,مرفوعة للجنة,غير معلن
INIT-00895,2021-08-14,مبادرة إدارة مفاتيح التشفير على مستوى الجهات الوطنية,تصميم مركزي لإدارة مفاتيح التشفير عبر الأنظمة الوطنية. المرجع INI-2021-2677 · الجهة المعنية: قطاع التقنية والمشاريع.,قطاع التقنية والمشاريع,مسودة أولية,غير معلن
INIT-00896,2025-09-19,الميزانية الاستراتيجية لبرنامج تحديث البنية التقنية 2025-2029,تفاصيل الميزانية الاستراتيجية وتوزيعها على المراحل قبل الاعتماد. المرجع INI-2025-8401 · الجهة المعنية: قطاع التقنية والمشاريع.,قطاع التقنية والمشاريع,بانتظار الاعتماد,معلن جزئيًا
INIT-00897,2025-03-13,مذكرة داخلية لمتابعة مؤشرات برنامج التوسع الإقليمي,مذكرة داخلية دورية لمتابعة مؤشرات التنفيذ بين الإدارات. المرجع INI-2025-7634 · الجهة المعنية: قطاع الحلول الحكومية.,قطاع الحلول الحكومية,قيد التنفيذ المبدئي,معلن جزئيًا
INIT-00898,2020-04-24,خطة دخول سوق نجران - نسخة غير معلنة,خطة استراتيجية لدخول السوق وتقديرات الحصة المستهدفة. المرجع INI-2020-4290 · الجهة المعنية: قطاع البنية التحتية.,قطاع البنية التحتية,معتمدة داخليًا,غير معلن
INIT-00899,2025-05-31,عرض أسعار استشاري لمرحلة تصميم برنامج أمن سلاسل الإمداد,عرض أسعار مقدم من بيت خبرة ضمن نطاق محدود. المرجع INI-2025-5855 · الجهة المعنية: قطاع الحلول الحكومية.,قطاع الحلول الحكومية,قيد التنفيذ المبدئي,غير معلن
INIT-00900,2021-02-02,خطة دخول سوق الأحساء - نسخة غير معلنة,خطة استراتيجية لدخول السوق وتقديرات الحصة المستهدفة. المرجع INI-2021-6182 · الجهة المعنية: قطاع البنية التحتية.,قطاع البنية التحتية,بانتظار الاعتماد,معلن جزئيًا
INIT-00901,2023-09-23,مسار تفاوض دبلوماسي لتوطين برنامج الحوسبة السيادية,مسار ذو طابع دبلوماسي لتوطين التقنية مع أطراف خارجية. المرجع INI-2023-9419 · الجهة المعنية: قطاع الأعمال المؤسسية.,قطاع الأعمال المؤسسية,مسودة أولية,معلن جزئيًا
INIT-00902,2024-12-27,مبادرة مواقع تخزين احتياطية للبيانات الحساسة,تحديد مواقع تخزين احتياطية وسعاتها ومستويات حمايتها. المرجع INI-2024-7676 · الجهة المعنية: قطاع الحلول الحكومية.,,مسودة أولية,معلن جزئيًا
INIT-00903,2021-12-06,إعادة هيكلة قطاع التقنية والمشاريع - قبل الاعتماد,تصور إعادة الهيكلة وأثرها الوظيفي قبل الاعتماد من المجلس. المرجع INI-2021-8454 · الجهة المعنية: قطاع البنية التحتية.,قطاع البنية التحتية,قيد التنفيذ المبدئي,معلن جزئيًا
INIT-00904,2024-11-09,مبادرة مواقع تخزين احتياطية للبيانات الحساسة,تحديد مواقع تخزين احتياطية وسعاتها ومستويات حمايتها. المرجع INI-2024-3289 · الجهة المعنية: قطاع الأعمال المؤسسية.,قطاع الأعمال المؤسسية,بانتظار الاعتماد,غير معلن
INIT-00905,2021-03-28,مبادرة مواقع تخزين احتياطية للبيانات الحساسة,تحديد مواقع تخزين احتياطية وسعاتها ومستويات حمايتها. المرجع INI-2021-3357 · الجهة المعنية: قطاع البنية التحتية.,قطاع البنية التحتية,معتمدة داخليًا,معلن جزئيًا
INIT-00906,2019-01-20,برنامج تشغيل منشأة حيوية وطنية في الخبر,نطاق تشغيل منشأة حيوية وطنية وحدود المسؤولية التشغيلية. المرجع INI-2019-9949 · الجهة المعنية: قطاع الشراكات.,قطاع الشراكات,معتمدة داخليًا,غير معلن
INIT-00907,2025-11-17,إعادة هيكلة قطاع التقنية والمشاريع - قبل الاعتماد,تصور إعادة الهيكلة وأثرها الوظيفي قبل الاعتماد من المجلس. المرجع INI-2025-7206 · الجهة المعنية: قطاع التحول الرقمي.,قطاع التحول الرقمي,مرفوعة للجنة,غير معلن
INIT-00908,2019-10-09,خطة التخارج الاستراتيجية من عقد تشغيل كبير,خيارات التخارج الاستراتيجية وأثرها المالي على الإيرادات. المرجع INI-2019-2437 · الجهة المعنية: قطاع التحول الرقمي.,قطاع التحول الرقمي,بانتظار الاعتماد,معلن جزئيًا
INIT-00909,2021-06-25,مبادرة داخلية رقم SI-2021-579 - غير معلنة,مبادرة قيد الدراسة يترتب على كشفها المبكر أثر تنافسي مباشر. المرجع INI-2021-7362 · الجهة المعنية: قطاع التقنية والمشاريع.,قطاع التقنية والمشاريع,قيد الدراسة,غير معلن
INIT-00910,2022-06-30,خطة الاستحواذ الاستراتيجية على مزوّد تقني إقليمي,خطة استراتيجية للاستحواذ مع تقييم مبدئي وهيكل تمويل مقترح. المرجع INI-2022-5928 · الجهة المعنية: قطاع الحلول الحكومية.,قطاع الحلول الحكومية,مرفوعة للجنة,غير معلن
INIT-00911,2020-02-07,إعادة هيكلة قطاع التحول الرقمي - قبل الاعتماد,تصور إعادة الهيكلة وأثرها الوظيفي قبل الاعتماد من المجلس. المرجع INI-2020-9171 · الجهة المعنية: قطاع الشراكات.,قطاع الشراكات,بانتظار الاعتماد,معلن جزئيًا
INIT-00912,2024-06-13,تحقيق جدوى موسّع لبرنامج تحديث البنية التقنية,تحقيق جدوى يتضمن أرقامًا مالية غير معلنة وسيناريوهات المخاطر. المرجع INI-2024-1772 · الجهة المعنية: قطاع الشراكات.,قطاع الشراكات,قيد التنفيذ المبدئي,معلن جزئيًا
INIT-00913,2022-04-04,المشروع الوطني المرجعي رقم NP-621 - تداول اللجنة العليا,مشروع لا تُتداول تفاصيله خارج اللجنة العليا لارتباطه بمواقع وطنية. المرجع INI-2022-3166 · الجهة المعنية: قطاع التقنية والمشاريع.,قطاع التقنية والمشاريع,مسودة أولية,غير معلن
INIT-00914,2021-07-14,المشروع الوطني المرجعي رقم NP-469 - تداول اللجنة العليا,مشروع لا تُتداول تفاصيله خارج اللجنة العليا لارتباطه بمواقع وطنية. المرجع INI-2021-9768 · الجهة المعنية: قطاع العمليات.,قطاع العمليات,مسودة أولية,غير معلن
INIT-00915,2026-03-21,تحقيق جدوى موسّع لبرنامج المرونة التشغيلية,تحقيق جدوى يتضمن أرقامًا مالية غير معلنة وسيناريوهات المخاطر. المرجع INI-2026-9404 · الجهة المعنية: قطاع الحلول الحكومية.,قطاع الحلول الحكومية,مسودة أولية,غير معلن
INIT-00916,2021-09-05,الميزانية الاستراتيجية لبرنامج تحديث البنية التقنية 2021-2023,تفاصيل الميزانية الاستراتيجية وتوزيعها على المراحل قبل الاعتماد. المرجع INI-2021-1371 · الجهة المعنية: قطاع الحلول الحكومية.,قطاع الحلول الحكومية,بانتظار الاعتماد,غير معلن
INIT-00917,2025-11-23,الميزانية الاستراتيجية لبرنامج التوسع الإقليمي 2025-2028,تفاصيل الميزانية الاستراتيجية وتوزيعها على المراحل قبل الاعتماد. المرجع INI-2025-4271 · الجهة المعنية: قطاع الشراكات.,قطاع الشراكات,مسودة أولية,معلن جزئيًا
INIT-00918,2021-03-17,خطة دخول سوق الدمام - نسخة غير معلنة,خطة استراتيجية لدخول السوق وتقديرات الحصة المستهدفة. المرجع INI-2021-9024 · الجهة المعنية: قطاع البنية التحتية.,قطاع البنية التحتية,بانتظار الاعتماد,معلن جزئيًا
INIT-00919,2019-10-12,خطة دخول سوق خميس مشيط - نسخة غير معلنة,خطة استراتيجية لدخول السوق وتقديرات الحصة المستهدفة. المرجع INI-2019-2652 · الجهة المعنية: قطاع التقنية والمشاريع.,قطاع التقنية والمشاريع,قيد التنفيذ المبدئي,غير معلن
INIT-00920,2019-08-20,المشروع الوطني المرجعي رقم NP-765 - تداول اللجنة العليا,مشروع لا تُتداول تفاصيله خارج اللجنة العليا لارتباطه بمواقع وطنية. المرجع INI-2019-8140 · الجهة المعنية: قطاع الأعمال المؤسسية.,قطاع الأعمال المؤسسية,معتمدة داخليًا,غير معلن
INIT-00921,2025-03-09,مذكرة تفاهم مع منظمة إقليمية لتنفيذ برنامج تكامل الأنظمة الحكومية,مسودة مذكرة تفاهم لم تُوقّع بعد وتتضمن التزامات مالية. المرجع INI-2025-3884 · الجهة المعنية: قطاع الأعمال المؤسسية.,قطاع الأعمال المؤسسية,معتمدة داخليًا,غير معلن
INIT-00922,2024-08-21,جدول بدلات ورواتب فريق برنامج التوسع الإقليمي,جدول رواتب وبدلات أعضاء الفريق خلال مراحل التنفيذ. المرجع INI-2024-9768 · الجهة المعنية: قطاع التحول الرقمي.,قطاع التحول الرقمي,بانتظار الاعتماد,غير معلن
INIT-00923,2024-10-26,مذكرة تفاهم مع صندوق استثماري دولي لتنفيذ برنامج تحديث البنية التقنية,مسودة مذكرة تفاهم لم تُوقّع بعد وتتضمن التزامات مالية. المرجع INI-2024-2201 · الجهة المعنية: قطاع التقنية والمشاريع.,قطاع التقنية والمشاريع,معتمدة داخليًا,غير معلن
INIT-00924,2021-03-15,متطلبات ربط شبكي لبرنامج الحوسبة السيادية,مخطط الشبكة المطلوب لربط بيئات المشروع الداخلية. المرجع INI-2021-5021 · الجهة المعنية: قطاع العمليات.,قطاع العمليات,قيد الدراسة,معلن جزئيًا
INIT-00925,2024-10-27,خطة التخارج الاستراتيجية من عقد تشغيل كبير,خيارات التخارج الاستراتيجية وأثرها المالي على الإيرادات. المرجع INI-2024-9840 · الجهة المعنية: قطاع الأعمال المؤسسية.,قطاع الأعمال المؤسسية,معتمدة داخليًا,معلن جزئيًا
INIT-00926,2023-11-19,مشروع تحديث أنظمة محطة توليد كهربائي - مرحلة 4,تحديث أنظمة تحكم منشأة حيوية وجدول الإيقاف المخطط. المرجع INI-2023-7248 · الجهة المعنية: قطاع البنية التحتية.,قطاع البنية التحتية,مسودة أولية,غير معلن
INIT-00927,2025-10-18,خطة دخول سوق مكة المكرمة - نسخة غير معلنة,خطة استراتيجية لدخول السوق وتقديرات الحصة المستهدفة. المرجع INI-2025-9267 · الجهة المعنية: قطاع التحول الرقمي.,قطاع التحول الرقمي,بانتظار الاعتماد,غير معلن
INIT-00928,2022-03-28,خطة الاستحواذ الاستراتيجية على مزوّد تقني إقليمي,خطة استراتيجية للاستحواذ مع تقييم مبدئي وهيكل تمويل مقترح. المرجع INI-2022-7322 · الجهة المعنية: قطاع التقنية والمشاريع.,قطاع التقنية والمشاريع,قيد الدراسة,غير معلن
INIT-00929,2020-01-31,مسار تفاوض دبلوماسي لتوطين برنامج المدن الذكية,مسار ذو طابع دبلوماسي لتوطين التقنية مع أطراف خارجية. المرجع INI-2020-1795 · الجهة المعنية: قطاع التقنية والمشاريع.,قطاع التقنية والمشاريع,بانتظار الاعتماد,غير معلن
INIT-00930,2020-06-17,معاهدة تعاون تقني قيد التفاوض مع منظمة إقليمية,نص معاهدة تعاون تقني قيد التفاوض وبنود نقل المعرفة. المرجع INI-2020-9769 · الجهة المعنية: قطاع الأعمال المؤسسية.,قطاع الأعمال المؤسسية,مسودة أولية,غير معلن
INIT-00931,2021-01-18,المشروع الوطني المرجعي رقم NP-170 - تداول اللجنة العليا,مشروع لا تُتداول تفاصيله خارج اللجنة العليا لارتباطه بمواقع وطنية. المرجع INI-2021-3628 · الجهة المعنية: قطاع التحول الرقمي.,قطاع التحول الرقمي,قيد التنفيذ المبدئي,غير معلن
INIT-00932,2021-04-19,عرض أسعار استشاري لمرحلة تصميم برنامج تحديث البنية التقنية,عرض أسعار مقدم من بيت خبرة ضمن نطاق محدود. المرجع INI-2021-3687 · الجهة المعنية: قطاع الأعمال المؤسسية.,قطاع الأعمال المؤسسية,مرفوعة للجنة,غير معلن
INIT-00933,2022-01-27,مسار تفاوض دبلوماسي لتوطين برنامج الحوسبة السيادية,مسار ذو طابع دبلوماسي لتوطين التقنية مع أطراف خارجية. المرجع INI-2022-3718 · الجهة المعنية: قطاع البنية التحتية.,قطاع البنية التحتية,قيد الدراسة,غير معلن
INIT-00934,2020-05-30,مصفوفة الشركاء المحتملين لبرنامج الذكاء الاصطناعي المؤسسي,تقييم شركاء محتملين وشروط التفضيل قبل الإفصاح للسوق. المرجع INI-2020-3787 · الجهة المعنية: قطاع الأعمال المؤسسية.,قطاع الأعمال المؤسسية,مسودة أولية,غير معلن
INIT-00935,2024-07-08,مبادرة داخلية رقم SI-2024-874 - غير معلنة,مبادرة قيد الدراسة يترتب على كشفها المبكر أثر تنافسي مباشر. المرجع INI-2024-3973 · الجهة المعنية: قطاع التقنية والمشاريع.,قطاع التقنية والمشاريع,قيد الدراسة,معلن جزئيًا
INIT-00936,2025-12-21,مسار تفاوض دبلوماسي لتوطين برنامج تكامل الأنظمة الحكومية,مسار ذو طابع دبلوماسي لتوطين التقنية مع أطراف خارجية. المرجع INI-2025-8483 · الجهة المعنية: قطاع البنية التحتية.,قطاع البنية التحتية,قيد التنفيذ المبدئي,غير معلن
INIT-00937,2021-06-14,مشروع منظومة اتصالات لجهة عسكري الطابع,متطلبات منظومة اتصالات لجهة عسكري الطابع وقيود التسليم. المرجع INI-2021-3121 · الجهة المعنية: قطاع الحلول الحكومية.,قطاع الحلول الحكومية,قيد التنفيذ المبدئي,غير معلن
INIT-00938,2021-12-23,متطلبات ربط شبكي لبرنامج أمن سلاسل الإمداد,مخطط الشبكة المطلوب لربط بيئات المشروع الداخلية. المرجع INI-2021-6592 · الجهة المعنية: قطاع العمليات.,قطاع العمليات,مرفوعة للجنة,غير معلن
INIT-00939,2021-08-01,مسار تفاوض دبلوماسي لتوطين برنامج الحوسبة السيادية,مسار ذو طابع دبلوماسي لتوطين التقنية مع أطراف خارجية. المرجع INI-2021-4683 · الجهة المعنية: قطاع الشراكات.,قطاع الشراكات,قيد التنفيذ المبدئي,غير معلن
INIT-00940,2019-10-23,معاهدة تعاون تقني قيد التفاوض مع صندوق استثماري دولي,نص معاهدة تعاون تقني قيد التفاوض وبنود نقل المعرفة. المرجع INI-2019-6526 · الجهة المعنية: قطاع الحلول الحكومية.,قطاع الحلول الحكومية,بانتظار الاعتماد,غير معلن
INIT-00941,2025-01-12,إعادة هيكلة قطاع العمليات - قبل الاعتماد,تصور إعادة الهيكلة وأثرها الوظيفي قبل الاعتماد من المجلس. المرجع INI-2025-2618 · الجهة المعنية: قطاع البنية التحتية.,قطاع البنية التحتية,بانتظار الاعتماد,غير معلن
INIT-00942,2021-12-04,مبادرة تحليل استخبارات التهديد الوطنية,بناء قدرة استخبارات تهديد مشتركة بين الجهات الوطنية. المرجع INI-2021-6049 · الجهة المعنية: قطاع الأعمال المؤسسية.,قطاع الأعمال المؤسسية,قيد التنفيذ المبدئي,غير معلن
INIT-00943,2019-08-03,الميزانية الاستراتيجية لبرنامج المرونة التشغيلية 2019-2022,تفاصيل الميزانية الاستراتيجية وتوزيعها على المراحل قبل الاعتماد. المرجع INI-2019-5747 · الجهة المعنية: قطاع الشراكات.,قطاع الشراكات,مرفوعة للجنة,معلن جزئيًا
INIT-00944,2023-02-04,خطة التخارج الاستراتيجية من عقد تشغيل كبير,خيارات التخارج الاستراتيجية وأثرها المالي على الإيرادات. المرجع INI-2023-1640 · الجهة المعنية: قطاع التحول الرقمي.,قطاع التحول الرقمي,قيد الدراسة,غير معلن
INIT-00945,2021-10-15,تحقيق جدوى موسّع لبرنامج المرونة التشغيلية,تحقيق جدوى يتضمن أرقامًا مالية غير معلنة وسيناريوهات المخاطر. المرجع INI-2021-3100 · الجهة المعنية: قطاع التحول الرقمي.,قطاع التحول الرقمي,بانتظار الاعتماد,غير معلن
INIT-00946,2021-01-21,مبادرة داخلية رقم SI-2021-952 - غير معلنة,مبادرة قيد الدراسة يترتب على كشفها المبكر أثر تنافسي مباشر. المرجع INI-2021-7787 · الجهة المعنية: قطاع العمليات.,قطاع العمليات,قيد التنفيذ المبدئي,غير معلن
INIT-00947,2021-05-23,مبادرة داخلية رقم SI-2021-857 - غير معلنة,مبادرة قيد الدراسة يترتب على كشفها المبكر أثر تنافسي مباشر. المرجع INI-2021-3376 · الجهة المعنية: قطاع البنية التحتية.,قطاع البنية التحتية,قيد الدراسة,معلن جزئيًا
INIT-00948,2021-11-07,مبادرة الحوسبة السيادية وحماية سيادة البيانات,تصميم بيئة تضمن سيادة البيانات الوطنية وحدود الاستضافة المسموحة. المرجع INI-2021-1152 · الجهة المعنية: قطاع الحلول الحكومية.,قطاع الحلول الحكومية,مسودة أولية,غير معلن
INIT-00949,2019-06-19,نموذج تسعير برنامج تكامل الأنظمة الحكومية للمنافسات الحكومية,هوامش وحدود تسعير استراتيجية غير قابلة للإفصاح للمنافسين. المرجع INI-2019-6082 · الجهة المعنية: قطاع التقنية والمشاريع.,قطاع التقنية والمشاريع,مرفوعة للجنة,غير معلن
INIT-00950,2021-08-30,خطة الاستحواذ الاستراتيجية على مزوّد تقني إقليمي,خطة استراتيجية للاستحواذ مع تقييم مبدئي وهيكل تمويل مقترح. المرجع INI-2021-3359 · الجهة المعنية: قطاع الأعمال المؤسسية.,قطاع الأعمال المؤسسية,مسودة أولية,غير معلن
INIT-00951,2020-11-29,مبادرة مواقع تخزين احتياطية للبيانات الحساسة,تحديد مواقع تخزين احتياطية وسعاتها ومستويات حمايتها. المرجع INI-2020-6956 · الجهة المعنية: قطاع الشراكات.,قطاع الشراكات,بانتظار الاعتماد,غير معلن
INIT-00952,2020-05-18,خطة دخول سوق مكة المكرمة - نسخة غير معلنة,خطة استراتيجية لدخول السوق وتقديرات الحصة المستهدفة. المرجع INI-2020-6547 · الجهة المعنية: قطاع البنية التحتية.,قطاع البنية التحتية,معتمدة داخليًا,معلن جزئيًا
INIT-00953,2021-11-21,مذكرة تفاهم مع صندوق استثماري دولي لتنفيذ برنامج الاستحواذ التقني,مسودة مذكرة تفاهم لم تُوقّع بعد وتتضمن التزامات مالية. المرجع INI-2021-4107 · الجهة المعنية: قطاع الأعمال المؤسسية.,قطاع الأعمال المؤسسية,قيد التنفيذ المبدئي,معلن جزئيًا
INIT-00954,2019-05-28,خطة توزيع الكوادر على برنامج المرونة التشغيلية,توزيع كوادر مع بيانات شخصية ومسميات وظيفية تفصيلية. المرجع INI-2019-5480 · الجهة المعنية: قطاع التحول الرقمي.,قطاع التحول الرقمي,قيد التنفيذ المبدئي,معلن جزئيًا
INIT-00955,2024-09-07,مبادرة مواقع تخزين احتياطية للبيانات الحساسة,تحديد مواقع تخزين احتياطية وسعاتها ومستويات حمايتها. المرجع INI-2024-1831 · الجهة المعنية: قطاع العمليات.,قطاع العمليات,معتمدة داخليًا,غير معلن
INIT-00956,2022-12-07,مشروع منظومة اتصالات لجهة عسكري الطابع,متطلبات منظومة اتصالات لجهة عسكري الطابع وقيود التسليم. المرجع INI-2022-4834 · الجهة المعنية: قطاع الشراكات.,قطاع الشراكات,بانتظار الاعتماد,غير معلن
INIT-00957,2025-03-03,مصفوفة الشركاء المحتملين لبرنامج أمن سلاسل الإمداد,تقييم شركاء محتملين وشروط التفضيل قبل الإفصاح للسوق. المرجع INI-2025-9211 · الجهة المعنية: قطاع التقنية والمشاريع.,قطاع التقنية والمشاريع,معتمدة داخليًا,غير معلن
INIT-00958,2022-01-25,نموذج تسعير برنامج الحوسبة السيادية للمنافسات الحكومية,هوامش وحدود تسعير استراتيجية غير قابلة للإفصاح للمنافسين. المرجع INI-2022-1967 · الجهة المعنية: قطاع العمليات.,قطاع العمليات,معتمدة داخليًا,معلن جزئيًا
INIT-00959,2019-10-21,إعادة هيكلة قطاع العمليات - قبل الاعتماد,تصور إعادة الهيكلة وأثرها الوظيفي قبل الاعتماد من المجلس. المرجع INI-2019-6077 · الجهة المعنية: قطاع العمليات.,قطاع العمليات,مرفوعة للجنة,غير معلن
INIT-00960,2026-06-11,الميزانية الاستراتيجية لبرنامج التحول الرقمي 2026-2028,تفاصيل الميزانية الاستراتيجية وتوزيعها على المراحل قبل الاعتماد. المرجع INI-2026-1277 · الجهة المعنية: قطاع التحول الرقمي.,قطاع التحول الرقمي,قيد الدراسة,معلن جزئيًا
INIT-00961,2024-10-13,مبادرة داخلية رقم SI-2024-785 - غير معلنة,مبادرة قيد الدراسة يترتب على كشفها المبكر أثر تنافسي مباشر. المرجع INI-2024-3436 · الجهة المعنية: قطاع الأعمال المؤسسية.,قطاع الأعمال المؤسسية,معتمدة داخليًا,غير معلن
INIT-00962,2025-05-10,مذكرة تفاهم مع شريك تقني عالمي لتنفيذ برنامج المرونة التشغيلية,مسودة مذكرة تفاهم لم تُوقّع بعد وتتضمن التزامات مالية. المرجع INI-2025-2977 · الجهة المعنية: قطاع البنية التحتية.,,مسودة أولية,غير معلن
INIT-00963,2025-10-13,خطة دخول سوق جازان - نسخة غير معلنة,خطة استراتيجية لدخول السوق وتقديرات الحصة المستهدفة. المرجع INI-2025-6532 · الجهة المعنية: قطاع التقنية والمشاريع.,قطاع التقنية والمشاريع,مرفوعة للجنة,غير معلن
INIT-00964,2023-09-21,تحقيق جدوى موسّع لبرنامج المرونة التشغيلية,تحقيق جدوى يتضمن أرقامًا مالية غير معلنة وسيناريوهات المخاطر. المرجع INI-2023-1031 · الجهة المعنية: قطاع البنية التحتية.,قطاع البنية التحتية,قيد الدراسة,معلن جزئيًا
INIT-00965,2019-10-19,مسار تفاوض دبلوماسي لتوطين برنامج التحول الرقمي,مسار ذو طابع دبلوماسي لتوطين التقنية مع أطراف خارجية. المرجع INI-2019-1321 · الجهة المعنية: قطاع الحلول الحكومية.,قطاع الحلول الحكومية,قيد الدراسة,غير معلن
INIT-00966,2022-01-09,برنامج تشغيل منشأة حيوية وطنية في ينبع,نطاق تشغيل منشأة حيوية وطنية وحدود المسؤولية التشغيلية. المرجع INI-2022-9649 · الجهة المعنية: قطاع العمليات.,قطاع العمليات,بانتظار الاعتماد,غير معلن
INIT-00967,2019-03-07,مبادرة مواقع تخزين احتياطية للبيانات الحساسة,تحديد مواقع تخزين احتياطية وسعاتها ومستويات حمايتها. المرجع INI-2019-3131 · الجهة المعنية: قطاع العمليات.,قطاع العمليات,مسودة أولية,معلن جزئيًا
INIT-00968,2021-12-11,برنامج تشغيل منشأة حيوية وطنية في جازان,نطاق تشغيل منشأة حيوية وطنية وحدود المسؤولية التشغيلية. المرجع INI-2021-9071 · الجهة المعنية: قطاع التقنية والمشاريع.,قطاع التقنية والمشاريع,قيد الدراسة,غير معلن
INIT-00969,2024-03-25,خطة توزيع الكوادر على برنامج أمن سلاسل الإمداد,توزيع كوادر مع بيانات شخصية ومسميات وظيفية تفصيلية. المرجع INI-2024-6861 · الجهة المعنية: قطاع البنية التحتية.,قطاع البنية التحتية,معتمدة داخليًا,معلن جزئيًا
INIT-00970,2021-06-25,مسار تفاوض دبلوماسي لتوطين برنامج أمن سلاسل الإمداد,مسار ذو طابع دبلوماسي لتوطين التقنية مع أطراف خارجية. المرجع INI-2021-1086 · الجهة المعنية: قطاع الحلول الحكومية.,قطاع الحلول الحكومية,قيد الدراسة,معلن جزئيًا
INIT-00971,2019-05-25,الميزانية الاستراتيجية لبرنامج الاستحواذ التقني 2019-2023,تفاصيل الميزانية الاستراتيجية وتوزيعها على المراحل قبل الاعتماد. المرجع INI-2019-3507 · الجهة المعنية: قطاع البنية التحتية.,قطاع البنية التحتية,قيد الدراسة,غير معلن
INIT-00972,2019-08-24,خطة التخارج الاستراتيجية من عقد تشغيل كبير,خيارات التخارج الاستراتيجية وأثرها المالي على الإيرادات. المرجع INI-2019-6796 · الجهة المعنية: قطاع الحلول الحكومية.,قطاع الحلول الحكومية,قيد التنفيذ المبدئي,معلن جزئيًا
INIT-00973,2022-08-30,مشروع تأمين مواقع تخزين أسلحة خاضعة للرقابة,تصميم ضوابط تأمين مواقع أسلحة ومواد خاضعة للرقابة. المرجع INI-2022-6188 · الجهة المعنية: قطاع التحول الرقمي.,قطاع التحول الرقمي,مسودة أولية,غير معلن
INIT-00974,2024-10-19,مبادرة مواقع تخزين احتياطية للبيانات الحساسة,تحديد مواقع تخزين احتياطية وسعاتها ومستويات حمايتها. المرجع INI-2024-1168 · الجهة المعنية: قطاع التحول الرقمي.,قطاع التحول الرقمي,معتمدة داخليًا,غير معلن
INIT-00975,2023-04-26,عرض أسعار استشاري لمرحلة تصميم برنامج المدن الذكية,عرض أسعار مقدم من بيت خبرة ضمن نطاق محدود. المرجع INI-2023-4239 · الجهة المعنية: قطاع الشراكات.,,قيد التنفيذ المبدئي,غير معلن
INIT-00976,2024-08-02,بيان صحفي عن شراكة معلنة في الطائف - 2024,بيان صحفي منشور عن شراكة تم الإعلان عنها رسميًا. المرجع INI-2024-2635 · الجهة المعنية: قطاع التحول الرقمي.,قطاع التحول الرقمي,مرفوعة للجنة,معلن
INIT-00977,2025-01-07,خطة الاستحواذ الاستراتيجية على مزوّد تقني إقليمي,خطة استراتيجية للاستحواذ مع تقييم مبدئي وهيكل تمويل مقترح. المرجع INI-2025-5548 · الجهة المعنية: قطاع العمليات.,قطاع العمليات,قيد التنفيذ المبدئي,غير معلن
INIT-00978,2023-08-12,خطة التخارج الاستراتيجية من عقد تشغيل كبير,خيارات التخارج الاستراتيجية وأثرها المالي على الإيرادات. المرجع INI-2023-3744 · الجهة المعنية: قطاع الحلول الحكومية.,قطاع الحلول الحكومية,بانتظار الاعتماد,معلن جزئيًا
INIT-00979,2024-06-17,إعادة هيكلة قطاع العمليات - قبل الاعتماد,تصور إعادة الهيكلة وأثرها الوظيفي قبل الاعتماد من المجلس. المرجع INI-2024-9500 · الجهة المعنية: قطاع الحلول الحكومية.,قطاع الحلول الحكومية,معتمدة داخليًا,معلن جزئيًا
INIT-00980,2024-02-25,معاهدة تعاون تقني قيد التفاوض مع شريك تقني عالمي,نص معاهدة تعاون تقني قيد التفاوض وبنود نقل المعرفة. المرجع INI-2024-7982 · الجهة المعنية: قطاع الحلول الحكومية.,قطاع الحلول الحكومية,مسودة أولية,غير معلن
INIT-00981,2022-11-07,مسار تفاوض دبلوماسي لتوطين برنامج التوسع الإقليمي,مسار ذو طابع دبلوماسي لتوطين التقنية مع أطراف خارجية. المرجع INI-2022-3060 · الجهة المعنية: قطاع التحول الرقمي.,قطاع التحول الرقمي,قيد الدراسة,معلن جزئيًا
INIT-00982,2024-11-22,نموذج تسعير برنامج الحوسبة السيادية للمنافسات الحكومية,هوامش وحدود تسعير استراتيجية غير قابلة للإفصاح للمنافسين. المرجع INI-2024-1921 · الجهة المعنية: قطاع الحلول الحكومية.,,مسودة أولية,غير معلن
INIT-00983,2019-08-08,مشروع تحديث أنظمة مركز التحكم بالشبكة الكهربائية - مرحلة 3,تحديث أنظمة تحكم منشأة حيوية وجدول الإيقاف المخطط. المرجع INI-2019-6824 · الجهة المعنية: قطاع البنية التحتية.,قطاع البنية التحتية,قيد التنفيذ المبدئي,غير معلن
INIT-00984,2025-03-10,المشروع الوطني المرجعي رقم NP-646 - تداول اللجنة العليا,مشروع لا تُتداول تفاصيله خارج اللجنة العليا لارتباطه بمواقع وطنية. المرجع INI-2025-7870 · الجهة المعنية: قطاع الحلول الحكومية.,قطاع الحلول الحكومية,بانتظار الاعتماد,غير معلن
INIT-00985,2026-01-16,تحقيق جدوى موسّع لبرنامج المرونة التشغيلية,تحقيق جدوى يتضمن أرقامًا مالية غير معلنة وسيناريوهات المخاطر. المرجع INI-2026-6706 · الجهة المعنية: قطاع العمليات.,قطاع العمليات,قيد التنفيذ المبدئي,غير معلن
INIT-00986,2021-06-21,مصفوفة الشركاء المحتملين لبرنامج التوسع الإقليمي,تقييم شركاء محتملين وشروط التفضيل قبل الإفصاح للسوق. المرجع INI-2021-9244 · الجهة المعنية: قطاع الأعمال المؤسسية.,قطاع الأعمال المؤسسية,قيد الدراسة,غير معلن
INIT-00987,2022-10-28,مبادرة مواقع تخزين احتياطية للبيانات الحساسة,تحديد مواقع تخزين احتياطية وسعاتها ومستويات حمايتها. المرجع INI-2022-3075 · الجهة المعنية: قطاع التقنية والمشاريع.,قطاع التقنية والمشاريع,قيد الدراسة,غير معلن
INIT-00988,2019-02-23,الميزانية الاستراتيجية لبرنامج المدن الذكية 2019-2021,تفاصيل الميزانية الاستراتيجية وتوزيعها على المراحل قبل الاعتماد. المرجع INI-2019-4920 · الجهة المعنية: قطاع الأعمال المؤسسية.,قطاع الأعمال المؤسسية,مرفوعة للجنة,غير معلن
INIT-00989,2021-08-02,معاهدة تعاون تقني قيد التفاوض مع تحالف صناعي دولي,نص معاهدة تعاون تقني قيد التفاوض وبنود نقل المعرفة. المرجع INI-2021-7608 · الجهة المعنية: قطاع الشراكات.,قطاع الشراكات,مرفوعة للجنة,معلن جزئيًا
INIT-00990,2024-03-22,مشروع تأمين مواقع تخزين أسلحة خاضعة للرقابة,تصميم ضوابط تأمين مواقع أسلحة ومواد خاضعة للرقابة. المرجع INI-2024-9070 · الجهة المعنية: قطاع الأعمال المؤسسية.,قطاع الأعمال المؤسسية,مرفوعة للجنة,غير معلن
INIT-00991,2020-09-24,مبادرة داخلية رقم SI-2020-662 - غير معلنة,مبادرة قيد الدراسة يترتب على كشفها المبكر أثر تنافسي مباشر. المرجع INI-2020-3141 · الجهة المعنية: قطاع الأعمال المؤسسية.,قطاع الأعمال المؤسسية,بانتظار الاعتماد,غير معلن
INIT-00992,2022-04-14,مصفوفة الشركاء المحتملين لبرنامج المرونة التشغيلية,تقييم شركاء محتملين وشروط التفضيل قبل الإفصاح للسوق. المرجع INI-2022-8059 · الجهة المعنية: قطاع الشراكات.,قطاع الشراكات,معتمدة داخليًا,غير معلن
INIT-00993,2020-02-18,المشروع الوطني المرجعي رقم NP-950 - تداول اللجنة العليا,مشروع لا تُتداول تفاصيله خارج اللجنة العليا لارتباطه بمواقع وطنية. المرجع INI-2020-1794 · الجهة المعنية: قطاع العمليات.,قطاع العمليات,مرفوعة للجنة,غير معلن
INIT-00994,2024-04-25,مصفوفة الشركاء المحتملين لبرنامج أمن سلاسل الإمداد,تقييم شركاء محتملين وشروط التفضيل قبل الإفصاح للسوق. المرجع INI-2024-6965 · الجهة المعنية: قطاع الأعمال المؤسسية.,قطاع الأعمال المؤسسية,مسودة أولية,غير معلن
INIT-00995,2023-04-28,مشروع تحديث أنظمة مطار دولي - مرحلة 3,تحديث أنظمة تحكم منشأة حيوية وجدول الإيقاف المخطط. المرجع INI-2023-7852 · الجهة المعنية: قطاع الأعمال المؤسسية.,قطاع الأعمال المؤسسية,بانتظار الاعتماد,غير معلن
INIT-00996,2022-01-05,متطلبات ربط شبكي لبرنامج أمن سلاسل الإمداد,مخطط الشبكة المطلوب لربط بيئات المشروع الداخلية. المرجع INI-2022-8988 · الجهة المعنية: قطاع العمليات.,قطاع العمليات,بانتظار الاعتماد,معلن جزئيًا
INIT-00997,2024-11-17,مشروع تحديث أنظمة محطة تحلية مياه - مرحلة 2,تحديث أنظمة تحكم منشأة حيوية وجدول الإيقاف المخطط. المرجع INI-2024-2113 · الجهة المعنية: قطاع الحلول الحكومية.,قطاع الحلول الحكومية,معتمدة داخليًا,غير معلن
INIT-00998,2025-02-01,عرض أسعار استشاري لمرحلة تصميم برنامج أمن سلاسل الإمداد,عرض أسعار مقدم من بيت خبرة ضمن نطاق محدود. المرجع INI-2025-7383 · الجهة المعنية: قطاع الأعمال المؤسسية.,قطاع الأعمال المؤسسية,قيد الدراسة,غير معلن
INIT-00999,2022-03-08,معاهدة تعاون تقني قيد التفاوض مع صندوق استثماري دولي,نص معاهدة تعاون تقني قيد التفاوض وبنود نقل المعرفة. المرجع INI-2022-9971 · الجهة المعنية: قطاع الشراكات.,قطاع الشراكات,بانتظار الاعتماد,غير معلن
INIT-01000,2019-09-18,إعادة هيكلة قطاع البنية التحتية - قبل الاعتماد,تصور إعادة الهيكلة وأثرها الوظيفي قبل الاعتماد من المجلس. المرجع INI-2019-9722 · الجهة المعنية: قطاع الأعمال المؤسسية.,قطاع الأعمال المؤسسية,بانتظار الاعتماد,غير معلن
INIT-01001,2025-07-19,مبادرة إدارة مفاتيح التشفير على مستوى الجهات الوطنية,تصميم مركزي لإدارة مفاتيح التشفير عبر الأنظمة الوطنية. المرجع INI-2025-6216 · الجهة المعنية: قطاع البنية التحتية.,قطاع البنية التحتية,بانتظار الاعتماد,غير معلن
INIT-01002,2026-03-16,خطة دخول سوق الجبيل - نسخة غير معلنة,خطة استراتيجية لدخول السوق وتقديرات الحصة المستهدفة. المرجع INI-2026-3757 · الجهة المعنية: قطاع الأعمال المؤسسية.,قطاع الأعمال المؤسسية,بانتظار الاعتماد,معلن جزئيًا
INIT-01003,2024-01-17,مصفوفة الشركاء المحتملين لبرنامج التحول الرقمي,تقييم شركاء محتملين وشروط التفضيل قبل الإفصاح للسوق. المرجع INI-2024-9725 · الجهة المعنية: قطاع التحول الرقمي.,قطاع التحول الرقمي,معتمدة داخليًا,معلن جزئيًا
INIT-01004,2021-06-28,خطة دخول سوق الخبر - نسخة غير معلنة,خطة استراتيجية لدخول السوق وتقديرات الحصة المستهدفة. المرجع INI-2021-6725 · الجهة المعنية: قطاع الحلول الحكومية.,قطاع الحلول الحكومية,قيد الدراسة,معلن جزئيًا
INIT-01005,2025-11-26,مسار تفاوض دبلوماسي لتوطين برنامج المدن الذكية,مسار ذو طابع دبلوماسي لتوطين التقنية مع أطراف خارجية. المرجع INI-2025-4741 · الجهة المعنية: قطاع الأعمال المؤسسية.,قطاع الأعمال المؤسسية,مرفوعة للجنة,معلن جزئيًا
INIT-01006,2023-03-12,مشروع منظومة اتصالات لجهة عسكري الطابع,متطلبات منظومة اتصالات لجهة عسكري الطابع وقيود التسليم. المرجع INI-2023-8344 · الجهة المعنية: قطاع الشراكات.,قطاع الشراكات,مسودة أولية,غير معلن
INIT-01007,2026-02-28,مبادرة داخلية رقم SI-2026-825 - غير معلنة,مبادرة قيد الدراسة يترتب على كشفها المبكر أثر تنافسي مباشر. المرجع INI-2026-8753 · الجهة المعنية: قطاع العمليات.,قطاع العمليات,مسودة أولية,غير معلن
INIT-01008,2022-04-12,مذكرة داخلية لمتابعة مؤشرات برنامج الذكاء الاصطناعي المؤسسي,مذكرة داخلية دورية لمتابعة مؤشرات التنفيذ بين الإدارات. المرجع INI-2022-2958 · الجهة المعنية: قطاع البنية التحتية.,قطاع البنية التحتية,مسودة أولية,غير معلن
INIT-01009,2026-03-16,مذكرة تفاهم مع شريك تقني عالمي لتنفيذ برنامج تحديث البنية التقنية,مسودة مذكرة تفاهم لم تُوقّع بعد وتتضمن التزامات مالية. المرجع INI-2026-5191 · الجهة المعنية: قطاع الشراكات.,قطاع الشراكات,معتمدة داخليًا,غير معلن
INIT-01010,2022-11-04,مصفوفة الشركاء المحتملين لبرنامج تحديث البنية التقنية,تقييم شركاء محتملين وشروط التفضيل قبل الإفصاح للسوق. المرجع INI-2022-5198 · الجهة المعنية: قطاع التقنية والمشاريع.,قطاع التقنية والمشاريع,مسودة أولية,غير معلن
INIT-01011,2025-08-28,خطة الاستحواذ الاستراتيجية على مزوّد تقني إقليمي,خطة استراتيجية للاستحواذ مع تقييم مبدئي وهيكل تمويل مقترح. المرجع INI-2025-8811 · الجهة المعنية: قطاع الشراكات.,قطاع الشراكات,بانتظار الاعتماد,غير معلن
INIT-01012,2021-01-22,مصفوفة الشركاء المحتملين لبرنامج الحوسبة السيادية,تقييم شركاء محتملين وشروط التفضيل قبل الإفصاح للسوق. المرجع INI-2021-2516 · الجهة المعنية: قطاع العمليات.,قطاع العمليات,قيد التنفيذ المبدئي,معلن جزئيًا
INIT-01013,2023-03-26,مبادرة مواقع تخزين احتياطية للبيانات الحساسة,تحديد مواقع تخزين احتياطية وسعاتها ومستويات حمايتها. المرجع INI-2023-5235 · الجهة المعنية: قطاع الحلول الحكومية.,قطاع الحلول الحكومية,قيد التنفيذ المبدئي,معلن جزئيًا
INIT-01014,2020-07-03,نموذج تسعير برنامج الحوسبة السيادية للمنافسات الحكومية,هوامش وحدود تسعير استراتيجية غير قابلة للإفصاح للمنافسين. المرجع INI-2020-8983 · الجهة المعنية: قطاع البنية التحتية.,قطاع البنية التحتية,قيد التنفيذ المبدئي,غير معلن
INIT-01015,2025-09-29,خطة الاستحواذ الاستراتيجية على مزوّد تقني إقليمي,خطة استراتيجية للاستحواذ مع تقييم مبدئي وهيكل تمويل مقترح. المرجع INI-2025-5421 · الجهة المعنية: قطاع البنية التحتية.,قطاع البنية التحتية,بانتظار الاعتماد,معلن جزئيًا
INIT-01016,2021-08-11,مشروع منظومة اتصالات لجهة عسكري الطابع,متطلبات منظومة اتصالات لجهة عسكري الطابع وقيود التسليم. المرجع INI-2021-2162 · الجهة المعنية: قطاع التقنية والمشاريع.,قطاع التقنية والمشاريع,قيد الدراسة,غير معلن
INIT-01017,2020-04-30,مسار تفاوض دبلوماسي لتوطين برنامج المرونة التشغيلية,مسار ذو طابع دبلوماسي لتوطين التقنية مع أطراف خارجية. المرجع INI-2020-1780 · الجهة المعنية: قطاع الشراكات.,قطاع الشراكات,قيد التنفيذ المبدئي,معلن جزئيًا
INIT-01018,2022-03-16,مسار تفاوض دبلوماسي لتوطين برنامج الذكاء الاصطناعي المؤسسي,مسار ذو طابع دبلوماسي لتوطين التقنية مع أطراف خارجية. المرجع INI-2022-4078 · الجهة المعنية: قطاع الحلول الحكومية.,قطاع الحلول الحكومية,بانتظار الاعتماد,معلن جزئيًا
INIT-01019,2022-04-17,تحقيق جدوى موسّع لبرنامج تكامل الأنظمة الحكومية,تحقيق جدوى يتضمن أرقامًا مالية غير معلنة وسيناريوهات المخاطر. المرجع INI-2022-5445 · الجهة المعنية: قطاع البنية التحتية.,قطاع البنية التحتية,مسودة أولية,معلن جزئيًا
INIT-01020,2021-08-07,خطة الاستحواذ الاستراتيجية على مزوّد تقني إقليمي,خطة استراتيجية للاستحواذ مع تقييم مبدئي وهيكل تمويل مقترح. المرجع INI-2021-6957 · الجهة المعنية: قطاع التحول الرقمي.,قطاع التحول الرقمي,مسودة أولية,معلن جزئيًا
INIT-01021,2020-05-12,الميزانية الاستراتيجية لبرنامج التوسع الإقليمي 2020-2024,تفاصيل الميزانية الاستراتيجية وتوزيعها على المراحل قبل الاعتماد. المرجع INI-2020-8359 · الجهة المعنية: قطاع الشراكات.,قطاع الشراكات,بانتظار الاعتماد,معلن جزئيًا
INIT-01022,2021-01-29,برنامج تشغيل منشأة حيوية وطنية في جازان,نطاق تشغيل منشأة حيوية وطنية وحدود المسؤولية التشغيلية. المرجع INI-2021-8763 · الجهة المعنية: قطاع التحول الرقمي.,قطاع التحول الرقمي,مسودة أولية,غير معلن
INIT-01023,2022-05-03,معاهدة تعاون تقني قيد التفاوض مع جهة سيادية شريكة,نص معاهدة تعاون تقني قيد التفاوض وبنود نقل المعرفة. المرجع INI-2022-1657 · الجهة المعنية: قطاع الأعمال المؤسسية.,قطاع الأعمال المؤسسية,بانتظار الاعتماد,معلن جزئيًا
INIT-01024,2021-06-16,الميزانية الاستراتيجية لبرنامج المدن الذكية 2021-2023,تفاصيل الميزانية الاستراتيجية وتوزيعها على المراحل قبل الاعتماد. المرجع INI-2021-4181 · الجهة المعنية: قطاع العمليات.,,مسودة أولية,معلن جزئيًا
INIT-01025,2020-08-19,مبادرة تحليل استخبارات التهديد الوطنية,بناء قدرة استخبارات تهديد مشتركة بين الجهات الوطنية. المرجع INI-2020-6159 · الجهة المعنية: قطاع الشراكات.,قطاع الشراكات,قيد الدراسة,غير معلن
INIT-01026,2020-02-07,مبادرة تحليل استخبارات التهديد الوطنية,بناء قدرة استخبارات تهديد مشتركة بين الجهات الوطنية. المرجع INI-2020-9720 · الجهة المعنية: قطاع البنية التحتية.,قطاع البنية التحتية,بانتظار الاعتماد,غير معلن
INIT-01027,2023-01-23,مذكرة داخلية لمتابعة مؤشرات برنامج المدن الذكية,مذكرة داخلية دورية لمتابعة مؤشرات التنفيذ بين الإدارات. المرجع INI-2023-4064 · الجهة المعنية: قطاع الشراكات.,قطاع الشراكات,مسودة أولية,معلن جزئيًا
INIT-01028,2019-03-04,مبادرة مواقع تخزين احتياطية للبيانات الحساسة,تحديد مواقع تخزين احتياطية وسعاتها ومستويات حمايتها. المرجع INI-2019-8502 · الجهة المعنية: قطاع الشراكات.,قطاع الشراكات,بانتظار الاعتماد,معلن جزئيًا
INIT-01029,2020-04-23,الميزانية الاستراتيجية لبرنامج أمن سلاسل الإمداد 2020-2023,تفاصيل الميزانية الاستراتيجية وتوزيعها على المراحل قبل الاعتماد. المرجع INI-2020-6595 · الجهة المعنية: قطاع الشراكات.,,بانتظار الاعتماد,معلن جزئيًا
INIT-01030,2022-06-02,المشروع الوطني المرجعي رقم NP-100 - تداول اللجنة العليا,مشروع لا تُتداول تفاصيله خارج اللجنة العليا لارتباطه بمواقع وطنية. المرجع INI-2022-5222 · الجهة المعنية: قطاع التحول الرقمي.,قطاع التحول الرقمي,قيد التنفيذ المبدئي,غير معلن
INIT-01031,2023-08-24,مبادرة تحليل استخبارات التهديد الوطنية,بناء قدرة استخبارات تهديد مشتركة بين الجهات الوطنية. المرجع INI-2023-3584 · الجهة المعنية: قطاع التحول الرقمي.,قطاع التحول الرقمي,مرفوعة للجنة,غير معلن
INIT-01032,2022-08-24,الميزانية الاستراتيجية لبرنامج الذكاء الاصطناعي المؤسسي 2022-2026,تفاصيل الميزانية الاستراتيجية وتوزيعها على المراحل قبل الاعتماد. المرجع INI-2022-8346 · الجهة المعنية: قطاع الشراكات.,قطاع الشراكات,مسودة أولية,غير معلن
INIT-01033,2020-11-26,نموذج تسعير برنامج التحول الرقمي للمنافسات الحكومية,هوامش وحدود تسعير استراتيجية غير قابلة للإفصاح للمنافسين. المرجع INI-2020-8543 · الجهة المعنية: قطاع البنية التحتية.,قطاع البنية التحتية,قيد الدراسة,معلن جزئيًا
INIT-01034,2022-11-11,مبادرة تحليل استخبارات التهديد الوطنية,بناء قدرة استخبارات تهديد مشتركة بين الجهات الوطنية. المرجع INI-2022-8655 · الجهة المعنية: قطاع التحول الرقمي.,قطاع التحول الرقمي,قيد الدراسة,غير معلن
INIT-01035,2025-03-22,خطة الاستحواذ الاستراتيجية على مزوّد تقني إقليمي,خطة استراتيجية للاستحواذ مع تقييم مبدئي وهيكل تمويل مقترح. المرجع INI-2025-2069 · الجهة المعنية: قطاع الأعمال المؤسسية.,قطاع الأعمال المؤسسية,قيد الدراسة,غير معلن
INIT-01036,2024-07-14,معاهدة تعاون تقني قيد التفاوض مع منظمة إقليمية,نص معاهدة تعاون تقني قيد التفاوض وبنود نقل المعرفة. المرجع INI-2024-1567 · الجهة المعنية: قطاع البنية التحتية.,قطاع البنية التحتية,بانتظار الاعتماد,غير معلن
INIT-01037,2019-07-07,مشروع تحديث أنظمة مركز التحكم بالسكك الحديدية - مرحلة 4,تحديث أنظمة تحكم منشأة حيوية وجدول الإيقاف المخطط. المرجع INI-2019-9754 · الجهة المعنية: قطاع العمليات.,قطاع العمليات,معتمدة داخليًا,غير معلن
INIT-01038,2023-12-21,خطة الاستحواذ الاستراتيجية على مزوّد تقني إقليمي,خطة استراتيجية للاستحواذ مع تقييم مبدئي وهيكل تمويل مقترح. المرجع INI-2023-7040 · الجهة المعنية: قطاع التحول الرقمي.,قطاع التحول الرقمي,مسودة أولية,غير معلن
INIT-01039,2019-01-17,مسار تفاوض دبلوماسي لتوطين برنامج الذكاء الاصطناعي المؤسسي,مسار ذو طابع دبلوماسي لتوطين التقنية مع أطراف خارجية. المرجع INI-2019-3715 · الجهة المعنية: قطاع الحلول الحكومية.,قطاع الحلول الحكومية,مسودة أولية,غير معلن
INIT-01040,2024-07-16,المشروع الوطني المرجعي رقم NP-596 - تداول اللجنة العليا,مشروع لا تُتداول تفاصيله خارج اللجنة العليا لارتباطه بمواقع وطنية. المرجع INI-2024-7143 · الجهة المعنية: قطاع العمليات.,قطاع العمليات,قيد التنفيذ المبدئي,غير معلن
INIT-01041,2021-07-05,منشور تعريفي بمخرجات برنامج أمن سلاسل الإمداد في حائل,منشور تعريفي عام بالمخرجات المعلنة للبرنامج. المرجع INI-2021-9693 · الجهة المعنية: قطاع الأعمال المؤسسية.,قطاع الأعمال المؤسسية,قيد الدراسة,معلن
INIT-01042,2024-08-18,الميزانية الاستراتيجية لبرنامج الاستحواذ التقني 2024-2026,تفاصيل الميزانية الاستراتيجية وتوزيعها على المراحل قبل الاعتماد. المرجع INI-2024-1003 · الجهة المعنية: قطاع الشراكات.,قطاع الشراكات,مسودة أولية,غير معلن
INIT-01043,2019-04-29,معاهدة تعاون تقني قيد التفاوض مع تحالف صناعي دولي,نص معاهدة تعاون تقني قيد التفاوض وبنود نقل المعرفة. المرجع INI-2019-4043 · الجهة المعنية: قطاع التحول الرقمي.,قطاع التحول الرقمي,مسودة أولية,غير معلن
INIT-01044,2019-09-29,خطة الاستحواذ الاستراتيجية على مزوّد تقني إقليمي,خطة استراتيجية للاستحواذ مع تقييم مبدئي وهيكل تمويل مقترح. المرجع INI-2019-9133 · الجهة المعنية: قطاع الشراكات.,قطاع الشراكات,مرفوعة للجنة,معلن جزئيًا
INIT-01045,2026-03-13,منشور تعريفي بمخرجات برنامج الاستحواذ التقني في الخبر,منشور تعريفي عام بالمخرجات المعلنة للبرنامج. المرجع INI-2026-7810 · الجهة المعنية: قطاع الحلول الحكومية.,قطاع الحلول الحكومية,بانتظار الاعتماد,معلن
INIT-01046,2025-06-06,إعادة هيكلة قطاع العمليات - قبل الاعتماد,تصور إعادة الهيكلة وأثرها الوظيفي قبل الاعتماد من المجلس. المرجع INI-2025-9191 · الجهة المعنية: قطاع التقنية والمشاريع.,قطاع التقنية والمشاريع,مرفوعة للجنة,معلن جزئيًا
INIT-01047,2023-11-06,مبادرة داخلية رقم SI-2023-865 - غير معلنة,مبادرة قيد الدراسة يترتب على كشفها المبكر أثر تنافسي مباشر. المرجع INI-2023-7450 · الجهة المعنية: قطاع الشراكات.,قطاع الشراكات,مرفوعة للجنة,غير معلن
INIT-01048,2022-05-27,إعادة هيكلة قطاع الحلول الحكومية - قبل الاعتماد,تصور إعادة الهيكلة وأثرها الوظيفي قبل الاعتماد من المجلس. المرجع INI-2022-1401 · الجهة المعنية: قطاع البنية التحتية.,قطاع البنية التحتية,قيد التنفيذ المبدئي,غير معلن
INIT-01049,2021-12-05,مشروع تأمين مواقع تخزين أسلحة خاضعة للرقابة,تصميم ضوابط تأمين مواقع أسلحة ومواد خاضعة للرقابة. المرجع INI-2021-9919 · الجهة المعنية: قطاع البنية التحتية.,قطاع البنية التحتية,مسودة أولية,غير معلن
INIT-01050,2024-06-15,إعادة هيكلة قطاع التقنية والمشاريع - قبل الاعتماد,تصور إعادة الهيكلة وأثرها الوظيفي قبل الاعتماد من المجلس. المرجع INI-2024-1300 · الجهة المعنية: قطاع الحلول الحكومية.,قطاع الحلول الحكومية,قيد الدراسة,معلن جزئيًا
INIT-01051,2019-10-27,بيان صحفي عن شراكة معلنة في الخبر - 2019,بيان صحفي منشور عن شراكة تم الإعلان عنها رسميًا. المرجع INI-2019-4227 · الجهة المعنية: قطاع البنية التحتية.,قطاع البنية التحتية,قيد الدراسة,معلن
INIT-01052,2024-05-22,مذكرة تفاهم مع شريك تقني عالمي لتنفيذ برنامج الذكاء الاصطناعي المؤسسي,مسودة مذكرة تفاهم لم تُوقّع بعد وتتضمن التزامات مالية. المرجع INI-2024-9661 · الجهة المعنية: قطاع التقنية والمشاريع.,قطاع التقنية والمشاريع,قيد التنفيذ المبدئي,غير معلن
INIT-01053,2022-02-09,مشروع منظومة اتصالات لجهة عسكري الطابع,متطلبات منظومة اتصالات لجهة عسكري الطابع وقيود التسليم. المرجع INI-2022-8446 · الجهة المعنية: قطاع البنية التحتية.,قطاع البنية التحتية,قيد التنفيذ المبدئي,غير معلن
INIT-01054,2021-02-19,مبادرة داخلية رقم SI-2021-764 - غير معلنة,مبادرة قيد الدراسة يترتب على كشفها المبكر أثر تنافسي مباشر. المرجع INI-2021-2730 · الجهة المعنية: قطاع التحول الرقمي.,قطاع التحول الرقمي,بانتظار الاعتماد,غير معلن
INIT-01055,2025-12-25,مصفوفة الشركاء المحتملين لبرنامج تكامل الأنظمة الحكومية,تقييم شركاء محتملين وشروط التفضيل قبل الإفصاح للسوق. المرجع INI-2025-8654 · الجهة المعنية: قطاع التقنية والمشاريع.,قطاع التقنية والمشاريع,معتمدة داخليًا,معلن جزئيًا
INIT-01056,2020-08-01,معاهدة تعاون تقني قيد التفاوض مع دولة شريكة,نص معاهدة تعاون تقني قيد التفاوض وبنود نقل المعرفة. المرجع INI-2020-4103 · الجهة المعنية: قطاع التحول الرقمي.,قطاع التحول الرقمي,بانتظار الاعتماد,معلن جزئيًا
INIT-01057,2025-05-26,خطة التخارج الاستراتيجية من عقد تشغيل كبير,خيارات التخارج الاستراتيجية وأثرها المالي على الإيرادات. المرجع INI-2025-1211 · الجهة المعنية: قطاع التقنية والمشاريع.,قطاع التقنية والمشاريع,بانتظار الاعتماد,غير معلن
INIT-01058,2019-11-22,الميزانية الاستراتيجية لبرنامج التحول الرقمي 2019-2022,تفاصيل الميزانية الاستراتيجية وتوزيعها على المراحل قبل الاعتماد. المرجع INI-2019-6987 · الجهة المعنية: قطاع البنية التحتية.,قطاع البنية التحتية,قيد التنفيذ المبدئي,غير معلن
INIT-01059,2022-07-06,إعادة هيكلة قطاع الأعمال المؤسسية - قبل الاعتماد,تصور إعادة الهيكلة وأثرها الوظيفي قبل الاعتماد من المجلس. المرجع INI-2022-2706 · الجهة المعنية: قطاع الأعمال المؤسسية.,قطاع الأعمال المؤسسية,مسودة أولية,غير معلن
INIT-01060,2025-05-10,خطة توزيع الكوادر على برنامج الذكاء الاصطناعي المؤسسي,توزيع كوادر مع بيانات شخصية ومسميات وظيفية تفصيلية. المرجع INI-2025-4614 · الجهة المعنية: قطاع الأعمال المؤسسية.,قطاع الأعمال المؤسسية,مسودة أولية,معلن جزئيًا
INIT-01061,2021-01-08,نموذج تسعير برنامج التحول الرقمي للمنافسات الحكومية,هوامش وحدود تسعير استراتيجية غير قابلة للإفصاح للمنافسين. المرجع INI-2021-6291 · الجهة المعنية: قطاع التقنية والمشاريع.,قطاع التقنية والمشاريع,مسودة أولية,معلن جزئيًا
INIT-01062,2019-05-01,عقد مورد لتوريد تجهيزات برنامج تكامل الأنظمة الحكومية,بنود عقد مورد وجدول التوريد والغرامات التعاقدية. المرجع INI-2019-3686 · الجهة المعنية: قطاع التحول الرقمي.,قطاع التحول الرقمي,قيد التنفيذ المبدئي,غير معلن
INIT-01063,2020-01-15,معاهدة تعاون تقني قيد التفاوض مع صندوق استثماري دولي,نص معاهدة تعاون تقني قيد التفاوض وبنود نقل المعرفة. المرجع INI-2020-7341 · الجهة المعنية: قطاع التحول الرقمي.,قطاع التحول الرقمي,قيد الدراسة,معلن جزئيًا
INIT-01064,2025-03-26,مشروع تحديث أنظمة مستودع وقود استراتيجي - مرحلة 4,تحديث أنظمة تحكم منشأة حيوية وجدول الإيقاف المخطط. المرجع INI-2025-8049 · الجهة المعنية: قطاع الأعمال المؤسسية.,قطاع الأعمال المؤسسية,مرفوعة للجنة,غير معلن
INIT-01065,2021-02-19,إعلان انطلاق برنامج المرونة التشغيلية - قطاع الشراكات 2021,إعلان رسمي عن انطلاق البرنامج وأهدافه المعلنة. المرجع INI-2021-9429 · الجهة المعنية: قطاع البنية التحتية.,قطاع البنية التحتية,مرفوعة للجنة,معلن
INIT-01066,2021-06-04,مبادرة الحوسبة السيادية وحماية سيادة البيانات,تصميم بيئة تضمن سيادة البيانات الوطنية وحدود الاستضافة المسموحة. المرجع INI-2021-9301 · الجهة المعنية: قطاع التقنية والمشاريع.,قطاع التقنية والمشاريع,قيد الدراسة,غير معلن
INIT-01067,2021-02-11,الميزانية الاستراتيجية لبرنامج الاستحواذ التقني 2021-2025,تفاصيل الميزانية الاستراتيجية وتوزيعها على المراحل قبل الاعتماد. المرجع INI-2021-1791 · الجهة المعنية: قطاع التقنية والمشاريع.,قطاع التقنية والمشاريع,معتمدة داخليًا,معلن جزئيًا
INIT-01068,2022-12-05,مسار تفاوض دبلوماسي لتوطين برنامج أمن سلاسل الإمداد,مسار ذو طابع دبلوماسي لتوطين التقنية مع أطراف خارجية. المرجع INI-2022-7566 · الجهة المعنية: قطاع العمليات.,قطاع العمليات,قيد التنفيذ المبدئي,غير معلن
INIT-01069,2024-04-13,خطة التخارج الاستراتيجية من عقد تشغيل كبير,خيارات التخارج الاستراتيجية وأثرها المالي على الإيرادات. المرجع INI-2024-3539 · الجهة المعنية: قطاع التقنية والمشاريع.,قطاع التقنية والمشاريع,قيد الدراسة,معلن جزئيًا
INIT-01070,2020-03-16,معاهدة تعاون تقني قيد التفاوض مع تحالف صناعي دولي,نص معاهدة تعاون تقني قيد التفاوض وبنود نقل المعرفة. المرجع INI-2020-4099 · الجهة المعنية: قطاع التحول الرقمي.,قطاع التحول الرقمي,قيد التنفيذ المبدئي,غير معلن
INIT-01071,2019-02-09,خطة دخول سوق مكة المكرمة - نسخة غير معلنة,خطة استراتيجية لدخول السوق وتقديرات الحصة المستهدفة. المرجع INI-2019-1684 · الجهة المعنية: قطاع الشراكات.,قطاع الشراكات,مرفوعة للجنة,غير معلن
INIT-01072,2023-01-04,المشروع الوطني المرجعي رقم NP-825 - تداول اللجنة العليا,مشروع لا تُتداول تفاصيله خارج اللجنة العليا لارتباطه بمواقع وطنية. المرجع INI-2023-5183 · الجهة المعنية: قطاع البنية التحتية.,قطاع البنية التحتية,بانتظار الاعتماد,غير معلن
INIT-01073,2021-08-23,متطلبات ربط شبكي لبرنامج التحول الرقمي,مخطط الشبكة المطلوب لربط بيئات المشروع الداخلية. المرجع INI-2021-9589 · الجهة المعنية: قطاع الشراكات.,قطاع الشراكات,مرفوعة للجنة,غير معلن
INIT-01074,2020-03-03,مذكرة تفاهم مع صندوق استثماري دولي لتنفيذ برنامج أمن سلاسل الإمداد,مسودة مذكرة تفاهم لم تُوقّع بعد وتتضمن التزامات مالية. المرجع INI-2020-2328 · الجهة المعنية: قطاع التقنية والمشاريع.,قطاع التقنية والمشاريع,بانتظار الاعتماد,غير معلن
INIT-01075,2024-02-27,مذكرة تفاهم مع شريك تقني عالمي لتنفيذ برنامج الحوسبة السيادية,مسودة مذكرة تفاهم لم تُوقّع بعد وتتضمن التزامات مالية. المرجع INI-2024-8514 · الجهة المعنية: قطاع التقنية والمشاريع.,قطاع التقنية والمشاريع,مرفوعة للجنة,معلن جزئيًا
INIT-01076,2022-10-26,مبادرة تحليل استخبارات التهديد الوطنية,بناء قدرة استخبارات تهديد مشتركة بين الجهات الوطنية. المرجع INI-2022-9816 · الجهة المعنية: قطاع الشراكات.,قطاع الشراكات,قيد الدراسة,غير معلن
INIT-01077,2019-05-10,إعادة هيكلة قطاع التقنية والمشاريع - قبل الاعتماد,تصور إعادة الهيكلة وأثرها الوظيفي قبل الاعتماد من المجلس. المرجع INI-2019-8551 · الجهة المعنية: قطاع الأعمال المؤسسية.,قطاع الأعمال المؤسسية,معتمدة داخليًا,غير معلن
INIT-01078,2020-05-06,عرض أسعار استشاري لمرحلة تصميم برنامج المدن الذكية,عرض أسعار مقدم من بيت خبرة ضمن نطاق محدود. المرجع INI-2020-6054 · الجهة المعنية: قطاع الأعمال المؤسسية.,قطاع الأعمال المؤسسية,معتمدة داخليًا,معلن جزئيًا
INIT-01079,2022-07-16,معاهدة تعاون تقني قيد التفاوض مع منظمة إقليمية,نص معاهدة تعاون تقني قيد التفاوض وبنود نقل المعرفة. المرجع INI-2022-7625 · الجهة المعنية: قطاع الشراكات.,قطاع الشراكات,قيد التنفيذ المبدئي,غير معلن
INIT-01080,2024-08-05,إحصاءات أثر برنامج تكامل الأنظمة الحكومية المعلنة - الربع الأول 2024,إحصاءات معلنة عن أثر البرنامج على مستوى الخدمة. المرجع INI-2024-5089 · الجهة المعنية: قطاع الحلول الحكومية.,قطاع الحلول الحكومية,معتمدة داخليًا,معلن
INIT-01081,2025-11-25,مبادرة مواقع تخزين احتياطية للبيانات الحساسة,تحديد مواقع تخزين احتياطية وسعاتها ومستويات حمايتها. المرجع INI-2025-1198 · الجهة المعنية: قطاع البنية التحتية.,قطاع البنية التحتية,مسودة أولية,معلن جزئيًا
INIT-01082,2022-03-05,خطة دخول سوق تبوك - نسخة غير معلنة,خطة استراتيجية لدخول السوق وتقديرات الحصة المستهدفة. المرجع INI-2022-2602 · الجهة المعنية: قطاع الأعمال المؤسسية.,قطاع الأعمال المؤسسية,معتمدة داخليًا,غير معلن
INIT-01083,2024-08-20,نموذج تسعير برنامج أمن سلاسل الإمداد للمنافسات الحكومية,هوامش وحدود تسعير استراتيجية غير قابلة للإفصاح للمنافسين. المرجع INI-2024-4320 · الجهة المعنية: قطاع الأعمال المؤسسية.,قطاع الأعمال المؤسسية,مرفوعة للجنة,معلن جزئيًا
INIT-01084,2024-09-11,مبادرة الحوسبة السيادية وحماية سيادة البيانات,تصميم بيئة تضمن سيادة البيانات الوطنية وحدود الاستضافة المسموحة. المرجع INI-2024-9374 · الجهة المعنية: قطاع التقنية والمشاريع.,قطاع التقنية والمشاريع,قيد التنفيذ المبدئي,غير معلن
INIT-01085,2021-10-18,خطة توزيع الكوادر على برنامج تكامل الأنظمة الحكومية,توزيع كوادر مع بيانات شخصية ومسميات وظيفية تفصيلية. المرجع INI-2021-2065 · الجهة المعنية: قطاع البنية التحتية.,قطاع البنية التحتية,قيد الدراسة,معلن جزئيًا
INIT-01086,2022-10-16,تحقيق جدوى موسّع لبرنامج التوسع الإقليمي,تحقيق جدوى يتضمن أرقامًا مالية غير معلنة وسيناريوهات المخاطر. المرجع INI-2022-9625 · الجهة المعنية: قطاع الحلول الحكومية.,قطاع الحلول الحكومية,قيد الدراسة,غير معلن
INIT-01087,2019-07-07,مصفوفة الشركاء المحتملين لبرنامج تكامل الأنظمة الحكومية,تقييم شركاء محتملين وشروط التفضيل قبل الإفصاح للسوق. المرجع INI-2019-3949 · الجهة المعنية: قطاع التقنية والمشاريع.,قطاع التقنية والمشاريع,مسودة أولية,غير معلن
INIT-01088,2020-10-09,تحقيق جدوى موسّع لبرنامج أمن سلاسل الإمداد,تحقيق جدوى يتضمن أرقامًا مالية غير معلنة وسيناريوهات المخاطر. المرجع INI-2020-9076 · الجهة المعنية: قطاع العمليات.,قطاع العمليات,مرفوعة للجنة,غير معلن
INIT-01089,2019-12-08,خطة دخول سوق الدمام - نسخة غير معلنة,خطة استراتيجية لدخول السوق وتقديرات الحصة المستهدفة. المرجع INI-2019-3209 · الجهة المعنية: قطاع التقنية والمشاريع.,قطاع التقنية والمشاريع,بانتظار الاعتماد,غير معلن
INIT-01090,2020-12-04,المشروع الوطني المرجعي رقم NP-920 - تداول اللجنة العليا,مشروع لا تُتداول تفاصيله خارج اللجنة العليا لارتباطه بمواقع وطنية. المرجع INI-2020-8709 · الجهة المعنية: قطاع الحلول الحكومية.,قطاع الحلول الحكومية,معتمدة داخليًا,غير معلن
INIT-01091,2019-08-16,مشروع منظومة اتصالات لجهة عسكري الطابع,متطلبات منظومة اتصالات لجهة عسكري الطابع وقيود التسليم. المرجع INI-2019-2468 · الجهة المعنية: قطاع الأعمال المؤسسية.,قطاع الأعمال المؤسسية,قيد التنفيذ المبدئي,غير معلن
INIT-01092,2026-03-24,مبادرة داخلية رقم SI-2026-271 - غير معلنة,مبادرة قيد الدراسة يترتب على كشفها المبكر أثر تنافسي مباشر. المرجع INI-2026-8320 · الجهة المعنية: قطاع البنية التحتية.,قطاع البنية التحتية,معتمدة داخليًا,غير معلن
INIT-01093,2020-02-24,تحقيق جدوى موسّع لبرنامج أمن سلاسل الإمداد,تحقيق جدوى يتضمن أرقامًا مالية غير معلنة وسيناريوهات المخاطر. المرجع INI-2020-1559 · الجهة المعنية: قطاع العمليات.,قطاع العمليات,مرفوعة للجنة,غير معلن
INIT-01094,2019-02-27,نموذج تسعير برنامج الاستحواذ التقني للمنافسات الحكومية,هوامش وحدود تسعير استراتيجية غير قابلة للإفصاح للمنافسين. المرجع INI-2019-4074 · الجهة المعنية: قطاع التقنية والمشاريع.,قطاع التقنية والمشاريع,معتمدة داخليًا,معلن جزئيًا
INIT-01095,2021-01-07,معاهدة تعاون تقني قيد التفاوض مع شريك تقني عالمي,نص معاهدة تعاون تقني قيد التفاوض وبنود نقل المعرفة. المرجع INI-2021-9230 · الجهة المعنية: قطاع العمليات.,قطاع العمليات,بانتظار الاعتماد,معلن جزئيًا
INIT-01096,2025-12-18,نموذج تسعير برنامج الاستحواذ التقني للمنافسات الحكومية,هوامش وحدود تسعير استراتيجية غير قابلة للإفصاح للمنافسين. المرجع INI-2025-4053 · الجهة المعنية: قطاع التحول الرقمي.,قطاع التحول الرقمي,قيد الدراسة,معلن جزئيًا
INIT-01097,2022-06-10,الميزانية الاستراتيجية لبرنامج أمن سلاسل الإمداد 2022-2026,تفاصيل الميزانية الاستراتيجية وتوزيعها على المراحل قبل الاعتماد. المرجع INI-2022-1674 · الجهة المعنية: قطاع التحول الرقمي.,قطاع التحول الرقمي,قيد الدراسة,معلن جزئيًا
INIT-01098,2020-05-01,مسار تفاوض دبلوماسي لتوطين برنامج المرونة التشغيلية,مسار ذو طابع دبلوماسي لتوطين التقنية مع أطراف خارجية. المرجع INI-2020-2472 · الجهة المعنية: قطاع العمليات.,قطاع العمليات,قيد الدراسة,معلن جزئيًا
INIT-01099,2021-03-13,مبادرة داخلية رقم SI-2021-439 - غير معلنة,مبادرة قيد الدراسة يترتب على كشفها المبكر أثر تنافسي مباشر. المرجع INI-2021-1360 · الجهة المعنية: قطاع البنية التحتية.,قطاع البنية التحتية,مسودة أولية,معلن جزئيًا
INIT-01100,2020-06-18,إعادة هيكلة قطاع العمليات - قبل الاعتماد,تصور إعادة الهيكلة وأثرها الوظيفي قبل الاعتماد من المجلس. المرجع INI-2020-3573 · الجهة المعنية: قطاع الحلول الحكومية.,قطاع الحلول الحكومية,قيد التنفيذ المبدئي,غير معلن
INIT-01101,2026-01-12,الميزانية الاستراتيجية لبرنامج أمن سلاسل الإمداد 2026-2030,تفاصيل الميزانية الاستراتيجية وتوزيعها على المراحل قبل الاعتماد. المرجع INI-2026-6934 · الجهة المعنية: قطاع التقنية والمشاريع.,قطاع التقنية والمشاريع,قيد الدراسة,غير معلن
INIT-01102,2023-10-30,نموذج تسعير برنامج الحوسبة السيادية للمنافسات الحكومية,هوامش وحدود تسعير استراتيجية غير قابلة للإفصاح للمنافسين. المرجع INI-2023-2599 · الجهة المعنية: قطاع الشراكات.,قطاع الشراكات,مسودة أولية,معلن جزئيًا
INIT-01103,2025-05-09,بيان صحفي عن شراكة معلنة في مكة المكرمة - 2025,بيان صحفي منشور عن شراكة تم الإعلان عنها رسميًا. المرجع INI-2025-4684 · الجهة المعنية: قطاع البنية التحتية.,قطاع البنية التحتية,قيد الدراسة,معلن
INIT-01104,2026-01-17,المشروع الوطني المرجعي رقم NP-315 - تداول اللجنة العليا,مشروع لا تُتداول تفاصيله خارج اللجنة العليا لارتباطه بمواقع وطنية. المرجع INI-2026-2552 · الجهة المعنية: قطاع البنية التحتية.,قطاع البنية التحتية,قيد الدراسة,غير معلن
INIT-01105,2026-05-27,مذكرة داخلية لمتابعة مؤشرات برنامج تكامل الأنظمة الحكومية,مذكرة داخلية دورية لمتابعة مؤشرات التنفيذ بين الإدارات. المرجع INI-2026-7468 · الجهة المعنية: قطاع العمليات.,قطاع العمليات,قيد الدراسة,غير معلن
INIT-01106,2021-10-23,المشروع الوطني المرجعي رقم NP-352 - تداول اللجنة العليا,مشروع لا تُتداول تفاصيله خارج اللجنة العليا لارتباطه بمواقع وطنية. المرجع INI-2021-4423 · الجهة المعنية: قطاع الأعمال المؤسسية.,قطاع الأعمال المؤسسية,قيد التنفيذ المبدئي,غير معلن
INIT-01107,2022-07-27,مبادرة مواقع تخزين احتياطية للبيانات الحساسة,تحديد مواقع تخزين احتياطية وسعاتها ومستويات حمايتها. المرجع INI-2022-1146 · الجهة المعنية: قطاع التقنية والمشاريع.,قطاع التقنية والمشاريع,قيد الدراسة,غير معلن
INIT-01108,2026-03-11,تحقيق جدوى موسّع لبرنامج أمن سلاسل الإمداد,تحقيق جدوى يتضمن أرقامًا مالية غير معلنة وسيناريوهات المخاطر. المرجع INI-2026-6909 · الجهة المعنية: قطاع التقنية والمشاريع.,قطاع التقنية والمشاريع,مسودة أولية,معلن جزئيًا
INIT-01109,2022-03-24,معاهدة تعاون تقني قيد التفاوض مع شريك تقني عالمي,نص معاهدة تعاون تقني قيد التفاوض وبنود نقل المعرفة. المرجع INI-2022-7211 · الجهة المعنية: قطاع العمليات.,قطاع العمليات,معتمدة داخليًا,معلن جزئيًا
INIT-01110,2026-05-01,خطة التخارج الاستراتيجية من عقد تشغيل كبير,خيارات التخارج الاستراتيجية وأثرها المالي على الإيرادات. المرجع INI-2026-6765 · الجهة المعنية: قطاع العمليات.,قطاع العمليات,معتمدة داخليًا,غير معلن
INIT-01111,2019-07-15,خطة دخول سوق بريدة - نسخة غير معلنة,خطة استراتيجية لدخول السوق وتقديرات الحصة المستهدفة. المرجع INI-2019-4537 · الجهة المعنية: قطاع العمليات.,قطاع العمليات,مرفوعة للجنة,غير معلن
INIT-01112,2022-02-21,خطة دخول سوق الخبر - نسخة غير معلنة,خطة استراتيجية لدخول السوق وتقديرات الحصة المستهدفة. المرجع INI-2022-9683 · الجهة المعنية: قطاع الشراكات.,قطاع الشراكات,قيد التنفيذ المبدئي,غير معلن
INIT-01113,2022-12-03,خطة دخول سوق ينبع - نسخة غير معلنة,خطة استراتيجية لدخول السوق وتقديرات الحصة المستهدفة. المرجع INI-2022-5485 · الجهة المعنية: قطاع العمليات.,قطاع العمليات,معتمدة داخليًا,غير معلن
INIT-01114,2023-08-28,إعلان انطلاق برنامج أمن سلاسل الإمداد - قطاع البنية التحتية 2023,إعلان رسمي عن انطلاق البرنامج وأهدافه المعلنة. المرجع INI-2023-1516 · الجهة المعنية: قطاع التحول الرقمي.,قطاع التحول الرقمي,قيد الدراسة,معلن
INIT-01115,2025-08-23,خطة التخارج الاستراتيجية من عقد تشغيل كبير,خيارات التخارج الاستراتيجية وأثرها المالي على الإيرادات. المرجع INI-2025-9615 · الجهة المعنية: قطاع التقنية والمشاريع.,قطاع التقنية والمشاريع,قيد الدراسة,معلن جزئيًا
INIT-01116,2022-11-07,مذكرة تفاهم مع دولة شريكة لتنفيذ برنامج المدن الذكية,مسودة مذكرة تفاهم لم تُوقّع بعد وتتضمن التزامات مالية. المرجع INI-2022-2475 · الجهة المعنية: قطاع البنية التحتية.,,معتمدة داخليًا,معلن جزئيًا
INIT-01117,2023-09-24,الميزانية الاستراتيجية لبرنامج المرونة التشغيلية 2023-2025,تفاصيل الميزانية الاستراتيجية وتوزيعها على المراحل قبل الاعتماد. المرجع INI-2023-7694 · الجهة المعنية: قطاع البنية التحتية.,قطاع البنية التحتية,معتمدة داخليًا,معلن جزئيًا
INIT-01118,2022-05-22,مبادرة تحليل استخبارات التهديد الوطنية,بناء قدرة استخبارات تهديد مشتركة بين الجهات الوطنية. المرجع INI-2022-4125 · الجهة المعنية: قطاع البنية التحتية.,قطاع البنية التحتية,قيد التنفيذ المبدئي,غير معلن
INIT-01119,2020-07-04,عرض أسعار استشاري لمرحلة تصميم برنامج المدن الذكية,عرض أسعار مقدم من بيت خبرة ضمن نطاق محدود. المرجع INI-2020-9688 · الجهة المعنية: قطاع الشراكات.,قطاع الشراكات,بانتظار الاعتماد,معلن جزئيًا
INIT-01120,2025-01-17,مبادرة الحوسبة السيادية وحماية سيادة البيانات,تصميم بيئة تضمن سيادة البيانات الوطنية وحدود الاستضافة المسموحة. المرجع INI-2025-1095 · الجهة المعنية: قطاع التقنية والمشاريع.,قطاع التقنية والمشاريع,بانتظار الاعتماد,غير معلن
INIT-01121,2020-07-21,الميزانية الاستراتيجية لبرنامج تحديث البنية التقنية 2020-2024,تفاصيل الميزانية الاستراتيجية وتوزيعها على المراحل قبل الاعتماد. المرجع INI-2020-9500 · الجهة المعنية: قطاع التقنية والمشاريع.,قطاع التقنية والمشاريع,معتمدة داخليًا,معلن جزئيًا
INIT-01122,2021-06-13,برنامج تشغيل منشأة حيوية وطنية في حائل,نطاق تشغيل منشأة حيوية وطنية وحدود المسؤولية التشغيلية. المرجع INI-2021-9701 · الجهة المعنية: قطاع العمليات.,قطاع العمليات,مسودة أولية,غير معلن
INIT-01123,2024-12-13,مصفوفة الشركاء المحتملين لبرنامج الذكاء الاصطناعي المؤسسي,تقييم شركاء محتملين وشروط التفضيل قبل الإفصاح للسوق. المرجع INI-2024-5539 · الجهة المعنية: قطاع العمليات.,,قيد الدراسة,معلن جزئيًا
INIT-01124,2022-03-29,مشروع تحديث أنظمة مستودع وقود استراتيجي - مرحلة 3,تحديث أنظمة تحكم منشأة حيوية وجدول الإيقاف المخطط. المرجع INI-2022-4143 · الجهة المعنية: قطاع التقنية والمشاريع.,قطاع التقنية والمشاريع,مرفوعة للجنة,غير معلن
INIT-01125,2021-01-05,مشروع منظومة اتصالات لجهة عسكري الطابع,متطلبات منظومة اتصالات لجهة عسكري الطابع وقيود التسليم. المرجع INI-2021-7833 · الجهة المعنية: قطاع الأعمال المؤسسية.,قطاع الأعمال المؤسسية,معتمدة داخليًا,غير معلن
INIT-01126,2020-05-29,مسار تفاوض دبلوماسي لتوطين برنامج التوسع الإقليمي,مسار ذو طابع دبلوماسي لتوطين التقنية مع أطراف خارجية. المرجع INI-2020-7228 · الجهة المعنية: قطاع الحلول الحكومية.,قطاع الحلول الحكومية,معتمدة داخليًا,غير معلن
INIT-01127,2024-03-24,مبادرة مواقع تخزين احتياطية للبيانات الحساسة,تحديد مواقع تخزين احتياطية وسعاتها ومستويات حمايتها. المرجع INI-2024-1289 · الجهة المعنية: قطاع التقنية والمشاريع.,قطاع التقنية والمشاريع,قيد الدراسة,غير معلن
INIT-01128,2022-08-26,مبادرة إدارة مفاتيح التشفير على مستوى الجهات الوطنية,تصميم مركزي لإدارة مفاتيح التشفير عبر الأنظمة الوطنية. المرجع INI-2022-5053 · الجهة المعنية: قطاع البنية التحتية.,قطاع البنية التحتية,قيد الدراسة,غير معلن
INIT-01129,2024-04-21,مبادرة مواقع تخزين احتياطية للبيانات الحساسة,تحديد مواقع تخزين احتياطية وسعاتها ومستويات حمايتها. المرجع INI-2024-2854 · الجهة المعنية: قطاع التحول الرقمي.,قطاع التحول الرقمي,مسودة أولية,غير معلن
INIT-01130,2026-01-07,مصفوفة الشركاء المحتملين لبرنامج أمن سلاسل الإمداد,تقييم شركاء محتملين وشروط التفضيل قبل الإفصاح للسوق. المرجع INI-2026-6038 · الجهة المعنية: قطاع الشراكات.,قطاع الشراكات,مرفوعة للجنة,معلن جزئيًا
INIT-01131,2021-11-02,المشروع الوطني المرجعي رقم NP-935 - تداول اللجنة العليا,مشروع لا تُتداول تفاصيله خارج اللجنة العليا لارتباطه بمواقع وطنية. المرجع INI-2021-1100 · الجهة المعنية: قطاع الأعمال المؤسسية.,قطاع الأعمال المؤسسية,قيد التنفيذ المبدئي,غير معلن
INIT-01132,2020-10-30,خطة الاستحواذ الاستراتيجية على مزوّد تقني إقليمي,خطة استراتيجية للاستحواذ مع تقييم مبدئي وهيكل تمويل مقترح. المرجع INI-2020-8637 · الجهة المعنية: قطاع البنية التحتية.,قطاع البنية التحتية,مرفوعة للجنة,معلن جزئيًا
INIT-01133,2019-05-22,مبادرة إدارة مفاتيح التشفير على مستوى الجهات الوطنية,تصميم مركزي لإدارة مفاتيح التشفير عبر الأنظمة الوطنية. المرجع INI-2019-4995 · الجهة المعنية: قطاع الشراكات.,قطاع الشراكات,مسودة أولية,غير معلن
INIT-01134,2024-06-14,خطة التخارج الاستراتيجية من عقد تشغيل كبير,خيارات التخارج الاستراتيجية وأثرها المالي على الإيرادات. المرجع INI-2024-4160 · الجهة المعنية: قطاع التحول الرقمي.,قطاع التحول الرقمي,معتمدة داخليًا,غير معلن
INIT-01135,2024-12-28,إعادة هيكلة قطاع الأعمال المؤسسية - قبل الاعتماد,تصور إعادة الهيكلة وأثرها الوظيفي قبل الاعتماد من المجلس. المرجع INI-2024-9711 · الجهة المعنية: قطاع الشراكات.,قطاع الشراكات,قيد التنفيذ المبدئي,معلن جزئيًا
INIT-01136,2023-02-23,منشور تعريفي بمخرجات برنامج الحوسبة السيادية في الأحساء,منشور تعريفي عام بالمخرجات المعلنة للبرنامج. المرجع INI-2023-6991 · الجهة المعنية: قطاع العمليات.,قطاع العمليات,مرفوعة للجنة,معلن
INIT-01137,2021-01-07,الميزانية الاستراتيجية لبرنامج الذكاء الاصطناعي المؤسسي 2021-2024,تفاصيل الميزانية الاستراتيجية وتوزيعها على المراحل قبل الاعتماد. المرجع INI-2021-6651 · الجهة المعنية: قطاع التقنية والمشاريع.,قطاع التقنية والمشاريع,معتمدة داخليًا,معلن جزئيًا
INIT-01138,2025-11-06,بيان صحفي عن شراكة معلنة في خميس مشيط - 2025,بيان صحفي منشور عن شراكة تم الإعلان عنها رسميًا. المرجع INI-2025-9898 · الجهة المعنية: قطاع التحول الرقمي.,قطاع التحول الرقمي,بانتظار الاعتماد,معلن
INIT-01139,2021-02-26,مذكرة تفاهم مع صندوق استثماري دولي لتنفيذ برنامج المدن الذكية,مسودة مذكرة تفاهم لم تُوقّع بعد وتتضمن التزامات مالية. المرجع INI-2021-8115 · الجهة المعنية: قطاع العمليات.,قطاع العمليات,بانتظار الاعتماد,معلن جزئيًا
INIT-01140,2021-06-04,مسار تفاوض دبلوماسي لتوطين برنامج الحوسبة السيادية,مسار ذو طابع دبلوماسي لتوطين التقنية مع أطراف خارجية. المرجع INI-2021-7541 · الجهة المعنية: قطاع الشراكات.,قطاع الشراكات,مسودة أولية,غير معلن
INIT-01141,2023-12-06,مشروع تحديث أنظمة محطة ضخ رئيسية - مرحلة 4,تحديث أنظمة تحكم منشأة حيوية وجدول الإيقاف المخطط. المرجع INI-2023-5763 · الجهة المعنية: قطاع الحلول الحكومية.,قطاع الحلول الحكومية,مسودة أولية,غير معلن
INIT-01142,2024-10-31,مذكرة تفاهم مع شريك تقني عالمي لتنفيذ برنامج تحديث البنية التقنية,مسودة مذكرة تفاهم لم تُوقّع بعد وتتضمن التزامات مالية. المرجع INI-2024-8478 · الجهة المعنية: قطاع الأعمال المؤسسية.,قطاع الأعمال المؤسسية,قيد التنفيذ المبدئي,غير معلن
INIT-01143,2019-02-26,مبادرة تحليل استخبارات التهديد الوطنية,بناء قدرة استخبارات تهديد مشتركة بين الجهات الوطنية. المرجع INI-2019-5157 · الجهة المعنية: قطاع البنية التحتية.,قطاع البنية التحتية,بانتظار الاعتماد,غير معلن
INIT-01144,2023-07-17,برنامج تشغيل منشأة حيوية وطنية في نجران,نطاق تشغيل منشأة حيوية وطنية وحدود المسؤولية التشغيلية. المرجع INI-2023-1867 · الجهة المعنية: قطاع الأعمال المؤسسية.,قطاع الأعمال المؤسسية,بانتظار الاعتماد,غير معلن
INIT-01145,2023-08-30,تحقيق جدوى موسّع لبرنامج المرونة التشغيلية,تحقيق جدوى يتضمن أرقامًا مالية غير معلنة وسيناريوهات المخاطر. المرجع INI-2023-3708 · الجهة المعنية: قطاع التحول الرقمي.,قطاع التحول الرقمي,قيد الدراسة,غير معلن
INIT-01146,2020-10-18,مسار تفاوض دبلوماسي لتوطين برنامج التوسع الإقليمي,مسار ذو طابع دبلوماسي لتوطين التقنية مع أطراف خارجية. المرجع INI-2020-2268 · الجهة المعنية: قطاع الشراكات.,قطاع الشراكات,قيد الدراسة,غير معلن
INIT-01147,2024-07-13,خطة التخارج الاستراتيجية من عقد تشغيل كبير,خيارات التخارج الاستراتيجية وأثرها المالي على الإيرادات. المرجع INI-2024-2982 · الجهة المعنية: قطاع الحلول الحكومية.,قطاع الحلول الحكومية,قيد التنفيذ المبدئي,غير معلن
INIT-01148,2024-02-19,مسار تفاوض دبلوماسي لتوطين برنامج التوسع الإقليمي,مسار ذو طابع دبلوماسي لتوطين التقنية مع أطراف خارجية. المرجع INI-2024-3571 · الجهة المعنية: قطاع التحول الرقمي.,قطاع التحول الرقمي,بانتظار الاعتماد,غير معلن
INIT-01149,2021-01-27,مصفوفة الشركاء المحتملين لبرنامج التوسع الإقليمي,تقييم شركاء محتملين وشروط التفضيل قبل الإفصاح للسوق. المرجع INI-2021-1230 · الجهة المعنية: قطاع التقنية والمشاريع.,قطاع التقنية والمشاريع,مسودة أولية,معلن جزئيًا
INIT-01150,2023-09-25,خطة الاستحواذ الاستراتيجية على مزوّد تقني إقليمي,خطة استراتيجية للاستحواذ مع تقييم مبدئي وهيكل تمويل مقترح. المرجع INI-2023-2981 · الجهة المعنية: قطاع البنية التحتية.,قطاع البنية التحتية,مسودة أولية,غير معلن
INIT-01151,2021-03-05,مبادرة الحوسبة السيادية وحماية سيادة البيانات,تصميم بيئة تضمن سيادة البيانات الوطنية وحدود الاستضافة المسموحة. المرجع INI-2021-4378 · الجهة المعنية: قطاع التقنية والمشاريع.,قطاع التقنية والمشاريع,قيد التنفيذ المبدئي,غير معلن
INIT-01152,2020-07-27,خطة دخول سوق الدمام - نسخة غير معلنة,خطة استراتيجية لدخول السوق وتقديرات الحصة المستهدفة. المرجع INI-2020-3269 · الجهة المعنية: قطاع العمليات.,قطاع العمليات,قيد التنفيذ المبدئي,معلن جزئيًا
INIT-01153,2020-11-02,إحصاءات أثر برنامج التوسع الإقليمي المعلنة - الربع الثاني 2020,إحصاءات معلنة عن أثر البرنامج على مستوى الخدمة. المرجع INI-2020-9258 · الجهة المعنية: قطاع الأعمال المؤسسية.,قطاع الأعمال المؤسسية,مرفوعة للجنة,معلن
INIT-01154,2025-02-07,متطلبات ربط شبكي لبرنامج التوسع الإقليمي,مخطط الشبكة المطلوب لربط بيئات المشروع الداخلية. المرجع INI-2025-9721 · الجهة المعنية: قطاع الأعمال المؤسسية.,قطاع الأعمال المؤسسية,مسودة أولية,غير معلن
INIT-01155,2024-04-29,مصفوفة الشركاء المحتملين لبرنامج التوسع الإقليمي,تقييم شركاء محتملين وشروط التفضيل قبل الإفصاح للسوق. المرجع INI-2024-4226 · الجهة المعنية: قطاع التحول الرقمي.,قطاع التحول الرقمي,بانتظار الاعتماد,معلن جزئيًا
INIT-01156,2025-01-17,مبادرة مواقع تخزين احتياطية للبيانات الحساسة,تحديد مواقع تخزين احتياطية وسعاتها ومستويات حمايتها. المرجع INI-2025-3184 · الجهة المعنية: قطاع الشراكات.,قطاع الشراكات,قيد الدراسة,غير معلن
INIT-01157,2020-06-11,مبادرة الحوسبة السيادية وحماية سيادة البيانات,تصميم بيئة تضمن سيادة البيانات الوطنية وحدود الاستضافة المسموحة. المرجع INI-2020-6609 · الجهة المعنية: قطاع التقنية والمشاريع.,قطاع التقنية والمشاريع,مسودة أولية,غير معلن
INIT-01158,2020-10-19,منشور تعريفي بمخرجات برنامج التوسع الإقليمي في الجبيل,منشور تعريفي عام بالمخرجات المعلنة للبرنامج. المرجع INI-2020-1121 · الجهة المعنية: قطاع الأعمال المؤسسية.,قطاع الأعمال المؤسسية,مرفوعة للجنة,معلن
INIT-01159,2023-12-02,مبادرة الحوسبة السيادية وحماية سيادة البيانات,تصميم بيئة تضمن سيادة البيانات الوطنية وحدود الاستضافة المسموحة. المرجع INI-2023-1082 · الجهة المعنية: قطاع الأعمال المؤسسية.,قطاع الأعمال المؤسسية,معتمدة داخليًا,غير معلن
INIT-01160,2024-07-15,خطة توزيع الكوادر على برنامج المرونة التشغيلية,توزيع كوادر مع بيانات شخصية ومسميات وظيفية تفصيلية. المرجع INI-2024-3966 · الجهة المعنية: قطاع الحلول الحكومية.,قطاع الحلول الحكومية,قيد التنفيذ المبدئي,معلن جزئيًا
INIT-01161,2024-12-06,خطة دخول سوق الدمام - نسخة غير معلنة,خطة استراتيجية لدخول السوق وتقديرات الحصة المستهدفة. المرجع INI-2024-3097 · الجهة المعنية: قطاع الأعمال المؤسسية.,قطاع الأعمال المؤسسية,مرفوعة للجنة,غير معلن
INIT-01162,2024-01-15,معاهدة تعاون تقني قيد التفاوض مع منظمة إقليمية,نص معاهدة تعاون تقني قيد التفاوض وبنود نقل المعرفة. المرجع INI-2024-2817 · الجهة المعنية: قطاع الأعمال المؤسسية.,قطاع الأعمال المؤسسية,معتمدة داخليًا,معلن جزئيًا
INIT-01163,2023-08-13,معاهدة تعاون تقني قيد التفاوض مع صندوق استثماري دولي,نص معاهدة تعاون تقني قيد التفاوض وبنود نقل المعرفة. المرجع INI-2023-3698 · الجهة المعنية: قطاع التقنية والمشاريع.,قطاع التقنية والمشاريع,بانتظار الاعتماد,غير معلن
INIT-01164,2019-06-10,مذكرة داخلية لمتابعة مؤشرات برنامج المرونة التشغيلية,مذكرة داخلية دورية لمتابعة مؤشرات التنفيذ بين الإدارات. المرجع INI-2019-4599 · الجهة المعنية: قطاع الأعمال المؤسسية.,قطاع الأعمال المؤسسية,قيد الدراسة,معلن جزئيًا
INIT-01165,2023-08-29,معاهدة تعاون تقني قيد التفاوض مع شريك تقني عالمي,نص معاهدة تعاون تقني قيد التفاوض وبنود نقل المعرفة. المرجع INI-2023-9705 · الجهة المعنية: قطاع العمليات.,قطاع العمليات,قيد الدراسة,غير معلن
INIT-01166,2020-10-04,مشروع تحديث أنظمة مركز تحكم شبكة النقل - مرحلة 3,تحديث أنظمة تحكم منشأة حيوية وجدول الإيقاف المخطط. المرجع INI-2020-8108 · الجهة المعنية: قطاع التقنية والمشاريع.,قطاع التقنية والمشاريع,معتمدة داخليًا,غير معلن
INIT-01167,2021-10-23,عقد مورد لتوريد تجهيزات برنامج تكامل الأنظمة الحكومية,بنود عقد مورد وجدول التوريد والغرامات التعاقدية. المرجع INI-2021-2403 · الجهة المعنية: قطاع الأعمال المؤسسية.,,قيد الدراسة,معلن جزئيًا
INIT-01168,2024-03-29,مذكرة داخلية لمتابعة مؤشرات برنامج تحديث البنية التقنية,مذكرة داخلية دورية لمتابعة مؤشرات التنفيذ بين الإدارات. المرجع INI-2024-9596 · الجهة المعنية: قطاع التحول الرقمي.,قطاع التحول الرقمي,قيد التنفيذ المبدئي,غير معلن
INIT-01169,2022-10-28,نموذج تسعير برنامج التوسع الإقليمي للمنافسات الحكومية,هوامش وحدود تسعير استراتيجية غير قابلة للإفصاح للمنافسين. المرجع INI-2022-3051 · الجهة المعنية: قطاع البنية التحتية.,قطاع البنية التحتية,معتمدة داخليًا,غير معلن
INIT-01170,2022-09-11,إعادة هيكلة قطاع البنية التحتية - قبل الاعتماد,تصور إعادة الهيكلة وأثرها الوظيفي قبل الاعتماد من المجلس. المرجع INI-2022-8126 · الجهة المعنية: قطاع التحول الرقمي.,قطاع التحول الرقمي,بانتظار الاعتماد,غير معلن
INIT-01171,2021-08-09,إعادة هيكلة قطاع البنية التحتية - قبل الاعتماد,تصور إعادة الهيكلة وأثرها الوظيفي قبل الاعتماد من المجلس. المرجع INI-2021-6432 · الجهة المعنية: قطاع الأعمال المؤسسية.,قطاع الأعمال المؤسسية,مسودة أولية,غير معلن
INIT-01172,2020-10-26,الميزانية الاستراتيجية لبرنامج التوسع الإقليمي 2020-2022,تفاصيل الميزانية الاستراتيجية وتوزيعها على المراحل قبل الاعتماد. المرجع INI-2020-7420 · الجهة المعنية: قطاع الأعمال المؤسسية.,قطاع الأعمال المؤسسية,بانتظار الاعتماد,معلن جزئيًا
INIT-01173,2020-06-30,مصفوفة الشركاء المحتملين لبرنامج الذكاء الاصطناعي المؤسسي,تقييم شركاء محتملين وشروط التفضيل قبل الإفصاح للسوق. المرجع INI-2020-6622 · الجهة المعنية: قطاع الشراكات.,قطاع الشراكات,قيد التنفيذ المبدئي,غير معلن
INIT-01174,2021-12-29,مبادرة الحوسبة السيادية وحماية سيادة البيانات,تصميم بيئة تضمن سيادة البيانات الوطنية وحدود الاستضافة المسموحة. المرجع INI-2021-2635 · الجهة المعنية: قطاع التحول الرقمي.,قطاع التحول الرقمي,مسودة أولية,غير معلن
INIT-01175,2024-04-27,مبادرة إدارة مفاتيح التشفير على مستوى الجهات الوطنية,تصميم مركزي لإدارة مفاتيح التشفير عبر الأنظمة الوطنية. المرجع INI-2024-7827 · الجهة المعنية: قطاع الأعمال المؤسسية.,قطاع الأعمال المؤسسية,بانتظار الاعتماد,غير معلن
INIT-01176,2024-05-15,إعادة هيكلة قطاع البنية التحتية - قبل الاعتماد,تصور إعادة الهيكلة وأثرها الوظيفي قبل الاعتماد من المجلس. المرجع INI-2024-9026 · الجهة المعنية: قطاع الحلول الحكومية.,قطاع الحلول الحكومية,بانتظار الاعتماد,معلن جزئيًا
INIT-01177,2019-06-16,مذكرة داخلية لمتابعة مؤشرات برنامج الحوسبة السيادية,مذكرة داخلية دورية لمتابعة مؤشرات التنفيذ بين الإدارات. المرجع INI-2019-7409 · الجهة المعنية: قطاع البنية التحتية.,قطاع البنية التحتية,بانتظار الاعتماد,معلن جزئيًا
INIT-01178,2019-09-14,مبادرة إدارة مفاتيح التشفير على مستوى الجهات الوطنية,تصميم مركزي لإدارة مفاتيح التشفير عبر الأنظمة الوطنية. المرجع INI-2019-6739 · الجهة المعنية: قطاع العمليات.,قطاع العمليات,مرفوعة للجنة,غير معلن
INIT-01179,2021-11-22,مبادرة داخلية رقم SI-2021-463 - غير معلنة,مبادرة قيد الدراسة يترتب على كشفها المبكر أثر تنافسي مباشر. المرجع INI-2021-4202 · الجهة المعنية: قطاع البنية التحتية.,قطاع البنية التحتية,قيد الدراسة,معلن جزئيًا
INIT-01180,2022-10-06,مبادرة مواقع تخزين احتياطية للبيانات الحساسة,تحديد مواقع تخزين احتياطية وسعاتها ومستويات حمايتها. المرجع INI-2022-3349 · الجهة المعنية: قطاع العمليات.,قطاع العمليات,مسودة أولية,معلن جزئيًا
INIT-01181,2023-01-18,مبادرة داخلية رقم SI-2023-827 - غير معلنة,مبادرة قيد الدراسة يترتب على كشفها المبكر أثر تنافسي مباشر. المرجع INI-2023-3686 · الجهة المعنية: قطاع الأعمال المؤسسية.,قطاع الأعمال المؤسسية,قيد التنفيذ المبدئي,غير معلن
INIT-01182,2023-10-04,مبادرة داخلية رقم SI-2023-833 - غير معلنة,مبادرة قيد الدراسة يترتب على كشفها المبكر أثر تنافسي مباشر. المرجع INI-2023-9351 · الجهة المعنية: قطاع الحلول الحكومية.,قطاع الحلول الحكومية,مرفوعة للجنة,غير معلن
INIT-01183,2022-08-24,مذكرة داخلية لمتابعة مؤشرات برنامج الاستحواذ التقني,مذكرة داخلية دورية لمتابعة مؤشرات التنفيذ بين الإدارات. المرجع INI-2022-5410 · الجهة المعنية: قطاع الأعمال المؤسسية.,قطاع الأعمال المؤسسية,مسودة أولية,غير معلن
INIT-01184,2020-08-03,مذكرة داخلية لمتابعة مؤشرات برنامج المرونة التشغيلية,مذكرة داخلية دورية لمتابعة مؤشرات التنفيذ بين الإدارات. المرجع INI-2020-2173 · الجهة المعنية: قطاع الحلول الحكومية.,قطاع الحلول الحكومية,معتمدة داخليًا,غير معلن
INIT-01185,2019-06-08,مشروع تأمين مواقع تخزين أسلحة خاضعة للرقابة,تصميم ضوابط تأمين مواقع أسلحة ومواد خاضعة للرقابة. المرجع INI-2019-7956 · الجهة المعنية: قطاع التحول الرقمي.,,قيد الدراسة,غير معلن
INIT-01186,2023-11-18,مشروع تأمين مواقع تخزين أسلحة خاضعة للرقابة,تصميم ضوابط تأمين مواقع أسلحة ومواد خاضعة للرقابة. المرجع INI-2023-9909 · الجهة المعنية: قطاع الأعمال المؤسسية.,قطاع الأعمال المؤسسية,قيد التنفيذ المبدئي,غير معلن
INIT-01187,2020-11-06,إعادة هيكلة قطاع التحول الرقمي - قبل الاعتماد,تصور إعادة الهيكلة وأثرها الوظيفي قبل الاعتماد من المجلس. المرجع INI-2020-5704 · الجهة المعنية: قطاع الحلول الحكومية.,قطاع الحلول الحكومية,قيد التنفيذ المبدئي,غير معلن
INIT-01188,2025-12-30,مشروع منظومة اتصالات لجهة عسكري الطابع,متطلبات منظومة اتصالات لجهة عسكري الطابع وقيود التسليم. المرجع INI-2025-6963 · الجهة المعنية: قطاع التحول الرقمي.,قطاع التحول الرقمي,معتمدة داخليًا,غير معلن
INIT-01189,2026-03-27,خطة دخول سوق أبها - نسخة غير معلنة,خطة استراتيجية لدخول السوق وتقديرات الحصة المستهدفة. المرجع INI-2026-7132 · الجهة المعنية: قطاع التقنية والمشاريع.,قطاع التقنية والمشاريع,قيد التنفيذ المبدئي,معلن جزئيًا
INIT-01190,2025-03-12,مسار تفاوض دبلوماسي لتوطين برنامج المدن الذكية,مسار ذو طابع دبلوماسي لتوطين التقنية مع أطراف خارجية. المرجع INI-2025-1174 · الجهة المعنية: قطاع العمليات.,قطاع العمليات,مسودة أولية,غير معلن
INIT-01191,2022-08-08,المشروع الوطني المرجعي رقم NP-683 - تداول اللجنة العليا,مشروع لا تُتداول تفاصيله خارج اللجنة العليا لارتباطه بمواقع وطنية. المرجع INI-2022-9753 · الجهة المعنية: قطاع العمليات.,قطاع العمليات,بانتظار الاعتماد,غير معلن
INIT-01192,2025-01-16,بيان صحفي عن شراكة معلنة في تبوك - 2025,بيان صحفي منشور عن شراكة تم الإعلان عنها رسميًا. المرجع INI-2025-9126 · الجهة المعنية: قطاع التقنية والمشاريع.,قطاع التقنية والمشاريع,مرفوعة للجنة,معلن
INIT-01193,2021-10-30,مشروع تحديث أنظمة محطة ضخ رئيسية - مرحلة 3,تحديث أنظمة تحكم منشأة حيوية وجدول الإيقاف المخطط. المرجع INI-2021-3716 · الجهة المعنية: قطاع الأعمال المؤسسية.,قطاع الأعمال المؤسسية,معتمدة داخليًا,غير معلن
INIT-01194,2024-09-17,الميزانية الاستراتيجية لبرنامج تحديث البنية التقنية 2024-2028,تفاصيل الميزانية الاستراتيجية وتوزيعها على المراحل قبل الاعتماد. المرجع INI-2024-6583 · الجهة المعنية: قطاع الأعمال المؤسسية.,,قيد الدراسة,معلن جزئيًا
INIT-01195,2020-09-19,مذكرة تفاهم مع دولة شريكة لتنفيذ برنامج تكامل الأنظمة الحكومية,مسودة مذكرة تفاهم لم تُوقّع بعد وتتضمن التزامات مالية. المرجع INI-2020-1690 · الجهة المعنية: قطاع الحلول الحكومية.,قطاع الحلول الحكومية,مرفوعة للجنة,معلن جزئيًا
INIT-01196,2024-03-06,مذكرة داخلية لمتابعة مؤشرات برنامج المرونة التشغيلية,مذكرة داخلية دورية لمتابعة مؤشرات التنفيذ بين الإدارات. المرجع INI-2024-7948 · الجهة المعنية: قطاع التقنية والمشاريع.,قطاع التقنية والمشاريع,مرفوعة للجنة,معلن جزئيًا
INIT-01197,2020-06-11,بيان صحفي عن شراكة معلنة في الجبيل - 2020,بيان صحفي منشور عن شراكة تم الإعلان عنها رسميًا. المرجع INI-2020-9009 · الجهة المعنية: قطاع العمليات.,قطاع العمليات,مسودة أولية,معلن
INIT-01198,2025-07-22,مبادرة تحليل استخبارات التهديد الوطنية,بناء قدرة استخبارات تهديد مشتركة بين الجهات الوطنية. المرجع INI-2025-3900 · الجهة المعنية: قطاع العمليات.,قطاع العمليات,مسودة أولية,غير معلن
INIT-01199,2021-12-16,تحقيق جدوى موسّع لبرنامج المدن الذكية,تحقيق جدوى يتضمن أرقامًا مالية غير معلنة وسيناريوهات المخاطر. المرجع INI-2021-1078 · الجهة المعنية: قطاع العمليات.,قطاع العمليات,معتمدة داخليًا,معلن جزئيًا
INIT-01200,2025-12-21,بيان صحفي عن شراكة معلنة في الأحساء - 2025,بيان صحفي منشور عن شراكة تم الإعلان عنها رسميًا. المرجع INI-2025-2718 · الجهة المعنية: قطاع الأعمال المؤسسية.,قطاع الأعمال المؤسسية,مرفوعة للجنة,معلن
INIT-01201,2025-03-08,مذكرة تفاهم مع جهة سيادية شريكة لتنفيذ برنامج المدن الذكية,مسودة مذكرة تفاهم لم تُوقّع بعد وتتضمن التزامات مالية. المرجع INI-2025-2243 · الجهة المعنية: قطاع البنية التحتية.,قطاع البنية التحتية,بانتظار الاعتماد,معلن جزئيًا
INIT-01202,2020-11-09,معاهدة تعاون تقني قيد التفاوض مع تحالف صناعي دولي,نص معاهدة تعاون تقني قيد التفاوض وبنود نقل المعرفة. المرجع INI-2020-3173 · الجهة المعنية: قطاع التحول الرقمي.,قطاع التحول الرقمي,قيد التنفيذ المبدئي,معلن جزئيًا
INIT-01203,2025-11-23,مبادرة مواقع تخزين احتياطية للبيانات الحساسة,تحديد مواقع تخزين احتياطية وسعاتها ومستويات حمايتها. المرجع INI-2025-7850 · الجهة المعنية: قطاع البنية التحتية.,قطاع البنية التحتية,مرفوعة للجنة,غير معلن
INIT-01204,2022-09-02,عرض أسعار استشاري لمرحلة تصميم برنامج التحول الرقمي,عرض أسعار مقدم من بيت خبرة ضمن نطاق محدود. المرجع INI-2022-8610 · الجهة المعنية: قطاع الأعمال المؤسسية.,قطاع الأعمال المؤسسية,مرفوعة للجنة,معلن جزئيًا
INIT-01205,2023-12-19,مبادرة داخلية رقم SI-2023-454 - غير معلنة,مبادرة قيد الدراسة يترتب على كشفها المبكر أثر تنافسي مباشر. المرجع INI-2023-9782 · الجهة المعنية: قطاع الشراكات.,,قيد التنفيذ المبدئي,معلن جزئيًا
INIT-01206,2023-03-20,برنامج تشغيل منشأة حيوية وطنية في عرعر,نطاق تشغيل منشأة حيوية وطنية وحدود المسؤولية التشغيلية. المرجع INI-2023-6470 · الجهة المعنية: قطاع الأعمال المؤسسية.,قطاع الأعمال المؤسسية,مسودة أولية,غير معلن
INIT-01207,2022-06-13,مسار تفاوض دبلوماسي لتوطين برنامج تكامل الأنظمة الحكومية,مسار ذو طابع دبلوماسي لتوطين التقنية مع أطراف خارجية. المرجع INI-2022-6131 · الجهة المعنية: قطاع الأعمال المؤسسية.,قطاع الأعمال المؤسسية,قيد التنفيذ المبدئي,غير معلن
INIT-01208,2025-01-22,مبادرة مواقع تخزين احتياطية للبيانات الحساسة,تحديد مواقع تخزين احتياطية وسعاتها ومستويات حمايتها. المرجع INI-2025-7300 · الجهة المعنية: قطاع الحلول الحكومية.,قطاع الحلول الحكومية,مسودة أولية,غير معلن
INIT-01209,2025-06-11,نموذج تسعير برنامج التحول الرقمي للمنافسات الحكومية,هوامش وحدود تسعير استراتيجية غير قابلة للإفصاح للمنافسين. المرجع INI-2025-2951 · الجهة المعنية: قطاع الحلول الحكومية.,قطاع الحلول الحكومية,معتمدة داخليًا,معلن جزئيًا
INIT-01210,2019-06-29,إحصاءات أثر برنامج الحوسبة السيادية المعلنة - الربع الرابع 2019,إحصاءات معلنة عن أثر البرنامج على مستوى الخدمة. المرجع INI-2019-8562 · الجهة المعنية: قطاع البنية التحتية.,قطاع البنية التحتية,معتمدة داخليًا,معلن
INIT-01211,2022-02-04,مذكرة تفاهم مع جهة سيادية شريكة لتنفيذ برنامج تكامل الأنظمة الحكومية,مسودة مذكرة تفاهم لم تُوقّع بعد وتتضمن التزامات مالية. المرجع INI-2022-1578 · الجهة المعنية: قطاع التحول الرقمي.,قطاع التحول الرقمي,مرفوعة للجنة,معلن جزئيًا
INIT-01212,2025-06-25,خطة الاستحواذ الاستراتيجية على مزوّد تقني إقليمي,خطة استراتيجية للاستحواذ مع تقييم مبدئي وهيكل تمويل مقترح. المرجع INI-2025-5575 · الجهة المعنية: قطاع التقنية والمشاريع.,قطاع التقنية والمشاريع,مسودة أولية,معلن جزئيًا
INIT-01213,2022-06-22,مشروع تأمين مواقع تخزين أسلحة خاضعة للرقابة,تصميم ضوابط تأمين مواقع أسلحة ومواد خاضعة للرقابة. المرجع INI-2022-5143 · الجهة المعنية: قطاع التحول الرقمي.,قطاع التحول الرقمي,مرفوعة للجنة,غير معلن
INIT-01214,2022-06-04,مشروع منظومة اتصالات لجهة عسكري الطابع,متطلبات منظومة اتصالات لجهة عسكري الطابع وقيود التسليم. المرجع INI-2022-2510 · الجهة المعنية: قطاع البنية التحتية.,قطاع البنية التحتية,بانتظار الاعتماد,غير معلن
INIT-01215,2025-05-18,مبادرة مواقع تخزين احتياطية للبيانات الحساسة,تحديد مواقع تخزين احتياطية وسعاتها ومستويات حمايتها. المرجع INI-2025-5528 · الجهة المعنية: قطاع البنية التحتية.,قطاع البنية التحتية,قيد الدراسة,معلن جزئيًا
INIT-01216,2022-11-17,عقد مورد لتوريد تجهيزات برنامج الحوسبة السيادية,بنود عقد مورد وجدول التوريد والغرامات التعاقدية. المرجع INI-2022-1835 · الجهة المعنية: قطاع البنية التحتية.,قطاع البنية التحتية,مرفوعة للجنة,غير معلن
INIT-01217,2025-03-11,المشروع الوطني المرجعي رقم NP-927 - تداول اللجنة العليا,مشروع لا تُتداول تفاصيله خارج اللجنة العليا لارتباطه بمواقع وطنية. المرجع INI-2025-2324 · الجهة المعنية: قطاع العمليات.,قطاع العمليات,قيد الدراسة,غير معلن
INIT-01218,2022-04-30,إعادة هيكلة قطاع التقنية والمشاريع - قبل الاعتماد,تصور إعادة الهيكلة وأثرها الوظيفي قبل الاعتماد من المجلس. المرجع INI-2022-4418 · الجهة المعنية: قطاع الشراكات.,قطاع الشراكات,قيد التنفيذ المبدئي,غير معلن
INIT-01219,2023-09-10,خطة التخارج الاستراتيجية من عقد تشغيل كبير,خيارات التخارج الاستراتيجية وأثرها المالي على الإيرادات. المرجع INI-2023-7093 · الجهة المعنية: قطاع الحلول الحكومية.,قطاع الحلول الحكومية,قيد التنفيذ المبدئي,غير معلن
INIT-01220,2024-08-16,مذكرة داخلية لمتابعة مؤشرات برنامج تكامل الأنظمة الحكومية,مذكرة داخلية دورية لمتابعة مؤشرات التنفيذ بين الإدارات. المرجع INI-2024-1525 · الجهة المعنية: قطاع العمليات.,قطاع العمليات,بانتظار الاعتماد,معلن جزئيًا
INIT-01221,2022-10-04,تحقيق جدوى موسّع لبرنامج الاستحواذ التقني,تحقيق جدوى يتضمن أرقامًا مالية غير معلنة وسيناريوهات المخاطر. المرجع INI-2022-4812 · الجهة المعنية: قطاع التحول الرقمي.,قطاع التحول الرقمي,قيد الدراسة,معلن جزئيًا
INIT-01222,2021-02-25,عرض أسعار استشاري لمرحلة تصميم برنامج المرونة التشغيلية,عرض أسعار مقدم من بيت خبرة ضمن نطاق محدود. المرجع INI-2021-9546 · الجهة المعنية: قطاع العمليات.,قطاع العمليات,مرفوعة للجنة,غير معلن
INIT-01223,2021-12-21,مبادرة داخلية رقم SI-2021-205 - غير معلنة,مبادرة قيد الدراسة يترتب على كشفها المبكر أثر تنافسي مباشر. المرجع INI-2021-1202 · الجهة المعنية: قطاع البنية التحتية.,قطاع البنية التحتية,قيد الدراسة,معلن جزئيًا
INIT-01224,2025-09-19,خطة الاستحواذ الاستراتيجية على مزوّد تقني إقليمي,خطة استراتيجية للاستحواذ مع تقييم مبدئي وهيكل تمويل مقترح. المرجع INI-2025-7529 · الجهة المعنية: قطاع البنية التحتية.,قطاع البنية التحتية,قيد التنفيذ المبدئي,معلن جزئيًا
INIT-01225,2019-09-01,إعادة هيكلة قطاع الحلول الحكومية - قبل الاعتماد,تصور إعادة الهيكلة وأثرها الوظيفي قبل الاعتماد من المجلس. المرجع INI-2019-4349 · الجهة المعنية: قطاع العمليات.,,قيد التنفيذ المبدئي,معلن جزئيًا
INIT-01226,2025-11-05,خطة التخارج الاستراتيجية من عقد تشغيل كبير,خيارات التخارج الاستراتيجية وأثرها المالي على الإيرادات. المرجع INI-2025-8758 · الجهة المعنية: قطاع الأعمال المؤسسية.,قطاع الأعمال المؤسسية,بانتظار الاعتماد,غير معلن
INIT-01227,2024-01-05,خطة التخارج الاستراتيجية من عقد تشغيل كبير,خيارات التخارج الاستراتيجية وأثرها المالي على الإيرادات. المرجع INI-2024-7860 · الجهة المعنية: قطاع الأعمال المؤسسية.,قطاع الأعمال المؤسسية,بانتظار الاعتماد,غير معلن
INIT-01228,2022-10-23,مشروع تأمين مواقع تخزين أسلحة خاضعة للرقابة,تصميم ضوابط تأمين مواقع أسلحة ومواد خاضعة للرقابة. المرجع INI-2022-9156 · الجهة المعنية: قطاع الحلول الحكومية.,قطاع الحلول الحكومية,قيد التنفيذ المبدئي,غير معلن
INIT-01229,2025-03-17,مصفوفة الشركاء المحتملين لبرنامج الحوسبة السيادية,تقييم شركاء محتملين وشروط التفضيل قبل الإفصاح للسوق. المرجع INI-2025-6017 · الجهة المعنية: قطاع الأعمال المؤسسية.,قطاع الأعمال المؤسسية,بانتظار الاعتماد,غير معلن
INIT-01230,2020-04-03,مصفوفة الشركاء المحتملين لبرنامج الاستحواذ التقني,تقييم شركاء محتملين وشروط التفضيل قبل الإفصاح للسوق. المرجع INI-2020-2919 · الجهة المعنية: قطاع التقنية والمشاريع.,قطاع التقنية والمشاريع,بانتظار الاعتماد,غير معلن
INIT-01231,2020-09-01,مذكرة تفاهم مع تحالف صناعي دولي لتنفيذ برنامج المدن الذكية,مسودة مذكرة تفاهم لم تُوقّع بعد وتتضمن التزامات مالية. المرجع INI-2020-4884 · الجهة المعنية: قطاع التحول الرقمي.,قطاع التحول الرقمي,معتمدة داخليًا,معلن جزئيًا
INIT-01232,2019-08-28,خطة التخارج الاستراتيجية من عقد تشغيل كبير,خيارات التخارج الاستراتيجية وأثرها المالي على الإيرادات. المرجع INI-2019-5959 · الجهة المعنية: قطاع الحلول الحكومية.,قطاع الحلول الحكومية,بانتظار الاعتماد,غير معلن
INIT-01233,2019-04-27,معاهدة تعاون تقني قيد التفاوض مع تحالف صناعي دولي,نص معاهدة تعاون تقني قيد التفاوض وبنود نقل المعرفة. المرجع INI-2019-7317 · الجهة المعنية: قطاع التقنية والمشاريع.,قطاع التقنية والمشاريع,قيد التنفيذ المبدئي,معلن جزئيًا
INIT-01234,2026-03-04,مبادرة مواقع تخزين احتياطية للبيانات الحساسة,تحديد مواقع تخزين احتياطية وسعاتها ومستويات حمايتها. المرجع INI-2026-5204 · الجهة المعنية: قطاع التحول الرقمي.,قطاع التحول الرقمي,مرفوعة للجنة,معلن جزئيًا
INIT-01235,2025-06-17,تحقيق جدوى موسّع لبرنامج المرونة التشغيلية,تحقيق جدوى يتضمن أرقامًا مالية غير معلنة وسيناريوهات المخاطر. المرجع INI-2025-1517 · الجهة المعنية: قطاع الحلول الحكومية.,قطاع الحلول الحكومية,مسودة أولية,غير معلن
INIT-01236,2023-07-15,مشروع تأمين مواقع تخزين أسلحة خاضعة للرقابة,تصميم ضوابط تأمين مواقع أسلحة ومواد خاضعة للرقابة. المرجع INI-2023-9623 · الجهة المعنية: قطاع الحلول الحكومية.,قطاع الحلول الحكومية,قيد التنفيذ المبدئي,غير معلن
INIT-01237,2020-08-15,معاهدة تعاون تقني قيد التفاوض مع تحالف صناعي دولي,نص معاهدة تعاون تقني قيد التفاوض وبنود نقل المعرفة. المرجع INI-2020-3678 · الجهة المعنية: قطاع الأعمال المؤسسية.,قطاع الأعمال المؤسسية,مسودة أولية,غير معلن
INIT-01238,2019-10-24,مشروع تأمين مواقع تخزين أسلحة خاضعة للرقابة,تصميم ضوابط تأمين مواقع أسلحة ومواد خاضعة للرقابة. المرجع INI-2019-6098 · الجهة المعنية: قطاع التحول الرقمي.,قطاع التحول الرقمي,قيد الدراسة,غير معلن
INIT-01239,2023-12-24,خطة دخول سوق ينبع - نسخة غير معلنة,خطة استراتيجية لدخول السوق وتقديرات الحصة المستهدفة. المرجع INI-2023-5853 · الجهة المعنية: قطاع الأعمال المؤسسية.,قطاع الأعمال المؤسسية,قيد التنفيذ المبدئي,غير معلن
INIT-01240,2020-11-14,مصفوفة الشركاء المحتملين لبرنامج المرونة التشغيلية,تقييم شركاء محتملين وشروط التفضيل قبل الإفصاح للسوق. المرجع INI-2020-1005 · الجهة المعنية: قطاع العمليات.,قطاع العمليات,قيد الدراسة,غير معلن
INIT-01241,2021-05-28,بيان صحفي عن شراكة معلنة في الخبر - 2021,بيان صحفي منشور عن شراكة تم الإعلان عنها رسميًا. المرجع INI-2021-6403 · الجهة المعنية: قطاع التحول الرقمي.,قطاع التحول الرقمي,مسودة أولية,معلن
INIT-01242,2021-08-19,الميزانية الاستراتيجية لبرنامج تحديث البنية التقنية 2021-2023,تفاصيل الميزانية الاستراتيجية وتوزيعها على المراحل قبل الاعتماد. المرجع INI-2021-3967 · الجهة المعنية: قطاع الشراكات.,قطاع الشراكات,مسودة أولية,غير معلن
INIT-01243,2025-07-24,مذكرة تفاهم مع صندوق استثماري دولي لتنفيذ برنامج تكامل الأنظمة الحكومية,مسودة مذكرة تفاهم لم تُوقّع بعد وتتضمن التزامات مالية. المرجع INI-2025-4398 · الجهة المعنية: قطاع الشراكات.,قطاع الشراكات,مرفوعة للجنة,غير معلن
INIT-01244,2021-11-13,مبادرة مواقع تخزين احتياطية للبيانات الحساسة,تحديد مواقع تخزين احتياطية وسعاتها ومستويات حمايتها. المرجع INI-2021-2162 · الجهة المعنية: قطاع العمليات.,قطاع العمليات,معتمدة داخليًا,معلن جزئيًا
INIT-01245,2024-06-02,خطة توزيع الكوادر على برنامج الاستحواذ التقني,توزيع كوادر مع بيانات شخصية ومسميات وظيفية تفصيلية. المرجع INI-2024-4907 · الجهة المعنية: قطاع البنية التحتية.,قطاع البنية التحتية,قيد التنفيذ المبدئي,معلن جزئيًا
INIT-01246,2020-01-15,مذكرة تفاهم مع دولة شريكة لتنفيذ برنامج المدن الذكية,مسودة مذكرة تفاهم لم تُوقّع بعد وتتضمن التزامات مالية. المرجع INI-2020-4392 · الجهة المعنية: قطاع التحول الرقمي.,قطاع التحول الرقمي,قيد الدراسة,غير معلن
INIT-01247,2022-03-28,خطة الاستحواذ الاستراتيجية على مزوّد تقني إقليمي,خطة استراتيجية للاستحواذ مع تقييم مبدئي وهيكل تمويل مقترح. المرجع INI-2022-7682 · الجهة المعنية: قطاع الأعمال المؤسسية.,قطاع الأعمال المؤسسية,بانتظار الاعتماد,غير معلن
INIT-01248,2020-11-13,إعادة هيكلة قطاع الخدمات الرقمية - قبل الاعتماد,تصور إعادة الهيكلة وأثرها الوظيفي قبل الاعتماد من المجلس. المرجع INI-2020-4748 · الجهة المعنية: قطاع العمليات.,قطاع العمليات,قيد الدراسة,معلن جزئيًا
INIT-01249,2023-05-06,إعادة هيكلة قطاع الشراكات - قبل الاعتماد,تصور إعادة الهيكلة وأثرها الوظيفي قبل الاعتماد من المجلس. المرجع INI-2023-6002 · الجهة المعنية: قطاع الأعمال المؤسسية.,قطاع الأعمال المؤسسية,قيد الدراسة,غير معلن
INIT-01250,2020-11-29,مبادرة مواقع تخزين احتياطية للبيانات الحساسة,تحديد مواقع تخزين احتياطية وسعاتها ومستويات حمايتها. المرجع INI-2020-4489 · الجهة المعنية: قطاع الأعمال المؤسسية.,قطاع الأعمال المؤسسية,بانتظار الاعتماد,معلن جزئيًا
INIT-01251,2024-04-23,مبادرة مواقع تخزين احتياطية للبيانات الحساسة,تحديد مواقع تخزين احتياطية وسعاتها ومستويات حمايتها. المرجع INI-2024-5446 · الجهة المعنية: قطاع البنية التحتية.,قطاع البنية التحتية,بانتظار الاعتماد,معلن جزئيًا
INIT-01252,2025-03-28,خطة توزيع الكوادر على برنامج الحوسبة السيادية,توزيع كوادر مع بيانات شخصية ومسميات وظيفية تفصيلية. المرجع INI-2025-8329 · الجهة المعنية: قطاع العمليات.,قطاع العمليات,بانتظار الاعتماد,غير معلن
INIT-01253,2020-09-02,مسار تفاوض دبلوماسي لتوطين برنامج تحديث البنية التقنية,مسار ذو طابع دبلوماسي لتوطين التقنية مع أطراف خارجية. المرجع INI-2020-1557 · الجهة المعنية: قطاع التحول الرقمي.,قطاع التحول الرقمي,مرفوعة للجنة,غير معلن
INIT-01254,2024-05-09,مسار تفاوض دبلوماسي لتوطين برنامج الحوسبة السيادية,مسار ذو طابع دبلوماسي لتوطين التقنية مع أطراف خارجية. المرجع INI-2024-3473 · الجهة المعنية: قطاع العمليات.,قطاع العمليات,مسودة أولية,غير معلن
INIT-01255,2021-07-25,تحقيق جدوى موسّع لبرنامج المرونة التشغيلية,تحقيق جدوى يتضمن أرقامًا مالية غير معلنة وسيناريوهات المخاطر. المرجع INI-2021-4046 · الجهة المعنية: قطاع الشراكات.,قطاع الشراكات,مسودة أولية,معلن جزئيًا
INIT-01256,2020-05-29,تحقيق جدوى موسّع لبرنامج أمن سلاسل الإمداد,تحقيق جدوى يتضمن أرقامًا مالية غير معلنة وسيناريوهات المخاطر. المرجع INI-2020-6548 · الجهة المعنية: قطاع التقنية والمشاريع.,قطاع التقنية والمشاريع,بانتظار الاعتماد,غير معلن
INIT-01257,2022-04-22,خطة الاستحواذ الاستراتيجية على مزوّد تقني إقليمي,خطة استراتيجية للاستحواذ مع تقييم مبدئي وهيكل تمويل مقترح. المرجع INI-2022-4231 · الجهة المعنية: قطاع الشراكات.,قطاع الشراكات,بانتظار الاعتماد,غير معلن
INIT-01258,2019-02-25,نموذج تسعير برنامج الاستحواذ التقني للمنافسات الحكومية,هوامش وحدود تسعير استراتيجية غير قابلة للإفصاح للمنافسين. المرجع INI-2019-9347 · الجهة المعنية: قطاع الشراكات.,قطاع الشراكات,قيد الدراسة,غير معلن
INIT-01259,2021-03-11,مصفوفة الشركاء المحتملين لبرنامج التحول الرقمي,تقييم شركاء محتملين وشروط التفضيل قبل الإفصاح للسوق. المرجع INI-2021-3851 · الجهة المعنية: قطاع الشراكات.,قطاع الشراكات,مسودة أولية,معلن جزئيًا
INIT-01260,2020-02-08,جدول بدلات ورواتب فريق برنامج المرونة التشغيلية,جدول رواتب وبدلات أعضاء الفريق خلال مراحل التنفيذ. المرجع INI-2020-7313 · الجهة المعنية: قطاع العمليات.,قطاع العمليات,بانتظار الاعتماد,غير معلن
INIT-01261,2023-05-23,معاهدة تعاون تقني قيد التفاوض مع جهة سيادية شريكة,نص معاهدة تعاون تقني قيد التفاوض وبنود نقل المعرفة. المرجع INI-2023-2799 · الجهة المعنية: قطاع الحلول الحكومية.,قطاع الحلول الحكومية,بانتظار الاعتماد,معلن جزئيًا
INIT-01262,2023-10-24,مصفوفة الشركاء المحتملين لبرنامج الحوسبة السيادية,تقييم شركاء محتملين وشروط التفضيل قبل الإفصاح للسوق. المرجع INI-2023-2107 · الجهة المعنية: قطاع الشراكات.,قطاع الشراكات,قيد الدراسة,غير معلن
INIT-01263,2022-10-20,مصفوفة الشركاء المحتملين لبرنامج التوسع الإقليمي,تقييم شركاء محتملين وشروط التفضيل قبل الإفصاح للسوق. المرجع INI-2022-6834 · الجهة المعنية: قطاع الشراكات.,قطاع الشراكات,مرفوعة للجنة,غير معلن
INIT-01264,2022-07-17,مصفوفة الشركاء المحتملين لبرنامج تحديث البنية التقنية,تقييم شركاء محتملين وشروط التفضيل قبل الإفصاح للسوق. المرجع INI-2022-9852 · الجهة المعنية: قطاع التحول الرقمي.,قطاع التحول الرقمي,بانتظار الاعتماد,معلن جزئيًا
INIT-01265,2022-03-01,خطة التخارج الاستراتيجية من عقد تشغيل كبير,خيارات التخارج الاستراتيجية وأثرها المالي على الإيرادات. المرجع INI-2022-9872 · الجهة المعنية: قطاع التقنية والمشاريع.,قطاع التقنية والمشاريع,قيد التنفيذ المبدئي,غير معلن
INIT-01266,2025-08-31,مذكرة داخلية لمتابعة مؤشرات برنامج الاستحواذ التقني,مذكرة داخلية دورية لمتابعة مؤشرات التنفيذ بين الإدارات. المرجع INI-2025-2771 · الجهة المعنية: قطاع العمليات.,قطاع العمليات,بانتظار الاعتماد,معلن جزئيًا
INIT-01267,2023-07-22,خطة التخارج الاستراتيجية من عقد تشغيل كبير,خيارات التخارج الاستراتيجية وأثرها المالي على الإيرادات. المرجع INI-2023-1143 · الجهة المعنية: قطاع البنية التحتية.,قطاع البنية التحتية,مسودة أولية,غير معلن
INIT-01268,2025-05-05,معاهدة تعاون تقني قيد التفاوض مع صندوق استثماري دولي,نص معاهدة تعاون تقني قيد التفاوض وبنود نقل المعرفة. المرجع INI-2025-1596 · الجهة المعنية: قطاع الشراكات.,قطاع الشراكات,بانتظار الاعتماد,معلن جزئيًا
INIT-01269,2021-10-15,خطة التخارج الاستراتيجية من عقد تشغيل كبير,خيارات التخارج الاستراتيجية وأثرها المالي على الإيرادات. المرجع INI-2021-1581 · الجهة المعنية: قطاع الحلول الحكومية.,قطاع الحلول الحكومية,قيد الدراسة,غير معلن
INIT-01270,2024-05-22,خطة الاستحواذ الاستراتيجية على مزوّد تقني إقليمي,خطة استراتيجية للاستحواذ مع تقييم مبدئي وهيكل تمويل مقترح. المرجع INI-2024-9532 · الجهة المعنية: قطاع البنية التحتية.,قطاع البنية التحتية,بانتظار الاعتماد,معلن جزئيًا
INIT-01271,2019-11-08,مذكرة داخلية لمتابعة مؤشرات برنامج أمن سلاسل الإمداد,مذكرة داخلية دورية لمتابعة مؤشرات التنفيذ بين الإدارات. المرجع INI-2019-4226 · الجهة المعنية: قطاع الشراكات.,قطاع الشراكات,قيد الدراسة,معلن جزئيًا
INIT-01272,2025-06-25,الميزانية الاستراتيجية لبرنامج أمن سلاسل الإمداد 2025-2028,تفاصيل الميزانية الاستراتيجية وتوزيعها على المراحل قبل الاعتماد. المرجع INI-2025-8484 · الجهة المعنية: قطاع العمليات.,قطاع العمليات,معتمدة داخليًا,معلن جزئيًا
INIT-01273,2020-09-24,الميزانية الاستراتيجية لبرنامج الذكاء الاصطناعي المؤسسي 2020-2024,تفاصيل الميزانية الاستراتيجية وتوزيعها على المراحل قبل الاعتماد. المرجع INI-2020-5640 · الجهة المعنية: قطاع التحول الرقمي.,قطاع التحول الرقمي,قيد الدراسة,معلن جزئيًا
INIT-01274,2020-03-11,مشروع تحديث أنظمة منشأة تخزين استراتيجي - مرحلة 2,تحديث أنظمة تحكم منشأة حيوية وجدول الإيقاف المخطط. المرجع INI-2020-4767 · الجهة المعنية: قطاع البنية التحتية.,قطاع البنية التحتية,معتمدة داخليًا,غير معلن
INIT-01275,2021-02-20,خطة الاستحواذ الاستراتيجية على مزوّد تقني إقليمي,خطة استراتيجية للاستحواذ مع تقييم مبدئي وهيكل تمويل مقترح. المرجع INI-2021-4748 · الجهة المعنية: قطاع التقنية والمشاريع.,قطاع التقنية والمشاريع,قيد الدراسة,معلن جزئيًا
INIT-01276,2021-08-14,خطة الاستحواذ الاستراتيجية على مزوّد تقني إقليمي,خطة استراتيجية للاستحواذ مع تقييم مبدئي وهيكل تمويل مقترح. المرجع INI-2021-7792 · الجهة المعنية: قطاع الشراكات.,قطاع الشراكات,مرفوعة للجنة,معلن جزئيًا
INIT-01277,2026-03-05,مشروع تأمين مواقع تخزين أسلحة خاضعة للرقابة,تصميم ضوابط تأمين مواقع أسلحة ومواد خاضعة للرقابة. المرجع INI-2026-3191 · الجهة المعنية: قطاع الحلول الحكومية.,قطاع الحلول الحكومية,مرفوعة للجنة,غير معلن
INIT-01278,2023-08-10,معاهدة تعاون تقني قيد التفاوض مع منظمة إقليمية,نص معاهدة تعاون تقني قيد التفاوض وبنود نقل المعرفة. المرجع INI-2023-1408 · الجهة المعنية: قطاع الأعمال المؤسسية.,قطاع الأعمال المؤسسية,مسودة أولية,غير معلن
INIT-01279,2019-01-27,خطة التخارج الاستراتيجية من عقد تشغيل كبير,خيارات التخارج الاستراتيجية وأثرها المالي على الإيرادات. المرجع INI-2019-7038 · الجهة المعنية: قطاع الحلول الحكومية.,قطاع الحلول الحكومية,قيد التنفيذ المبدئي,غير معلن
INIT-01280,2022-08-13,معاهدة تعاون تقني قيد التفاوض مع صندوق استثماري دولي,نص معاهدة تعاون تقني قيد التفاوض وبنود نقل المعرفة. المرجع INI-2022-6696 · الجهة المعنية: قطاع العمليات.,قطاع العمليات,معتمدة داخليًا,معلن جزئيًا
INIT-01281,2022-09-17,متطلبات ربط شبكي لبرنامج الحوسبة السيادية,مخطط الشبكة المطلوب لربط بيئات المشروع الداخلية. المرجع INI-2022-3527 · الجهة المعنية: قطاع التحول الرقمي.,قطاع التحول الرقمي,بانتظار الاعتماد,غير معلن
INIT-01282,2023-03-20,خطة دخول سوق نجران - نسخة غير معلنة,خطة استراتيجية لدخول السوق وتقديرات الحصة المستهدفة. المرجع INI-2023-3188 · الجهة المعنية: قطاع التحول الرقمي.,قطاع التحول الرقمي,مرفوعة للجنة,معلن جزئيًا
INIT-01283,2024-07-30,معاهدة تعاون تقني قيد التفاوض مع منظمة إقليمية,نص معاهدة تعاون تقني قيد التفاوض وبنود نقل المعرفة. المرجع INI-2024-2584 · الجهة المعنية: قطاع الحلول الحكومية.,,قيد التنفيذ المبدئي,معلن جزئيًا
INIT-01284,2021-07-15,الميزانية الاستراتيجية لبرنامج التوسع الإقليمي 2021-2023,تفاصيل الميزانية الاستراتيجية وتوزيعها على المراحل قبل الاعتماد. المرجع INI-2021-7193 · الجهة المعنية: قطاع التحول الرقمي.,قطاع التحول الرقمي,بانتظار الاعتماد,غير معلن
INIT-01285,2020-04-08,خطة الاستحواذ الاستراتيجية على مزوّد تقني إقليمي,خطة استراتيجية للاستحواذ مع تقييم مبدئي وهيكل تمويل مقترح. المرجع INI-2020-2308 · الجهة المعنية: قطاع الشراكات.,قطاع الشراكات,قيد الدراسة,غير معلن
INIT-01286,2025-05-06,نموذج تسعير برنامج أمن سلاسل الإمداد للمنافسات الحكومية,هوامش وحدود تسعير استراتيجية غير قابلة للإفصاح للمنافسين. المرجع INI-2025-3465 · الجهة المعنية: قطاع الشراكات.,قطاع الشراكات,مرفوعة للجنة,غير معلن
INIT-01287,2021-09-15,مبادرة داخلية رقم SI-2021-248 - غير معلنة,مبادرة قيد الدراسة يترتب على كشفها المبكر أثر تنافسي مباشر. المرجع INI-2021-9640 · الجهة المعنية: قطاع البنية التحتية.,قطاع البنية التحتية,قيد الدراسة,معلن جزئيًا
INIT-01288,2020-01-22,الميزانية الاستراتيجية لبرنامج الحوسبة السيادية 2020-2022,تفاصيل الميزانية الاستراتيجية وتوزيعها على المراحل قبل الاعتماد. المرجع INI-2020-5016 · الجهة المعنية: قطاع التحول الرقمي.,قطاع التحول الرقمي,مرفوعة للجنة,معلن جزئيًا
INIT-01289,2021-03-15,متطلبات ربط شبكي لبرنامج أمن سلاسل الإمداد,مخطط الشبكة المطلوب لربط بيئات المشروع الداخلية. المرجع INI-2021-3491 · الجهة المعنية: قطاع العمليات.,قطاع العمليات,قيد الدراسة,معلن جزئيًا
INIT-01290,2025-10-14,خطة التخارج الاستراتيجية من عقد تشغيل كبير,خيارات التخارج الاستراتيجية وأثرها المالي على الإيرادات. المرجع INI-2025-3153 · الجهة المعنية: قطاع الشراكات.,قطاع الشراكات,مرفوعة للجنة,معلن جزئيًا
INIT-01291,2021-07-29,خطة التخارج الاستراتيجية من عقد تشغيل كبير,خيارات التخارج الاستراتيجية وأثرها المالي على الإيرادات. المرجع INI-2021-6863 · الجهة المعنية: قطاع العمليات.,قطاع العمليات,مسودة أولية,معلن جزئيًا
INIT-01292,2023-07-19,معاهدة تعاون تقني قيد التفاوض مع منظمة إقليمية,نص معاهدة تعاون تقني قيد التفاوض وبنود نقل المعرفة. المرجع INI-2023-3102 · الجهة المعنية: قطاع التقنية والمشاريع.,قطاع التقنية والمشاريع,معتمدة داخليًا,معلن جزئيًا
INIT-01293,2020-10-30,خطة دخول سوق القطيف - نسخة غير معلنة,خطة استراتيجية لدخول السوق وتقديرات الحصة المستهدفة. المرجع INI-2020-8633 · الجهة المعنية: قطاع الشراكات.,قطاع الشراكات,معتمدة داخليًا,غير معلن
INIT-01294,2024-05-04,المشروع الوطني المرجعي رقم NP-447 - تداول اللجنة العليا,مشروع لا تُتداول تفاصيله خارج اللجنة العليا لارتباطه بمواقع وطنية. المرجع INI-2024-9622 · الجهة المعنية: قطاع الشراكات.,قطاع الشراكات,قيد التنفيذ المبدئي,غير معلن
INIT-01295,2021-08-11,مبادرة داخلية رقم SI-2021-545 - غير معلنة,مبادرة قيد الدراسة يترتب على كشفها المبكر أثر تنافسي مباشر. المرجع INI-2021-6863 · الجهة المعنية: قطاع التقنية والمشاريع.,قطاع التقنية والمشاريع,قيد الدراسة,غير معلن
INIT-01296,2021-03-27,جدول بدلات ورواتب فريق برنامج التوسع الإقليمي,جدول رواتب وبدلات أعضاء الفريق خلال مراحل التنفيذ. المرجع INI-2021-1855 · الجهة المعنية: قطاع الشراكات.,قطاع الشراكات,قيد التنفيذ المبدئي,غير معلن
INIT-01297,2022-06-03,تحقيق جدوى موسّع لبرنامج الاستحواذ التقني,تحقيق جدوى يتضمن أرقامًا مالية غير معلنة وسيناريوهات المخاطر. المرجع INI-2022-7062 · الجهة المعنية: قطاع التحول الرقمي.,قطاع التحول الرقمي,مرفوعة للجنة,غير معلن
INIT-01298,2025-09-05,المشروع الوطني المرجعي رقم NP-873 - تداول اللجنة العليا,مشروع لا تُتداول تفاصيله خارج اللجنة العليا لارتباطه بمواقع وطنية. المرجع INI-2025-4058 · الجهة المعنية: قطاع التحول الرقمي.,,قيد الدراسة,غير معلن
INIT-01299,2025-05-01,إعادة هيكلة قطاع التقنية والمشاريع - قبل الاعتماد,تصور إعادة الهيكلة وأثرها الوظيفي قبل الاعتماد من المجلس. المرجع INI-2025-1725 · الجهة المعنية: قطاع العمليات.,قطاع العمليات,قيد التنفيذ المبدئي,معلن جزئيًا
INIT-01300,2019-01-10,مسار تفاوض دبلوماسي لتوطين برنامج المدن الذكية,مسار ذو طابع دبلوماسي لتوطين التقنية مع أطراف خارجية. المرجع INI-2019-7376 · الجهة المعنية: قطاع التقنية والمشاريع.,قطاع التقنية والمشاريع,مسودة أولية,معلن جزئيًا
INIT-01301,2022-07-02,معاهدة تعاون تقني قيد التفاوض مع منظمة إقليمية,نص معاهدة تعاون تقني قيد التفاوض وبنود نقل المعرفة. المرجع INI-2022-9740 · الجهة المعنية: قطاع التحول الرقمي.,قطاع التحول الرقمي,بانتظار الاعتماد,غير معلن
INIT-01302,2022-12-25,خطة التخارج الاستراتيجية من عقد تشغيل كبير,خيارات التخارج الاستراتيجية وأثرها المالي على الإيرادات. المرجع INI-2022-6038 · الجهة المعنية: قطاع الحلول الحكومية.,قطاع الحلول الحكومية,قيد التنفيذ المبدئي,معلن جزئيًا
INIT-01303,2019-11-24,مشروع منظومة اتصالات لجهة عسكري الطابع,متطلبات منظومة اتصالات لجهة عسكري الطابع وقيود التسليم. المرجع INI-2019-6717 · الجهة المعنية: قطاع العمليات.,قطاع العمليات,قيد الدراسة,غير معلن
INIT-01304,2019-04-18,مذكرة تفاهم مع صندوق استثماري دولي لتنفيذ برنامج الاستحواذ التقني,مسودة مذكرة تفاهم لم تُوقّع بعد وتتضمن التزامات مالية. المرجع INI-2019-8575 · الجهة المعنية: قطاع التقنية والمشاريع.,قطاع التقنية والمشاريع,معتمدة داخليًا,غير معلن
INIT-01305,2025-11-08,تحقيق جدوى موسّع لبرنامج الذكاء الاصطناعي المؤسسي,تحقيق جدوى يتضمن أرقامًا مالية غير معلنة وسيناريوهات المخاطر. المرجع INI-2025-6336 · الجهة المعنية: قطاع العمليات.,قطاع العمليات,بانتظار الاعتماد,غير معلن
INIT-01306,2020-10-13,الميزانية الاستراتيجية لبرنامج التحول الرقمي 2020-2022,تفاصيل الميزانية الاستراتيجية وتوزيعها على المراحل قبل الاعتماد. المرجع INI-2020-2699 · الجهة المعنية: قطاع العمليات.,قطاع العمليات,معتمدة داخليًا,غير معلن
INIT-01307,2019-12-20,نموذج تسعير برنامج الحوسبة السيادية للمنافسات الحكومية,هوامش وحدود تسعير استراتيجية غير قابلة للإفصاح للمنافسين. المرجع INI-2019-2369 · الجهة المعنية: قطاع البنية التحتية.,قطاع البنية التحتية,مرفوعة للجنة,معلن جزئيًا
INIT-01308,2024-11-16,مشروع تأمين مواقع تخزين أسلحة خاضعة للرقابة,تصميم ضوابط تأمين مواقع أسلحة ومواد خاضعة للرقابة. المرجع INI-2024-7722 · الجهة المعنية: قطاع التقنية والمشاريع.,قطاع التقنية والمشاريع,قيد الدراسة,غير معلن
INIT-01309,2022-10-12,مشروع منظومة اتصالات لجهة عسكري الطابع,متطلبات منظومة اتصالات لجهة عسكري الطابع وقيود التسليم. المرجع INI-2022-2627 · الجهة المعنية: قطاع التقنية والمشاريع.,قطاع التقنية والمشاريع,قيد الدراسة,غير معلن
INIT-01310,2022-06-05,إعادة هيكلة قطاع الأعمال المؤسسية - قبل الاعتماد,تصور إعادة الهيكلة وأثرها الوظيفي قبل الاعتماد من المجلس. المرجع INI-2022-7958 · الجهة المعنية: قطاع العمليات.,قطاع العمليات,قيد الدراسة,معلن جزئيًا
INIT-01311,2022-06-06,مذكرة تفاهم مع دولة شريكة لتنفيذ برنامج تحديث البنية التقنية,مسودة مذكرة تفاهم لم تُوقّع بعد وتتضمن التزامات مالية. المرجع INI-2022-7611 · الجهة المعنية: قطاع الشراكات.,قطاع الشراكات,مسودة أولية,غير معلن
INIT-01312,2023-04-18,خطة دخول سوق نجران - نسخة غير معلنة,خطة استراتيجية لدخول السوق وتقديرات الحصة المستهدفة. المرجع INI-2023-1286 · الجهة المعنية: قطاع البنية التحتية.,قطاع البنية التحتية,بانتظار الاعتماد,معلن جزئيًا
INIT-01313,2026-04-05,مسار تفاوض دبلوماسي لتوطين برنامج أمن سلاسل الإمداد,مسار ذو طابع دبلوماسي لتوطين التقنية مع أطراف خارجية. المرجع INI-2026-5641 · الجهة المعنية: قطاع البنية التحتية.,,مسودة أولية,غير معلن
INIT-01314,2021-03-13,مبادرة مواقع تخزين احتياطية للبيانات الحساسة,تحديد مواقع تخزين احتياطية وسعاتها ومستويات حمايتها. المرجع INI-2021-2956 · الجهة المعنية: قطاع الشراكات.,قطاع الشراكات,بانتظار الاعتماد,غير معلن
INIT-01315,2021-06-09,الميزانية الاستراتيجية لبرنامج تحديث البنية التقنية 2021-2023,تفاصيل الميزانية الاستراتيجية وتوزيعها على المراحل قبل الاعتماد. المرجع INI-2021-2442 · الجهة المعنية: قطاع الشراكات.,قطاع الشراكات,قيد الدراسة,غير معلن
INIT-01316,2023-02-16,مشروع تحديث أنظمة محطة توليد كهربائي - مرحلة 2,تحديث أنظمة تحكم منشأة حيوية وجدول الإيقاف المخطط. المرجع INI-2023-8560 · الجهة المعنية: قطاع الأعمال المؤسسية.,قطاع الأعمال المؤسسية,مسودة أولية,غير معلن
INIT-01317,2021-12-20,مبادرة مواقع تخزين احتياطية للبيانات الحساسة,تحديد مواقع تخزين احتياطية وسعاتها ومستويات حمايتها. المرجع INI-2021-4041 · الجهة المعنية: قطاع التقنية والمشاريع.,قطاع التقنية والمشاريع,بانتظار الاعتماد,معلن جزئيًا
INIT-01318,2021-09-03,مسار تفاوض دبلوماسي لتوطين برنامج الاستحواذ التقني,مسار ذو طابع دبلوماسي لتوطين التقنية مع أطراف خارجية. المرجع INI-2021-6099 · الجهة المعنية: قطاع الحلول الحكومية.,قطاع الحلول الحكومية,مرفوعة للجنة,غير معلن
INIT-01319,2024-02-04,برنامج تشغيل منشأة حيوية وطنية في الخبر,نطاق تشغيل منشأة حيوية وطنية وحدود المسؤولية التشغيلية. المرجع INI-2024-9195 · الجهة المعنية: قطاع التحول الرقمي.,قطاع التحول الرقمي,بانتظار الاعتماد,غير معلن
INIT-01320,2019-08-17,برنامج تشغيل منشأة حيوية وطنية في الجبيل,نطاق تشغيل منشأة حيوية وطنية وحدود المسؤولية التشغيلية. المرجع INI-2019-8005 · الجهة المعنية: قطاع البنية التحتية.,قطاع البنية التحتية,بانتظار الاعتماد,غير معلن
INIT-01321,2024-03-23,مصفوفة الشركاء المحتملين لبرنامج الحوسبة السيادية,تقييم شركاء محتملين وشروط التفضيل قبل الإفصاح للسوق. المرجع INI-2024-2419 · الجهة المعنية: قطاع البنية التحتية.,قطاع البنية التحتية,معتمدة داخليًا,غير معلن
INIT-01322,2022-05-09,جدول بدلات ورواتب فريق برنامج أمن سلاسل الإمداد,جدول رواتب وبدلات أعضاء الفريق خلال مراحل التنفيذ. المرجع INI-2022-4748 · الجهة المعنية: قطاع البنية التحتية.,قطاع البنية التحتية,قيد التنفيذ المبدئي,غير معلن
INIT-01323,2021-05-23,خطة التخارج الاستراتيجية من عقد تشغيل كبير,خيارات التخارج الاستراتيجية وأثرها المالي على الإيرادات. المرجع INI-2021-8616 · الجهة المعنية: قطاع البنية التحتية.,قطاع البنية التحتية,قيد الدراسة,غير معلن
INIT-01324,2023-11-29,مذكرة تفاهم مع جهة سيادية شريكة لتنفيذ برنامج المدن الذكية,مسودة مذكرة تفاهم لم تُوقّع بعد وتتضمن التزامات مالية. المرجع INI-2023-9520 · الجهة المعنية: قطاع العمليات.,قطاع العمليات,مرفوعة للجنة,معلن جزئيًا
INIT-01325,2020-09-12,مشروع منظومة اتصالات لجهة عسكري الطابع,متطلبات منظومة اتصالات لجهة عسكري الطابع وقيود التسليم. المرجع INI-2020-5185 · الجهة المعنية: قطاع التقنية والمشاريع.,قطاع التقنية والمشاريع,قيد الدراسة,غير معلن
INIT-01326,2022-05-11,مبادرة داخلية رقم SI-2022-881 - غير معلنة,مبادرة قيد الدراسة يترتب على كشفها المبكر أثر تنافسي مباشر. المرجع INI-2022-8110 · الجهة المعنية: قطاع الحلول الحكومية.,قطاع الحلول الحكومية,معتمدة داخليًا,معلن جزئيًا
INIT-01327,2025-03-16,خطة الاستحواذ الاستراتيجية على مزوّد تقني إقليمي,خطة استراتيجية للاستحواذ مع تقييم مبدئي وهيكل تمويل مقترح. المرجع INI-2025-8344 · الجهة المعنية: قطاع التحول الرقمي.,قطاع التحول الرقمي,مسودة أولية,غير معلن
INIT-01328,2023-06-19,مصفوفة الشركاء المحتملين لبرنامج المدن الذكية,تقييم شركاء محتملين وشروط التفضيل قبل الإفصاح للسوق. المرجع INI-2023-1272 · الجهة المعنية: قطاع الأعمال المؤسسية.,قطاع الأعمال المؤسسية,معتمدة داخليًا,معلن جزئيًا
INIT-01329,2020-02-22,مبادرة مواقع تخزين احتياطية للبيانات الحساسة,تحديد مواقع تخزين احتياطية وسعاتها ومستويات حمايتها. المرجع INI-2020-6295 · الجهة المعنية: قطاع الحلول الحكومية.,قطاع الحلول الحكومية,معتمدة داخليًا,غير معلن
INIT-01330,2023-11-30,مبادرة مواقع تخزين احتياطية للبيانات الحساسة,تحديد مواقع تخزين احتياطية وسعاتها ومستويات حمايتها. المرجع INI-2023-5729 · الجهة المعنية: قطاع التقنية والمشاريع.,قطاع التقنية والمشاريع,مرفوعة للجنة,غير معلن
INIT-01331,2024-04-02,مبادرة الحوسبة السيادية وحماية سيادة البيانات,تصميم بيئة تضمن سيادة البيانات الوطنية وحدود الاستضافة المسموحة. المرجع INI-2024-3212 · الجهة المعنية: قطاع التحول الرقمي.,قطاع التحول الرقمي,مرفوعة للجنة,غير معلن
INIT-01332,2021-10-30,مشروع تأمين مواقع تخزين أسلحة خاضعة للرقابة,تصميم ضوابط تأمين مواقع أسلحة ومواد خاضعة للرقابة. المرجع INI-2021-1048 · الجهة المعنية: قطاع التحول الرقمي.,قطاع التحول الرقمي,قيد الدراسة,غير معلن
INIT-01333,2026-05-17,معاهدة تعاون تقني قيد التفاوض مع شريك تقني عالمي,نص معاهدة تعاون تقني قيد التفاوض وبنود نقل المعرفة. المرجع INI-2026-6880 · الجهة المعنية: قطاع البنية التحتية.,قطاع البنية التحتية,بانتظار الاعتماد,غير معلن
INIT-01334,2025-01-01,مذكرة تفاهم مع صندوق استثماري دولي لتنفيذ برنامج المدن الذكية,مسودة مذكرة تفاهم لم تُوقّع بعد وتتضمن التزامات مالية. المرجع INI-2025-5443 · الجهة المعنية: قطاع الأعمال المؤسسية.,قطاع الأعمال المؤسسية,بانتظار الاعتماد,غير معلن
INIT-01335,2022-07-18,مبادرة إدارة مفاتيح التشفير على مستوى الجهات الوطنية,تصميم مركزي لإدارة مفاتيح التشفير عبر الأنظمة الوطنية. المرجع INI-2022-5148 · الجهة المعنية: قطاع العمليات.,قطاع العمليات,قيد الدراسة,غير معلن
INIT-01336,2024-06-07,مذكرة تفاهم مع دولة شريكة لتنفيذ برنامج التحول الرقمي,مسودة مذكرة تفاهم لم تُوقّع بعد وتتضمن التزامات مالية. المرجع INI-2024-9768 · الجهة المعنية: قطاع التقنية والمشاريع.,قطاع التقنية والمشاريع,بانتظار الاعتماد,غير معلن
INIT-01337,2023-07-01,مبادرة مواقع تخزين احتياطية للبيانات الحساسة,تحديد مواقع تخزين احتياطية وسعاتها ومستويات حمايتها. المرجع INI-2023-4560 · الجهة المعنية: قطاع الحلول الحكومية.,قطاع الحلول الحكومية,مرفوعة للجنة,معلن جزئيًا
INIT-01338,2020-12-24,برنامج تشغيل منشأة حيوية وطنية في الخبر,نطاق تشغيل منشأة حيوية وطنية وحدود المسؤولية التشغيلية. المرجع INI-2020-2418 · الجهة المعنية: قطاع البنية التحتية.,قطاع البنية التحتية,قيد الدراسة,غير معلن
INIT-01339,2020-07-29,تحقيق جدوى موسّع لبرنامج الاستحواذ التقني,تحقيق جدوى يتضمن أرقامًا مالية غير معلنة وسيناريوهات المخاطر. المرجع INI-2020-4174 · الجهة المعنية: قطاع التقنية والمشاريع.,قطاع التقنية والمشاريع,مسودة أولية,غير معلن
INIT-01340,2020-03-25,مذكرة تفاهم مع صندوق استثماري دولي لتنفيذ برنامج أمن سلاسل الإمداد,مسودة مذكرة تفاهم لم تُوقّع بعد وتتضمن التزامات مالية. المرجع INI-2020-6835 · الجهة المعنية: قطاع البنية التحتية.,قطاع البنية التحتية,معتمدة داخليًا,غير معلن
INIT-01341,2023-10-20,مبادرة داخلية رقم SI-2023-148 - غير معلنة,مبادرة قيد الدراسة يترتب على كشفها المبكر أثر تنافسي مباشر. المرجع INI-2023-5515 · الجهة المعنية: قطاع الأعمال المؤسسية.,قطاع الأعمال المؤسسية,قيد التنفيذ المبدئي,معلن جزئيًا
INIT-01342,2021-05-24,مذكرة تفاهم مع دولة شريكة لتنفيذ برنامج تحديث البنية التقنية,مسودة مذكرة تفاهم لم تُوقّع بعد وتتضمن التزامات مالية. المرجع INI-2021-7532 · الجهة المعنية: قطاع الشراكات.,قطاع الشراكات,مرفوعة للجنة,معلن جزئيًا
INIT-01343,2022-08-06,المشروع الوطني المرجعي رقم NP-378 - تداول اللجنة العليا,مشروع لا تُتداول تفاصيله خارج اللجنة العليا لارتباطه بمواقع وطنية. المرجع INI-2022-5844 · الجهة المعنية: قطاع التقنية والمشاريع.,قطاع التقنية والمشاريع,معتمدة داخليًا,غير معلن
INIT-01344,2022-10-06,مذكرة تفاهم مع دولة شريكة لتنفيذ برنامج الذكاء الاصطناعي المؤسسي,مسودة مذكرة تفاهم لم تُوقّع بعد وتتضمن التزامات مالية. المرجع INI-2022-8604 · الجهة المعنية: قطاع الأعمال المؤسسية.,قطاع الأعمال المؤسسية,مرفوعة للجنة,معلن جزئيًا
INIT-01345,2022-11-21,خطة الاستحواذ الاستراتيجية على مزوّد تقني إقليمي,خطة استراتيجية للاستحواذ مع تقييم مبدئي وهيكل تمويل مقترح. المرجع INI-2022-8172 · الجهة المعنية: قطاع الشراكات.,,قيد التنفيذ المبدئي,معلن جزئيًا
INIT-01346,2021-08-21,مصفوفة الشركاء المحتملين لبرنامج التوسع الإقليمي,تقييم شركاء محتملين وشروط التفضيل قبل الإفصاح للسوق. المرجع INI-2021-3547 · الجهة المعنية: قطاع العمليات.,قطاع العمليات,بانتظار الاعتماد,معلن جزئيًا
INIT-01347,2020-08-30,برنامج تشغيل منشأة حيوية وطنية في بريدة,نطاق تشغيل منشأة حيوية وطنية وحدود المسؤولية التشغيلية. المرجع INI-2020-2659 · الجهة المعنية: قطاع البنية التحتية.,,قيد الدراسة,غير معلن
INIT-01348,2020-12-03,نموذج تسعير برنامج التحول الرقمي للمنافسات الحكومية,هوامش وحدود تسعير استراتيجية غير قابلة للإفصاح للمنافسين. المرجع INI-2020-1671 · الجهة المعنية: قطاع العمليات.,قطاع العمليات,بانتظار الاعتماد,غير معلن
INIT-01349,2025-07-18,مصفوفة الشركاء المحتملين لبرنامج الاستحواذ التقني,تقييم شركاء محتملين وشروط التفضيل قبل الإفصاح للسوق. المرجع INI-2025-8331 · الجهة المعنية: قطاع التقنية والمشاريع.,قطاع التقنية والمشاريع,معتمدة داخليًا,معلن جزئيًا
INIT-01350,2023-01-24,مشروع منظومة اتصالات لجهة عسكري الطابع,متطلبات منظومة اتصالات لجهة عسكري الطابع وقيود التسليم. المرجع INI-2023-2711 · الجهة المعنية: قطاع الأعمال المؤسسية.,قطاع الأعمال المؤسسية,معتمدة داخليًا,غير معلن
INIT-01351,2020-07-24,مبادرة مواقع تخزين احتياطية للبيانات الحساسة,تحديد مواقع تخزين احتياطية وسعاتها ومستويات حمايتها. المرجع INI-2020-4249 · الجهة المعنية: قطاع العمليات.,قطاع العمليات,مسودة أولية,معلن جزئيًا
INIT-01352,2023-07-12,خطة التخارج الاستراتيجية من عقد تشغيل كبير,خيارات التخارج الاستراتيجية وأثرها المالي على الإيرادات. المرجع INI-2023-7496 · الجهة المعنية: قطاع التحول الرقمي.,قطاع التحول الرقمي,معتمدة داخليًا,معلن جزئيًا
INIT-01353,2022-10-24,خطة التخارج الاستراتيجية من عقد تشغيل كبير,خيارات التخارج الاستراتيجية وأثرها المالي على الإيرادات. المرجع INI-2022-2603 · الجهة المعنية: قطاع البنية التحتية.,قطاع البنية التحتية,مسودة أولية,معلن جزئيًا
INIT-01354,2021-05-01,عقد مورد لتوريد تجهيزات برنامج أمن سلاسل الإمداد,بنود عقد مورد وجدول التوريد والغرامات التعاقدية. المرجع INI-2021-9092 · الجهة المعنية: قطاع العمليات.,قطاع العمليات,مرفوعة للجنة,غير معلن
INIT-01355,2023-08-02,معاهدة تعاون تقني قيد التفاوض مع تحالف صناعي دولي,نص معاهدة تعاون تقني قيد التفاوض وبنود نقل المعرفة. المرجع INI-2023-2933 · الجهة المعنية: قطاع التقنية والمشاريع.,قطاع التقنية والمشاريع,قيد التنفيذ المبدئي,غير معلن
INIT-01356,2025-01-17,مشروع تأمين مواقع تخزين أسلحة خاضعة للرقابة,تصميم ضوابط تأمين مواقع أسلحة ومواد خاضعة للرقابة. المرجع INI-2025-5212 · الجهة المعنية: قطاع الشراكات.,قطاع الشراكات,مرفوعة للجنة,غير معلن
INIT-01357,2021-01-07,مبادرة مواقع تخزين احتياطية للبيانات الحساسة,تحديد مواقع تخزين احتياطية وسعاتها ومستويات حمايتها. المرجع INI-2021-4936 · الجهة المعنية: قطاع التحول الرقمي.,قطاع التحول الرقمي,مسودة أولية,غير معلن
INIT-01358,2020-03-28,خطة دخول سوق تبوك - نسخة غير معلنة,خطة استراتيجية لدخول السوق وتقديرات الحصة المستهدفة. المرجع INI-2020-1034 · الجهة المعنية: قطاع التقنية والمشاريع.,قطاع التقنية والمشاريع,معتمدة داخليًا,معلن جزئيًا
INIT-01359,2019-06-30,الميزانية الاستراتيجية لبرنامج المدن الذكية 2019-2021,تفاصيل الميزانية الاستراتيجية وتوزيعها على المراحل قبل الاعتماد. المرجع INI-2019-3607 · الجهة المعنية: قطاع البنية التحتية.,قطاع البنية التحتية,قيد التنفيذ المبدئي,معلن جزئيًا
INIT-01360,2020-07-17,مبادرة مواقع تخزين احتياطية للبيانات الحساسة,تحديد مواقع تخزين احتياطية وسعاتها ومستويات حمايتها. المرجع INI-2020-9612 · الجهة المعنية: قطاع الشراكات.,قطاع الشراكات,قيد الدراسة,معلن جزئيًا
INIT-01361,2025-11-14,معاهدة تعاون تقني قيد التفاوض مع دولة شريكة,نص معاهدة تعاون تقني قيد التفاوض وبنود نقل المعرفة. المرجع INI-2025-4990 · الجهة المعنية: قطاع التحول الرقمي.,قطاع التحول الرقمي,قيد الدراسة,معلن جزئيًا
INIT-01362,2025-10-06,خطة الاستحواذ الاستراتيجية على مزوّد تقني إقليمي,خطة استراتيجية للاستحواذ مع تقييم مبدئي وهيكل تمويل مقترح. المرجع INI-2025-1151 · الجهة المعنية: قطاع التقنية والمشاريع.,قطاع التقنية والمشاريع,قيد الدراسة,غير معلن
INIT-01363,2024-03-21,نموذج تسعير برنامج التوسع الإقليمي للمنافسات الحكومية,هوامش وحدود تسعير استراتيجية غير قابلة للإفصاح للمنافسين. المرجع INI-2024-6677 · الجهة المعنية: قطاع التحول الرقمي.,قطاع التحول الرقمي,مرفوعة للجنة,معلن جزئيًا
INIT-01364,2022-01-04,إعلان انطلاق برنامج المرونة التشغيلية - قطاع الشراكات 2022,إعلان رسمي عن انطلاق البرنامج وأهدافه المعلنة. المرجع INI-2022-4698 · الجهة المعنية: قطاع العمليات.,قطاع العمليات,مسودة أولية,معلن
INIT-01365,2023-10-08,تحقيق جدوى موسّع لبرنامج الاستحواذ التقني,تحقيق جدوى يتضمن أرقامًا مالية غير معلنة وسيناريوهات المخاطر. المرجع INI-2023-3724 · الجهة المعنية: قطاع البنية التحتية.,قطاع البنية التحتية,قيد التنفيذ المبدئي,غير معلن
INIT-01366,2019-10-08,مذكرة تفاهم مع دولة شريكة لتنفيذ برنامج تكامل الأنظمة الحكومية,مسودة مذكرة تفاهم لم تُوقّع بعد وتتضمن التزامات مالية. المرجع INI-2019-2602 · الجهة المعنية: قطاع البنية التحتية.,قطاع البنية التحتية,معتمدة داخليًا,غير معلن
INIT-01367,2019-04-16,مبادرة مواقع تخزين احتياطية للبيانات الحساسة,تحديد مواقع تخزين احتياطية وسعاتها ومستويات حمايتها. المرجع INI-2019-5090 · الجهة المعنية: قطاع التقنية والمشاريع.,قطاع التقنية والمشاريع,قيد التنفيذ المبدئي,غير معلن
INIT-01368,2026-05-01,مصفوفة الشركاء المحتملين لبرنامج المدن الذكية,تقييم شركاء محتملين وشروط التفضيل قبل الإفصاح للسوق. المرجع INI-2026-1879 · الجهة المعنية: قطاع الشراكات.,قطاع الشراكات,بانتظار الاعتماد,معلن جزئيًا
INIT-01369,2021-03-27,خطة التخارج الاستراتيجية من عقد تشغيل كبير,خيارات التخارج الاستراتيجية وأثرها المالي على الإيرادات. المرجع INI-2021-3433 · الجهة المعنية: قطاع الأعمال المؤسسية.,قطاع الأعمال المؤسسية,مسودة أولية,غير معلن
INIT-01370,2022-09-20,تحقيق جدوى موسّع لبرنامج تحديث البنية التقنية,تحقيق جدوى يتضمن أرقامًا مالية غير معلنة وسيناريوهات المخاطر. المرجع INI-2022-7914 · الجهة المعنية: قطاع الأعمال المؤسسية.,قطاع الأعمال المؤسسية,معتمدة داخليًا,غير معلن
INIT-01371,2025-07-29,إعادة هيكلة قطاع البنية التحتية - قبل الاعتماد,تصور إعادة الهيكلة وأثرها الوظيفي قبل الاعتماد من المجلس. المرجع INI-2025-8428 · الجهة المعنية: قطاع الشراكات.,قطاع الشراكات,مسودة أولية,غير معلن
INIT-01372,2025-10-02,الميزانية الاستراتيجية لبرنامج تكامل الأنظمة الحكومية 2025-2027,تفاصيل الميزانية الاستراتيجية وتوزيعها على المراحل قبل الاعتماد. المرجع INI-2025-6544 · الجهة المعنية: قطاع البنية التحتية.,قطاع البنية التحتية,معتمدة داخليًا,غير معلن
INIT-01373,2022-06-07,إعادة هيكلة قطاع الخدمات الرقمية - قبل الاعتماد,تصور إعادة الهيكلة وأثرها الوظيفي قبل الاعتماد من المجلس. المرجع INI-2022-6914 · الجهة المعنية: قطاع العمليات.,قطاع العمليات,قيد الدراسة,معلن جزئيًا
INIT-01374,2022-02-03,مبادرة إدارة مفاتيح التشفير على مستوى الجهات الوطنية,تصميم مركزي لإدارة مفاتيح التشفير عبر الأنظمة الوطنية. المرجع INI-2022-1208 · الجهة المعنية: قطاع التحول الرقمي.,قطاع التحول الرقمي,قيد الدراسة,غير معلن
INIT-01375,2026-05-18,جدول بدلات ورواتب فريق برنامج أمن سلاسل الإمداد,جدول رواتب وبدلات أعضاء الفريق خلال مراحل التنفيذ. المرجع INI-2026-6534 · الجهة المعنية: قطاع التقنية والمشاريع.,قطاع التقنية والمشاريع,معتمدة داخليًا,غير معلن
INIT-01376,2023-04-02,مشروع منظومة اتصالات لجهة عسكري الطابع,متطلبات منظومة اتصالات لجهة عسكري الطابع وقيود التسليم. المرجع INI-2023-5016 · الجهة المعنية: قطاع التقنية والمشاريع.,قطاع التقنية والمشاريع,قيد التنفيذ المبدئي,غير معلن
INIT-01377,2022-02-02,خطة دخول سوق القطيف - نسخة غير معلنة,خطة استراتيجية لدخول السوق وتقديرات الحصة المستهدفة. المرجع INI-2022-8061 · الجهة المعنية: قطاع الشراكات.,قطاع الشراكات,بانتظار الاعتماد,غير معلن
INIT-01378,2019-06-24,معاهدة تعاون تقني قيد التفاوض مع جهة سيادية شريكة,نص معاهدة تعاون تقني قيد التفاوض وبنود نقل المعرفة. المرجع INI-2019-6377 · الجهة المعنية: قطاع الحلول الحكومية.,قطاع الحلول الحكومية,مرفوعة للجنة,غير معلن
INIT-01379,2025-03-31,المشروع الوطني المرجعي رقم NP-926 - تداول اللجنة العليا,مشروع لا تُتداول تفاصيله خارج اللجنة العليا لارتباطه بمواقع وطنية. المرجع INI-2025-7022 · الجهة المعنية: قطاع الأعمال المؤسسية.,قطاع الأعمال المؤسسية,قيد الدراسة,غير معلن
INIT-01380,2019-08-03,مبادرة داخلية رقم SI-2019-111 - غير معلنة,مبادرة قيد الدراسة يترتب على كشفها المبكر أثر تنافسي مباشر. المرجع INI-2019-5004 · الجهة المعنية: قطاع العمليات.,قطاع العمليات,مسودة أولية,معلن جزئيًا
INIT-01381,2021-02-11,مذكرة تفاهم مع شريك تقني عالمي لتنفيذ برنامج الذكاء الاصطناعي المؤسسي,مسودة مذكرة تفاهم لم تُوقّع بعد وتتضمن التزامات مالية. المرجع INI-2021-2565 · الجهة المعنية: قطاع الشراكات.,قطاع الشراكات,بانتظار الاعتماد,معلن جزئيًا
INIT-01382,2020-12-25,خطة الاستحواذ الاستراتيجية على مزوّد تقني إقليمي,خطة استراتيجية للاستحواذ مع تقييم مبدئي وهيكل تمويل مقترح. المرجع INI-2020-8415 · الجهة المعنية: قطاع الأعمال المؤسسية.,قطاع الأعمال المؤسسية,معتمدة داخليًا,معلن جزئيًا
INIT-01383,2022-06-20,خطة الاستحواذ الاستراتيجية على مزوّد تقني إقليمي,خطة استراتيجية للاستحواذ مع تقييم مبدئي وهيكل تمويل مقترح. المرجع INI-2022-7874 · الجهة المعنية: قطاع الحلول الحكومية.,قطاع الحلول الحكومية,قيد الدراسة,معلن جزئيًا
INIT-01384,2025-02-24,مبادرة داخلية رقم SI-2025-630 - غير معلنة,مبادرة قيد الدراسة يترتب على كشفها المبكر أثر تنافسي مباشر. المرجع INI-2025-5223 · الجهة المعنية: قطاع الشراكات.,قطاع الشراكات,قيد الدراسة,معلن جزئيًا
INIT-01385,2025-08-04,إحصاءات أثر برنامج تحديث البنية التقنية المعلنة - الربع الثاني 2025,إحصاءات معلنة عن أثر البرنامج على مستوى الخدمة. المرجع INI-2025-5597 · الجهة المعنية: قطاع الأعمال المؤسسية.,قطاع الأعمال المؤسسية,قيد الدراسة,معلن
INIT-01386,2020-12-16,منشور تعريفي بمخرجات برنامج الذكاء الاصطناعي المؤسسي في جدة,منشور تعريفي عام بالمخرجات المعلنة للبرنامج. المرجع INI-2020-3141 · الجهة المعنية: قطاع التحول الرقمي.,قطاع التحول الرقمي,بانتظار الاعتماد,معلن
INIT-01387,2020-01-08,مذكرة تفاهم مع شريك تقني عالمي لتنفيذ برنامج أمن سلاسل الإمداد,مسودة مذكرة تفاهم لم تُوقّع بعد وتتضمن التزامات مالية. المرجع INI-2020-1189 · الجهة المعنية: قطاع الحلول الحكومية.,قطاع الحلول الحكومية,بانتظار الاعتماد,غير معلن
INIT-01388,2024-08-31,منشور تعريفي بمخرجات برنامج المدن الذكية في حائل,منشور تعريفي عام بالمخرجات المعلنة للبرنامج. المرجع INI-2024-4785 · الجهة المعنية: قطاع التحول الرقمي.,قطاع التحول الرقمي,قيد التنفيذ المبدئي,معلن
INIT-01389,2019-06-25,إعادة هيكلة قطاع البنية التحتية - قبل الاعتماد,تصور إعادة الهيكلة وأثرها الوظيفي قبل الاعتماد من المجلس. المرجع INI-2019-2319 · الجهة المعنية: قطاع الشراكات.,قطاع الشراكات,قيد الدراسة,معلن جزئيًا
INIT-01390,2024-10-29,مبادرة داخلية رقم SI-2024-196 - غير معلنة,مبادرة قيد الدراسة يترتب على كشفها المبكر أثر تنافسي مباشر. المرجع INI-2024-3306 · الجهة المعنية: قطاع الحلول الحكومية.,,مسودة أولية,غير معلن
INIT-01391,2025-07-09,مبادرة داخلية رقم SI-2025-177 - غير معلنة,مبادرة قيد الدراسة يترتب على كشفها المبكر أثر تنافسي مباشر. المرجع INI-2025-8473 · الجهة المعنية: قطاع البنية التحتية.,قطاع البنية التحتية,معتمدة داخليًا,معلن جزئيًا
INIT-01392,2023-02-01,مشروع تأمين مواقع تخزين أسلحة خاضعة للرقابة,تصميم ضوابط تأمين مواقع أسلحة ومواد خاضعة للرقابة. المرجع INI-2023-3538 · الجهة المعنية: قطاع الشراكات.,قطاع الشراكات,قيد الدراسة,غير معلن
INIT-01393,2025-10-28,خطة دخول سوق أبها - نسخة غير معلنة,خطة استراتيجية لدخول السوق وتقديرات الحصة المستهدفة. المرجع INI-2025-2631 · الجهة المعنية: قطاع التقنية والمشاريع.,قطاع التقنية والمشاريع,بانتظار الاعتماد,معلن جزئيًا
INIT-01394,2024-03-11,المشروع الوطني المرجعي رقم NP-254 - تداول اللجنة العليا,مشروع لا تُتداول تفاصيله خارج اللجنة العليا لارتباطه بمواقع وطنية. المرجع INI-2024-8965 · الجهة المعنية: قطاع العمليات.,قطاع العمليات,مرفوعة للجنة,غير معلن
INIT-01395,2020-07-21,خطة التخارج الاستراتيجية من عقد تشغيل كبير,خيارات التخارج الاستراتيجية وأثرها المالي على الإيرادات. المرجع INI-2020-2488 · الجهة المعنية: قطاع الأعمال المؤسسية.,قطاع الأعمال المؤسسية,قيد التنفيذ المبدئي,غير معلن
INIT-01396,2021-02-18,خطة التخارج الاستراتيجية من عقد تشغيل كبير,خيارات التخارج الاستراتيجية وأثرها المالي على الإيرادات. المرجع INI-2021-1956 · الجهة المعنية: قطاع الحلول الحكومية.,قطاع الحلول الحكومية,مرفوعة للجنة,غير معلن
INIT-01397,2025-07-27,إعلان انطلاق برنامج المدن الذكية - قطاع الأعمال المؤسسية 2025,إعلان رسمي عن انطلاق البرنامج وأهدافه المعلنة. المرجع INI-2025-6946 · الجهة المعنية: قطاع التحول الرقمي.,قطاع التحول الرقمي,مرفوعة للجنة,معلن
INIT-01398,2019-09-24,الميزانية الاستراتيجية لبرنامج التحول الرقمي 2019-2021,تفاصيل الميزانية الاستراتيجية وتوزيعها على المراحل قبل الاعتماد. المرجع INI-2019-6130 · الجهة المعنية: قطاع البنية التحتية.,قطاع البنية التحتية,بانتظار الاعتماد,معلن جزئيًا
INIT-01399,2023-08-02,مسار تفاوض دبلوماسي لتوطين برنامج تكامل الأنظمة الحكومية,مسار ذو طابع دبلوماسي لتوطين التقنية مع أطراف خارجية. المرجع INI-2023-6328 · الجهة المعنية: قطاع الحلول الحكومية.,قطاع الحلول الحكومية,قيد التنفيذ المبدئي,غير معلن
INIT-01400,2019-02-18,مبادرة الحوسبة السيادية وحماية سيادة البيانات,تصميم بيئة تضمن سيادة البيانات الوطنية وحدود الاستضافة المسموحة. المرجع INI-2019-4940 · الجهة المعنية: قطاع العمليات.,قطاع العمليات,قيد الدراسة,غير معلن
INIT-01401,2021-09-25,إعادة هيكلة قطاع الشراكات - قبل الاعتماد,تصور إعادة الهيكلة وأثرها الوظيفي قبل الاعتماد من المجلس. المرجع INI-2021-9539 · الجهة المعنية: قطاع التحول الرقمي.,قطاع التحول الرقمي,قيد الدراسة,معلن جزئيًا
INIT-01402,2026-02-21,جدول بدلات ورواتب فريق برنامج الحوسبة السيادية,جدول رواتب وبدلات أعضاء الفريق خلال مراحل التنفيذ. المرجع INI-2026-9616 · الجهة المعنية: قطاع الشراكات.,قطاع الشراكات,قيد التنفيذ المبدئي,معلن جزئيًا
INIT-01403,2019-10-21,تحقيق جدوى موسّع لبرنامج الاستحواذ التقني,تحقيق جدوى يتضمن أرقامًا مالية غير معلنة وسيناريوهات المخاطر. المرجع INI-2019-3600 · الجهة المعنية: قطاع الأعمال المؤسسية.,قطاع الأعمال المؤسسية,معتمدة داخليًا,غير معلن
INIT-01404,2021-07-17,بيان صحفي عن شراكة معلنة في القطيف - 2021,بيان صحفي منشور عن شراكة تم الإعلان عنها رسميًا. المرجع INI-2021-5599 · الجهة المعنية: قطاع التقنية والمشاريع.,قطاع التقنية والمشاريع,مرفوعة للجنة,معلن
INIT-01405,2021-11-19,خطة التخارج الاستراتيجية من عقد تشغيل كبير,خيارات التخارج الاستراتيجية وأثرها المالي على الإيرادات. المرجع INI-2021-9584 · الجهة المعنية: قطاع التحول الرقمي.,قطاع التحول الرقمي,مرفوعة للجنة,غير معلن
INIT-01406,2023-01-13,معاهدة تعاون تقني قيد التفاوض مع تحالف صناعي دولي,نص معاهدة تعاون تقني قيد التفاوض وبنود نقل المعرفة. المرجع INI-2023-1756 · الجهة المعنية: قطاع الشراكات.,قطاع الشراكات,مرفوعة للجنة,غير معلن
INIT-01407,2022-01-15,مبادرة إدارة مفاتيح التشفير على مستوى الجهات الوطنية,تصميم مركزي لإدارة مفاتيح التشفير عبر الأنظمة الوطنية. المرجع INI-2022-9206 · الجهة المعنية: قطاع البنية التحتية.,,مرفوعة للجنة,غير معلن
INIT-01408,2024-10-30,مبادرة داخلية رقم SI-2024-389 - غير معلنة,مبادرة قيد الدراسة يترتب على كشفها المبكر أثر تنافسي مباشر. المرجع INI-2024-3170 · الجهة المعنية: قطاع العمليات.,قطاع العمليات,قيد التنفيذ المبدئي,معلن جزئيًا
INIT-01409,2019-06-23,الميزانية الاستراتيجية لبرنامج الاستحواذ التقني 2019-2023,تفاصيل الميزانية الاستراتيجية وتوزيعها على المراحل قبل الاعتماد. المرجع INI-2019-5497 · الجهة المعنية: قطاع الحلول الحكومية.,قطاع الحلول الحكومية,مرفوعة للجنة,معلن جزئيًا
INIT-01410,2022-05-06,تحقيق جدوى موسّع لبرنامج المدن الذكية,تحقيق جدوى يتضمن أرقامًا مالية غير معلنة وسيناريوهات المخاطر. المرجع INI-2022-5776 · الجهة المعنية: قطاع العمليات.,قطاع العمليات,قيد الدراسة,معلن جزئيًا
INIT-01411,2025-07-31,خطة دخول سوق القطيف - نسخة غير معلنة,خطة استراتيجية لدخول السوق وتقديرات الحصة المستهدفة. المرجع INI-2025-9213 · الجهة المعنية: قطاع العمليات.,قطاع العمليات,معتمدة داخليًا,معلن جزئيًا
INIT-01412,2024-08-03,تحقيق جدوى موسّع لبرنامج تحديث البنية التقنية,تحقيق جدوى يتضمن أرقامًا مالية غير معلنة وسيناريوهات المخاطر. المرجع INI-2024-1698 · الجهة المعنية: قطاع الشراكات.,قطاع الشراكات,بانتظار الاعتماد,معلن جزئيًا
INIT-01413,2020-06-14,مشروع تحديث أنظمة مركز التحكم بالسكك الحديدية - مرحلة 3,تحديث أنظمة تحكم منشأة حيوية وجدول الإيقاف المخطط. المرجع INI-2020-1431 · الجهة المعنية: قطاع الشراكات.,قطاع الشراكات,بانتظار الاعتماد,غير معلن
INIT-01414,2023-10-15,بيان صحفي عن شراكة معلنة في ينبع - 2023,بيان صحفي منشور عن شراكة تم الإعلان عنها رسميًا. المرجع INI-2023-6922 · الجهة المعنية: قطاع التحول الرقمي.,قطاع التحول الرقمي,مسودة أولية,معلن
INIT-01415,2019-04-16,إعادة هيكلة قطاع الشراكات - قبل الاعتماد,تصور إعادة الهيكلة وأثرها الوظيفي قبل الاعتماد من المجلس. المرجع INI-2019-2465 · الجهة المعنية: قطاع الشراكات.,قطاع الشراكات,بانتظار الاعتماد,معلن جزئيًا
INIT-01416,2021-05-03,مبادرة مواقع تخزين احتياطية للبيانات الحساسة,تحديد مواقع تخزين احتياطية وسعاتها ومستويات حمايتها. المرجع INI-2021-1540 · الجهة المعنية: قطاع التحول الرقمي.,قطاع التحول الرقمي,مسودة أولية,معلن جزئيًا
INIT-01417,2021-04-24,إعادة هيكلة قطاع التقنية والمشاريع - قبل الاعتماد,تصور إعادة الهيكلة وأثرها الوظيفي قبل الاعتماد من المجلس. المرجع INI-2021-6382 · الجهة المعنية: قطاع الحلول الحكومية.,قطاع الحلول الحكومية,مسودة أولية,غير معلن
INIT-01418,2020-08-02,مبادرة إدارة مفاتيح التشفير على مستوى الجهات الوطنية,تصميم مركزي لإدارة مفاتيح التشفير عبر الأنظمة الوطنية. المرجع INI-2020-3516 · الجهة المعنية: قطاع الحلول الحكومية.,قطاع الحلول الحكومية,مرفوعة للجنة,غير معلن
INIT-01419,2019-11-17,مشروع تحديث أنظمة مطار دولي - مرحلة 4,تحديث أنظمة تحكم منشأة حيوية وجدول الإيقاف المخطط. المرجع INI-2019-1813 · الجهة المعنية: قطاع التقنية والمشاريع.,قطاع التقنية والمشاريع,بانتظار الاعتماد,غير معلن
INIT-01420,2020-07-31,بيان صحفي عن شراكة معلنة في الطائف - 2020,بيان صحفي منشور عن شراكة تم الإعلان عنها رسميًا. المرجع INI-2020-7969 · الجهة المعنية: قطاع الحلول الحكومية.,قطاع الحلول الحكومية,مسودة أولية,معلن
INIT-01421,2022-06-06,نموذج تسعير برنامج المرونة التشغيلية للمنافسات الحكومية,هوامش وحدود تسعير استراتيجية غير قابلة للإفصاح للمنافسين. المرجع INI-2022-6975 · الجهة المعنية: قطاع الحلول الحكومية.,,مسودة أولية,معلن جزئيًا
INIT-01422,2019-10-22,مشروع منظومة اتصالات لجهة عسكري الطابع,متطلبات منظومة اتصالات لجهة عسكري الطابع وقيود التسليم. المرجع INI-2019-4825 · الجهة المعنية: قطاع العمليات.,قطاع العمليات,مرفوعة للجنة,غير معلن
INIT-01423,2023-06-12,مبادرة تحليل استخبارات التهديد الوطنية,بناء قدرة استخبارات تهديد مشتركة بين الجهات الوطنية. المرجع INI-2023-4740 · الجهة المعنية: قطاع التحول الرقمي.,قطاع التحول الرقمي,مسودة أولية,غير معلن
INIT-01424,2020-06-22,خطة دخول سوق سكاكا - نسخة غير معلنة,خطة استراتيجية لدخول السوق وتقديرات الحصة المستهدفة. المرجع INI-2020-9847 · الجهة المعنية: قطاع التحول الرقمي.,قطاع التحول الرقمي,قيد التنفيذ المبدئي,معلن جزئيًا
INIT-01425,2023-07-17,خطة التخارج الاستراتيجية من عقد تشغيل كبير,خيارات التخارج الاستراتيجية وأثرها المالي على الإيرادات. المرجع INI-2023-1833 · الجهة المعنية: قطاع التقنية والمشاريع.,قطاع التقنية والمشاريع,بانتظار الاعتماد,معلن جزئيًا
INIT-01426,2023-05-25,تحقيق جدوى موسّع لبرنامج تحديث البنية التقنية,تحقيق جدوى يتضمن أرقامًا مالية غير معلنة وسيناريوهات المخاطر. المرجع INI-2023-1786 · الجهة المعنية: قطاع الحلول الحكومية.,قطاع الحلول الحكومية,مسودة أولية,معلن جزئيًا
INIT-01427,2019-08-12,خطة الاستحواذ الاستراتيجية على مزوّد تقني إقليمي,خطة استراتيجية للاستحواذ مع تقييم مبدئي وهيكل تمويل مقترح. المرجع INI-2019-7285 · الجهة المعنية: قطاع التحول الرقمي.,قطاع التحول الرقمي,بانتظار الاعتماد,غير معلن
INIT-01428,2025-02-04,مصفوفة الشركاء المحتملين لبرنامج التوسع الإقليمي,تقييم شركاء محتملين وشروط التفضيل قبل الإفصاح للسوق. المرجع INI-2025-2097 · الجهة المعنية: قطاع البنية التحتية.,قطاع البنية التحتية,مسودة أولية,غير معلن
INIT-01429,2021-08-25,نموذج تسعير برنامج الحوسبة السيادية للمنافسات الحكومية,هوامش وحدود تسعير استراتيجية غير قابلة للإفصاح للمنافسين. المرجع INI-2021-8488 · الجهة المعنية: قطاع الحلول الحكومية.,قطاع الحلول الحكومية,قيد الدراسة,معلن جزئيًا
INIT-01430,2026-02-23,الميزانية الاستراتيجية لبرنامج المرونة التشغيلية 2026-2030,تفاصيل الميزانية الاستراتيجية وتوزيعها على المراحل قبل الاعتماد. المرجع INI-2026-2818 · الجهة المعنية: قطاع الحلول الحكومية.,قطاع الحلول الحكومية,بانتظار الاعتماد,معلن جزئيًا
INIT-01431,2024-04-26,إعلان انطلاق برنامج التحول الرقمي - قطاع البنية التحتية 2024,إعلان رسمي عن انطلاق البرنامج وأهدافه المعلنة. المرجع INI-2024-9058 · الجهة المعنية: قطاع التقنية والمشاريع.,قطاع التقنية والمشاريع,بانتظار الاعتماد,معلن
INIT-01432,2025-07-04,معاهدة تعاون تقني قيد التفاوض مع منظمة إقليمية,نص معاهدة تعاون تقني قيد التفاوض وبنود نقل المعرفة. المرجع INI-2025-9569 · الجهة المعنية: قطاع الأعمال المؤسسية.,قطاع الأعمال المؤسسية,بانتظار الاعتماد,معلن جزئيًا
INIT-01433,2021-09-29,مذكرة تفاهم مع جهة سيادية شريكة لتنفيذ برنامج التوسع الإقليمي,مسودة مذكرة تفاهم لم تُوقّع بعد وتتضمن التزامات مالية. المرجع INI-2021-7225 · الجهة المعنية: قطاع البنية التحتية.,قطاع البنية التحتية,مرفوعة للجنة,غير معلن
INIT-01434,2019-01-22,متطلبات ربط شبكي لبرنامج الذكاء الاصطناعي المؤسسي,مخطط الشبكة المطلوب لربط بيئات المشروع الداخلية. المرجع INI-2019-2015 · الجهة المعنية: قطاع العمليات.,قطاع العمليات,قيد التنفيذ المبدئي,معلن جزئيًا
INIT-01435,2023-12-25,جدول بدلات ورواتب فريق برنامج التحول الرقمي,جدول رواتب وبدلات أعضاء الفريق خلال مراحل التنفيذ. المرجع INI-2023-9954 · الجهة المعنية: قطاع الأعمال المؤسسية.,قطاع الأعمال المؤسسية,قيد الدراسة,غير معلن
INIT-01436,2020-10-25,تحقيق جدوى موسّع لبرنامج تكامل الأنظمة الحكومية,تحقيق جدوى يتضمن أرقامًا مالية غير معلنة وسيناريوهات المخاطر. المرجع INI-2020-2234 · الجهة المعنية: قطاع البنية التحتية.,قطاع البنية التحتية,بانتظار الاعتماد,غير معلن
INIT-01437,2025-08-22,المشروع الوطني المرجعي رقم NP-675 - تداول اللجنة العليا,مشروع لا تُتداول تفاصيله خارج اللجنة العليا لارتباطه بمواقع وطنية. المرجع INI-2025-6892 · الجهة المعنية: قطاع الأعمال المؤسسية.,قطاع الأعمال المؤسسية,بانتظار الاعتماد,غير معلن
INIT-01438,2021-01-19,خطة التخارج الاستراتيجية من عقد تشغيل كبير,خيارات التخارج الاستراتيجية وأثرها المالي على الإيرادات. المرجع INI-2021-7667 · الجهة المعنية: قطاع البنية التحتية.,قطاع البنية التحتية,مسودة أولية,معلن جزئيًا
INIT-01439,2026-02-05,تحقيق جدوى موسّع لبرنامج الذكاء الاصطناعي المؤسسي,تحقيق جدوى يتضمن أرقامًا مالية غير معلنة وسيناريوهات المخاطر. المرجع INI-2026-5569 · الجهة المعنية: قطاع الحلول الحكومية.,قطاع الحلول الحكومية,مسودة أولية,معلن جزئيًا
INIT-01440,2022-09-18,مسار تفاوض دبلوماسي لتوطين برنامج تحديث البنية التقنية,مسار ذو طابع دبلوماسي لتوطين التقنية مع أطراف خارجية. المرجع INI-2022-3562 · الجهة المعنية: قطاع العمليات.,قطاع العمليات,مرفوعة للجنة,غير معلن
INIT-01441,2025-11-09,خطة الاستحواذ الاستراتيجية على مزوّد تقني إقليمي,خطة استراتيجية للاستحواذ مع تقييم مبدئي وهيكل تمويل مقترح. المرجع INI-2025-8025 · الجهة المعنية: قطاع التحول الرقمي.,قطاع التحول الرقمي,بانتظار الاعتماد,معلن جزئيًا
INIT-01442,2025-05-20,مبادرة داخلية رقم SI-2025-675 - غير معلنة,مبادرة قيد الدراسة يترتب على كشفها المبكر أثر تنافسي مباشر. المرجع INI-2025-9193 · الجهة المعنية: قطاع العمليات.,,مسودة أولية,غير معلن
INIT-01443,2021-02-16,مشروع منظومة اتصالات لجهة عسكري الطابع,متطلبات منظومة اتصالات لجهة عسكري الطابع وقيود التسليم. المرجع INI-2021-7430 · الجهة المعنية: قطاع العمليات.,قطاع العمليات,مرفوعة للجنة,غير معلن
INIT-01444,2024-08-13,مبادرة مواقع تخزين احتياطية للبيانات الحساسة,تحديد مواقع تخزين احتياطية وسعاتها ومستويات حمايتها. المرجع INI-2024-7946 · الجهة المعنية: قطاع البنية التحتية.,قطاع البنية التحتية,قيد الدراسة,معلن جزئيًا
INIT-01445,2021-04-20,مبادرة داخلية رقم SI-2021-153 - غير معلنة,مبادرة قيد الدراسة يترتب على كشفها المبكر أثر تنافسي مباشر. المرجع INI-2021-1095 · الجهة المعنية: قطاع الأعمال المؤسسية.,قطاع الأعمال المؤسسية,قيد الدراسة,غير معلن
INIT-01446,2025-03-10,معاهدة تعاون تقني قيد التفاوض مع شريك تقني عالمي,نص معاهدة تعاون تقني قيد التفاوض وبنود نقل المعرفة. المرجع INI-2025-7920 · الجهة المعنية: قطاع العمليات.,قطاع العمليات,قيد الدراسة,معلن جزئيًا
INIT-01447,2022-10-21,الميزانية الاستراتيجية لبرنامج الحوسبة السيادية 2022-2026,تفاصيل الميزانية الاستراتيجية وتوزيعها على المراحل قبل الاعتماد. المرجع INI-2022-7664 · الجهة المعنية: قطاع الأعمال المؤسسية.,قطاع الأعمال المؤسسية,مرفوعة للجنة,غير معلن
INIT-01448,2022-02-10,مصفوفة الشركاء المحتملين لبرنامج الحوسبة السيادية,تقييم شركاء محتملين وشروط التفضيل قبل الإفصاح للسوق. المرجع INI-2022-2835 · الجهة المعنية: قطاع التحول الرقمي.,قطاع التحول الرقمي,مرفوعة للجنة,معلن جزئيًا
INIT-01449,2025-12-20,خطة الاستحواذ الاستراتيجية على مزوّد تقني إقليمي,خطة استراتيجية للاستحواذ مع تقييم مبدئي وهيكل تمويل مقترح. المرجع INI-2025-3535 · الجهة المعنية: قطاع التحول الرقمي.,قطاع التحول الرقمي,بانتظار الاعتماد,معلن جزئيًا
INIT-01450,2024-07-20,خطة التخارج الاستراتيجية من عقد تشغيل كبير,خيارات التخارج الاستراتيجية وأثرها المالي على الإيرادات. المرجع INI-2024-9483 · الجهة المعنية: قطاع الأعمال المؤسسية.,قطاع الأعمال المؤسسية,معتمدة داخليًا,غير معلن
INIT-01451,2019-06-08,معاهدة تعاون تقني قيد التفاوض مع دولة شريكة,نص معاهدة تعاون تقني قيد التفاوض وبنود نقل المعرفة. المرجع INI-2019-3040 · الجهة المعنية: قطاع العمليات.,,مسودة أولية,غير معلن
INIT-01452,2021-02-07,مسار تفاوض دبلوماسي لتوطين برنامج الذكاء الاصطناعي المؤسسي,مسار ذو طابع دبلوماسي لتوطين التقنية مع أطراف خارجية. المرجع INI-2021-2396 · الجهة المعنية: قطاع التقنية والمشاريع.,قطاع التقنية والمشاريع,مرفوعة للجنة,معلن جزئيًا
INIT-01453,2022-04-16,عرض أسعار استشاري لمرحلة تصميم برنامج المدن الذكية,عرض أسعار مقدم من بيت خبرة ضمن نطاق محدود. المرجع INI-2022-9097 · الجهة المعنية: قطاع الشراكات.,قطاع الشراكات,قيد التنفيذ المبدئي,معلن جزئيًا
INIT-01454,2024-08-13,مبادرة داخلية رقم SI-2024-241 - غير معلنة,مبادرة قيد الدراسة يترتب على كشفها المبكر أثر تنافسي مباشر. المرجع INI-2024-6275 · الجهة المعنية: قطاع التحول الرقمي.,قطاع التحول الرقمي,مرفوعة للجنة,غير معلن
INIT-01455,2021-11-29,برنامج تشغيل منشأة حيوية وطنية في بريدة,نطاق تشغيل منشأة حيوية وطنية وحدود المسؤولية التشغيلية. المرجع INI-2021-5208 · الجهة المعنية: قطاع الأعمال المؤسسية.,قطاع الأعمال المؤسسية,معتمدة داخليًا,غير معلن
INIT-01456,2026-03-20,مبادرة داخلية رقم SI-2026-700 - غير معلنة,مبادرة قيد الدراسة يترتب على كشفها المبكر أثر تنافسي مباشر. المرجع INI-2026-6583 · الجهة المعنية: قطاع الحلول الحكومية.,قطاع الحلول الحكومية,بانتظار الاعتماد,غير معلن
INIT-01457,2024-03-11,إعادة هيكلة قطاع التقنية والمشاريع - قبل الاعتماد,تصور إعادة الهيكلة وأثرها الوظيفي قبل الاعتماد من المجلس. المرجع INI-2024-4852 · الجهة المعنية: قطاع البنية التحتية.,قطاع البنية التحتية,معتمدة داخليًا,معلن جزئيًا
INIT-01458,2025-07-31,بيان صحفي عن شراكة معلنة في ينبع - 2025,بيان صحفي منشور عن شراكة تم الإعلان عنها رسميًا. المرجع INI-2025-8988 · الجهة المعنية: قطاع البنية التحتية.,قطاع البنية التحتية,قيد التنفيذ المبدئي,معلن
INIT-01459,2025-10-13,مبادرة داخلية رقم SI-2025-988 - غير معلنة,مبادرة قيد الدراسة يترتب على كشفها المبكر أثر تنافسي مباشر. المرجع INI-2025-9700 · الجهة المعنية: قطاع الحلول الحكومية.,قطاع الحلول الحكومية,مسودة أولية,معلن جزئيًا
INIT-01460,2022-06-18,جدول بدلات ورواتب فريق برنامج التحول الرقمي,جدول رواتب وبدلات أعضاء الفريق خلال مراحل التنفيذ. المرجع INI-2022-7813 · الجهة المعنية: قطاع التحول الرقمي.,قطاع التحول الرقمي,قيد الدراسة,غير معلن
INIT-01461,2023-04-19,مسار تفاوض دبلوماسي لتوطين برنامج أمن سلاسل الإمداد,مسار ذو طابع دبلوماسي لتوطين التقنية مع أطراف خارجية. المرجع INI-2023-5321 · الجهة المعنية: قطاع التقنية والمشاريع.,قطاع التقنية والمشاريع,مسودة أولية,معلن جزئيًا
INIT-01462,2020-12-31,تحقيق جدوى موسّع لبرنامج تحديث البنية التقنية,تحقيق جدوى يتضمن أرقامًا مالية غير معلنة وسيناريوهات المخاطر. المرجع INI-2020-8994 · الجهة المعنية: قطاع التحول الرقمي.,قطاع التحول الرقمي,بانتظار الاعتماد,غير معلن
INIT-01463,2020-06-27,مذكرة تفاهم مع منظمة إقليمية لتنفيذ برنامج التوسع الإقليمي,مسودة مذكرة تفاهم لم تُوقّع بعد وتتضمن التزامات مالية. المرجع INI-2020-3079 · الجهة المعنية: قطاع العمليات.,قطاع العمليات,قيد التنفيذ المبدئي,معلن جزئيًا
INIT-01464,2021-09-27,مبادرة تحليل استخبارات التهديد الوطنية,بناء قدرة استخبارات تهديد مشتركة بين الجهات الوطنية. المرجع INI-2021-6316 · الجهة المعنية: قطاع الحلول الحكومية.,قطاع الحلول الحكومية,قيد التنفيذ المبدئي,غير معلن
INIT-01465,2024-03-14,بيان صحفي عن شراكة معلنة في تبوك - 2024,بيان صحفي منشور عن شراكة تم الإعلان عنها رسميًا. المرجع INI-2024-9649 · الجهة المعنية: قطاع التحول الرقمي.,قطاع التحول الرقمي,قيد الدراسة,معلن
INIT-01466,2023-07-23,مسار تفاوض دبلوماسي لتوطين برنامج الذكاء الاصطناعي المؤسسي,مسار ذو طابع دبلوماسي لتوطين التقنية مع أطراف خارجية. المرجع INI-2023-5312 · الجهة المعنية: قطاع الأعمال المؤسسية.,قطاع الأعمال المؤسسية,مسودة أولية,غير معلن
INIT-01467,2019-03-24,مبادرة مواقع تخزين احتياطية للبيانات الحساسة,تحديد مواقع تخزين احتياطية وسعاتها ومستويات حمايتها. المرجع INI-2019-6149 · الجهة المعنية: قطاع التحول الرقمي.,قطاع التحول الرقمي,قيد التنفيذ المبدئي,معلن جزئيًا
INIT-01468,2022-04-20,مبادرة داخلية رقم SI-2022-527 - غير معلنة,مبادرة قيد الدراسة يترتب على كشفها المبكر أثر تنافسي مباشر. المرجع INI-2022-5822 · الجهة المعنية: قطاع التحول الرقمي.,قطاع التحول الرقمي,معتمدة داخليًا,غير معلن
INIT-01469,2023-06-25,مذكرة تفاهم مع صندوق استثماري دولي لتنفيذ برنامج الذكاء الاصطناعي المؤسسي,مسودة مذكرة تفاهم لم تُوقّع بعد وتتضمن التزامات مالية. المرجع INI-2023-5020 · الجهة المعنية: قطاع الحلول الحكومية.,قطاع الحلول الحكومية,بانتظار الاعتماد,غير معلن
INIT-01470,2021-01-26,نموذج تسعير برنامج الاستحواذ التقني للمنافسات الحكومية,هوامش وحدود تسعير استراتيجية غير قابلة للإفصاح للمنافسين. المرجع INI-2021-8517 · الجهة المعنية: قطاع البنية التحتية.,قطاع البنية التحتية,بانتظار الاعتماد,غير معلن
INIT-01471,2022-04-30,خطة التخارج الاستراتيجية من عقد تشغيل كبير,خيارات التخارج الاستراتيجية وأثرها المالي على الإيرادات. المرجع INI-2022-8954 · الجهة المعنية: قطاع الشراكات.,قطاع الشراكات,قيد التنفيذ المبدئي,غير معلن
INIT-01472,2022-05-11,معاهدة تعاون تقني قيد التفاوض مع صندوق استثماري دولي,نص معاهدة تعاون تقني قيد التفاوض وبنود نقل المعرفة. المرجع INI-2022-9583 · الجهة المعنية: قطاع التقنية والمشاريع.,قطاع التقنية والمشاريع,قيد الدراسة,معلن جزئيًا
INIT-01473,2024-10-22,خطة التخارج الاستراتيجية من عقد تشغيل كبير,خيارات التخارج الاستراتيجية وأثرها المالي على الإيرادات. المرجع INI-2024-2350 · الجهة المعنية: قطاع الحلول الحكومية.,قطاع الحلول الحكومية,بانتظار الاعتماد,غير معلن
INIT-01474,2025-02-07,مبادرة مواقع تخزين احتياطية للبيانات الحساسة,تحديد مواقع تخزين احتياطية وسعاتها ومستويات حمايتها. المرجع INI-2025-9249 · الجهة المعنية: قطاع العمليات.,قطاع العمليات,مسودة أولية,غير معلن
INIT-01475,2020-05-16,مبادرة مواقع تخزين احتياطية للبيانات الحساسة,تحديد مواقع تخزين احتياطية وسعاتها ومستويات حمايتها. المرجع INI-2020-5346 · الجهة المعنية: قطاع التقنية والمشاريع.,قطاع التقنية والمشاريع,قيد التنفيذ المبدئي,معلن جزئيًا
INIT-01476,2020-03-06,مشروع تحديث أنظمة مركز تحكم شبكة النقل - مرحلة 2,تحديث أنظمة تحكم منشأة حيوية وجدول الإيقاف المخطط. المرجع INI-2020-3003 · الجهة المعنية: قطاع الحلول الحكومية.,قطاع الحلول الحكومية,قيد التنفيذ المبدئي,غير معلن
INIT-01477,2025-03-04,مصفوفة الشركاء المحتملين لبرنامج المرونة التشغيلية,تقييم شركاء محتملين وشروط التفضيل قبل الإفصاح للسوق. المرجع INI-2025-1383 · الجهة المعنية: قطاع البنية التحتية.,قطاع البنية التحتية,مرفوعة للجنة,غير معلن
INIT-01478,2024-03-15,مبادرة الحوسبة السيادية وحماية سيادة البيانات,تصميم بيئة تضمن سيادة البيانات الوطنية وحدود الاستضافة المسموحة. المرجع INI-2024-3548 · الجهة المعنية: قطاع الأعمال المؤسسية.,قطاع الأعمال المؤسسية,بانتظار الاعتماد,غير معلن
INIT-01479,2021-05-08,خطة الاستحواذ الاستراتيجية على مزوّد تقني إقليمي,خطة استراتيجية للاستحواذ مع تقييم مبدئي وهيكل تمويل مقترح. المرجع INI-2021-1387 · الجهة المعنية: قطاع البنية التحتية.,قطاع البنية التحتية,قيد التنفيذ المبدئي,غير معلن
INIT-01480,2021-01-07,خطة التخارج الاستراتيجية من عقد تشغيل كبير,خيارات التخارج الاستراتيجية وأثرها المالي على الإيرادات. المرجع INI-2021-2173 · الجهة المعنية: قطاع الحلول الحكومية.,قطاع الحلول الحكومية,قيد التنفيذ المبدئي,معلن جزئيًا
INIT-01481,2024-05-15,مبادرة تحليل استخبارات التهديد الوطنية,بناء قدرة استخبارات تهديد مشتركة بين الجهات الوطنية. المرجع INI-2024-1549 · الجهة المعنية: قطاع البنية التحتية.,قطاع البنية التحتية,قيد التنفيذ المبدئي,غير معلن
INIT-01482,2023-06-21,مسار تفاوض دبلوماسي لتوطين برنامج المرونة التشغيلية,مسار ذو طابع دبلوماسي لتوطين التقنية مع أطراف خارجية. المرجع INI-2023-5884 · الجهة المعنية: قطاع التحول الرقمي.,قطاع التحول الرقمي,بانتظار الاعتماد,معلن جزئيًا
INIT-01483,2023-04-01,مبادرة داخلية رقم SI-2023-671 - غير معلنة,مبادرة قيد الدراسة يترتب على كشفها المبكر أثر تنافسي مباشر. المرجع INI-2023-1079 · الجهة المعنية: قطاع الأعمال المؤسسية.,قطاع الأعمال المؤسسية,مسودة أولية,معلن جزئيًا
INIT-01484,2023-09-17,مبادرة داخلية رقم SI-2023-616 - غير معلنة,مبادرة قيد الدراسة يترتب على كشفها المبكر أثر تنافسي مباشر. المرجع INI-2023-5736 · الجهة المعنية: قطاع الحلول الحكومية.,قطاع الحلول الحكومية,قيد التنفيذ المبدئي,معلن جزئيًا
INIT-01485,2019-10-17,الميزانية الاستراتيجية لبرنامج المرونة التشغيلية 2019-2022,تفاصيل الميزانية الاستراتيجية وتوزيعها على المراحل قبل الاعتماد. المرجع INI-2019-8116 · الجهة المعنية: قطاع البنية التحتية.,قطاع البنية التحتية,قيد الدراسة,معلن جزئيًا
INIT-01486,2023-10-26,المشروع الوطني المرجعي رقم NP-772 - تداول اللجنة العليا,مشروع لا تُتداول تفاصيله خارج اللجنة العليا لارتباطه بمواقع وطنية. المرجع INI-2023-5503 · الجهة المعنية: قطاع الحلول الحكومية.,قطاع الحلول الحكومية,بانتظار الاعتماد,غير معلن
INIT-01487,2020-12-19,مشروع تحديث أنظمة محطة توليد كهربائي - مرحلة 3,تحديث أنظمة تحكم منشأة حيوية وجدول الإيقاف المخطط. المرجع INI-2020-3460 · الجهة المعنية: قطاع العمليات.,قطاع العمليات,بانتظار الاعتماد,غير معلن
INIT-01488,2020-01-18,نموذج تسعير برنامج تكامل الأنظمة الحكومية للمنافسات الحكومية,هوامش وحدود تسعير استراتيجية غير قابلة للإفصاح للمنافسين. المرجع INI-2020-8669 · الجهة المعنية: قطاع التحول الرقمي.,قطاع التحول الرقمي,مرفوعة للجنة,غير معلن
INIT-01489,2019-03-30,مذكرة تفاهم مع جهة سيادية شريكة لتنفيذ برنامج الحوسبة السيادية,مسودة مذكرة تفاهم لم تُوقّع بعد وتتضمن التزامات مالية. المرجع INI-2019-5448 · الجهة المعنية: قطاع الأعمال المؤسسية.,قطاع الأعمال المؤسسية,قيد التنفيذ المبدئي,معلن جزئيًا
INIT-01490,2020-04-11,برنامج تشغيل منشأة حيوية وطنية في الرياض,نطاق تشغيل منشأة حيوية وطنية وحدود المسؤولية التشغيلية. المرجع INI-2020-4942 · الجهة المعنية: قطاع التقنية والمشاريع.,قطاع التقنية والمشاريع,قيد الدراسة,غير معلن
INIT-01491,2021-04-22,مذكرة تفاهم مع صندوق استثماري دولي لتنفيذ برنامج التحول الرقمي,مسودة مذكرة تفاهم لم تُوقّع بعد وتتضمن التزامات مالية. المرجع INI-2021-3255 · الجهة المعنية: قطاع التحول الرقمي.,قطاع التحول الرقمي,معتمدة داخليًا,غير معلن
INIT-01492,2020-04-08,مبادرة داخلية رقم SI-2020-788 - غير معلنة,مبادرة قيد الدراسة يترتب على كشفها المبكر أثر تنافسي مباشر. المرجع INI-2020-1897 · الجهة المعنية: قطاع الحلول الحكومية.,قطاع الحلول الحكومية,مرفوعة للجنة,معلن جزئيًا
INIT-01493,2025-07-25,مبادرة مواقع تخزين احتياطية للبيانات الحساسة,تحديد مواقع تخزين احتياطية وسعاتها ومستويات حمايتها. المرجع INI-2025-6731 · الجهة المعنية: قطاع الأعمال المؤسسية.,قطاع الأعمال المؤسسية,قيد التنفيذ المبدئي,غير معلن
INIT-01494,2024-12-07,إعادة هيكلة قطاع البنية التحتية - قبل الاعتماد,تصور إعادة الهيكلة وأثرها الوظيفي قبل الاعتماد من المجلس. المرجع INI-2024-8645 · الجهة المعنية: قطاع التحول الرقمي.,,مرفوعة للجنة,غير معلن
INIT-01495,2020-07-15,الميزانية الاستراتيجية لبرنامج الذكاء الاصطناعي المؤسسي 2020-2024,تفاصيل الميزانية الاستراتيجية وتوزيعها على المراحل قبل الاعتماد. المرجع INI-2020-7550 · الجهة المعنية: قطاع البنية التحتية.,قطاع البنية التحتية,معتمدة داخليًا,غير معلن
INIT-01496,2021-02-25,مبادرة إدارة مفاتيح التشفير على مستوى الجهات الوطنية,تصميم مركزي لإدارة مفاتيح التشفير عبر الأنظمة الوطنية. المرجع INI-2021-5569 · الجهة المعنية: قطاع الأعمال المؤسسية.,قطاع الأعمال المؤسسية,معتمدة داخليًا,غير معلن
INIT-01497,2019-07-18,معاهدة تعاون تقني قيد التفاوض مع جهة سيادية شريكة,نص معاهدة تعاون تقني قيد التفاوض وبنود نقل المعرفة. المرجع INI-2019-5717 · الجهة المعنية: قطاع الحلول الحكومية.,قطاع الحلول الحكومية,بانتظار الاعتماد,غير معلن
INIT-01498,2023-04-18,نموذج تسعير برنامج تكامل الأنظمة الحكومية للمنافسات الحكومية,هوامش وحدود تسعير استراتيجية غير قابلة للإفصاح للمنافسين. المرجع INI-2023-7562 · الجهة المعنية: قطاع الحلول الحكومية.,قطاع الحلول الحكومية,قيد الدراسة,معلن جزئيًا
INIT-01499,2019-04-28,مبادرة داخلية رقم SI-2019-154 - غير معلنة,مبادرة قيد الدراسة يترتب على كشفها المبكر أثر تنافسي مباشر. المرجع INI-2019-8294 · الجهة المعنية: قطاع الحلول الحكومية.,قطاع الحلول الحكومية,قيد التنفيذ المبدئي,غير معلن
INIT-01500,2026-04-21,جدول بدلات ورواتب فريق برنامج أمن سلاسل الإمداد,جدول رواتب وبدلات أعضاء الفريق خلال مراحل التنفيذ. المرجع INI-2026-5685 · الجهة المعنية: قطاع العمليات.,قطاع العمليات,بانتظار الاعتماد,غير معلن
INIT-01501,2019-09-23,مشروع منظومة اتصالات لجهة عسكري الطابع,متطلبات منظومة اتصالات لجهة عسكري الطابع وقيود التسليم. المرجع INI-2019-3604 · الجهة المعنية: قطاع العمليات.,قطاع العمليات,مسودة أولية,غير معلن
INIT-01502,2022-01-17,مسار تفاوض دبلوماسي لتوطين برنامج المدن الذكية,مسار ذو طابع دبلوماسي لتوطين التقنية مع أطراف خارجية. المرجع INI-2022-2622 · الجهة المعنية: قطاع البنية التحتية.,قطاع البنية التحتية,معتمدة داخليًا,غير معلن
INIT-01503,2021-08-23,مسار تفاوض دبلوماسي لتوطين برنامج المدن الذكية,مسار ذو طابع دبلوماسي لتوطين التقنية مع أطراف خارجية. المرجع INI-2021-4711 · الجهة المعنية: قطاع التقنية والمشاريع.,قطاع التقنية والمشاريع,مسودة أولية,غير معلن
INIT-01504,2020-08-02,عرض أسعار استشاري لمرحلة تصميم برنامج تحديث البنية التقنية,عرض أسعار مقدم من بيت خبرة ضمن نطاق محدود. المرجع INI-2020-4954 · الجهة المعنية: قطاع العمليات.,قطاع العمليات,قيد الدراسة,معلن جزئيًا
INIT-01505,2023-05-04,مبادرة مواقع تخزين احتياطية للبيانات الحساسة,تحديد مواقع تخزين احتياطية وسعاتها ومستويات حمايتها. المرجع INI-2023-3365 · الجهة المعنية: قطاع البنية التحتية.,قطاع البنية التحتية,مسودة أولية,معلن جزئيًا
INIT-01506,2025-12-19,مشروع تحديث أنظمة مركز تحكم شبكة النقل - مرحلة 1,تحديث أنظمة تحكم منشأة حيوية وجدول الإيقاف المخطط. المرجع INI-2025-1515 · الجهة المعنية: قطاع الحلول الحكومية.,قطاع الحلول الحكومية,قيد التنفيذ المبدئي,غير معلن
INIT-01507,2019-04-26,مبادرة تحليل استخبارات التهديد الوطنية,بناء قدرة استخبارات تهديد مشتركة بين الجهات الوطنية. المرجع INI-2019-1540 · الجهة المعنية: قطاع البنية التحتية.,قطاع البنية التحتية,معتمدة داخليًا,غير معلن
INIT-01508,2023-08-24,برنامج تشغيل منشأة حيوية وطنية في جازان,نطاق تشغيل منشأة حيوية وطنية وحدود المسؤولية التشغيلية. المرجع INI-2023-3915 · الجهة المعنية: قطاع التحول الرقمي.,قطاع التحول الرقمي,معتمدة داخليًا,غير معلن
INIT-01509,2021-11-19,خطة التخارج الاستراتيجية من عقد تشغيل كبير,خيارات التخارج الاستراتيجية وأثرها المالي على الإيرادات. المرجع INI-2021-4964 · الجهة المعنية: قطاع الأعمال المؤسسية.,قطاع الأعمال المؤسسية,قيد الدراسة,معلن جزئيًا
INIT-01510,2025-03-02,مشروع تحديث أنظمة مركز التحكم بالشبكة الكهربائية - مرحلة 2,تحديث أنظمة تحكم منشأة حيوية وجدول الإيقاف المخطط. المرجع INI-2025-8550 · الجهة المعنية: قطاع الحلول الحكومية.,قطاع الحلول الحكومية,مسودة أولية,غير معلن
INIT-01511,2021-09-11,خطة دخول سوق الخبر - نسخة غير معلنة,خطة استراتيجية لدخول السوق وتقديرات الحصة المستهدفة. المرجع INI-2021-5483 · الجهة المعنية: قطاع الشراكات.,قطاع الشراكات,مرفوعة للجنة,معلن جزئيًا
INIT-01512,2021-10-10,مصفوفة الشركاء المحتملين لبرنامج التحول الرقمي,تقييم شركاء محتملين وشروط التفضيل قبل الإفصاح للسوق. المرجع INI-2021-6823 · الجهة المعنية: قطاع البنية التحتية.,قطاع البنية التحتية,قيد التنفيذ المبدئي,غير معلن
INIT-01513,2019-10-02,مبادرة داخلية رقم SI-2019-223 - غير معلنة,مبادرة قيد الدراسة يترتب على كشفها المبكر أثر تنافسي مباشر. المرجع INI-2019-7311 · الجهة المعنية: قطاع التقنية والمشاريع.,قطاع التقنية والمشاريع,بانتظار الاعتماد,غير معلن
INIT-01514,2026-06-16,مسار تفاوض دبلوماسي لتوطين برنامج التحول الرقمي,مسار ذو طابع دبلوماسي لتوطين التقنية مع أطراف خارجية. المرجع INI-2026-3114 · الجهة المعنية: قطاع التحول الرقمي.,قطاع التحول الرقمي,معتمدة داخليًا,غير معلن
INIT-01515,2022-08-19,مذكرة تفاهم مع تحالف صناعي دولي لتنفيذ برنامج التحول الرقمي,مسودة مذكرة تفاهم لم تُوقّع بعد وتتضمن التزامات مالية. المرجع INI-2022-4839 · الجهة المعنية: قطاع الأعمال المؤسسية.,قطاع الأعمال المؤسسية,بانتظار الاعتماد,غير معلن
INIT-01516,2023-05-08,خطة دخول سوق حائل - نسخة غير معلنة,خطة استراتيجية لدخول السوق وتقديرات الحصة المستهدفة. المرجع INI-2023-4994 · الجهة المعنية: قطاع الحلول الحكومية.,قطاع الحلول الحكومية,مسودة أولية,غير معلن
INIT-01517,2025-10-16,إعلان انطلاق برنامج تحديث البنية التقنية - قطاع التحول الرقمي 2025,إعلان رسمي عن انطلاق البرنامج وأهدافه المعلنة. المرجع INI-2025-9267 · الجهة المعنية: قطاع الأعمال المؤسسية.,قطاع الأعمال المؤسسية,قيد الدراسة,معلن
INIT-01518,2024-08-31,خطة دخول سوق المدينة المنورة - نسخة غير معلنة,خطة استراتيجية لدخول السوق وتقديرات الحصة المستهدفة. المرجع INI-2024-6370 · الجهة المعنية: قطاع التقنية والمشاريع.,قطاع التقنية والمشاريع,مسودة أولية,غير معلن
INIT-01519,2022-05-01,مبادرة تحليل استخبارات التهديد الوطنية,بناء قدرة استخبارات تهديد مشتركة بين الجهات الوطنية. المرجع INI-2022-1567 · الجهة المعنية: قطاع العمليات.,قطاع العمليات,قيد الدراسة,غير معلن
INIT-01520,2023-07-06,تحقيق جدوى موسّع لبرنامج التحول الرقمي,تحقيق جدوى يتضمن أرقامًا مالية غير معلنة وسيناريوهات المخاطر. المرجع INI-2023-8770 · الجهة المعنية: قطاع الأعمال المؤسسية.,قطاع الأعمال المؤسسية,قيد التنفيذ المبدئي,غير معلن
INIT-01521,2025-01-17,مبادرة مواقع تخزين احتياطية للبيانات الحساسة,تحديد مواقع تخزين احتياطية وسعاتها ومستويات حمايتها. المرجع INI-2025-8797 · الجهة المعنية: قطاع الشراكات.,قطاع الشراكات,قيد التنفيذ المبدئي,معلن جزئيًا
INIT-01522,2026-04-07,مشروع تأمين مواقع تخزين أسلحة خاضعة للرقابة,تصميم ضوابط تأمين مواقع أسلحة ومواد خاضعة للرقابة. المرجع INI-2026-1415 · الجهة المعنية: قطاع العمليات.,قطاع العمليات,معتمدة داخليًا,غير معلن
INIT-01523,2020-02-06,المشروع الوطني المرجعي رقم NP-704 - تداول اللجنة العليا,مشروع لا تُتداول تفاصيله خارج اللجنة العليا لارتباطه بمواقع وطنية. المرجع INI-2020-8204 · الجهة المعنية: قطاع العمليات.,قطاع العمليات,قيد التنفيذ المبدئي,غير معلن
INIT-01524,2026-02-05,نموذج تسعير برنامج التحول الرقمي للمنافسات الحكومية,هوامش وحدود تسعير استراتيجية غير قابلة للإفصاح للمنافسين. المرجع INI-2026-3044 · الجهة المعنية: قطاع الحلول الحكومية.,قطاع الحلول الحكومية,معتمدة داخليًا,غير معلن
INIT-01525,2020-01-17,إعلان انطلاق برنامج التوسع الإقليمي - قطاع التحول الرقمي 2020,إعلان رسمي عن انطلاق البرنامج وأهدافه المعلنة. المرجع INI-2020-4081 · الجهة المعنية: قطاع التقنية والمشاريع.,قطاع التقنية والمشاريع,معتمدة داخليًا,معلن
INIT-01526,2022-07-05,الميزانية الاستراتيجية لبرنامج الاستحواذ التقني 2022-2024,تفاصيل الميزانية الاستراتيجية وتوزيعها على المراحل قبل الاعتماد. المرجع INI-2022-4843 · الجهة المعنية: قطاع التحول الرقمي.,قطاع التحول الرقمي,مرفوعة للجنة,غير معلن
INIT-01527,2021-01-21,نموذج تسعير برنامج الذكاء الاصطناعي المؤسسي للمنافسات الحكومية,هوامش وحدود تسعير استراتيجية غير قابلة للإفصاح للمنافسين. المرجع INI-2021-4472 · الجهة المعنية: قطاع الأعمال المؤسسية.,قطاع الأعمال المؤسسية,مرفوعة للجنة,غير معلن
INIT-01528,2021-09-10,مذكرة تفاهم مع تحالف صناعي دولي لتنفيذ برنامج المدن الذكية,مسودة مذكرة تفاهم لم تُوقّع بعد وتتضمن التزامات مالية. المرجع INI-2021-3507 · الجهة المعنية: قطاع البنية التحتية.,قطاع البنية التحتية,معتمدة داخليًا,غير معلن
INIT-01529,2022-06-21,إعادة هيكلة قطاع الحلول الحكومية - قبل الاعتماد,تصور إعادة الهيكلة وأثرها الوظيفي قبل الاعتماد من المجلس. المرجع INI-2022-4138 · الجهة المعنية: قطاع الأعمال المؤسسية.,قطاع الأعمال المؤسسية,قيد الدراسة,غير معلن
INIT-01530,2025-11-28,مبادرة داخلية رقم SI-2025-188 - غير معلنة,مبادرة قيد الدراسة يترتب على كشفها المبكر أثر تنافسي مباشر. المرجع INI-2025-3040 · الجهة المعنية: قطاع الحلول الحكومية.,قطاع الحلول الحكومية,بانتظار الاعتماد,معلن جزئيًا
INIT-01531,2022-05-04,مبادرة مواقع تخزين احتياطية للبيانات الحساسة,تحديد مواقع تخزين احتياطية وسعاتها ومستويات حمايتها. المرجع INI-2022-4848 · الجهة المعنية: قطاع التقنية والمشاريع.,قطاع التقنية والمشاريع,مسودة أولية,غير معلن
INIT-01532,2023-09-26,متطلبات ربط شبكي لبرنامج التحول الرقمي,مخطط الشبكة المطلوب لربط بيئات المشروع الداخلية. المرجع INI-2023-8793 · الجهة المعنية: قطاع العمليات.,قطاع العمليات,قيد الدراسة,معلن جزئيًا
INIT-01533,2024-03-14,إعادة هيكلة قطاع الشراكات - قبل الاعتماد,تصور إعادة الهيكلة وأثرها الوظيفي قبل الاعتماد من المجلس. المرجع INI-2024-4045 · الجهة المعنية: قطاع العمليات.,قطاع العمليات,مرفوعة للجنة,معلن جزئيًا
INIT-01534,2023-10-18,إحصاءات أثر برنامج أمن سلاسل الإمداد المعلنة - الربع الأول 2023,إحصاءات معلنة عن أثر البرنامج على مستوى الخدمة. المرجع INI-2023-2676 · الجهة المعنية: قطاع الشراكات.,قطاع الشراكات,قيد التنفيذ المبدئي,معلن
INIT-01535,2026-03-25,مذكرة تفاهم مع تحالف صناعي دولي لتنفيذ برنامج تحديث البنية التقنية,مسودة مذكرة تفاهم لم تُوقّع بعد وتتضمن التزامات مالية. المرجع INI-2026-1124 · الجهة المعنية: قطاع الشراكات.,قطاع الشراكات,مرفوعة للجنة,معلن جزئيًا
INIT-01536,2022-10-02,مشروع تحديث أنظمة مركز التحكم بالسكك الحديدية - مرحلة 2,تحديث أنظمة تحكم منشأة حيوية وجدول الإيقاف المخطط. المرجع INI-2022-8990 · الجهة المعنية: قطاع التقنية والمشاريع.,قطاع التقنية والمشاريع,مسودة أولية,غير معلن
INIT-01537,2022-08-22,مسار تفاوض دبلوماسي لتوطين برنامج التحول الرقمي,مسار ذو طابع دبلوماسي لتوطين التقنية مع أطراف خارجية. المرجع INI-2022-6775 · الجهة المعنية: قطاع البنية التحتية.,قطاع البنية التحتية,معتمدة داخليًا,معلن جزئيًا
INIT-01538,2020-07-29,معاهدة تعاون تقني قيد التفاوض مع شريك تقني عالمي,نص معاهدة تعاون تقني قيد التفاوض وبنود نقل المعرفة. المرجع INI-2020-9758 · الجهة المعنية: قطاع البنية التحتية.,قطاع البنية التحتية,قيد الدراسة,معلن جزئيًا
INIT-01539,2026-01-07,نموذج تسعير برنامج الحوسبة السيادية للمنافسات الحكومية,هوامش وحدود تسعير استراتيجية غير قابلة للإفصاح للمنافسين. المرجع INI-2026-2302 · الجهة المعنية: قطاع الشراكات.,قطاع الشراكات,قيد الدراسة,معلن جزئيًا
INIT-01540,2020-10-17,مشروع تأمين مواقع تخزين أسلحة خاضعة للرقابة,تصميم ضوابط تأمين مواقع أسلحة ومواد خاضعة للرقابة. المرجع INI-2020-7018 · الجهة المعنية: قطاع الشراكات.,قطاع الشراكات,معتمدة داخليًا,غير معلن
INIT-01541,2025-01-27,معاهدة تعاون تقني قيد التفاوض مع شريك تقني عالمي,نص معاهدة تعاون تقني قيد التفاوض وبنود نقل المعرفة. المرجع INI-2025-2894 · الجهة المعنية: قطاع الشراكات.,قطاع الشراكات,قيد التنفيذ المبدئي,معلن جزئيًا
INIT-01542,2025-12-13,مسار تفاوض دبلوماسي لتوطين برنامج الحوسبة السيادية,مسار ذو طابع دبلوماسي لتوطين التقنية مع أطراف خارجية. المرجع INI-2025-7700 · الجهة المعنية: قطاع التقنية والمشاريع.,قطاع التقنية والمشاريع,قيد الدراسة,غير معلن
INIT-01543,2024-06-09,تحقيق جدوى موسّع لبرنامج الذكاء الاصطناعي المؤسسي,تحقيق جدوى يتضمن أرقامًا مالية غير معلنة وسيناريوهات المخاطر. المرجع INI-2024-9289 · الجهة المعنية: قطاع الحلول الحكومية.,قطاع الحلول الحكومية,قيد التنفيذ المبدئي,معلن جزئيًا
INIT-01544,2024-07-24,برنامج تشغيل منشأة حيوية وطنية في القطيف,نطاق تشغيل منشأة حيوية وطنية وحدود المسؤولية التشغيلية. المرجع INI-2024-7617 · الجهة المعنية: قطاع الشراكات.,قطاع الشراكات,معتمدة داخليًا,غير معلن
INIT-01545,2021-10-12,معاهدة تعاون تقني قيد التفاوض مع منظمة إقليمية,نص معاهدة تعاون تقني قيد التفاوض وبنود نقل المعرفة. المرجع INI-2021-9650 · الجهة المعنية: قطاع العمليات.,قطاع العمليات,مرفوعة للجنة,غير معلن
INIT-01546,2022-10-25,إعادة هيكلة قطاع التحول الرقمي - قبل الاعتماد,تصور إعادة الهيكلة وأثرها الوظيفي قبل الاعتماد من المجلس. المرجع INI-2022-2932 · الجهة المعنية: قطاع الأعمال المؤسسية.,قطاع الأعمال المؤسسية,بانتظار الاعتماد,غير معلن
INIT-01547,2021-10-22,خطة التخارج الاستراتيجية من عقد تشغيل كبير,خيارات التخارج الاستراتيجية وأثرها المالي على الإيرادات. المرجع INI-2021-7951 · الجهة المعنية: قطاع العمليات.,قطاع العمليات,بانتظار الاعتماد,غير معلن
INIT-01548,2025-12-02,خطة دخول سوق سكاكا - نسخة غير معلنة,خطة استراتيجية لدخول السوق وتقديرات الحصة المستهدفة. المرجع INI-2025-5520 · الجهة المعنية: قطاع التحول الرقمي.,قطاع التحول الرقمي,مرفوعة للجنة,غير معلن
INIT-01549,2019-04-15,خطة دخول سوق المدينة المنورة - نسخة غير معلنة,خطة استراتيجية لدخول السوق وتقديرات الحصة المستهدفة. المرجع INI-2019-6150 · الجهة المعنية: قطاع التحول الرقمي.,قطاع التحول الرقمي,مسودة أولية,معلن جزئيًا
INIT-01550,2023-09-17,مسار تفاوض دبلوماسي لتوطين برنامج أمن سلاسل الإمداد,مسار ذو طابع دبلوماسي لتوطين التقنية مع أطراف خارجية. المرجع INI-2023-1455 · الجهة المعنية: قطاع الشراكات.,قطاع الشراكات,مسودة أولية,غير معلن
INIT-01551,2025-12-08,خطة التخارج الاستراتيجية من عقد تشغيل كبير,خيارات التخارج الاستراتيجية وأثرها المالي على الإيرادات. المرجع INI-2025-6728 · الجهة المعنية: قطاع البنية التحتية.,قطاع البنية التحتية,قيد الدراسة,غير معلن
INIT-01552,2022-07-28,نموذج تسعير برنامج التحول الرقمي للمنافسات الحكومية,هوامش وحدود تسعير استراتيجية غير قابلة للإفصاح للمنافسين. المرجع INI-2022-6952 · الجهة المعنية: قطاع الأعمال المؤسسية.,قطاع الأعمال المؤسسية,معتمدة داخليًا,غير معلن
INIT-01553,2023-07-20,تحقيق جدوى موسّع لبرنامج أمن سلاسل الإمداد,تحقيق جدوى يتضمن أرقامًا مالية غير معلنة وسيناريوهات المخاطر. المرجع INI-2023-2166 · الجهة المعنية: قطاع الأعمال المؤسسية.,قطاع الأعمال المؤسسية,قيد التنفيذ المبدئي,معلن جزئيًا
INIT-01554,2020-09-14,مصفوفة الشركاء المحتملين لبرنامج تكامل الأنظمة الحكومية,تقييم شركاء محتملين وشروط التفضيل قبل الإفصاح للسوق. المرجع INI-2020-7370 · الجهة المعنية: قطاع الحلول الحكومية.,قطاع الحلول الحكومية,مرفوعة للجنة,معلن جزئيًا
INIT-01555,2021-11-01,عقد مورد لتوريد تجهيزات برنامج الحوسبة السيادية,بنود عقد مورد وجدول التوريد والغرامات التعاقدية. المرجع INI-2021-2916 · الجهة المعنية: قطاع العمليات.,قطاع العمليات,معتمدة داخليًا,غير معلن
INIT-01556,2022-05-01,مبادرة الحوسبة السيادية وحماية سيادة البيانات,تصميم بيئة تضمن سيادة البيانات الوطنية وحدود الاستضافة المسموحة. المرجع INI-2022-4901 · الجهة المعنية: قطاع العمليات.,قطاع العمليات,قيد التنفيذ المبدئي,غير معلن
INIT-01557,2021-11-06,مسار تفاوض دبلوماسي لتوطين برنامج التحول الرقمي,مسار ذو طابع دبلوماسي لتوطين التقنية مع أطراف خارجية. المرجع INI-2021-6821 · الجهة المعنية: قطاع البنية التحتية.,قطاع البنية التحتية,مرفوعة للجنة,معلن جزئيًا
INIT-01558,2022-11-21,نموذج تسعير برنامج أمن سلاسل الإمداد للمنافسات الحكومية,هوامش وحدود تسعير استراتيجية غير قابلة للإفصاح للمنافسين. المرجع INI-2022-1394 · الجهة المعنية: قطاع الشراكات.,قطاع الشراكات,قيد الدراسة,معلن جزئيًا
INIT-01559,2026-03-28,معاهدة تعاون تقني قيد التفاوض مع شريك تقني عالمي,نص معاهدة تعاون تقني قيد التفاوض وبنود نقل المعرفة. المرجع INI-2026-8487 · الجهة المعنية: قطاع العمليات.,قطاع العمليات,معتمدة داخليًا,معلن جزئيًا
INIT-01560,2024-08-11,متطلبات ربط شبكي لبرنامج الحوسبة السيادية,مخطط الشبكة المطلوب لربط بيئات المشروع الداخلية. المرجع INI-2024-8132 · الجهة المعنية: قطاع العمليات.,قطاع العمليات,مرفوعة للجنة,معلن جزئيًا
INIT-01561,2026-04-23,خطة توزيع الكوادر على برنامج التوسع الإقليمي,توزيع كوادر مع بيانات شخصية ومسميات وظيفية تفصيلية. المرجع INI-2026-8875 · الجهة المعنية: قطاع الشراكات.,قطاع الشراكات,مرفوعة للجنة,غير معلن
INIT-01562,2022-07-03,معاهدة تعاون تقني قيد التفاوض مع شريك تقني عالمي,نص معاهدة تعاون تقني قيد التفاوض وبنود نقل المعرفة. المرجع INI-2022-6812 · الجهة المعنية: قطاع التحول الرقمي.,قطاع التحول الرقمي,بانتظار الاعتماد,غير معلن
INIT-01563,2025-01-11,المشروع الوطني المرجعي رقم NP-638 - تداول اللجنة العليا,مشروع لا تُتداول تفاصيله خارج اللجنة العليا لارتباطه بمواقع وطنية. المرجع INI-2025-1225 · الجهة المعنية: قطاع العمليات.,قطاع العمليات,قيد التنفيذ المبدئي,غير معلن
INIT-01564,2023-06-28,مبادرة داخلية رقم SI-2023-780 - غير معلنة,مبادرة قيد الدراسة يترتب على كشفها المبكر أثر تنافسي مباشر. المرجع INI-2023-4504 · الجهة المعنية: قطاع الحلول الحكومية.,قطاع الحلول الحكومية,مرفوعة للجنة,غير معلن
INIT-01565,2021-06-11,مبادرة إدارة مفاتيح التشفير على مستوى الجهات الوطنية,تصميم مركزي لإدارة مفاتيح التشفير عبر الأنظمة الوطنية. المرجع INI-2021-1398 · الجهة المعنية: قطاع التحول الرقمي.,قطاع التحول الرقمي,مرفوعة للجنة,غير معلن
INIT-01566,2023-07-25,مشروع منظومة اتصالات لجهة عسكري الطابع,متطلبات منظومة اتصالات لجهة عسكري الطابع وقيود التسليم. المرجع INI-2023-8904 · الجهة المعنية: قطاع الأعمال المؤسسية.,قطاع الأعمال المؤسسية,قيد الدراسة,غير معلن
INIT-01567,2022-04-17,مسار تفاوض دبلوماسي لتوطين برنامج أمن سلاسل الإمداد,مسار ذو طابع دبلوماسي لتوطين التقنية مع أطراف خارجية. المرجع INI-2022-6276 · الجهة المعنية: قطاع التحول الرقمي.,قطاع التحول الرقمي,بانتظار الاعتماد,معلن جزئيًا
INIT-01568,2025-01-01,مبادرة مواقع تخزين احتياطية للبيانات الحساسة,تحديد مواقع تخزين احتياطية وسعاتها ومستويات حمايتها. المرجع INI-2025-6661 · الجهة المعنية: قطاع الحلول الحكومية.,قطاع الحلول الحكومية,قيد الدراسة,معلن جزئيًا
INIT-01569,2022-03-06,جدول بدلات ورواتب فريق برنامج المرونة التشغيلية,جدول رواتب وبدلات أعضاء الفريق خلال مراحل التنفيذ. المرجع INI-2022-7898 · الجهة المعنية: قطاع التقنية والمشاريع.,قطاع التقنية والمشاريع,قيد التنفيذ المبدئي,معلن جزئيًا
INIT-01570,2021-04-04,تحقيق جدوى موسّع لبرنامج الذكاء الاصطناعي المؤسسي,تحقيق جدوى يتضمن أرقامًا مالية غير معلنة وسيناريوهات المخاطر. المرجع INI-2021-6199 · الجهة المعنية: قطاع التقنية والمشاريع.,قطاع التقنية والمشاريع,قيد الدراسة,معلن جزئيًا
INIT-01571,2022-05-10,جدول بدلات ورواتب فريق برنامج التحول الرقمي,جدول رواتب وبدلات أعضاء الفريق خلال مراحل التنفيذ. المرجع INI-2022-5410 · الجهة المعنية: قطاع الحلول الحكومية.,قطاع الحلول الحكومية,معتمدة داخليًا,معلن جزئيًا
INIT-01572,2024-12-26,خطة الاستحواذ الاستراتيجية على مزوّد تقني إقليمي,خطة استراتيجية للاستحواذ مع تقييم مبدئي وهيكل تمويل مقترح. المرجع INI-2024-5571 · الجهة المعنية: قطاع الشراكات.,قطاع الشراكات,مسودة أولية,غير معلن
INIT-01573,2021-09-24,إحصاءات أثر برنامج الاستحواذ التقني المعلنة - الربع الرابع 2021,إحصاءات معلنة عن أثر البرنامج على مستوى الخدمة. المرجع INI-2021-6516 · الجهة المعنية: قطاع التحول الرقمي.,قطاع التحول الرقمي,مرفوعة للجنة,معلن
INIT-01574,2023-11-04,تحقيق جدوى موسّع لبرنامج تحديث البنية التقنية,تحقيق جدوى يتضمن أرقامًا مالية غير معلنة وسيناريوهات المخاطر. المرجع INI-2023-7487 · الجهة المعنية: قطاع التحول الرقمي.,قطاع التحول الرقمي,مرفوعة للجنة,غير معلن
INIT-01575,2025-11-10,خطة التخارج الاستراتيجية من عقد تشغيل كبير,خيارات التخارج الاستراتيجية وأثرها المالي على الإيرادات. المرجع INI-2025-6045 · الجهة المعنية: قطاع التحول الرقمي.,قطاع التحول الرقمي,معتمدة داخليًا,معلن جزئيًا
INIT-01576,2019-11-14,مبادرة مواقع تخزين احتياطية للبيانات الحساسة,تحديد مواقع تخزين احتياطية وسعاتها ومستويات حمايتها. المرجع INI-2019-2413 · الجهة المعنية: قطاع التحول الرقمي.,قطاع التحول الرقمي,معتمدة داخليًا,معلن جزئيًا
INIT-01577,2023-09-19,مبادرة مواقع تخزين احتياطية للبيانات الحساسة,تحديد مواقع تخزين احتياطية وسعاتها ومستويات حمايتها. المرجع INI-2023-2553 · الجهة المعنية: قطاع البنية التحتية.,قطاع البنية التحتية,مسودة أولية,معلن جزئيًا
INIT-01578,2021-06-27,تحقيق جدوى موسّع لبرنامج الحوسبة السيادية,تحقيق جدوى يتضمن أرقامًا مالية غير معلنة وسيناريوهات المخاطر. المرجع INI-2021-5341 · الجهة المعنية: قطاع الأعمال المؤسسية.,قطاع الأعمال المؤسسية,مرفوعة للجنة,غير معلن
INIT-01579,2022-10-02,خطة التخارج الاستراتيجية من عقد تشغيل كبير,خيارات التخارج الاستراتيجية وأثرها المالي على الإيرادات. المرجع INI-2022-5055 · الجهة المعنية: قطاع البنية التحتية.,قطاع البنية التحتية,قيد الدراسة,غير معلن
INIT-01580,2021-01-18,مصفوفة الشركاء المحتملين لبرنامج المرونة التشغيلية,تقييم شركاء محتملين وشروط التفضيل قبل الإفصاح للسوق. المرجع INI-2021-8827 · الجهة المعنية: قطاع التقنية والمشاريع.,قطاع التقنية والمشاريع,مسودة أولية,معلن جزئيًا
INIT-01581,2022-04-26,خطة دخول سوق عرعر - نسخة غير معلنة,خطة استراتيجية لدخول السوق وتقديرات الحصة المستهدفة. المرجع INI-2022-5336 · الجهة المعنية: قطاع الشراكات.,قطاع الشراكات,قيد التنفيذ المبدئي,معلن جزئيًا
INIT-01582,2023-10-11,مذكرة تفاهم مع تحالف صناعي دولي لتنفيذ برنامج الحوسبة السيادية,مسودة مذكرة تفاهم لم تُوقّع بعد وتتضمن التزامات مالية. المرجع INI-2023-9658 · الجهة المعنية: قطاع العمليات.,قطاع العمليات,مسودة أولية,غير معلن
INIT-01583,2020-05-30,إعادة هيكلة قطاع الأعمال المؤسسية - قبل الاعتماد,تصور إعادة الهيكلة وأثرها الوظيفي قبل الاعتماد من المجلس. المرجع INI-2020-6638 · الجهة المعنية: قطاع الأعمال المؤسسية.,,مرفوعة للجنة,غير معلن
INIT-01584,2019-06-27,مذكرة تفاهم مع جهة سيادية شريكة لتنفيذ برنامج التوسع الإقليمي,مسودة مذكرة تفاهم لم تُوقّع بعد وتتضمن التزامات مالية. المرجع INI-2019-3813 · الجهة المعنية: قطاع العمليات.,قطاع العمليات,قيد الدراسة,غير معلن
INIT-01585,2019-12-20,مبادرة مواقع تخزين احتياطية للبيانات الحساسة,تحديد مواقع تخزين احتياطية وسعاتها ومستويات حمايتها. المرجع INI-2019-7986 · الجهة المعنية: قطاع البنية التحتية.,قطاع البنية التحتية,مرفوعة للجنة,غير معلن
INIT-01586,2024-01-29,تحقيق جدوى موسّع لبرنامج الاستحواذ التقني,تحقيق جدوى يتضمن أرقامًا مالية غير معلنة وسيناريوهات المخاطر. المرجع INI-2024-4526 · الجهة المعنية: قطاع الشراكات.,قطاع الشراكات,مسودة أولية,غير معلن
INIT-01587,2020-12-29,خطة الاستحواذ الاستراتيجية على مزوّد تقني إقليمي,خطة استراتيجية للاستحواذ مع تقييم مبدئي وهيكل تمويل مقترح. المرجع INI-2020-3270 · الجهة المعنية: قطاع البنية التحتية.,قطاع البنية التحتية,مرفوعة للجنة,معلن جزئيًا
INIT-01588,2020-07-23,عرض أسعار استشاري لمرحلة تصميم برنامج الاستحواذ التقني,عرض أسعار مقدم من بيت خبرة ضمن نطاق محدود. المرجع INI-2020-8726 · الجهة المعنية: قطاع التقنية والمشاريع.,قطاع التقنية والمشاريع,مسودة أولية,غير معلن
INIT-01589,2019-01-19,مذكرة داخلية لمتابعة مؤشرات برنامج أمن سلاسل الإمداد,مذكرة داخلية دورية لمتابعة مؤشرات التنفيذ بين الإدارات. المرجع INI-2019-1365 · الجهة المعنية: قطاع الأعمال المؤسسية.,قطاع الأعمال المؤسسية,بانتظار الاعتماد,معلن جزئيًا
INIT-01590,2024-06-09,مبادرة داخلية رقم SI-2024-317 - غير معلنة,مبادرة قيد الدراسة يترتب على كشفها المبكر أثر تنافسي مباشر. المرجع INI-2024-6121 · الجهة المعنية: قطاع الأعمال المؤسسية.,قطاع الأعمال المؤسسية,قيد الدراسة,معلن جزئيًا
INIT-01591,2022-11-19,مسار تفاوض دبلوماسي لتوطين برنامج تكامل الأنظمة الحكومية,مسار ذو طابع دبلوماسي لتوطين التقنية مع أطراف خارجية. المرجع INI-2022-1423 · الجهة المعنية: قطاع التقنية والمشاريع.,قطاع التقنية والمشاريع,بانتظار الاعتماد,غير معلن
INIT-01592,2019-03-19,نموذج تسعير برنامج التحول الرقمي للمنافسات الحكومية,هوامش وحدود تسعير استراتيجية غير قابلة للإفصاح للمنافسين. المرجع INI-2019-6408 · الجهة المعنية: قطاع التقنية والمشاريع.,قطاع التقنية والمشاريع,معتمدة داخليًا,معلن جزئيًا
INIT-01593,2024-02-07,مسار تفاوض دبلوماسي لتوطين برنامج المدن الذكية,مسار ذو طابع دبلوماسي لتوطين التقنية مع أطراف خارجية. المرجع INI-2024-4497 · الجهة المعنية: قطاع العمليات.,قطاع العمليات,قيد الدراسة,معلن جزئيًا
INIT-01594,2019-10-14,خطة دخول سوق حائل - نسخة غير معلنة,خطة استراتيجية لدخول السوق وتقديرات الحصة المستهدفة. المرجع INI-2019-3273 · الجهة المعنية: قطاع الشراكات.,قطاع الشراكات,مسودة أولية,معلن جزئيًا
INIT-01595,2019-10-21,نموذج تسعير برنامج الذكاء الاصطناعي المؤسسي للمنافسات الحكومية,هوامش وحدود تسعير استراتيجية غير قابلة للإفصاح للمنافسين. المرجع INI-2019-7335 · الجهة المعنية: قطاع العمليات.,قطاع العمليات,مسودة أولية,غير معلن
INIT-01596,2025-08-08,مبادرة إدارة مفاتيح التشفير على مستوى الجهات الوطنية,تصميم مركزي لإدارة مفاتيح التشفير عبر الأنظمة الوطنية. المرجع INI-2025-1325 · الجهة المعنية: قطاع الأعمال المؤسسية.,قطاع الأعمال المؤسسية,بانتظار الاعتماد,غير معلن
INIT-01597,2023-09-30,برنامج تشغيل منشأة حيوية وطنية في عرعر,نطاق تشغيل منشأة حيوية وطنية وحدود المسؤولية التشغيلية. المرجع INI-2023-5120 · الجهة المعنية: قطاع التقنية والمشاريع.,قطاع التقنية والمشاريع,بانتظار الاعتماد,غير معلن
INIT-01598,2020-03-16,مبادرة مواقع تخزين احتياطية للبيانات الحساسة,تحديد مواقع تخزين احتياطية وسعاتها ومستويات حمايتها. المرجع INI-2020-6135 · الجهة المعنية: قطاع الأعمال المؤسسية.,قطاع الأعمال المؤسسية,بانتظار الاعتماد,معلن جزئيًا
INIT-01599,2022-08-10,نموذج تسعير برنامج التحول الرقمي للمنافسات الحكومية,هوامش وحدود تسعير استراتيجية غير قابلة للإفصاح للمنافسين. المرجع INI-2022-7145 · الجهة المعنية: قطاع الشراكات.,قطاع الشراكات,قيد الدراسة,معلن جزئيًا
INIT-01600,2023-03-06,مذكرة تفاهم مع شريك تقني عالمي لتنفيذ برنامج تكامل الأنظمة الحكومية,مسودة مذكرة تفاهم لم تُوقّع بعد وتتضمن التزامات مالية. المرجع INI-2023-2847 · الجهة المعنية: قطاع الأعمال المؤسسية.,قطاع الأعمال المؤسسية,قيد التنفيذ المبدئي,غير معلن
INIT-01601,2020-08-23,خطة دخول سوق الخبر - نسخة غير معلنة,خطة استراتيجية لدخول السوق وتقديرات الحصة المستهدفة. المرجع INI-2020-2875 · الجهة المعنية: قطاع البنية التحتية.,قطاع البنية التحتية,قيد التنفيذ المبدئي,غير معلن
INIT-01602,2022-06-22,مشروع تحديث أنظمة ميناء بحري - مرحلة 2,تحديث أنظمة تحكم منشأة حيوية وجدول الإيقاف المخطط. المرجع INI-2022-3420 · الجهة المعنية: قطاع الشراكات.,قطاع الشراكات,قيد الدراسة,غير معلن
INIT-01603,2025-06-25,عقد مورد لتوريد تجهيزات برنامج التوسع الإقليمي,بنود عقد مورد وجدول التوريد والغرامات التعاقدية. المرجع INI-2025-7002 · الجهة المعنية: قطاع البنية التحتية.,قطاع البنية التحتية,قيد التنفيذ المبدئي,معلن جزئيًا
INIT-01604,2020-02-03,مبادرة داخلية رقم SI-2020-768 - غير معلنة,مبادرة قيد الدراسة يترتب على كشفها المبكر أثر تنافسي مباشر. المرجع INI-2020-1028 · الجهة المعنية: قطاع التحول الرقمي.,,بانتظار الاعتماد,معلن جزئيًا
INIT-01605,2020-10-05,متطلبات ربط شبكي لبرنامج الذكاء الاصطناعي المؤسسي,مخطط الشبكة المطلوب لربط بيئات المشروع الداخلية. المرجع INI-2020-2607 · الجهة المعنية: قطاع التحول الرقمي.,قطاع التحول الرقمي,مرفوعة للجنة,غير معلن
INIT-01606,2022-09-06,خطة الاستحواذ الاستراتيجية على مزوّد تقني إقليمي,خطة استراتيجية للاستحواذ مع تقييم مبدئي وهيكل تمويل مقترح. المرجع INI-2022-7341 · الجهة المعنية: قطاع العمليات.,قطاع العمليات,مسودة أولية,معلن جزئيًا
INIT-01607,2020-02-14,مبادرة إدارة مفاتيح التشفير على مستوى الجهات الوطنية,تصميم مركزي لإدارة مفاتيح التشفير عبر الأنظمة الوطنية. المرجع INI-2020-3026 · الجهة المعنية: قطاع التحول الرقمي.,قطاع التحول الرقمي,مرفوعة للجنة,غير معلن
INIT-01608,2025-12-08,مبادرة داخلية رقم SI-2025-471 - غير معلنة,مبادرة قيد الدراسة يترتب على كشفها المبكر أثر تنافسي مباشر. المرجع INI-2025-6685 · الجهة المعنية: قطاع الحلول الحكومية.,قطاع الحلول الحكومية,مرفوعة للجنة,غير معلن
INIT-01609,2023-09-03,مشروع تأمين مواقع تخزين أسلحة خاضعة للرقابة,تصميم ضوابط تأمين مواقع أسلحة ومواد خاضعة للرقابة. المرجع INI-2023-7824 · الجهة المعنية: قطاع التقنية والمشاريع.,قطاع التقنية والمشاريع,قيد الدراسة,غير معلن
INIT-01610,2022-07-03,إعادة هيكلة قطاع الخدمات الرقمية - قبل الاعتماد,تصور إعادة الهيكلة وأثرها الوظيفي قبل الاعتماد من المجلس. المرجع INI-2022-1245 · الجهة المعنية: قطاع الأعمال المؤسسية.,قطاع الأعمال المؤسسية,مسودة أولية,غير معلن
INIT-01611,2021-01-25,تحقيق جدوى موسّع لبرنامج تكامل الأنظمة الحكومية,تحقيق جدوى يتضمن أرقامًا مالية غير معلنة وسيناريوهات المخاطر. المرجع INI-2021-9254 · الجهة المعنية: قطاع الحلول الحكومية.,قطاع الحلول الحكومية,قيد الدراسة,غير معلن
INIT-01612,2020-07-13,مبادرة داخلية رقم SI-2020-883 - غير معلنة,مبادرة قيد الدراسة يترتب على كشفها المبكر أثر تنافسي مباشر. المرجع INI-2020-5794 · الجهة المعنية: قطاع الأعمال المؤسسية.,قطاع الأعمال المؤسسية,مرفوعة للجنة,غير معلن
INIT-01613,2019-02-21,خطة التخارج الاستراتيجية من عقد تشغيل كبير,خيارات التخارج الاستراتيجية وأثرها المالي على الإيرادات. المرجع INI-2019-9218 · الجهة المعنية: قطاع الحلول الحكومية.,قطاع الحلول الحكومية,قيد الدراسة,غير معلن
INIT-01614,2023-06-20,تحقيق جدوى موسّع لبرنامج المرونة التشغيلية,تحقيق جدوى يتضمن أرقامًا مالية غير معلنة وسيناريوهات المخاطر. المرجع INI-2023-1301 · الجهة المعنية: قطاع الشراكات.,قطاع الشراكات,بانتظار الاعتماد,معلن جزئيًا
INIT-01615,2026-05-25,المشروع الوطني المرجعي رقم NP-703 - تداول اللجنة العليا,مشروع لا تُتداول تفاصيله خارج اللجنة العليا لارتباطه بمواقع وطنية. المرجع INI-2026-5148 · الجهة المعنية: قطاع البنية التحتية.,قطاع البنية التحتية,بانتظار الاعتماد,غير معلن
INIT-01616,2019-01-26,مصفوفة الشركاء المحتملين لبرنامج الذكاء الاصطناعي المؤسسي,تقييم شركاء محتملين وشروط التفضيل قبل الإفصاح للسوق. المرجع INI-2019-8727 · الجهة المعنية: قطاع الشراكات.,قطاع الشراكات,قيد الدراسة,غير معلن
INIT-01617,2023-08-12,خطة التخارج الاستراتيجية من عقد تشغيل كبير,خيارات التخارج الاستراتيجية وأثرها المالي على الإيرادات. المرجع INI-2023-3292 · الجهة المعنية: قطاع التقنية والمشاريع.,,قيد التنفيذ المبدئي,معلن جزئيًا
INIT-01618,2020-07-18,مسار تفاوض دبلوماسي لتوطين برنامج التحول الرقمي,مسار ذو طابع دبلوماسي لتوطين التقنية مع أطراف خارجية. المرجع INI-2020-8270 · الجهة المعنية: قطاع البنية التحتية.,قطاع البنية التحتية,بانتظار الاعتماد,معلن جزئيًا
INIT-01619,2019-08-13,المشروع الوطني المرجعي رقم NP-144 - تداول اللجنة العليا,مشروع لا تُتداول تفاصيله خارج اللجنة العليا لارتباطه بمواقع وطنية. المرجع INI-2019-3957 · الجهة المعنية: قطاع الأعمال المؤسسية.,قطاع الأعمال المؤسسية,معتمدة داخليًا,غير معلن
INIT-01620,2025-07-09,متطلبات ربط شبكي لبرنامج الاستحواذ التقني,مخطط الشبكة المطلوب لربط بيئات المشروع الداخلية. المرجع INI-2025-4688 · الجهة المعنية: قطاع البنية التحتية.,قطاع البنية التحتية,قيد الدراسة,معلن جزئيًا
INIT-01621,2021-06-24,مشروع تحديث أنظمة منشأة تخزين استراتيجي - مرحلة 1,تحديث أنظمة تحكم منشأة حيوية وجدول الإيقاف المخطط. المرجع INI-2021-3484 · الجهة المعنية: قطاع التقنية والمشاريع.,قطاع التقنية والمشاريع,قيد التنفيذ المبدئي,غير معلن
INIT-01622,2023-01-19,عقد مورد لتوريد تجهيزات برنامج التحول الرقمي,بنود عقد مورد وجدول التوريد والغرامات التعاقدية. المرجع INI-2023-4488 · الجهة المعنية: قطاع الأعمال المؤسسية.,قطاع الأعمال المؤسسية,قيد الدراسة,غير معلن
INIT-01623,2020-11-25,معاهدة تعاون تقني قيد التفاوض مع منظمة إقليمية,نص معاهدة تعاون تقني قيد التفاوض وبنود نقل المعرفة. المرجع INI-2020-6165 · الجهة المعنية: قطاع الأعمال المؤسسية.,قطاع الأعمال المؤسسية,معتمدة داخليًا,غير معلن
INIT-01624,2022-03-07,مبادرة الحوسبة السيادية وحماية سيادة البيانات,تصميم بيئة تضمن سيادة البيانات الوطنية وحدود الاستضافة المسموحة. المرجع INI-2022-9474 · الجهة المعنية: قطاع الحلول الحكومية.,قطاع الحلول الحكومية,قيد التنفيذ المبدئي,غير معلن
INIT-01625,2022-04-08,إعادة هيكلة قطاع الشراكات - قبل الاعتماد,تصور إعادة الهيكلة وأثرها الوظيفي قبل الاعتماد من المجلس. المرجع INI-2022-7214 · الجهة المعنية: قطاع البنية التحتية.,قطاع البنية التحتية,مسودة أولية,غير معلن
INIT-01626,2024-09-20,معاهدة تعاون تقني قيد التفاوض مع دولة شريكة,نص معاهدة تعاون تقني قيد التفاوض وبنود نقل المعرفة. المرجع INI-2024-2253 · الجهة المعنية: قطاع الأعمال المؤسسية.,,مسودة أولية,معلن جزئيًا
INIT-01627,2026-06-02,مسار تفاوض دبلوماسي لتوطين برنامج التحول الرقمي,مسار ذو طابع دبلوماسي لتوطين التقنية مع أطراف خارجية. المرجع INI-2026-3240 · الجهة المعنية: قطاع العمليات.,قطاع العمليات,مرفوعة للجنة,معلن جزئيًا
INIT-01628,2025-05-22,معاهدة تعاون تقني قيد التفاوض مع تحالف صناعي دولي,نص معاهدة تعاون تقني قيد التفاوض وبنود نقل المعرفة. المرجع INI-2025-6883 · الجهة المعنية: قطاع العمليات.,قطاع العمليات,معتمدة داخليًا,معلن جزئيًا
INIT-01629,2022-03-24,مذكرة تفاهم مع جهة سيادية شريكة لتنفيذ برنامج تكامل الأنظمة الحكومية,مسودة مذكرة تفاهم لم تُوقّع بعد وتتضمن التزامات مالية. المرجع INI-2022-2003 · الجهة المعنية: قطاع التقنية والمشاريع.,قطاع التقنية والمشاريع,معتمدة داخليًا,معلن جزئيًا
INIT-01630,2022-06-13,مبادرة مواقع تخزين احتياطية للبيانات الحساسة,تحديد مواقع تخزين احتياطية وسعاتها ومستويات حمايتها. المرجع INI-2022-6196 · الجهة المعنية: قطاع التقنية والمشاريع.,قطاع التقنية والمشاريع,بانتظار الاعتماد,معلن جزئيًا
INIT-01631,2019-01-20,خطة الاستحواذ الاستراتيجية على مزوّد تقني إقليمي,خطة استراتيجية للاستحواذ مع تقييم مبدئي وهيكل تمويل مقترح. المرجع INI-2019-5388 · الجهة المعنية: قطاع الأعمال المؤسسية.,قطاع الأعمال المؤسسية,مسودة أولية,غير معلن
INIT-01632,2021-07-26,نموذج تسعير برنامج تكامل الأنظمة الحكومية للمنافسات الحكومية,هوامش وحدود تسعير استراتيجية غير قابلة للإفصاح للمنافسين. المرجع INI-2021-2618 · الجهة المعنية: قطاع العمليات.,قطاع العمليات,مسودة أولية,معلن جزئيًا
INIT-01633,2021-12-07,خطة دخول سوق أبها - نسخة غير معلنة,خطة استراتيجية لدخول السوق وتقديرات الحصة المستهدفة. المرجع INI-2021-2130 · الجهة المعنية: قطاع الحلول الحكومية.,قطاع الحلول الحكومية,قيد التنفيذ المبدئي,معلن جزئيًا
INIT-01634,2021-11-04,متطلبات ربط شبكي لبرنامج التحول الرقمي,مخطط الشبكة المطلوب لربط بيئات المشروع الداخلية. المرجع INI-2021-2737 · الجهة المعنية: قطاع الأعمال المؤسسية.,قطاع الأعمال المؤسسية,مسودة أولية,معلن جزئيًا
INIT-01635,2024-01-25,إعادة هيكلة قطاع الحلول الحكومية - قبل الاعتماد,تصور إعادة الهيكلة وأثرها الوظيفي قبل الاعتماد من المجلس. المرجع INI-2024-2436 · الجهة المعنية: قطاع العمليات.,قطاع العمليات,مرفوعة للجنة,غير معلن
INIT-01636,2020-08-16,مبادرة داخلية رقم SI-2020-135 - غير معلنة,مبادرة قيد الدراسة يترتب على كشفها المبكر أثر تنافسي مباشر. المرجع INI-2020-7819 · الجهة المعنية: قطاع التحول الرقمي.,قطاع التحول الرقمي,قيد التنفيذ المبدئي,غير معلن
INIT-01637,2021-03-26,المشروع الوطني المرجعي رقم NP-800 - تداول اللجنة العليا,مشروع لا تُتداول تفاصيله خارج اللجنة العليا لارتباطه بمواقع وطنية. المرجع INI-2021-8417 · الجهة المعنية: قطاع الحلول الحكومية.,قطاع الحلول الحكومية,مسودة أولية,غير معلن
INIT-01638,2019-11-04,مشروع منظومة اتصالات لجهة عسكري الطابع,متطلبات منظومة اتصالات لجهة عسكري الطابع وقيود التسليم. المرجع INI-2019-6111 · الجهة المعنية: قطاع العمليات.,قطاع العمليات,مرفوعة للجنة,غير معلن
INIT-01639,2021-03-18,خطة التخارج الاستراتيجية من عقد تشغيل كبير,خيارات التخارج الاستراتيجية وأثرها المالي على الإيرادات. المرجع INI-2021-4615 · الجهة المعنية: قطاع التحول الرقمي.,قطاع التحول الرقمي,قيد التنفيذ المبدئي,معلن جزئيًا
INIT-01640,2020-06-22,مذكرة تفاهم مع دولة شريكة لتنفيذ برنامج الحوسبة السيادية,مسودة مذكرة تفاهم لم تُوقّع بعد وتتضمن التزامات مالية. المرجع INI-2020-6023 · الجهة المعنية: قطاع الحلول الحكومية.,قطاع الحلول الحكومية,معتمدة داخليًا,معلن جزئيًا
INIT-01641,2022-11-15,معاهدة تعاون تقني قيد التفاوض مع تحالف صناعي دولي,نص معاهدة تعاون تقني قيد التفاوض وبنود نقل المعرفة. المرجع INI-2022-9334 · الجهة المعنية: قطاع البنية التحتية.,قطاع البنية التحتية,قيد الدراسة,معلن جزئيًا
INIT-01642,2022-11-21,معاهدة تعاون تقني قيد التفاوض مع شريك تقني عالمي,نص معاهدة تعاون تقني قيد التفاوض وبنود نقل المعرفة. المرجع INI-2022-6604 · الجهة المعنية: قطاع العمليات.,قطاع العمليات,قيد التنفيذ المبدئي,غير معلن
INIT-01643,2023-07-20,منشور تعريفي بمخرجات برنامج تحديث البنية التقنية في الخبر,منشور تعريفي عام بالمخرجات المعلنة للبرنامج. المرجع INI-2023-7602 · الجهة المعنية: قطاع البنية التحتية.,قطاع البنية التحتية,مسودة أولية,معلن
INIT-01644,2023-03-05,مبادرة داخلية رقم SI-2023-825 - غير معلنة,مبادرة قيد الدراسة يترتب على كشفها المبكر أثر تنافسي مباشر. المرجع INI-2023-2964 · الجهة المعنية: قطاع الحلول الحكومية.,قطاع الحلول الحكومية,قيد التنفيذ المبدئي,غير معلن
INIT-01645,2020-01-12,الميزانية الاستراتيجية لبرنامج الذكاء الاصطناعي المؤسسي 2020-2022,تفاصيل الميزانية الاستراتيجية وتوزيعها على المراحل قبل الاعتماد. المرجع INI-2020-2283 · الجهة المعنية: قطاع التحول الرقمي.,قطاع التحول الرقمي,مسودة أولية,غير معلن
INIT-01646,2022-09-01,عرض أسعار استشاري لمرحلة تصميم برنامج الاستحواذ التقني,عرض أسعار مقدم من بيت خبرة ضمن نطاق محدود. المرجع INI-2022-9148 · الجهة المعنية: قطاع البنية التحتية.,قطاع البنية التحتية,مرفوعة للجنة,غير معلن
INIT-01647,2025-07-14,مسار تفاوض دبلوماسي لتوطين برنامج المدن الذكية,مسار ذو طابع دبلوماسي لتوطين التقنية مع أطراف خارجية. المرجع INI-2025-8954 · الجهة المعنية: قطاع التحول الرقمي.,قطاع التحول الرقمي,مسودة أولية,معلن جزئيًا
INIT-01648,2023-09-17,بيان صحفي عن شراكة معلنة في مكة المكرمة - 2023,بيان صحفي منشور عن شراكة تم الإعلان عنها رسميًا. المرجع INI-2023-6890 · الجهة المعنية: قطاع الشراكات.,قطاع الشراكات,معتمدة داخليًا,معلن
INIT-01649,2023-03-03,مشروع تحديث أنظمة ميناء بحري - مرحلة 3,تحديث أنظمة تحكم منشأة حيوية وجدول الإيقاف المخطط. المرجع INI-2023-2610 · الجهة المعنية: قطاع البنية التحتية.,قطاع البنية التحتية,معتمدة داخليًا,غير معلن
INIT-01650,2019-05-03,مبادرة داخلية رقم SI-2019-471 - غير معلنة,مبادرة قيد الدراسة يترتب على كشفها المبكر أثر تنافسي مباشر. المرجع INI-2019-5227 · الجهة المعنية: قطاع العمليات.,قطاع العمليات,بانتظار الاعتماد,معلن جزئيًا
INIT-01651,2023-01-09,خطة دخول سوق ينبع - نسخة غير معلنة,خطة استراتيجية لدخول السوق وتقديرات الحصة المستهدفة. المرجع INI-2023-2608 · الجهة المعنية: قطاع البنية التحتية.,قطاع البنية التحتية,بانتظار الاعتماد,غير معلن
INIT-01652,2022-02-15,مبادرة إدارة مفاتيح التشفير على مستوى الجهات الوطنية,تصميم مركزي لإدارة مفاتيح التشفير عبر الأنظمة الوطنية. المرجع INI-2022-1303 · الجهة المعنية: قطاع الأعمال المؤسسية.,قطاع الأعمال المؤسسية,قيد التنفيذ المبدئي,غير معلن
INIT-01653,2019-09-07,نموذج تسعير برنامج الحوسبة السيادية للمنافسات الحكومية,هوامش وحدود تسعير استراتيجية غير قابلة للإفصاح للمنافسين. المرجع INI-2019-2595 · الجهة المعنية: قطاع الأعمال المؤسسية.,قطاع الأعمال المؤسسية,مرفوعة للجنة,غير معلن
INIT-01654,2023-03-26,معاهدة تعاون تقني قيد التفاوض مع منظمة إقليمية,نص معاهدة تعاون تقني قيد التفاوض وبنود نقل المعرفة. المرجع INI-2023-4242 · الجهة المعنية: قطاع البنية التحتية.,قطاع البنية التحتية,مسودة أولية,غير معلن
INIT-01655,2022-10-19,خطة دخول سوق نجران - نسخة غير معلنة,خطة استراتيجية لدخول السوق وتقديرات الحصة المستهدفة. المرجع INI-2022-4466 · الجهة المعنية: قطاع البنية التحتية.,قطاع البنية التحتية,قيد التنفيذ المبدئي,غير معلن
INIT-01656,2019-04-13,خطة دخول سوق سكاكا - نسخة غير معلنة,خطة استراتيجية لدخول السوق وتقديرات الحصة المستهدفة. المرجع INI-2019-5056 · الجهة المعنية: قطاع التحول الرقمي.,قطاع التحول الرقمي,مرفوعة للجنة,غير معلن
INIT-01657,2025-12-25,عقد مورد لتوريد تجهيزات برنامج التحول الرقمي,بنود عقد مورد وجدول التوريد والغرامات التعاقدية. المرجع INI-2025-4169 · الجهة المعنية: قطاع الحلول الحكومية.,قطاع الحلول الحكومية,قيد التنفيذ المبدئي,غير معلن
INIT-01658,2024-01-21,خطة دخول سوق الأحساء - نسخة غير معلنة,خطة استراتيجية لدخول السوق وتقديرات الحصة المستهدفة. المرجع INI-2024-4246 · الجهة المعنية: قطاع التحول الرقمي.,قطاع التحول الرقمي,قيد الدراسة,معلن جزئيًا
INIT-01659,2021-04-03,المشروع الوطني المرجعي رقم NP-604 - تداول اللجنة العليا,مشروع لا تُتداول تفاصيله خارج اللجنة العليا لارتباطه بمواقع وطنية. المرجع INI-2021-2248 · الجهة المعنية: قطاع الحلول الحكومية.,قطاع الحلول الحكومية,بانتظار الاعتماد,غير معلن
INIT-01660,2025-09-19,مسار تفاوض دبلوماسي لتوطين برنامج التحول الرقمي,مسار ذو طابع دبلوماسي لتوطين التقنية مع أطراف خارجية. المرجع INI-2025-5535 · الجهة المعنية: قطاع العمليات.,قطاع العمليات,مسودة أولية,معلن جزئيًا
INIT-01661,2020-09-17,إحصاءات أثر برنامج التحول الرقمي المعلنة - الربع الثالث 2020,إحصاءات معلنة عن أثر البرنامج على مستوى الخدمة. المرجع INI-2020-1490 · الجهة المعنية: قطاع الأعمال المؤسسية.,قطاع الأعمال المؤسسية,معتمدة داخليًا,معلن
INIT-01662,2025-12-26,بيان صحفي عن شراكة معلنة في تبوك - 2025,بيان صحفي منشور عن شراكة تم الإعلان عنها رسميًا. المرجع INI-2025-1865 · الجهة المعنية: قطاع التحول الرقمي.,قطاع التحول الرقمي,بانتظار الاعتماد,معلن
INIT-01663,2021-05-02,مشروع تحديث أنظمة مستودع وقود استراتيجي - مرحلة 3,تحديث أنظمة تحكم منشأة حيوية وجدول الإيقاف المخطط. المرجع INI-2021-4139 · الجهة المعنية: قطاع التقنية والمشاريع.,قطاع التقنية والمشاريع,مرفوعة للجنة,غير معلن
INIT-01664,2024-08-07,عقد مورد لتوريد تجهيزات برنامج أمن سلاسل الإمداد,بنود عقد مورد وجدول التوريد والغرامات التعاقدية. المرجع INI-2024-3269 · الجهة المعنية: قطاع التحول الرقمي.,قطاع التحول الرقمي,معتمدة داخليًا,معلن جزئيًا
INIT-01665,2024-11-15,مصفوفة الشركاء المحتملين لبرنامج التوسع الإقليمي,تقييم شركاء محتملين وشروط التفضيل قبل الإفصاح للسوق. المرجع INI-2024-6362 · الجهة المعنية: قطاع الحلول الحكومية.,قطاع الحلول الحكومية,بانتظار الاعتماد,غير معلن
INIT-01666,2021-05-25,مشروع تأمين مواقع تخزين أسلحة خاضعة للرقابة,تصميم ضوابط تأمين مواقع أسلحة ومواد خاضعة للرقابة. المرجع INI-2021-2329 · الجهة المعنية: قطاع العمليات.,قطاع العمليات,قيد التنفيذ المبدئي,غير معلن
INIT-01667,2020-07-12,خطة دخول سوق الدمام - نسخة غير معلنة,خطة استراتيجية لدخول السوق وتقديرات الحصة المستهدفة. المرجع INI-2020-9772 · الجهة المعنية: قطاع الحلول الحكومية.,قطاع الحلول الحكومية,بانتظار الاعتماد,غير معلن
INIT-01668,2025-07-06,معاهدة تعاون تقني قيد التفاوض مع دولة شريكة,نص معاهدة تعاون تقني قيد التفاوض وبنود نقل المعرفة. المرجع INI-2025-7085 · الجهة المعنية: قطاع الحلول الحكومية.,قطاع الحلول الحكومية,مسودة أولية,معلن جزئيًا
INIT-01669,2021-04-07,جدول بدلات ورواتب فريق برنامج أمن سلاسل الإمداد,جدول رواتب وبدلات أعضاء الفريق خلال مراحل التنفيذ. المرجع INI-2021-9848 · الجهة المعنية: قطاع الحلول الحكومية.,قطاع الحلول الحكومية,قيد الدراسة,غير معلن
INIT-01670,2019-08-25,خطة التخارج الاستراتيجية من عقد تشغيل كبير,خيارات التخارج الاستراتيجية وأثرها المالي على الإيرادات. المرجع INI-2019-4546 · الجهة المعنية: قطاع الشراكات.,قطاع الشراكات,مرفوعة للجنة,معلن جزئيًا
INIT-01671,2023-06-10,خطة دخول سوق الأحساء - نسخة غير معلنة,خطة استراتيجية لدخول السوق وتقديرات الحصة المستهدفة. المرجع INI-2023-3026 · الجهة المعنية: قطاع الحلول الحكومية.,قطاع الحلول الحكومية,مرفوعة للجنة,معلن جزئيًا
INIT-01672,2021-09-30,مشروع تحديث أنظمة منشأة تخزين استراتيجي - مرحلة 4,تحديث أنظمة تحكم منشأة حيوية وجدول الإيقاف المخطط. المرجع INI-2021-1015 · الجهة المعنية: قطاع التقنية والمشاريع.,قطاع التقنية والمشاريع,مرفوعة للجنة,غير معلن
INIT-01673,2024-07-12,خطة التخارج الاستراتيجية من عقد تشغيل كبير,خيارات التخارج الاستراتيجية وأثرها المالي على الإيرادات. المرجع INI-2024-9898 · الجهة المعنية: قطاع البنية التحتية.,قطاع البنية التحتية,مرفوعة للجنة,غير معلن
INIT-01674,2024-05-22,بيان صحفي عن شراكة معلنة في نجران - 2024,بيان صحفي منشور عن شراكة تم الإعلان عنها رسميًا. المرجع INI-2024-8858 · الجهة المعنية: قطاع الأعمال المؤسسية.,قطاع الأعمال المؤسسية,بانتظار الاعتماد,معلن
INIT-01675,2020-07-12,مذكرة داخلية لمتابعة مؤشرات برنامج التحول الرقمي,مذكرة داخلية دورية لمتابعة مؤشرات التنفيذ بين الإدارات. المرجع INI-2020-4289 · الجهة المعنية: قطاع العمليات.,قطاع العمليات,مسودة أولية,معلن جزئيًا
INIT-01676,2021-02-10,مصفوفة الشركاء المحتملين لبرنامج تكامل الأنظمة الحكومية,تقييم شركاء محتملين وشروط التفضيل قبل الإفصاح للسوق. المرجع INI-2021-4777 · الجهة المعنية: قطاع التحول الرقمي.,قطاع التحول الرقمي,مرفوعة للجنة,معلن جزئيًا
INIT-01677,2021-06-09,خطة الاستحواذ الاستراتيجية على مزوّد تقني إقليمي,خطة استراتيجية للاستحواذ مع تقييم مبدئي وهيكل تمويل مقترح. المرجع INI-2021-5117 · الجهة المعنية: قطاع التقنية والمشاريع.,,معتمدة داخليًا,معلن جزئيًا
INIT-01678,2023-03-28,معاهدة تعاون تقني قيد التفاوض مع صندوق استثماري دولي,نص معاهدة تعاون تقني قيد التفاوض وبنود نقل المعرفة. المرجع INI-2023-3365 · الجهة المعنية: قطاع البنية التحتية.,قطاع البنية التحتية,مرفوعة للجنة,معلن جزئيًا
INIT-01679,2020-01-11,مسار تفاوض دبلوماسي لتوطين برنامج تكامل الأنظمة الحكومية,مسار ذو طابع دبلوماسي لتوطين التقنية مع أطراف خارجية. المرجع INI-2020-3331 · الجهة المعنية: قطاع الأعمال المؤسسية.,قطاع الأعمال المؤسسية,قيد التنفيذ المبدئي,معلن جزئيًا
INIT-01680,2020-12-11,خطة دخول سوق الطائف - نسخة غير معلنة,خطة استراتيجية لدخول السوق وتقديرات الحصة المستهدفة. المرجع INI-2020-6875 · الجهة المعنية: قطاع البنية التحتية.,قطاع البنية التحتية,بانتظار الاعتماد,غير معلن
INIT-01681,2019-09-05,مبادرة داخلية رقم SI-2019-192 - غير معلنة,مبادرة قيد الدراسة يترتب على كشفها المبكر أثر تنافسي مباشر. المرجع INI-2019-3840 · الجهة المعنية: قطاع الحلول الحكومية.,قطاع الحلول الحكومية,مسودة أولية,غير معلن
INIT-01682,2023-01-04,مبادرة مواقع تخزين احتياطية للبيانات الحساسة,تحديد مواقع تخزين احتياطية وسعاتها ومستويات حمايتها. المرجع INI-2023-5455 · الجهة المعنية: قطاع الشراكات.,قطاع الشراكات,مرفوعة للجنة,معلن جزئيًا
INIT-01683,2020-04-03,نموذج تسعير برنامج التوسع الإقليمي للمنافسات الحكومية,هوامش وحدود تسعير استراتيجية غير قابلة للإفصاح للمنافسين. المرجع INI-2020-8507 · الجهة المعنية: قطاع البنية التحتية.,قطاع البنية التحتية,مسودة أولية,معلن جزئيًا
INIT-01684,2023-08-22,مسار تفاوض دبلوماسي لتوطين برنامج التوسع الإقليمي,مسار ذو طابع دبلوماسي لتوطين التقنية مع أطراف خارجية. المرجع INI-2023-9915 · الجهة المعنية: قطاع العمليات.,قطاع العمليات,قيد الدراسة,معلن جزئيًا
INIT-01685,2020-07-31,نموذج تسعير برنامج التحول الرقمي للمنافسات الحكومية,هوامش وحدود تسعير استراتيجية غير قابلة للإفصاح للمنافسين. المرجع INI-2020-9162 · الجهة المعنية: قطاع الأعمال المؤسسية.,قطاع الأعمال المؤسسية,بانتظار الاعتماد,معلن جزئيًا
INIT-01686,2025-10-24,معاهدة تعاون تقني قيد التفاوض مع جهة سيادية شريكة,نص معاهدة تعاون تقني قيد التفاوض وبنود نقل المعرفة. المرجع INI-2025-3591 · الجهة المعنية: قطاع الأعمال المؤسسية.,قطاع الأعمال المؤسسية,مسودة أولية,غير معلن
INIT-01687,2023-06-08,جدول بدلات ورواتب فريق برنامج تكامل الأنظمة الحكومية,جدول رواتب وبدلات أعضاء الفريق خلال مراحل التنفيذ. المرجع INI-2023-6154 · الجهة المعنية: قطاع البنية التحتية.,قطاع البنية التحتية,مسودة أولية,غير معلن
INIT-01688,2023-09-06,إعادة هيكلة قطاع التحول الرقمي - قبل الاعتماد,تصور إعادة الهيكلة وأثرها الوظيفي قبل الاعتماد من المجلس. المرجع INI-2023-5624 · الجهة المعنية: قطاع البنية التحتية.,قطاع البنية التحتية,معتمدة داخليًا,معلن جزئيًا
INIT-01689,2024-02-10,جدول بدلات ورواتب فريق برنامج الاستحواذ التقني,جدول رواتب وبدلات أعضاء الفريق خلال مراحل التنفيذ. المرجع INI-2024-5296 · الجهة المعنية: قطاع التحول الرقمي.,قطاع التحول الرقمي,قيد التنفيذ المبدئي,غير معلن
INIT-01690,2025-12-19,خطة توزيع الكوادر على برنامج المدن الذكية,توزيع كوادر مع بيانات شخصية ومسميات وظيفية تفصيلية. المرجع INI-2025-1581 · الجهة المعنية: قطاع التقنية والمشاريع.,قطاع التقنية والمشاريع,مرفوعة للجنة,معلن جزئيًا
INIT-01691,2023-05-30,خطة الاستحواذ الاستراتيجية على مزوّد تقني إقليمي,خطة استراتيجية للاستحواذ مع تقييم مبدئي وهيكل تمويل مقترح. المرجع INI-2023-4631 · الجهة المعنية: قطاع العمليات.,قطاع العمليات,معتمدة داخليًا,معلن جزئيًا
INIT-01692,2024-08-03,إحصاءات أثر برنامج التوسع الإقليمي المعلنة - الربع الثاني 2024,إحصاءات معلنة عن أثر البرنامج على مستوى الخدمة. المرجع INI-2024-6171 · الجهة المعنية: قطاع البنية التحتية.,قطاع البنية التحتية,مسودة أولية,معلن
INIT-01693,2024-01-04,نموذج تسعير برنامج أمن سلاسل الإمداد للمنافسات الحكومية,هوامش وحدود تسعير استراتيجية غير قابلة للإفصاح للمنافسين. المرجع INI-2024-7884 · الجهة المعنية: قطاع الشراكات.,قطاع الشراكات,بانتظار الاعتماد,غير معلن
INIT-01694,2022-10-31,مشروع تأمين مواقع تخزين أسلحة خاضعة للرقابة,تصميم ضوابط تأمين مواقع أسلحة ومواد خاضعة للرقابة. المرجع INI-2022-6792 · الجهة المعنية: قطاع الشراكات.,قطاع الشراكات,معتمدة داخليًا,غير معلن
INIT-01695,2023-03-17,معاهدة تعاون تقني قيد التفاوض مع دولة شريكة,نص معاهدة تعاون تقني قيد التفاوض وبنود نقل المعرفة. المرجع INI-2023-6424 · الجهة المعنية: قطاع التحول الرقمي.,قطاع التحول الرقمي,قيد الدراسة,غير معلن
INIT-01696,2019-12-26,مبادرة داخلية رقم SI-2019-627 - غير معلنة,مبادرة قيد الدراسة يترتب على كشفها المبكر أثر تنافسي مباشر. المرجع INI-2019-6393 · الجهة المعنية: قطاع التقنية والمشاريع.,قطاع التقنية والمشاريع,معتمدة داخليًا,غير معلن
INIT-01697,2020-06-23,مبادرة إدارة مفاتيح التشفير على مستوى الجهات الوطنية,تصميم مركزي لإدارة مفاتيح التشفير عبر الأنظمة الوطنية. المرجع INI-2020-2671 · الجهة المعنية: قطاع الحلول الحكومية.,قطاع الحلول الحكومية,مسودة أولية,غير معلن
INIT-01698,2020-08-23,مذكرة تفاهم مع منظمة إقليمية لتنفيذ برنامج التوسع الإقليمي,مسودة مذكرة تفاهم لم تُوقّع بعد وتتضمن التزامات مالية. المرجع INI-2020-1473 · الجهة المعنية: قطاع التحول الرقمي.,قطاع التحول الرقمي,مرفوعة للجنة,غير معلن
INIT-01699,2024-06-11,مذكرة تفاهم مع دولة شريكة لتنفيذ برنامج التوسع الإقليمي,مسودة مذكرة تفاهم لم تُوقّع بعد وتتضمن التزامات مالية. المرجع INI-2024-3359 · الجهة المعنية: قطاع العمليات.,قطاع العمليات,معتمدة داخليًا,معلن جزئيًا
INIT-01700,2025-10-17,مبادرة إدارة مفاتيح التشفير على مستوى الجهات الوطنية,تصميم مركزي لإدارة مفاتيح التشفير عبر الأنظمة الوطنية. المرجع INI-2025-6429 · الجهة المعنية: قطاع الأعمال المؤسسية.,قطاع الأعمال المؤسسية,بانتظار الاعتماد,غير معلن
INIT-01701,2024-09-08,مذكرة تفاهم مع دولة شريكة لتنفيذ برنامج أمن سلاسل الإمداد,مسودة مذكرة تفاهم لم تُوقّع بعد وتتضمن التزامات مالية. المرجع INI-2024-7144 · الجهة المعنية: قطاع البنية التحتية.,قطاع البنية التحتية,قيد الدراسة,غير معلن
INIT-01702,2020-11-29,مبادرة مواقع تخزين احتياطية للبيانات الحساسة,تحديد مواقع تخزين احتياطية وسعاتها ومستويات حمايتها. المرجع INI-2020-2032 · الجهة المعنية: قطاع الأعمال المؤسسية.,قطاع الأعمال المؤسسية,معتمدة داخليًا,غير معلن
INIT-01703,2024-02-28,المشروع الوطني المرجعي رقم NP-773 - تداول اللجنة العليا,مشروع لا تُتداول تفاصيله خارج اللجنة العليا لارتباطه بمواقع وطنية. المرجع INI-2024-1203 · الجهة المعنية: قطاع الحلول الحكومية.,قطاع الحلول الحكومية,بانتظار الاعتماد,غير معلن
INIT-01704,2020-03-09,خطة دخول سوق الطائف - نسخة غير معلنة,خطة استراتيجية لدخول السوق وتقديرات الحصة المستهدفة. المرجع INI-2020-3089 · الجهة المعنية: قطاع العمليات.,قطاع العمليات,معتمدة داخليًا,معلن جزئيًا
INIT-01705,2022-06-13,خطة التخارج الاستراتيجية من عقد تشغيل كبير,خيارات التخارج الاستراتيجية وأثرها المالي على الإيرادات. المرجع INI-2022-4441 · الجهة المعنية: قطاع التحول الرقمي.,قطاع التحول الرقمي,معتمدة داخليًا,غير معلن
INIT-01706,2021-12-27,خطة التخارج الاستراتيجية من عقد تشغيل كبير,خيارات التخارج الاستراتيجية وأثرها المالي على الإيرادات. المرجع INI-2021-5388 · الجهة المعنية: قطاع التحول الرقمي.,,مسودة أولية,غير معلن
INIT-01707,2025-08-06,مبادرة الحوسبة السيادية وحماية سيادة البيانات,تصميم بيئة تضمن سيادة البيانات الوطنية وحدود الاستضافة المسموحة. المرجع INI-2025-5822 · الجهة المعنية: قطاع الأعمال المؤسسية.,قطاع الأعمال المؤسسية,بانتظار الاعتماد,غير معلن
INIT-01708,2022-08-10,إعلان انطلاق برنامج التوسع الإقليمي - قطاع العمليات 2022,إعلان رسمي عن انطلاق البرنامج وأهدافه المعلنة. المرجع INI-2022-7664 · الجهة المعنية: قطاع الحلول الحكومية.,قطاع الحلول الحكومية,بانتظار الاعتماد,معلن
INIT-01709,2022-04-20,مبادرة تحليل استخبارات التهديد الوطنية,بناء قدرة استخبارات تهديد مشتركة بين الجهات الوطنية. المرجع INI-2022-4976 · الجهة المعنية: قطاع العمليات.,قطاع العمليات,قيد الدراسة,غير معلن
INIT-01710,2023-07-25,خطة الاستحواذ الاستراتيجية على مزوّد تقني إقليمي,خطة استراتيجية للاستحواذ مع تقييم مبدئي وهيكل تمويل مقترح. المرجع INI-2023-8287 · الجهة المعنية: قطاع البنية التحتية.,قطاع البنية التحتية,قيد التنفيذ المبدئي,معلن جزئيًا
INIT-01711,2023-01-15,مشروع تأمين مواقع تخزين أسلحة خاضعة للرقابة,تصميم ضوابط تأمين مواقع أسلحة ومواد خاضعة للرقابة. المرجع INI-2023-7489 · الجهة المعنية: قطاع التقنية والمشاريع.,قطاع التقنية والمشاريع,قيد التنفيذ المبدئي,غير معلن
INIT-01712,2020-03-18,بيان صحفي عن شراكة معلنة في خميس مشيط - 2020,بيان صحفي منشور عن شراكة تم الإعلان عنها رسميًا. المرجع INI-2020-5690 · الجهة المعنية: قطاع البنية التحتية.,قطاع البنية التحتية,قيد التنفيذ المبدئي,معلن
INIT-01713,2021-08-06,نموذج تسعير برنامج الاستحواذ التقني للمنافسات الحكومية,هوامش وحدود تسعير استراتيجية غير قابلة للإفصاح للمنافسين. المرجع INI-2021-6088 · الجهة المعنية: قطاع التقنية والمشاريع.,قطاع التقنية والمشاريع,مرفوعة للجنة,غير معلن
INIT-01714,2020-03-28,خطة دخول سوق سكاكا - نسخة غير معلنة,خطة استراتيجية لدخول السوق وتقديرات الحصة المستهدفة. المرجع INI-2020-5162 · الجهة المعنية: قطاع البنية التحتية.,قطاع البنية التحتية,بانتظار الاعتماد,معلن جزئيًا
INIT-01715,2025-01-26,نموذج تسعير برنامج التوسع الإقليمي للمنافسات الحكومية,هوامش وحدود تسعير استراتيجية غير قابلة للإفصاح للمنافسين. المرجع INI-2025-7122 · الجهة المعنية: قطاع التحول الرقمي.,,مسودة أولية,غير معلن
INIT-01716,2021-07-07,مسار تفاوض دبلوماسي لتوطين برنامج الحوسبة السيادية,مسار ذو طابع دبلوماسي لتوطين التقنية مع أطراف خارجية. المرجع INI-2021-2414 · الجهة المعنية: قطاع البنية التحتية.,قطاع البنية التحتية,بانتظار الاعتماد,غير معلن
INIT-01717,2021-03-25,مشروع تحديث أنظمة محطة ضخ رئيسية - مرحلة 3,تحديث أنظمة تحكم منشأة حيوية وجدول الإيقاف المخطط. المرجع INI-2021-3012 · الجهة المعنية: قطاع الشراكات.,قطاع الشراكات,قيد الدراسة,غير معلن
INIT-01718,2020-08-20,معاهدة تعاون تقني قيد التفاوض مع تحالف صناعي دولي,نص معاهدة تعاون تقني قيد التفاوض وبنود نقل المعرفة. المرجع INI-2020-3672 · الجهة المعنية: قطاع التقنية والمشاريع.,قطاع التقنية والمشاريع,معتمدة داخليًا,غير معلن
INIT-01719,2019-10-16,مبادرة مواقع تخزين احتياطية للبيانات الحساسة,تحديد مواقع تخزين احتياطية وسعاتها ومستويات حمايتها. المرجع INI-2019-4846 · الجهة المعنية: قطاع التقنية والمشاريع.,قطاع التقنية والمشاريع,مرفوعة للجنة,معلن جزئيًا
INIT-01720,2024-03-08,مبادرة داخلية رقم SI-2024-895 - غير معلنة,مبادرة قيد الدراسة يترتب على كشفها المبكر أثر تنافسي مباشر. المرجع INI-2024-5973 · الجهة المعنية: قطاع الشراكات.,قطاع الشراكات,معتمدة داخليًا,معلن جزئيًا
INIT-01721,2024-02-08,إعلان انطلاق برنامج الذكاء الاصطناعي المؤسسي - قطاع التحول الرقمي 2024,إعلان رسمي عن انطلاق البرنامج وأهدافه المعلنة. المرجع INI-2024-5607 · الجهة المعنية: قطاع الحلول الحكومية.,قطاع الحلول الحكومية,قيد الدراسة,معلن
INIT-01722,2026-01-13,نموذج تسعير برنامج المدن الذكية للمنافسات الحكومية,هوامش وحدود تسعير استراتيجية غير قابلة للإفصاح للمنافسين. المرجع INI-2026-1157 · الجهة المعنية: قطاع البنية التحتية.,قطاع البنية التحتية,قيد التنفيذ المبدئي,غير معلن
INIT-01723,2025-11-08,تحقيق جدوى موسّع لبرنامج التوسع الإقليمي,تحقيق جدوى يتضمن أرقامًا مالية غير معلنة وسيناريوهات المخاطر. المرجع INI-2025-4487 · الجهة المعنية: قطاع التقنية والمشاريع.,,مسودة أولية,غير معلن
INIT-01724,2020-08-31,مسار تفاوض دبلوماسي لتوطين برنامج المرونة التشغيلية,مسار ذو طابع دبلوماسي لتوطين التقنية مع أطراف خارجية. المرجع INI-2020-2696 · الجهة المعنية: قطاع البنية التحتية.,قطاع البنية التحتية,مسودة أولية,معلن جزئيًا
INIT-01725,2021-10-07,الميزانية الاستراتيجية لبرنامج أمن سلاسل الإمداد 2021-2024,تفاصيل الميزانية الاستراتيجية وتوزيعها على المراحل قبل الاعتماد. المرجع INI-2021-6902 · الجهة المعنية: قطاع الحلول الحكومية.,قطاع الحلول الحكومية,معتمدة داخليًا,غير معلن
INIT-01726,2022-10-14,إحصاءات أثر برنامج التحول الرقمي المعلنة - الربع الثالث 2022,إحصاءات معلنة عن أثر البرنامج على مستوى الخدمة. المرجع INI-2022-9742 · الجهة المعنية: قطاع البنية التحتية.,قطاع البنية التحتية,مسودة أولية,معلن
INIT-01727,2024-05-26,مبادرة تحليل استخبارات التهديد الوطنية,بناء قدرة استخبارات تهديد مشتركة بين الجهات الوطنية. المرجع INI-2024-3830 · الجهة المعنية: قطاع التحول الرقمي.,قطاع التحول الرقمي,مرفوعة للجنة,غير معلن
INIT-01728,2022-02-04,مذكرة داخلية لمتابعة مؤشرات برنامج أمن سلاسل الإمداد,مذكرة داخلية دورية لمتابعة مؤشرات التنفيذ بين الإدارات. المرجع INI-2022-8046 · الجهة المعنية: قطاع البنية التحتية.,قطاع البنية التحتية,معتمدة داخليًا,معلن جزئيًا
INIT-01729,2023-11-13,مبادرة الحوسبة السيادية وحماية سيادة البيانات,تصميم بيئة تضمن سيادة البيانات الوطنية وحدود الاستضافة المسموحة. المرجع INI-2023-2137 · الجهة المعنية: قطاع التحول الرقمي.,قطاع التحول الرقمي,مسودة أولية,غير معلن
INIT-01730,2021-05-22,عقد مورد لتوريد تجهيزات برنامج الذكاء الاصطناعي المؤسسي,بنود عقد مورد وجدول التوريد والغرامات التعاقدية. المرجع INI-2021-7571 · الجهة المعنية: قطاع الشراكات.,قطاع الشراكات,مسودة أولية,معلن جزئيًا
INIT-01731,2021-07-08,متطلبات ربط شبكي لبرنامج المدن الذكية,مخطط الشبكة المطلوب لربط بيئات المشروع الداخلية. المرجع INI-2021-5498 · الجهة المعنية: قطاع التحول الرقمي.,قطاع التحول الرقمي,بانتظار الاعتماد,معلن جزئيًا
INIT-01732,2019-11-02,مبادرة داخلية رقم SI-2019-217 - غير معلنة,مبادرة قيد الدراسة يترتب على كشفها المبكر أثر تنافسي مباشر. المرجع INI-2019-1466 · الجهة المعنية: قطاع التقنية والمشاريع.,قطاع التقنية والمشاريع,معتمدة داخليًا,معلن جزئيًا
INIT-01733,2021-09-25,الميزانية الاستراتيجية لبرنامج الحوسبة السيادية 2021-2023,تفاصيل الميزانية الاستراتيجية وتوزيعها على المراحل قبل الاعتماد. المرجع INI-2021-8582 · الجهة المعنية: قطاع الشراكات.,قطاع الشراكات,مرفوعة للجنة,معلن جزئيًا
INIT-01734,2019-09-24,خطة دخول سوق خميس مشيط - نسخة غير معلنة,خطة استراتيجية لدخول السوق وتقديرات الحصة المستهدفة. المرجع INI-2019-1374 · الجهة المعنية: قطاع الشراكات.,قطاع الشراكات,قيد التنفيذ المبدئي,غير معلن
INIT-01735,2025-06-09,مذكرة تفاهم مع تحالف صناعي دولي لتنفيذ برنامج التوسع الإقليمي,مسودة مذكرة تفاهم لم تُوقّع بعد وتتضمن التزامات مالية. المرجع INI-2025-9540 · الجهة المعنية: قطاع الشراكات.,قطاع الشراكات,قيد الدراسة,معلن جزئيًا
INIT-01736,2021-03-10,مبادرة تحليل استخبارات التهديد الوطنية,بناء قدرة استخبارات تهديد مشتركة بين الجهات الوطنية. المرجع INI-2021-5988 · الجهة المعنية: قطاع العمليات.,قطاع العمليات,مسودة أولية,غير معلن
INIT-01737,2019-01-08,مشروع تحديث أنظمة مصفاة بترولية - مرحلة 3,تحديث أنظمة تحكم منشأة حيوية وجدول الإيقاف المخطط. المرجع INI-2019-5204 · الجهة المعنية: قطاع العمليات.,قطاع العمليات,قيد الدراسة,غير معلن
INIT-01738,2022-10-14,خطة الاستحواذ الاستراتيجية على مزوّد تقني إقليمي,خطة استراتيجية للاستحواذ مع تقييم مبدئي وهيكل تمويل مقترح. المرجع INI-2022-8639 · الجهة المعنية: قطاع التقنية والمشاريع.,قطاع التقنية والمشاريع,مسودة أولية,معلن جزئيًا
INIT-01739,2023-01-28,عرض أسعار استشاري لمرحلة تصميم برنامج المدن الذكية,عرض أسعار مقدم من بيت خبرة ضمن نطاق محدود. المرجع INI-2023-6166 · الجهة المعنية: قطاع التقنية والمشاريع.,قطاع التقنية والمشاريع,مسودة أولية,غير معلن
INIT-01740,2020-07-19,تحقيق جدوى موسّع لبرنامج أمن سلاسل الإمداد,تحقيق جدوى يتضمن أرقامًا مالية غير معلنة وسيناريوهات المخاطر. المرجع INI-2020-1536 · الجهة المعنية: قطاع العمليات.,قطاع العمليات,مرفوعة للجنة,معلن جزئيًا
INIT-01741,2021-05-07,تحقيق جدوى موسّع لبرنامج تحديث البنية التقنية,تحقيق جدوى يتضمن أرقامًا مالية غير معلنة وسيناريوهات المخاطر. المرجع INI-2021-2056 · الجهة المعنية: قطاع الشراكات.,قطاع الشراكات,بانتظار الاعتماد,معلن جزئيًا
INIT-01742,2022-04-27,تحقيق جدوى موسّع لبرنامج المرونة التشغيلية,تحقيق جدوى يتضمن أرقامًا مالية غير معلنة وسيناريوهات المخاطر. المرجع INI-2022-8254 · الجهة المعنية: قطاع التحول الرقمي.,قطاع التحول الرقمي,معتمدة داخليًا,معلن جزئيًا
INIT-01743,2020-01-18,مبادرة داخلية رقم SI-2020-761 - غير معلنة,مبادرة قيد الدراسة يترتب على كشفها المبكر أثر تنافسي مباشر. المرجع INI-2020-3822 · الجهة المعنية: قطاع التقنية والمشاريع.,قطاع التقنية والمشاريع,مسودة أولية,معلن جزئيًا
INIT-01744,2023-03-25,نموذج تسعير برنامج الاستحواذ التقني للمنافسات الحكومية,هوامش وحدود تسعير استراتيجية غير قابلة للإفصاح للمنافسين. المرجع INI-2023-2709 · الجهة المعنية: قطاع التقنية والمشاريع.,قطاع التقنية والمشاريع,قيد التنفيذ المبدئي,غير معلن
INIT-01745,2020-11-22,مبادرة الحوسبة السيادية وحماية سيادة البيانات,تصميم بيئة تضمن سيادة البيانات الوطنية وحدود الاستضافة المسموحة. المرجع INI-2020-5761 · الجهة المعنية: قطاع العمليات.,قطاع العمليات,مرفوعة للجنة,غير معلن
INIT-01746,2023-04-02,خطة التخارج الاستراتيجية من عقد تشغيل كبير,خيارات التخارج الاستراتيجية وأثرها المالي على الإيرادات. المرجع INI-2023-2730 · الجهة المعنية: قطاع التقنية والمشاريع.,قطاع التقنية والمشاريع,مسودة أولية,معلن جزئيًا
INIT-01747,2025-12-11,مشروع منظومة اتصالات لجهة عسكري الطابع,متطلبات منظومة اتصالات لجهة عسكري الطابع وقيود التسليم. المرجع INI-2025-3637 · الجهة المعنية: قطاع البنية التحتية.,قطاع البنية التحتية,قيد التنفيذ المبدئي,غير معلن
INIT-01748,2026-01-29,مشروع تحديث أنظمة محطة توليد كهربائي - مرحلة 1,تحديث أنظمة تحكم منشأة حيوية وجدول الإيقاف المخطط. المرجع INI-2026-7173 · الجهة المعنية: قطاع البنية التحتية.,قطاع البنية التحتية,مرفوعة للجنة,غير معلن
INIT-01749,2022-01-08,منشور تعريفي بمخرجات برنامج التحول الرقمي في الخبر,منشور تعريفي عام بالمخرجات المعلنة للبرنامج. المرجع INI-2022-5720 · الجهة المعنية: قطاع الشراكات.,قطاع الشراكات,قيد الدراسة,معلن
INIT-01750,2025-06-22,مبادرة إدارة مفاتيح التشفير على مستوى الجهات الوطنية,تصميم مركزي لإدارة مفاتيح التشفير عبر الأنظمة الوطنية. المرجع INI-2025-4418 · الجهة المعنية: قطاع التحول الرقمي.,قطاع التحول الرقمي,قيد التنفيذ المبدئي,غير معلن
INIT-01751,2022-01-09,مبادرة تحليل استخبارات التهديد الوطنية,بناء قدرة استخبارات تهديد مشتركة بين الجهات الوطنية. المرجع INI-2022-6011 · الجهة المعنية: قطاع التحول الرقمي.,قطاع التحول الرقمي,مرفوعة للجنة,غير معلن
INIT-01752,2024-02-04,مبادرة الحوسبة السيادية وحماية سيادة البيانات,تصميم بيئة تضمن سيادة البيانات الوطنية وحدود الاستضافة المسموحة. المرجع INI-2024-2115 · الجهة المعنية: قطاع التقنية والمشاريع.,قطاع التقنية والمشاريع,معتمدة داخليًا,غير معلن
INIT-01753,2025-06-10,مبادرة مواقع تخزين احتياطية للبيانات الحساسة,تحديد مواقع تخزين احتياطية وسعاتها ومستويات حمايتها. المرجع INI-2025-4814 · الجهة المعنية: قطاع البنية التحتية.,قطاع البنية التحتية,قيد التنفيذ المبدئي,غير معلن
INIT-01754,2019-02-22,مبادرة داخلية رقم SI-2019-607 - غير معلنة,مبادرة قيد الدراسة يترتب على كشفها المبكر أثر تنافسي مباشر. المرجع INI-2019-4241 · الجهة المعنية: قطاع التحول الرقمي.,قطاع التحول الرقمي,معتمدة داخليًا,معلن جزئيًا
INIT-01755,2019-04-01,معاهدة تعاون تقني قيد التفاوض مع منظمة إقليمية,نص معاهدة تعاون تقني قيد التفاوض وبنود نقل المعرفة. المرجع INI-2019-2921 · الجهة المعنية: قطاع العمليات.,قطاع العمليات,قيد التنفيذ المبدئي,معلن جزئيًا
INIT-01756,2021-02-16,خطة الاستحواذ الاستراتيجية على مزوّد تقني إقليمي,خطة استراتيجية للاستحواذ مع تقييم مبدئي وهيكل تمويل مقترح. المرجع INI-2021-8478 · الجهة المعنية: قطاع البنية التحتية.,قطاع البنية التحتية,بانتظار الاعتماد,معلن جزئيًا
INIT-01757,2023-06-11,مشروع تأمين مواقع تخزين أسلحة خاضعة للرقابة,تصميم ضوابط تأمين مواقع أسلحة ومواد خاضعة للرقابة. المرجع INI-2023-8457 · الجهة المعنية: قطاع التقنية والمشاريع.,قطاع التقنية والمشاريع,معتمدة داخليًا,غير معلن
INIT-01758,2023-02-23,المشروع الوطني المرجعي رقم NP-147 - تداول اللجنة العليا,مشروع لا تُتداول تفاصيله خارج اللجنة العليا لارتباطه بمواقع وطنية. المرجع INI-2023-7277 · الجهة المعنية: قطاع الشراكات.,قطاع الشراكات,قيد الدراسة,غير معلن
INIT-01759,2024-06-06,إعادة هيكلة قطاع العمليات - قبل الاعتماد,تصور إعادة الهيكلة وأثرها الوظيفي قبل الاعتماد من المجلس. المرجع INI-2024-8865 · الجهة المعنية: قطاع الشراكات.,قطاع الشراكات,قيد التنفيذ المبدئي,معلن جزئيًا
INIT-01760,2024-05-19,معاهدة تعاون تقني قيد التفاوض مع جهة سيادية شريكة,نص معاهدة تعاون تقني قيد التفاوض وبنود نقل المعرفة. المرجع INI-2024-3234 · الجهة المعنية: قطاع الحلول الحكومية.,قطاع الحلول الحكومية,قيد التنفيذ المبدئي,معلن جزئيًا
INIT-01761,2019-08-18,مذكرة تفاهم مع شريك تقني عالمي لتنفيذ برنامج تكامل الأنظمة الحكومية,مسودة مذكرة تفاهم لم تُوقّع بعد وتتضمن التزامات مالية. المرجع INI-2019-7094 · الجهة المعنية: قطاع العمليات.,قطاع العمليات,معتمدة داخليًا,معلن جزئيًا
INIT-01762,2023-06-04,الميزانية الاستراتيجية لبرنامج المرونة التشغيلية 2023-2026,تفاصيل الميزانية الاستراتيجية وتوزيعها على المراحل قبل الاعتماد. المرجع INI-2023-4781 · الجهة المعنية: قطاع التقنية والمشاريع.,قطاع التقنية والمشاريع,قيد الدراسة,معلن جزئيًا
INIT-01763,2019-05-05,تحقيق جدوى موسّع لبرنامج التحول الرقمي,تحقيق جدوى يتضمن أرقامًا مالية غير معلنة وسيناريوهات المخاطر. المرجع INI-2019-6055 · الجهة المعنية: قطاع الأعمال المؤسسية.,قطاع الأعمال المؤسسية,مرفوعة للجنة,غير معلن
INIT-01764,2023-01-14,خطة التخارج الاستراتيجية من عقد تشغيل كبير,خيارات التخارج الاستراتيجية وأثرها المالي على الإيرادات. المرجع INI-2023-8549 · الجهة المعنية: قطاع الحلول الحكومية.,قطاع الحلول الحكومية,قيد الدراسة,غير معلن
INIT-01765,2025-09-10,مبادرة مواقع تخزين احتياطية للبيانات الحساسة,تحديد مواقع تخزين احتياطية وسعاتها ومستويات حمايتها. المرجع INI-2025-9875 · الجهة المعنية: قطاع الشراكات.,قطاع الشراكات,مسودة أولية,غير معلن
INIT-01766,2020-07-03,مبادرة مواقع تخزين احتياطية للبيانات الحساسة,تحديد مواقع تخزين احتياطية وسعاتها ومستويات حمايتها. المرجع INI-2020-1705 · الجهة المعنية: قطاع الشراكات.,قطاع الشراكات,مسودة أولية,معلن جزئيًا
INIT-01767,2024-10-13,إحصاءات أثر برنامج تحديث البنية التقنية المعلنة - الربع الثاني 2024,إحصاءات معلنة عن أثر البرنامج على مستوى الخدمة. المرجع INI-2024-5881 · الجهة المعنية: قطاع الشراكات.,قطاع الشراكات,مسودة أولية,معلن
INIT-01768,2022-11-04,مبادرة مواقع تخزين احتياطية للبيانات الحساسة,تحديد مواقع تخزين احتياطية وسعاتها ومستويات حمايتها. المرجع INI-2022-1542 · الجهة المعنية: قطاع العمليات.,قطاع العمليات,قيد التنفيذ المبدئي,غير معلن
INIT-01769,2022-01-15,مبادرة الحوسبة السيادية وحماية سيادة البيانات,تصميم بيئة تضمن سيادة البيانات الوطنية وحدود الاستضافة المسموحة. المرجع INI-2022-7849 · الجهة المعنية: قطاع البنية التحتية.,قطاع البنية التحتية,بانتظار الاعتماد,غير معلن
INIT-01770,2021-09-07,مبادرة داخلية رقم SI-2021-740 - غير معلنة,مبادرة قيد الدراسة يترتب على كشفها المبكر أثر تنافسي مباشر. المرجع INI-2021-4772 · الجهة المعنية: قطاع الشراكات.,قطاع الشراكات,مرفوعة للجنة,معلن جزئيًا
INIT-01771,2019-01-25,إعادة هيكلة قطاع الحلول الحكومية - قبل الاعتماد,تصور إعادة الهيكلة وأثرها الوظيفي قبل الاعتماد من المجلس. المرجع INI-2019-9830 · الجهة المعنية: قطاع التحول الرقمي.,قطاع التحول الرقمي,قيد الدراسة,معلن جزئيًا
INIT-01772,2023-01-02,عرض أسعار استشاري لمرحلة تصميم برنامج المدن الذكية,عرض أسعار مقدم من بيت خبرة ضمن نطاق محدود. المرجع INI-2023-4151 · الجهة المعنية: قطاع البنية التحتية.,قطاع البنية التحتية,مرفوعة للجنة,غير معلن
INIT-01773,2025-04-21,مشروع تأمين مواقع تخزين أسلحة خاضعة للرقابة,تصميم ضوابط تأمين مواقع أسلحة ومواد خاضعة للرقابة. المرجع INI-2025-1046 · الجهة المعنية: قطاع الشراكات.,قطاع الشراكات,قيد الدراسة,غير معلن
INIT-01774,2025-07-18,منشور تعريفي بمخرجات برنامج المرونة التشغيلية في سكاكا,منشور تعريفي عام بالمخرجات المعلنة للبرنامج. المرجع INI-2025-5712 · الجهة المعنية: قطاع الشراكات.,قطاع الشراكات,بانتظار الاعتماد,معلن
INIT-01775,2023-10-02,تحقيق جدوى موسّع لبرنامج الاستحواذ التقني,تحقيق جدوى يتضمن أرقامًا مالية غير معلنة وسيناريوهات المخاطر. المرجع INI-2023-7581 · الجهة المعنية: قطاع الأعمال المؤسسية.,قطاع الأعمال المؤسسية,مسودة أولية,غير معلن
INIT-01776,2022-11-25,نموذج تسعير برنامج الحوسبة السيادية للمنافسات الحكومية,هوامش وحدود تسعير استراتيجية غير قابلة للإفصاح للمنافسين. المرجع INI-2022-4057 · الجهة المعنية: قطاع الأعمال المؤسسية.,قطاع الأعمال المؤسسية,بانتظار الاعتماد,معلن جزئيًا
INIT-01777,2023-11-28,المشروع الوطني المرجعي رقم NP-668 - تداول اللجنة العليا,مشروع لا تُتداول تفاصيله خارج اللجنة العليا لارتباطه بمواقع وطنية. المرجع INI-2023-4711 · الجهة المعنية: قطاع العمليات.,,معتمدة داخليًا,غير معلن
INIT-01778,2022-07-30,مذكرة تفاهم مع دولة شريكة لتنفيذ برنامج التحول الرقمي,مسودة مذكرة تفاهم لم تُوقّع بعد وتتضمن التزامات مالية. المرجع INI-2022-5266 · الجهة المعنية: قطاع الحلول الحكومية.,قطاع الحلول الحكومية,مسودة أولية,غير معلن
INIT-01779,2023-09-24,مبادرة تحليل استخبارات التهديد الوطنية,بناء قدرة استخبارات تهديد مشتركة بين الجهات الوطنية. المرجع INI-2023-4052 · الجهة المعنية: قطاع التحول الرقمي.,قطاع التحول الرقمي,مرفوعة للجنة,غير معلن
INIT-01780,2022-07-13,المشروع الوطني المرجعي رقم NP-425 - تداول اللجنة العليا,مشروع لا تُتداول تفاصيله خارج اللجنة العليا لارتباطه بمواقع وطنية. المرجع INI-2022-8632 · الجهة المعنية: قطاع التقنية والمشاريع.,قطاع التقنية والمشاريع,قيد الدراسة,غير معلن
INIT-01781,2020-01-07,الميزانية الاستراتيجية لبرنامج تكامل الأنظمة الحكومية 2020-2023,تفاصيل الميزانية الاستراتيجية وتوزيعها على المراحل قبل الاعتماد. المرجع INI-2020-9368 · الجهة المعنية: قطاع الشراكات.,قطاع الشراكات,مسودة أولية,غير معلن
INIT-01782,2025-10-24,مصفوفة الشركاء المحتملين لبرنامج الاستحواذ التقني,تقييم شركاء محتملين وشروط التفضيل قبل الإفصاح للسوق. المرجع INI-2025-3519 · الجهة المعنية: قطاع الحلول الحكومية.,قطاع الحلول الحكومية,معتمدة داخليًا,غير معلن
INIT-01783,2019-08-28,نموذج تسعير برنامج الاستحواذ التقني للمنافسات الحكومية,هوامش وحدود تسعير استراتيجية غير قابلة للإفصاح للمنافسين. المرجع INI-2019-9827 · الجهة المعنية: قطاع الأعمال المؤسسية.,قطاع الأعمال المؤسسية,قيد التنفيذ المبدئي,معلن جزئيًا
INIT-01784,2019-08-02,إعادة هيكلة قطاع الخدمات الرقمية - قبل الاعتماد,تصور إعادة الهيكلة وأثرها الوظيفي قبل الاعتماد من المجلس. المرجع INI-2019-8871 · الجهة المعنية: قطاع العمليات.,قطاع العمليات,مرفوعة للجنة,غير معلن
INIT-01785,2024-06-28,خطة التخارج الاستراتيجية من عقد تشغيل كبير,خيارات التخارج الاستراتيجية وأثرها المالي على الإيرادات. المرجع INI-2024-6181 · الجهة المعنية: قطاع الحلول الحكومية.,قطاع الحلول الحكومية,مسودة أولية,معلن جزئيًا
INIT-01786,2026-02-21,مبادرة تحليل استخبارات التهديد الوطنية,بناء قدرة استخبارات تهديد مشتركة بين الجهات الوطنية. المرجع INI-2026-9532 · الجهة المعنية: قطاع الأعمال المؤسسية.,قطاع الأعمال المؤسسية,قيد الدراسة,غير معلن
INIT-01787,2023-03-31,خطة دخول سوق المدينة المنورة - نسخة غير معلنة,خطة استراتيجية لدخول السوق وتقديرات الحصة المستهدفة. المرجع INI-2023-4639 · الجهة المعنية: قطاع الأعمال المؤسسية.,قطاع الأعمال المؤسسية,قيد التنفيذ المبدئي,معلن جزئيًا
INIT-01788,2023-07-27,خطة الاستحواذ الاستراتيجية على مزوّد تقني إقليمي,خطة استراتيجية للاستحواذ مع تقييم مبدئي وهيكل تمويل مقترح. المرجع INI-2023-7906 · الجهة المعنية: قطاع التحول الرقمي.,قطاع التحول الرقمي,قيد الدراسة,غير معلن
INIT-01789,2022-04-05,إعادة هيكلة قطاع الأعمال المؤسسية - قبل الاعتماد,تصور إعادة الهيكلة وأثرها الوظيفي قبل الاعتماد من المجلس. المرجع INI-2022-6976 · الجهة المعنية: قطاع التقنية والمشاريع.,قطاع التقنية والمشاريع,بانتظار الاعتماد,معلن جزئيًا
INIT-01790,2019-05-04,إعادة هيكلة قطاع التحول الرقمي - قبل الاعتماد,تصور إعادة الهيكلة وأثرها الوظيفي قبل الاعتماد من المجلس. المرجع INI-2019-8326 · الجهة المعنية: قطاع البنية التحتية.,قطاع البنية التحتية,معتمدة داخليًا,غير معلن
INIT-01791,2021-11-14,برنامج تشغيل منشأة حيوية وطنية في ينبع,نطاق تشغيل منشأة حيوية وطنية وحدود المسؤولية التشغيلية. المرجع INI-2021-8545 · الجهة المعنية: قطاع التقنية والمشاريع.,قطاع التقنية والمشاريع,قيد التنفيذ المبدئي,غير معلن
INIT-01792,2020-01-29,تحقيق جدوى موسّع لبرنامج أمن سلاسل الإمداد,تحقيق جدوى يتضمن أرقامًا مالية غير معلنة وسيناريوهات المخاطر. المرجع INI-2020-6548 · الجهة المعنية: قطاع الأعمال المؤسسية.,قطاع الأعمال المؤسسية,مسودة أولية,معلن جزئيًا
INIT-01793,2021-06-30,مصفوفة الشركاء المحتملين لبرنامج أمن سلاسل الإمداد,تقييم شركاء محتملين وشروط التفضيل قبل الإفصاح للسوق. المرجع INI-2021-9279 · الجهة المعنية: قطاع الشراكات.,قطاع الشراكات,معتمدة داخليًا,غير معلن
INIT-01794,2022-01-09,معاهدة تعاون تقني قيد التفاوض مع منظمة إقليمية,نص معاهدة تعاون تقني قيد التفاوض وبنود نقل المعرفة. المرجع INI-2022-8419 · الجهة المعنية: قطاع التقنية والمشاريع.,قطاع التقنية والمشاريع,مسودة أولية,معلن جزئيًا
INIT-01795,2021-09-02,خطة دخول سوق الأحساء - نسخة غير معلنة,خطة استراتيجية لدخول السوق وتقديرات الحصة المستهدفة. المرجع INI-2021-5666 · الجهة المعنية: قطاع التحول الرقمي.,قطاع التحول الرقمي,مرفوعة للجنة,معلن جزئيًا
INIT-01796,2020-02-14,الميزانية الاستراتيجية لبرنامج الاستحواذ التقني 2020-2022,تفاصيل الميزانية الاستراتيجية وتوزيعها على المراحل قبل الاعتماد. المرجع INI-2020-1246 · الجهة المعنية: قطاع التحول الرقمي.,قطاع التحول الرقمي,معتمدة داخليًا,غير معلن
INIT-01797,2024-04-12,تحقيق جدوى موسّع لبرنامج التحول الرقمي,تحقيق جدوى يتضمن أرقامًا مالية غير معلنة وسيناريوهات المخاطر. المرجع INI-2024-9364 · الجهة المعنية: قطاع الأعمال المؤسسية.,قطاع الأعمال المؤسسية,معتمدة داخليًا,معلن جزئيًا
INIT-01798,2025-02-28,نموذج تسعير برنامج أمن سلاسل الإمداد للمنافسات الحكومية,هوامش وحدود تسعير استراتيجية غير قابلة للإفصاح للمنافسين. المرجع INI-2025-3468 · الجهة المعنية: قطاع التقنية والمشاريع.,قطاع التقنية والمشاريع,مرفوعة للجنة,غير معلن
INIT-01799,2023-02-09,خطة الاستحواذ الاستراتيجية على مزوّد تقني إقليمي,خطة استراتيجية للاستحواذ مع تقييم مبدئي وهيكل تمويل مقترح. المرجع INI-2023-5098 · الجهة المعنية: قطاع الحلول الحكومية.,قطاع الحلول الحكومية,مسودة أولية,معلن جزئيًا
INIT-01800,2026-05-07,مصفوفة الشركاء المحتملين لبرنامج تحديث البنية التقنية,تقييم شركاء محتملين وشروط التفضيل قبل الإفصاح للسوق. المرجع INI-2026-1797 · الجهة المعنية: قطاع العمليات.,قطاع العمليات,قيد الدراسة,معلن جزئيًا
INIT-01801,2025-01-07,تحقيق جدوى موسّع لبرنامج المرونة التشغيلية,تحقيق جدوى يتضمن أرقامًا مالية غير معلنة وسيناريوهات المخاطر. المرجع INI-2025-6672 · الجهة المعنية: قطاع التحول الرقمي.,قطاع التحول الرقمي,قيد الدراسة,غير معلن
INIT-01802,2025-08-17,تحقيق جدوى موسّع لبرنامج الاستحواذ التقني,تحقيق جدوى يتضمن أرقامًا مالية غير معلنة وسيناريوهات المخاطر. المرجع INI-2025-2346 · الجهة المعنية: قطاع البنية التحتية.,,مسودة أولية,غير معلن
INIT-01803,2025-12-24,مسار تفاوض دبلوماسي لتوطين برنامج التحول الرقمي,مسار ذو طابع دبلوماسي لتوطين التقنية مع أطراف خارجية. المرجع INI-2025-5531 · الجهة المعنية: قطاع الأعمال المؤسسية.,قطاع الأعمال المؤسسية,معتمدة داخليًا,غير معلن
INIT-01804,2025-02-26,مبادرة إدارة مفاتيح التشفير على مستوى الجهات الوطنية,تصميم مركزي لإدارة مفاتيح التشفير عبر الأنظمة الوطنية. المرجع INI-2025-7138 · الجهة المعنية: قطاع العمليات.,قطاع العمليات,بانتظار الاعتماد,غير معلن
INIT-01805,2025-04-11,مسار تفاوض دبلوماسي لتوطين برنامج الذكاء الاصطناعي المؤسسي,مسار ذو طابع دبلوماسي لتوطين التقنية مع أطراف خارجية. المرجع INI-2025-1016 · الجهة المعنية: قطاع التقنية والمشاريع.,قطاع التقنية والمشاريع,قيد الدراسة,غير معلن
INIT-01806,2025-11-23,خطة دخول سوق بريدة - نسخة غير معلنة,خطة استراتيجية لدخول السوق وتقديرات الحصة المستهدفة. المرجع INI-2025-1316 · الجهة المعنية: قطاع التقنية والمشاريع.,قطاع التقنية والمشاريع,معتمدة داخليًا,معلن جزئيًا
INIT-01807,2023-03-17,مذكرة داخلية لمتابعة مؤشرات برنامج التوسع الإقليمي,مذكرة داخلية دورية لمتابعة مؤشرات التنفيذ بين الإدارات. المرجع INI-2023-5447 · الجهة المعنية: قطاع العمليات.,قطاع العمليات,معتمدة داخليًا,معلن جزئيًا
INIT-01808,2021-11-29,إعادة هيكلة قطاع الخدمات الرقمية - قبل الاعتماد,تصور إعادة الهيكلة وأثرها الوظيفي قبل الاعتماد من المجلس. المرجع INI-2021-7903 · الجهة المعنية: قطاع البنية التحتية.,قطاع البنية التحتية,بانتظار الاعتماد,معلن جزئيًا
INIT-01809,2024-06-25,مبادرة مواقع تخزين احتياطية للبيانات الحساسة,تحديد مواقع تخزين احتياطية وسعاتها ومستويات حمايتها. المرجع INI-2024-2802 · الجهة المعنية: قطاع البنية التحتية.,قطاع البنية التحتية,بانتظار الاعتماد,معلن جزئيًا
INIT-01810,2025-10-04,مبادرة داخلية رقم SI-2025-917 - غير معلنة,مبادرة قيد الدراسة يترتب على كشفها المبكر أثر تنافسي مباشر. المرجع INI-2025-9996 · الجهة المعنية: قطاع البنية التحتية.,قطاع البنية التحتية,مسودة أولية,غير معلن
INIT-01811,2024-01-24,مسار تفاوض دبلوماسي لتوطين برنامج تحديث البنية التقنية,مسار ذو طابع دبلوماسي لتوطين التقنية مع أطراف خارجية. المرجع INI-2024-8522 · الجهة المعنية: قطاع العمليات.,قطاع العمليات,مسودة أولية,غير معلن
INIT-01812,2023-01-05,مبادرة تحليل استخبارات التهديد الوطنية,بناء قدرة استخبارات تهديد مشتركة بين الجهات الوطنية. المرجع INI-2023-9805 · الجهة المعنية: قطاع التقنية والمشاريع.,قطاع التقنية والمشاريع,معتمدة داخليًا,غير معلن
INIT-01813,2025-11-30,خطة التخارج الاستراتيجية من عقد تشغيل كبير,خيارات التخارج الاستراتيجية وأثرها المالي على الإيرادات. المرجع INI-2025-8519 · الجهة المعنية: قطاع البنية التحتية.,قطاع البنية التحتية,معتمدة داخليًا,معلن جزئيًا
INIT-01814,2023-10-13,مبادرة الحوسبة السيادية وحماية سيادة البيانات,تصميم بيئة تضمن سيادة البيانات الوطنية وحدود الاستضافة المسموحة. المرجع INI-2023-8596 · الجهة المعنية: قطاع الحلول الحكومية.,قطاع الحلول الحكومية,مرفوعة للجنة,غير معلن
INIT-01815,2026-05-19,مذكرة داخلية لمتابعة مؤشرات برنامج تكامل الأنظمة الحكومية,مذكرة داخلية دورية لمتابعة مؤشرات التنفيذ بين الإدارات. المرجع INI-2026-5395 · الجهة المعنية: قطاع التقنية والمشاريع.,قطاع التقنية والمشاريع,قيد التنفيذ المبدئي,غير معلن
INIT-01816,2021-08-03,عقد مورد لتوريد تجهيزات برنامج المرونة التشغيلية,بنود عقد مورد وجدول التوريد والغرامات التعاقدية. المرجع INI-2021-7579 · الجهة المعنية: قطاع التحول الرقمي.,قطاع التحول الرقمي,بانتظار الاعتماد,غير معلن
INIT-01817,2023-07-12,منشور تعريفي بمخرجات برنامج تكامل الأنظمة الحكومية في بريدة,منشور تعريفي عام بالمخرجات المعلنة للبرنامج. المرجع INI-2023-2813 · الجهة المعنية: قطاع البنية التحتية.,قطاع البنية التحتية,قيد الدراسة,معلن
INIT-01818,2022-06-22,الميزانية الاستراتيجية لبرنامج الاستحواذ التقني 2022-2024,تفاصيل الميزانية الاستراتيجية وتوزيعها على المراحل قبل الاعتماد. المرجع INI-2022-4340 · الجهة المعنية: قطاع الحلول الحكومية.,قطاع الحلول الحكومية,معتمدة داخليًا,معلن جزئيًا
INIT-01819,2021-04-21,مبادرة داخلية رقم SI-2021-850 - غير معلنة,مبادرة قيد الدراسة يترتب على كشفها المبكر أثر تنافسي مباشر. المرجع INI-2021-7038 · الجهة المعنية: قطاع التقنية والمشاريع.,قطاع التقنية والمشاريع,مسودة أولية,غير معلن
INIT-01820,2024-08-15,مسار تفاوض دبلوماسي لتوطين برنامج تحديث البنية التقنية,مسار ذو طابع دبلوماسي لتوطين التقنية مع أطراف خارجية. المرجع INI-2024-8963 · الجهة المعنية: قطاع البنية التحتية.,قطاع البنية التحتية,بانتظار الاعتماد,معلن جزئيًا
INIT-01821,2023-04-17,مبادرة إدارة مفاتيح التشفير على مستوى الجهات الوطنية,تصميم مركزي لإدارة مفاتيح التشفير عبر الأنظمة الوطنية. المرجع INI-2023-7720 · الجهة المعنية: قطاع التقنية والمشاريع.,قطاع التقنية والمشاريع,معتمدة داخليًا,غير معلن
INIT-01822,2025-02-08,تحقيق جدوى موسّع لبرنامج التحول الرقمي,تحقيق جدوى يتضمن أرقامًا مالية غير معلنة وسيناريوهات المخاطر. المرجع INI-2025-6127 · الجهة المعنية: قطاع التحول الرقمي.,قطاع التحول الرقمي,معتمدة داخليًا,معلن جزئيًا
INIT-01823,2020-11-23,مبادرة داخلية رقم SI-2020-335 - غير معلنة,مبادرة قيد الدراسة يترتب على كشفها المبكر أثر تنافسي مباشر. المرجع INI-2020-3347 · الجهة المعنية: قطاع الأعمال المؤسسية.,قطاع الأعمال المؤسسية,مرفوعة للجنة,معلن جزئيًا
INIT-01824,2024-10-25,نموذج تسعير برنامج الاستحواذ التقني للمنافسات الحكومية,هوامش وحدود تسعير استراتيجية غير قابلة للإفصاح للمنافسين. المرجع INI-2024-9256 · الجهة المعنية: قطاع البنية التحتية.,قطاع البنية التحتية,بانتظار الاعتماد,غير معلن
INIT-01825,2020-10-13,خطة التخارج الاستراتيجية من عقد تشغيل كبير,خيارات التخارج الاستراتيجية وأثرها المالي على الإيرادات. المرجع INI-2020-7802 · الجهة المعنية: قطاع البنية التحتية.,قطاع البنية التحتية,قيد التنفيذ المبدئي,معلن جزئيًا
INIT-01826,2022-09-03,الميزانية الاستراتيجية لبرنامج التحول الرقمي 2022-2024,تفاصيل الميزانية الاستراتيجية وتوزيعها على المراحل قبل الاعتماد. المرجع INI-2022-6284 · الجهة المعنية: قطاع البنية التحتية.,قطاع البنية التحتية,معتمدة داخليًا,معلن جزئيًا
INIT-01827,2025-01-30,مبادرة إدارة مفاتيح التشفير على مستوى الجهات الوطنية,تصميم مركزي لإدارة مفاتيح التشفير عبر الأنظمة الوطنية. المرجع INI-2025-2814 · الجهة المعنية: قطاع البنية التحتية.,قطاع البنية التحتية,معتمدة داخليًا,غير معلن
INIT-01828,2024-01-26,المشروع الوطني المرجعي رقم NP-709 - تداول اللجنة العليا,مشروع لا تُتداول تفاصيله خارج اللجنة العليا لارتباطه بمواقع وطنية. المرجع INI-2024-1524 · الجهة المعنية: قطاع الأعمال المؤسسية.,قطاع الأعمال المؤسسية,قيد الدراسة,غير معلن
INIT-01829,2022-08-22,إعادة هيكلة قطاع البنية التحتية - قبل الاعتماد,تصور إعادة الهيكلة وأثرها الوظيفي قبل الاعتماد من المجلس. المرجع INI-2022-1567 · الجهة المعنية: قطاع العمليات.,قطاع العمليات,قيد الدراسة,غير معلن
INIT-01830,2025-04-08,خطة الاستحواذ الاستراتيجية على مزوّد تقني إقليمي,خطة استراتيجية للاستحواذ مع تقييم مبدئي وهيكل تمويل مقترح. المرجع INI-2025-8645 · الجهة المعنية: قطاع الحلول الحكومية.,قطاع الحلول الحكومية,مسودة أولية,غير معلن
INIT-01831,2022-06-19,مصفوفة الشركاء المحتملين لبرنامج الحوسبة السيادية,تقييم شركاء محتملين وشروط التفضيل قبل الإفصاح للسوق. المرجع INI-2022-8665 · الجهة المعنية: قطاع البنية التحتية.,قطاع البنية التحتية,بانتظار الاعتماد,معلن جزئيًا
INIT-01832,2026-02-17,مشروع تحديث أنظمة منشأة تخزين استراتيجي - مرحلة 2,تحديث أنظمة تحكم منشأة حيوية وجدول الإيقاف المخطط. المرجع INI-2026-7327 · الجهة المعنية: قطاع الأعمال المؤسسية.,قطاع الأعمال المؤسسية,معتمدة داخليًا,غير معلن
INIT-01833,2026-04-04,متطلبات ربط شبكي لبرنامج أمن سلاسل الإمداد,مخطط الشبكة المطلوب لربط بيئات المشروع الداخلية. المرجع INI-2026-1028 · الجهة المعنية: قطاع البنية التحتية.,قطاع البنية التحتية,قيد التنفيذ المبدئي,معلن جزئيًا
INIT-01834,2022-09-28,إعادة هيكلة قطاع العمليات - قبل الاعتماد,تصور إعادة الهيكلة وأثرها الوظيفي قبل الاعتماد من المجلس. المرجع INI-2022-5615 · الجهة المعنية: قطاع التقنية والمشاريع.,قطاع التقنية والمشاريع,قيد الدراسة,غير معلن
INIT-01835,2019-09-02,مشروع منظومة اتصالات لجهة عسكري الطابع,متطلبات منظومة اتصالات لجهة عسكري الطابع وقيود التسليم. المرجع INI-2019-3139 · الجهة المعنية: قطاع العمليات.,قطاع العمليات,معتمدة داخليًا,غير معلن
INIT-01836,2023-04-02,متطلبات ربط شبكي لبرنامج تحديث البنية التقنية,مخطط الشبكة المطلوب لربط بيئات المشروع الداخلية. المرجع INI-2023-6540 · الجهة المعنية: قطاع التقنية والمشاريع.,قطاع التقنية والمشاريع,قيد التنفيذ المبدئي,غير معلن
INIT-01837,2019-04-26,عقد مورد لتوريد تجهيزات برنامج التوسع الإقليمي,بنود عقد مورد وجدول التوريد والغرامات التعاقدية. المرجع INI-2019-3817 · الجهة المعنية: قطاع التقنية والمشاريع.,قطاع التقنية والمشاريع,قيد الدراسة,معلن جزئيًا
INIT-01838,2025-10-15,معاهدة تعاون تقني قيد التفاوض مع صندوق استثماري دولي,نص معاهدة تعاون تقني قيد التفاوض وبنود نقل المعرفة. المرجع INI-2025-1124 · الجهة المعنية: قطاع الشراكات.,,قيد التنفيذ المبدئي,معلن جزئيًا
INIT-01839,2024-05-16,تحقيق جدوى موسّع لبرنامج التحول الرقمي,تحقيق جدوى يتضمن أرقامًا مالية غير معلنة وسيناريوهات المخاطر. المرجع INI-2024-1416 · الجهة المعنية: قطاع التقنية والمشاريع.,قطاع التقنية والمشاريع,قيد التنفيذ المبدئي,معلن جزئيًا
INIT-01840,2019-07-30,مسار تفاوض دبلوماسي لتوطين برنامج الاستحواذ التقني,مسار ذو طابع دبلوماسي لتوطين التقنية مع أطراف خارجية. المرجع INI-2019-4761 · الجهة المعنية: قطاع الشراكات.,قطاع الشراكات,معتمدة داخليًا,معلن جزئيًا
INIT-01841,2025-04-24,مبادرة إدارة مفاتيح التشفير على مستوى الجهات الوطنية,تصميم مركزي لإدارة مفاتيح التشفير عبر الأنظمة الوطنية. المرجع INI-2025-6537 · الجهة المعنية: قطاع التحول الرقمي.,قطاع التحول الرقمي,مرفوعة للجنة,غير معلن
INIT-01842,2023-11-29,مذكرة تفاهم مع تحالف صناعي دولي لتنفيذ برنامج الذكاء الاصطناعي المؤسسي,مسودة مذكرة تفاهم لم تُوقّع بعد وتتضمن التزامات مالية. المرجع INI-2023-3736 · الجهة المعنية: قطاع البنية التحتية.,قطاع البنية التحتية,معتمدة داخليًا,غير معلن
INIT-01843,2022-09-13,نموذج تسعير برنامج أمن سلاسل الإمداد للمنافسات الحكومية,هوامش وحدود تسعير استراتيجية غير قابلة للإفصاح للمنافسين. المرجع INI-2022-2091 · الجهة المعنية: قطاع التقنية والمشاريع.,قطاع التقنية والمشاريع,مسودة أولية,غير معلن
INIT-01844,2022-04-27,خطة التخارج الاستراتيجية من عقد تشغيل كبير,خيارات التخارج الاستراتيجية وأثرها المالي على الإيرادات. المرجع INI-2022-1377 · الجهة المعنية: قطاع الأعمال المؤسسية.,قطاع الأعمال المؤسسية,مسودة أولية,غير معلن
INIT-01845,2021-10-02,مصفوفة الشركاء المحتملين لبرنامج التوسع الإقليمي,تقييم شركاء محتملين وشروط التفضيل قبل الإفصاح للسوق. المرجع INI-2021-6947 · الجهة المعنية: قطاع الأعمال المؤسسية.,قطاع الأعمال المؤسسية,بانتظار الاعتماد,معلن جزئيًا
INIT-01846,2022-08-16,مشروع تحديث أنظمة منشأة تخزين استراتيجي - مرحلة 4,تحديث أنظمة تحكم منشأة حيوية وجدول الإيقاف المخطط. المرجع INI-2022-2146 · الجهة المعنية: قطاع التقنية والمشاريع.,قطاع التقنية والمشاريع,قيد التنفيذ المبدئي,غير معلن
INIT-01847,2021-12-23,المشروع الوطني المرجعي رقم NP-189 - تداول اللجنة العليا,مشروع لا تُتداول تفاصيله خارج اللجنة العليا لارتباطه بمواقع وطنية. المرجع INI-2021-6013 · الجهة المعنية: قطاع البنية التحتية.,قطاع البنية التحتية,قيد التنفيذ المبدئي,غير معلن
INIT-01848,2021-06-23,مسار تفاوض دبلوماسي لتوطين برنامج التوسع الإقليمي,مسار ذو طابع دبلوماسي لتوطين التقنية مع أطراف خارجية. المرجع INI-2021-9880 · الجهة المعنية: قطاع التقنية والمشاريع.,قطاع التقنية والمشاريع,بانتظار الاعتماد,معلن جزئيًا
INIT-01849,2020-01-25,بيان صحفي عن شراكة معلنة في الطائف - 2020,بيان صحفي منشور عن شراكة تم الإعلان عنها رسميًا. المرجع INI-2020-5534 · الجهة المعنية: قطاع الأعمال المؤسسية.,قطاع الأعمال المؤسسية,مسودة أولية,معلن
INIT-01850,2024-07-15,معاهدة تعاون تقني قيد التفاوض مع جهة سيادية شريكة,نص معاهدة تعاون تقني قيد التفاوض وبنود نقل المعرفة. المرجع INI-2024-5727 · الجهة المعنية: قطاع الأعمال المؤسسية.,قطاع الأعمال المؤسسية,قيد الدراسة,معلن جزئيًا
INIT-01851,2025-11-17,مشروع منظومة اتصالات لجهة عسكري الطابع,متطلبات منظومة اتصالات لجهة عسكري الطابع وقيود التسليم. المرجع INI-2025-6210 · الجهة المعنية: قطاع الأعمال المؤسسية.,قطاع الأعمال المؤسسية,مرفوعة للجنة,غير معلن
INIT-01852,2022-06-21,المشروع الوطني المرجعي رقم NP-212 - تداول اللجنة العليا,مشروع لا تُتداول تفاصيله خارج اللجنة العليا لارتباطه بمواقع وطنية. المرجع INI-2022-8004 · الجهة المعنية: قطاع التقنية والمشاريع.,قطاع التقنية والمشاريع,مرفوعة للجنة,غير معلن
INIT-01853,2025-12-11,مبادرة الحوسبة السيادية وحماية سيادة البيانات,تصميم بيئة تضمن سيادة البيانات الوطنية وحدود الاستضافة المسموحة. المرجع INI-2025-1795 · الجهة المعنية: قطاع التقنية والمشاريع.,قطاع التقنية والمشاريع,معتمدة داخليًا,غير معلن
INIT-01854,2023-06-22,برنامج تشغيل منشأة حيوية وطنية في سكاكا,نطاق تشغيل منشأة حيوية وطنية وحدود المسؤولية التشغيلية. المرجع INI-2023-9115 · الجهة المعنية: قطاع التحول الرقمي.,قطاع التحول الرقمي,معتمدة داخليًا,غير معلن
INIT-01855,2024-03-16,عرض أسعار استشاري لمرحلة تصميم برنامج المدن الذكية,عرض أسعار مقدم من بيت خبرة ضمن نطاق محدود. المرجع INI-2024-2349 · الجهة المعنية: قطاع الأعمال المؤسسية.,قطاع الأعمال المؤسسية,قيد التنفيذ المبدئي,معلن جزئيًا
INIT-01856,2023-01-07,الميزانية الاستراتيجية لبرنامج المدن الذكية 2023-2027,تفاصيل الميزانية الاستراتيجية وتوزيعها على المراحل قبل الاعتماد. المرجع INI-2023-4606 · الجهة المعنية: قطاع الشراكات.,قطاع الشراكات,مرفوعة للجنة,معلن جزئيًا
INIT-01857,2022-12-07,الميزانية الاستراتيجية لبرنامج الاستحواذ التقني 2022-2026,تفاصيل الميزانية الاستراتيجية وتوزيعها على المراحل قبل الاعتماد. المرجع INI-2022-7281 · الجهة المعنية: قطاع الأعمال المؤسسية.,قطاع الأعمال المؤسسية,مرفوعة للجنة,غير معلن
INIT-01858,2023-11-16,مذكرة تفاهم مع جهة سيادية شريكة لتنفيذ برنامج التوسع الإقليمي,مسودة مذكرة تفاهم لم تُوقّع بعد وتتضمن التزامات مالية. المرجع INI-2023-3750 · الجهة المعنية: قطاع الأعمال المؤسسية.,قطاع الأعمال المؤسسية,مسودة أولية,معلن جزئيًا
INIT-01859,2024-02-02,خطة التخارج الاستراتيجية من عقد تشغيل كبير,خيارات التخارج الاستراتيجية وأثرها المالي على الإيرادات. المرجع INI-2024-4359 · الجهة المعنية: قطاع البنية التحتية.,قطاع البنية التحتية,قيد التنفيذ المبدئي,معلن جزئيًا
INIT-01860,2026-06-05,عرض أسعار استشاري لمرحلة تصميم برنامج الذكاء الاصطناعي المؤسسي,عرض أسعار مقدم من بيت خبرة ضمن نطاق محدود. المرجع INI-2026-1889 · الجهة المعنية: قطاع الحلول الحكومية.,قطاع الحلول الحكومية,مرفوعة للجنة,غير معلن
INIT-01861,2021-06-28,مصفوفة الشركاء المحتملين لبرنامج الاستحواذ التقني,تقييم شركاء محتملين وشروط التفضيل قبل الإفصاح للسوق. المرجع INI-2021-3469 · الجهة المعنية: قطاع الحلول الحكومية.,قطاع الحلول الحكومية,قيد الدراسة,غير معلن
INIT-01862,2025-04-09,عقد مورد لتوريد تجهيزات برنامج الذكاء الاصطناعي المؤسسي,بنود عقد مورد وجدول التوريد والغرامات التعاقدية. المرجع INI-2025-5267 · الجهة المعنية: قطاع الأعمال المؤسسية.,قطاع الأعمال المؤسسية,معتمدة داخليًا,معلن جزئيًا
INIT-01863,2024-07-20,مصفوفة الشركاء المحتملين لبرنامج التحول الرقمي,تقييم شركاء محتملين وشروط التفضيل قبل الإفصاح للسوق. المرجع INI-2024-8520 · الجهة المعنية: قطاع الحلول الحكومية.,قطاع الحلول الحكومية,قيد التنفيذ المبدئي,معلن جزئيًا
INIT-01864,2022-10-11,مسار تفاوض دبلوماسي لتوطين برنامج التوسع الإقليمي,مسار ذو طابع دبلوماسي لتوطين التقنية مع أطراف خارجية. المرجع INI-2022-3006 · الجهة المعنية: قطاع التقنية والمشاريع.,قطاع التقنية والمشاريع,قيد التنفيذ المبدئي,معلن جزئيًا
INIT-01865,2022-04-16,مصفوفة الشركاء المحتملين لبرنامج الاستحواذ التقني,تقييم شركاء محتملين وشروط التفضيل قبل الإفصاح للسوق. المرجع INI-2022-5712 · الجهة المعنية: قطاع التحول الرقمي.,قطاع التحول الرقمي,بانتظار الاعتماد,معلن جزئيًا
INIT-01866,2019-09-21,نموذج تسعير برنامج أمن سلاسل الإمداد للمنافسات الحكومية,هوامش وحدود تسعير استراتيجية غير قابلة للإفصاح للمنافسين. المرجع INI-2019-2713 · الجهة المعنية: قطاع البنية التحتية.,قطاع البنية التحتية,مرفوعة للجنة,معلن جزئيًا
INIT-01867,2023-06-12,معاهدة تعاون تقني قيد التفاوض مع منظمة إقليمية,نص معاهدة تعاون تقني قيد التفاوض وبنود نقل المعرفة. المرجع INI-2023-6062 · الجهة المعنية: قطاع الأعمال المؤسسية.,قطاع الأعمال المؤسسية,مسودة أولية,معلن جزئيًا
INIT-01868,2023-01-02,مذكرة تفاهم مع شريك تقني عالمي لتنفيذ برنامج أمن سلاسل الإمداد,مسودة مذكرة تفاهم لم تُوقّع بعد وتتضمن التزامات مالية. المرجع INI-2023-2089 · الجهة المعنية: قطاع البنية التحتية.,قطاع البنية التحتية,مسودة أولية,معلن جزئيًا
INIT-01869,2022-11-28,خطة التخارج الاستراتيجية من عقد تشغيل كبير,خيارات التخارج الاستراتيجية وأثرها المالي على الإيرادات. المرجع INI-2022-6913 · الجهة المعنية: قطاع التقنية والمشاريع.,قطاع التقنية والمشاريع,مرفوعة للجنة,غير معلن
INIT-01870,2023-05-04,مبادرة الحوسبة السيادية وحماية سيادة البيانات,تصميم بيئة تضمن سيادة البيانات الوطنية وحدود الاستضافة المسموحة. المرجع INI-2023-9728 · الجهة المعنية: قطاع الأعمال المؤسسية.,قطاع الأعمال المؤسسية,قيد التنفيذ المبدئي,غير معلن
INIT-01871,2023-04-22,خطة توزيع الكوادر على برنامج المدن الذكية,توزيع كوادر مع بيانات شخصية ومسميات وظيفية تفصيلية. المرجع INI-2023-2296 · الجهة المعنية: قطاع الشراكات.,,مرفوعة للجنة,معلن جزئيًا
INIT-01872,2023-09-27,خطة الاستحواذ الاستراتيجية على مزوّد تقني إقليمي,خطة استراتيجية للاستحواذ مع تقييم مبدئي وهيكل تمويل مقترح. المرجع INI-2023-4083 · الجهة المعنية: قطاع الأعمال المؤسسية.,قطاع الأعمال المؤسسية,مرفوعة للجنة,معلن جزئيًا
INIT-01873,2025-03-20,جدول بدلات ورواتب فريق برنامج تحديث البنية التقنية,جدول رواتب وبدلات أعضاء الفريق خلال مراحل التنفيذ. المرجع INI-2025-8750 · الجهة المعنية: قطاع العمليات.,قطاع العمليات,مرفوعة للجنة,معلن جزئيًا
INIT-01874,2019-05-18,بيان صحفي عن شراكة معلنة في جازان - 2019,بيان صحفي منشور عن شراكة تم الإعلان عنها رسميًا. المرجع INI-2019-9091 · الجهة المعنية: قطاع الأعمال المؤسسية.,قطاع الأعمال المؤسسية,مرفوعة للجنة,معلن
INIT-01875,2021-02-13,إعادة هيكلة قطاع التحول الرقمي - قبل الاعتماد,تصور إعادة الهيكلة وأثرها الوظيفي قبل الاعتماد من المجلس. المرجع INI-2021-7213 · الجهة المعنية: قطاع العمليات.,قطاع العمليات,قيد التنفيذ المبدئي,معلن جزئيًا
INIT-01876,2025-12-20,خطة دخول سوق خميس مشيط - نسخة غير معلنة,خطة استراتيجية لدخول السوق وتقديرات الحصة المستهدفة. المرجع INI-2025-4768 · الجهة المعنية: قطاع الشراكات.,قطاع الشراكات,قيد التنفيذ المبدئي,غير معلن
INIT-01877,2020-04-27,مبادرة داخلية رقم SI-2020-354 - غير معلنة,مبادرة قيد الدراسة يترتب على كشفها المبكر أثر تنافسي مباشر. المرجع INI-2020-7329 · الجهة المعنية: قطاع التقنية والمشاريع.,قطاع التقنية والمشاريع,معتمدة داخليًا,معلن جزئيًا
INIT-01878,2021-01-09,مبادرة إدارة مفاتيح التشفير على مستوى الجهات الوطنية,تصميم مركزي لإدارة مفاتيح التشفير عبر الأنظمة الوطنية. المرجع INI-2021-4343 · الجهة المعنية: قطاع العمليات.,قطاع العمليات,قيد الدراسة,غير معلن
INIT-01879,2022-11-08,مسار تفاوض دبلوماسي لتوطين برنامج التحول الرقمي,مسار ذو طابع دبلوماسي لتوطين التقنية مع أطراف خارجية. المرجع INI-2022-9518 · الجهة المعنية: قطاع التحول الرقمي.,قطاع التحول الرقمي,مرفوعة للجنة,معلن جزئيًا
INIT-01880,2022-09-23,خطة التخارج الاستراتيجية من عقد تشغيل كبير,خيارات التخارج الاستراتيجية وأثرها المالي على الإيرادات. المرجع INI-2022-6758 · الجهة المعنية: قطاع الحلول الحكومية.,قطاع الحلول الحكومية,قيد الدراسة,غير معلن
INIT-01881,2024-08-16,إعلان انطلاق برنامج تكامل الأنظمة الحكومية - قطاع الحلول الحكومية 2024,إعلان رسمي عن انطلاق البرنامج وأهدافه المعلنة. المرجع INI-2024-8901 · الجهة المعنية: قطاع التحول الرقمي.,قطاع التحول الرقمي,بانتظار الاعتماد,معلن
INIT-01882,2021-06-24,الميزانية الاستراتيجية لبرنامج التحول الرقمي 2021-2024,تفاصيل الميزانية الاستراتيجية وتوزيعها على المراحل قبل الاعتماد. المرجع INI-2021-6975 · الجهة المعنية: قطاع التحول الرقمي.,قطاع التحول الرقمي,بانتظار الاعتماد,معلن جزئيًا
INIT-01883,2021-08-11,مذكرة تفاهم مع منظمة إقليمية لتنفيذ برنامج التحول الرقمي,مسودة مذكرة تفاهم لم تُوقّع بعد وتتضمن التزامات مالية. المرجع INI-2021-4257 · الجهة المعنية: قطاع التقنية والمشاريع.,قطاع التقنية والمشاريع,مرفوعة للجنة,معلن جزئيًا
INIT-01884,2025-03-05,مصفوفة الشركاء المحتملين لبرنامج أمن سلاسل الإمداد,تقييم شركاء محتملين وشروط التفضيل قبل الإفصاح للسوق. المرجع INI-2025-7144 · الجهة المعنية: قطاع الشراكات.,قطاع الشراكات,مسودة أولية,غير معلن
INIT-01885,2022-09-27,مبادرة داخلية رقم SI-2022-799 - غير معلنة,مبادرة قيد الدراسة يترتب على كشفها المبكر أثر تنافسي مباشر. المرجع INI-2022-7335 · الجهة المعنية: قطاع الحلول الحكومية.,قطاع الحلول الحكومية,مرفوعة للجنة,غير معلن
INIT-01886,2022-06-22,مبادرة إدارة مفاتيح التشفير على مستوى الجهات الوطنية,تصميم مركزي لإدارة مفاتيح التشفير عبر الأنظمة الوطنية. المرجع INI-2022-4823 · الجهة المعنية: قطاع البنية التحتية.,قطاع البنية التحتية,مسودة أولية,غير معلن
INIT-01887,2020-07-26,تحقيق جدوى موسّع لبرنامج المرونة التشغيلية,تحقيق جدوى يتضمن أرقامًا مالية غير معلنة وسيناريوهات المخاطر. المرجع INI-2020-4734 · الجهة المعنية: قطاع الأعمال المؤسسية.,قطاع الأعمال المؤسسية,معتمدة داخليًا,معلن جزئيًا
INIT-01888,2022-06-20,مبادرة إدارة مفاتيح التشفير على مستوى الجهات الوطنية,تصميم مركزي لإدارة مفاتيح التشفير عبر الأنظمة الوطنية. المرجع INI-2022-7722 · الجهة المعنية: قطاع الشراكات.,قطاع الشراكات,مسودة أولية,غير معلن
INIT-01889,2025-09-16,إعلان انطلاق برنامج المرونة التشغيلية - قطاع التحول الرقمي 2025,إعلان رسمي عن انطلاق البرنامج وأهدافه المعلنة. المرجع INI-2025-8914 · الجهة المعنية: قطاع التقنية والمشاريع.,قطاع التقنية والمشاريع,معتمدة داخليًا,معلن
INIT-01890,2023-02-02,جدول بدلات ورواتب فريق برنامج الذكاء الاصطناعي المؤسسي,جدول رواتب وبدلات أعضاء الفريق خلال مراحل التنفيذ. المرجع INI-2023-8096 · الجهة المعنية: قطاع التقنية والمشاريع.,قطاع التقنية والمشاريع,بانتظار الاعتماد,غير معلن
INIT-01891,2022-03-07,خطة التخارج الاستراتيجية من عقد تشغيل كبير,خيارات التخارج الاستراتيجية وأثرها المالي على الإيرادات. المرجع INI-2022-7464 · الجهة المعنية: قطاع البنية التحتية.,قطاع البنية التحتية,قيد الدراسة,معلن جزئيًا
INIT-01892,2023-12-23,مذكرة تفاهم مع شريك تقني عالمي لتنفيذ برنامج الذكاء الاصطناعي المؤسسي,مسودة مذكرة تفاهم لم تُوقّع بعد وتتضمن التزامات مالية. المرجع INI-2023-6903 · الجهة المعنية: قطاع التقنية والمشاريع.,قطاع التقنية والمشاريع,مسودة أولية,معلن جزئيًا
INIT-01893,2020-10-03,مذكرة تفاهم مع جهة سيادية شريكة لتنفيذ برنامج تحديث البنية التقنية,مسودة مذكرة تفاهم لم تُوقّع بعد وتتضمن التزامات مالية. المرجع INI-2020-1569 · الجهة المعنية: قطاع التقنية والمشاريع.,قطاع التقنية والمشاريع,معتمدة داخليًا,غير معلن
INIT-01894,2019-07-02,معاهدة تعاون تقني قيد التفاوض مع صندوق استثماري دولي,نص معاهدة تعاون تقني قيد التفاوض وبنود نقل المعرفة. المرجع INI-2019-5907 · الجهة المعنية: قطاع الشراكات.,قطاع الشراكات,معتمدة داخليًا,غير معلن
INIT-01895,2019-05-23,خطة التخارج الاستراتيجية من عقد تشغيل كبير,خيارات التخارج الاستراتيجية وأثرها المالي على الإيرادات. المرجع INI-2019-7435 · الجهة المعنية: قطاع الحلول الحكومية.,قطاع الحلول الحكومية,معتمدة داخليًا,غير معلن
INIT-01896,2019-11-22,مسار تفاوض دبلوماسي لتوطين برنامج التحول الرقمي,مسار ذو طابع دبلوماسي لتوطين التقنية مع أطراف خارجية. المرجع INI-2019-9728 · الجهة المعنية: قطاع التحول الرقمي.,قطاع التحول الرقمي,معتمدة داخليًا,غير معلن
INIT-01897,2025-03-12,خطة الاستحواذ الاستراتيجية على مزوّد تقني إقليمي,خطة استراتيجية للاستحواذ مع تقييم مبدئي وهيكل تمويل مقترح. المرجع INI-2025-6759 · الجهة المعنية: قطاع البنية التحتية.,قطاع البنية التحتية,بانتظار الاعتماد,معلن جزئيًا
INIT-01898,2022-11-17,متطلبات ربط شبكي لبرنامج الذكاء الاصطناعي المؤسسي,مخطط الشبكة المطلوب لربط بيئات المشروع الداخلية. المرجع INI-2022-3806 · الجهة المعنية: قطاع التقنية والمشاريع.,قطاع التقنية والمشاريع,مرفوعة للجنة,معلن جزئيًا
INIT-01899,2022-10-20,خطة دخول سوق حائل - نسخة غير معلنة,خطة استراتيجية لدخول السوق وتقديرات الحصة المستهدفة. المرجع INI-2022-9395 · الجهة المعنية: قطاع الحلول الحكومية.,قطاع الحلول الحكومية,بانتظار الاعتماد,معلن جزئيًا
INIT-01900,2022-06-29,مبادرة تحليل استخبارات التهديد الوطنية,بناء قدرة استخبارات تهديد مشتركة بين الجهات الوطنية. المرجع INI-2022-1646 · الجهة المعنية: قطاع الحلول الحكومية.,قطاع الحلول الحكومية,مرفوعة للجنة,غير معلن
INIT-01901,2026-01-08,معاهدة تعاون تقني قيد التفاوض مع تحالف صناعي دولي,نص معاهدة تعاون تقني قيد التفاوض وبنود نقل المعرفة. المرجع INI-2026-2340 · الجهة المعنية: قطاع البنية التحتية.,قطاع البنية التحتية,قيد التنفيذ المبدئي,غير معلن
INIT-01902,2020-01-18,منشور تعريفي بمخرجات برنامج تكامل الأنظمة الحكومية في الدمام,منشور تعريفي عام بالمخرجات المعلنة للبرنامج. المرجع INI-2020-7470 · الجهة المعنية: قطاع البنية التحتية.,قطاع البنية التحتية,مرفوعة للجنة,معلن
INIT-01903,2025-07-23,تحقيق جدوى موسّع لبرنامج تكامل الأنظمة الحكومية,تحقيق جدوى يتضمن أرقامًا مالية غير معلنة وسيناريوهات المخاطر. المرجع INI-2025-7136 · الجهة المعنية: قطاع البنية التحتية.,قطاع البنية التحتية,قيد الدراسة,غير معلن
INIT-01904,2019-10-19,خطة دخول سوق جازان - نسخة غير معلنة,خطة استراتيجية لدخول السوق وتقديرات الحصة المستهدفة. المرجع INI-2019-4378 · الجهة المعنية: قطاع الشراكات.,قطاع الشراكات,معتمدة داخليًا,غير معلن
INIT-01905,2023-11-29,تحقيق جدوى موسّع لبرنامج أمن سلاسل الإمداد,تحقيق جدوى يتضمن أرقامًا مالية غير معلنة وسيناريوهات المخاطر. المرجع INI-2023-1720 · الجهة المعنية: قطاع التقنية والمشاريع.,قطاع التقنية والمشاريع,قيد الدراسة,معلن جزئيًا
INIT-01906,2021-10-27,مبادرة داخلية رقم SI-2021-717 - غير معلنة,مبادرة قيد الدراسة يترتب على كشفها المبكر أثر تنافسي مباشر. المرجع INI-2021-9905 · الجهة المعنية: قطاع الشراكات.,قطاع الشراكات,مرفوعة للجنة,غير معلن
INIT-01907,2024-12-31,منشور تعريفي بمخرجات برنامج التحول الرقمي في عرعر,منشور تعريفي عام بالمخرجات المعلنة للبرنامج. المرجع INI-2024-3435 · الجهة المعنية: قطاع التحول الرقمي.,قطاع التحول الرقمي,مسودة أولية,معلن
INIT-01908,2022-10-06,مبادرة مواقع تخزين احتياطية للبيانات الحساسة,تحديد مواقع تخزين احتياطية وسعاتها ومستويات حمايتها. المرجع INI-2022-8673 · الجهة المعنية: قطاع البنية التحتية.,قطاع البنية التحتية,قيد التنفيذ المبدئي,معلن جزئيًا
INIT-01909,2020-01-15,إعلان انطلاق برنامج تكامل الأنظمة الحكومية - قطاع البنية التحتية 2020,إعلان رسمي عن انطلاق البرنامج وأهدافه المعلنة. المرجع INI-2020-7028 · الجهة المعنية: قطاع الشراكات.,قطاع الشراكات,مسودة أولية,معلن
INIT-01910,2024-01-14,مسار تفاوض دبلوماسي لتوطين برنامج أمن سلاسل الإمداد,مسار ذو طابع دبلوماسي لتوطين التقنية مع أطراف خارجية. المرجع INI-2024-2425 · الجهة المعنية: قطاع الأعمال المؤسسية.,قطاع الأعمال المؤسسية,معتمدة داخليًا,معلن جزئيًا
INIT-01911,2021-05-13,مبادرة داخلية رقم SI-2021-264 - غير معلنة,مبادرة قيد الدراسة يترتب على كشفها المبكر أثر تنافسي مباشر. المرجع INI-2021-5710 · الجهة المعنية: قطاع البنية التحتية.,قطاع البنية التحتية,قيد الدراسة,معلن جزئيًا
INIT-01912,2023-04-25,إعلان انطلاق برنامج الذكاء الاصطناعي المؤسسي - قطاع الحلول الحكومية 2023,إعلان رسمي عن انطلاق البرنامج وأهدافه المعلنة. المرجع INI-2023-4619 · الجهة المعنية: قطاع البنية التحتية.,قطاع البنية التحتية,قيد الدراسة,معلن
INIT-01913,2024-11-24,مبادرة تحليل استخبارات التهديد الوطنية,بناء قدرة استخبارات تهديد مشتركة بين الجهات الوطنية. المرجع INI-2024-4414 · الجهة المعنية: قطاع الحلول الحكومية.,,قيد التنفيذ المبدئي,غير معلن
INIT-01914,2022-12-26,مبادرة داخلية رقم SI-2022-986 - غير معلنة,مبادرة قيد الدراسة يترتب على كشفها المبكر أثر تنافسي مباشر. المرجع INI-2022-8136 · الجهة المعنية: قطاع الشراكات.,قطاع الشراكات,مسودة أولية,معلن جزئيًا
INIT-01915,2023-04-12,مبادرة داخلية رقم SI-2023-136 - غير معلنة,مبادرة قيد الدراسة يترتب على كشفها المبكر أثر تنافسي مباشر. المرجع INI-2023-6732 · الجهة المعنية: قطاع التحول الرقمي.,قطاع التحول الرقمي,معتمدة داخليًا,غير معلن
INIT-01916,2024-02-28,خطة دخول سوق مكة المكرمة - نسخة غير معلنة,خطة استراتيجية لدخول السوق وتقديرات الحصة المستهدفة. المرجع INI-2024-3521 · الجهة المعنية: قطاع البنية التحتية.,قطاع البنية التحتية,قيد التنفيذ المبدئي,معلن جزئيًا
INIT-01917,2019-03-19,خطة دخول سوق المدينة المنورة - نسخة غير معلنة,خطة استراتيجية لدخول السوق وتقديرات الحصة المستهدفة. المرجع INI-2019-9971 · الجهة المعنية: قطاع التقنية والمشاريع.,قطاع التقنية والمشاريع,معتمدة داخليًا,معلن جزئيًا
INIT-01918,2023-02-04,مشروع منظومة اتصالات لجهة عسكري الطابع,متطلبات منظومة اتصالات لجهة عسكري الطابع وقيود التسليم. المرجع INI-2023-3454 · الجهة المعنية: قطاع الأعمال المؤسسية.,قطاع الأعمال المؤسسية,مسودة أولية,غير معلن
INIT-01919,2019-06-21,إعادة هيكلة قطاع البنية التحتية - قبل الاعتماد,تصور إعادة الهيكلة وأثرها الوظيفي قبل الاعتماد من المجلس. المرجع INI-2019-4811 · الجهة المعنية: قطاع الشراكات.,,معتمدة داخليًا,غير معلن
INIT-01920,2021-10-21,مذكرة داخلية لمتابعة مؤشرات برنامج الاستحواذ التقني,مذكرة داخلية دورية لمتابعة مؤشرات التنفيذ بين الإدارات. المرجع INI-2021-3344 · الجهة المعنية: قطاع العمليات.,قطاع العمليات,قيد الدراسة,غير معلن
INIT-01921,2019-12-23,جدول بدلات ورواتب فريق برنامج تكامل الأنظمة الحكومية,جدول رواتب وبدلات أعضاء الفريق خلال مراحل التنفيذ. المرجع INI-2019-8675 · الجهة المعنية: قطاع الأعمال المؤسسية.,قطاع الأعمال المؤسسية,قيد الدراسة,معلن جزئيًا
INIT-01922,2025-04-26,مشروع منظومة اتصالات لجهة عسكري الطابع,متطلبات منظومة اتصالات لجهة عسكري الطابع وقيود التسليم. المرجع INI-2025-9539 · الجهة المعنية: قطاع التحول الرقمي.,قطاع التحول الرقمي,مسودة أولية,غير معلن
INIT-01923,2022-07-12,إعادة هيكلة قطاع التحول الرقمي - قبل الاعتماد,تصور إعادة الهيكلة وأثرها الوظيفي قبل الاعتماد من المجلس. المرجع INI-2022-6871 · الجهة المعنية: قطاع الشراكات.,قطاع الشراكات,مرفوعة للجنة,غير معلن
INIT-01924,2023-04-17,تحقيق جدوى موسّع لبرنامج أمن سلاسل الإمداد,تحقيق جدوى يتضمن أرقامًا مالية غير معلنة وسيناريوهات المخاطر. المرجع INI-2023-5341 · الجهة المعنية: قطاع الحلول الحكومية.,قطاع الحلول الحكومية,قيد التنفيذ المبدئي,غير معلن
INIT-01925,2020-12-05,خطة التخارج الاستراتيجية من عقد تشغيل كبير,خيارات التخارج الاستراتيجية وأثرها المالي على الإيرادات. المرجع INI-2020-5730 · الجهة المعنية: قطاع الشراكات.,قطاع الشراكات,بانتظار الاعتماد,غير معلن
INIT-01926,2020-05-01,مصفوفة الشركاء المحتملين لبرنامج التوسع الإقليمي,تقييم شركاء محتملين وشروط التفضيل قبل الإفصاح للسوق. المرجع INI-2020-4377 · الجهة المعنية: قطاع التقنية والمشاريع.,قطاع التقنية والمشاريع,قيد التنفيذ المبدئي,غير معلن
INIT-01927,2019-01-25,مبادرة تحليل استخبارات التهديد الوطنية,بناء قدرة استخبارات تهديد مشتركة بين الجهات الوطنية. المرجع INI-2019-1833 · الجهة المعنية: قطاع التحول الرقمي.,قطاع التحول الرقمي,مرفوعة للجنة,غير معلن
INIT-01928,2019-11-18,الميزانية الاستراتيجية لبرنامج الحوسبة السيادية 2019-2023,تفاصيل الميزانية الاستراتيجية وتوزيعها على المراحل قبل الاعتماد. المرجع INI-2019-2987 · الجهة المعنية: قطاع البنية التحتية.,قطاع البنية التحتية,معتمدة داخليًا,غير معلن
INIT-01929,2022-10-02,تحقيق جدوى موسّع لبرنامج الذكاء الاصطناعي المؤسسي,تحقيق جدوى يتضمن أرقامًا مالية غير معلنة وسيناريوهات المخاطر. المرجع INI-2022-5891 · الجهة المعنية: قطاع الحلول الحكومية.,قطاع الحلول الحكومية,قيد التنفيذ المبدئي,غير معلن
INIT-01930,2026-02-06,معاهدة تعاون تقني قيد التفاوض مع تحالف صناعي دولي,نص معاهدة تعاون تقني قيد التفاوض وبنود نقل المعرفة. المرجع INI-2026-1558 · الجهة المعنية: قطاع البنية التحتية.,قطاع البنية التحتية,بانتظار الاعتماد,معلن جزئيًا
INIT-01931,2024-04-13,مذكرة تفاهم مع تحالف صناعي دولي لتنفيذ برنامج التوسع الإقليمي,مسودة مذكرة تفاهم لم تُوقّع بعد وتتضمن التزامات مالية. المرجع INI-2024-8853 · الجهة المعنية: قطاع الحلول الحكومية.,قطاع الحلول الحكومية,مرفوعة للجنة,معلن جزئيًا
INIT-01932,2020-06-27,خطة دخول سوق تبوك - نسخة غير معلنة,خطة استراتيجية لدخول السوق وتقديرات الحصة المستهدفة. المرجع INI-2020-7387 · الجهة المعنية: قطاع الشراكات.,قطاع الشراكات,قيد التنفيذ المبدئي,معلن جزئيًا
INIT-01933,2026-01-28,مسار تفاوض دبلوماسي لتوطين برنامج التوسع الإقليمي,مسار ذو طابع دبلوماسي لتوطين التقنية مع أطراف خارجية. المرجع INI-2026-7608 · الجهة المعنية: قطاع التحول الرقمي.,قطاع التحول الرقمي,قيد الدراسة,غير معلن
INIT-01934,2020-04-22,مبادرة إدارة مفاتيح التشفير على مستوى الجهات الوطنية,تصميم مركزي لإدارة مفاتيح التشفير عبر الأنظمة الوطنية. المرجع INI-2020-8965 · الجهة المعنية: قطاع التقنية والمشاريع.,قطاع التقنية والمشاريع,قيد التنفيذ المبدئي,غير معلن
INIT-01935,2022-05-09,مبادرة داخلية رقم SI-2022-342 - غير معلنة,مبادرة قيد الدراسة يترتب على كشفها المبكر أثر تنافسي مباشر. المرجع INI-2022-8084 · الجهة المعنية: قطاع الحلول الحكومية.,قطاع الحلول الحكومية,معتمدة داخليًا,غير معلن
INIT-01936,2022-01-05,خطة دخول سوق أبها - نسخة غير معلنة,خطة استراتيجية لدخول السوق وتقديرات الحصة المستهدفة. المرجع INI-2022-7469 · الجهة المعنية: قطاع التحول الرقمي.,قطاع التحول الرقمي,مسودة أولية,غير معلن
INIT-01937,2024-08-26,مذكرة تفاهم مع جهة سيادية شريكة لتنفيذ برنامج التوسع الإقليمي,مسودة مذكرة تفاهم لم تُوقّع بعد وتتضمن التزامات مالية. المرجع INI-2024-9449 · الجهة المعنية: قطاع التحول الرقمي.,قطاع التحول الرقمي,معتمدة داخليًا,معلن جزئيًا
INIT-01938,2023-07-07,خطة دخول سوق القطيف - نسخة غير معلنة,خطة استراتيجية لدخول السوق وتقديرات الحصة المستهدفة. المرجع INI-2023-9106 · الجهة المعنية: قطاع الأعمال المؤسسية.,قطاع الأعمال المؤسسية,معتمدة داخليًا,معلن جزئيًا
INIT-01939,2021-12-24,مبادرة إدارة مفاتيح التشفير على مستوى الجهات الوطنية,تصميم مركزي لإدارة مفاتيح التشفير عبر الأنظمة الوطنية. المرجع INI-2021-2658 · الجهة المعنية: قطاع الحلول الحكومية.,قطاع الحلول الحكومية,قيد التنفيذ المبدئي,غير معلن
INIT-01940,2025-01-25,خطة دخول سوق تبوك - نسخة غير معلنة,خطة استراتيجية لدخول السوق وتقديرات الحصة المستهدفة. المرجع INI-2025-6836 · الجهة المعنية: قطاع التقنية والمشاريع.,قطاع التقنية والمشاريع,قيد الدراسة,معلن جزئيًا
INIT-01941,2021-12-26,إعادة هيكلة قطاع الشراكات - قبل الاعتماد,تصور إعادة الهيكلة وأثرها الوظيفي قبل الاعتماد من المجلس. المرجع INI-2021-7694 · الجهة المعنية: قطاع الأعمال المؤسسية.,قطاع الأعمال المؤسسية,بانتظار الاعتماد,غير معلن
INIT-01942,2019-09-27,مذكرة داخلية لمتابعة مؤشرات برنامج المدن الذكية,مذكرة داخلية دورية لمتابعة مؤشرات التنفيذ بين الإدارات. المرجع INI-2019-6696 · الجهة المعنية: قطاع الأعمال المؤسسية.,قطاع الأعمال المؤسسية,قيد الدراسة,معلن جزئيًا
INIT-01943,2023-04-09,مذكرة تفاهم مع صندوق استثماري دولي لتنفيذ برنامج الذكاء الاصطناعي المؤسسي,مسودة مذكرة تفاهم لم تُوقّع بعد وتتضمن التزامات مالية. المرجع INI-2023-9568 · الجهة المعنية: قطاع الحلول الحكومية.,قطاع الحلول الحكومية,معتمدة داخليًا,غير معلن
INIT-01944,2019-03-10,إحصاءات أثر برنامج التحول الرقمي المعلنة - الربع الثالث 2019,إحصاءات معلنة عن أثر البرنامج على مستوى الخدمة. المرجع INI-2019-8161 · الجهة المعنية: قطاع الشراكات.,قطاع الشراكات,قيد التنفيذ المبدئي,معلن
INIT-01945,2022-09-23,خطة دخول سوق أبها - نسخة غير معلنة,خطة استراتيجية لدخول السوق وتقديرات الحصة المستهدفة. المرجع INI-2022-4244 · الجهة المعنية: قطاع الشراكات.,قطاع الشراكات,قيد التنفيذ المبدئي,معلن جزئيًا
INIT-01946,2024-11-08,مذكرة تفاهم مع منظمة إقليمية لتنفيذ برنامج الذكاء الاصطناعي المؤسسي,مسودة مذكرة تفاهم لم تُوقّع بعد وتتضمن التزامات مالية. المرجع INI-2024-9592 · الجهة المعنية: قطاع الحلول الحكومية.,قطاع الحلول الحكومية,معتمدة داخليًا,معلن جزئيًا
INIT-01947,2019-12-30,مذكرة داخلية لمتابعة مؤشرات برنامج المدن الذكية,مذكرة داخلية دورية لمتابعة مؤشرات التنفيذ بين الإدارات. المرجع INI-2019-6975 · الجهة المعنية: قطاع الأعمال المؤسسية.,قطاع الأعمال المؤسسية,قيد التنفيذ المبدئي,غير معلن
INIT-01948,2022-02-05,خطة التخارج الاستراتيجية من عقد تشغيل كبير,خيارات التخارج الاستراتيجية وأثرها المالي على الإيرادات. المرجع INI-2022-4114 · الجهة المعنية: قطاع الحلول الحكومية.,قطاع الحلول الحكومية,قيد الدراسة,معلن جزئيًا
INIT-01949,2022-08-03,خطة الاستحواذ الاستراتيجية على مزوّد تقني إقليمي,خطة استراتيجية للاستحواذ مع تقييم مبدئي وهيكل تمويل مقترح. المرجع INI-2022-6872 · الجهة المعنية: قطاع التقنية والمشاريع.,قطاع التقنية والمشاريع,بانتظار الاعتماد,معلن جزئيًا
INIT-01950,2023-08-02,خطة توزيع الكوادر على برنامج المدن الذكية,توزيع كوادر مع بيانات شخصية ومسميات وظيفية تفصيلية. المرجع INI-2023-3873 · الجهة المعنية: قطاع التحول الرقمي.,قطاع التحول الرقمي,قيد التنفيذ المبدئي,معلن جزئيًا
INIT-01951,2024-11-17,تحقيق جدوى موسّع لبرنامج تحديث البنية التقنية,تحقيق جدوى يتضمن أرقامًا مالية غير معلنة وسيناريوهات المخاطر. المرجع INI-2024-4136 · الجهة المعنية: قطاع التحول الرقمي.,قطاع التحول الرقمي,مرفوعة للجنة,غير معلن
INIT-01952,2022-11-16,مشروع تأمين مواقع تخزين أسلحة خاضعة للرقابة,تصميم ضوابط تأمين مواقع أسلحة ومواد خاضعة للرقابة. المرجع INI-2022-5203 · الجهة المعنية: قطاع التقنية والمشاريع.,قطاع التقنية والمشاريع,مسودة أولية,غير معلن
INIT-01953,2024-11-26,مذكرة تفاهم مع صندوق استثماري دولي لتنفيذ برنامج التحول الرقمي,مسودة مذكرة تفاهم لم تُوقّع بعد وتتضمن التزامات مالية. المرجع INI-2024-3121 · الجهة المعنية: قطاع التقنية والمشاريع.,قطاع التقنية والمشاريع,مرفوعة للجنة,معلن جزئيًا
INIT-01954,2021-07-05,جدول بدلات ورواتب فريق برنامج أمن سلاسل الإمداد,جدول رواتب وبدلات أعضاء الفريق خلال مراحل التنفيذ. المرجع INI-2021-2218 · الجهة المعنية: قطاع الأعمال المؤسسية.,قطاع الأعمال المؤسسية,قيد التنفيذ المبدئي,غير معلن
INIT-01955,2024-04-19,خطة توزيع الكوادر على برنامج المدن الذكية,توزيع كوادر مع بيانات شخصية ومسميات وظيفية تفصيلية. المرجع INI-2024-7294 · الجهة المعنية: قطاع التقنية والمشاريع.,قطاع التقنية والمشاريع,مرفوعة للجنة,معلن جزئيًا
INIT-01956,2020-02-14,خطة الاستحواذ الاستراتيجية على مزوّد تقني إقليمي,خطة استراتيجية للاستحواذ مع تقييم مبدئي وهيكل تمويل مقترح. المرجع INI-2020-1813 · الجهة المعنية: قطاع التحول الرقمي.,قطاع التحول الرقمي,مسودة أولية,غير معلن
INIT-01957,2021-10-27,تحقيق جدوى موسّع لبرنامج الاستحواذ التقني,تحقيق جدوى يتضمن أرقامًا مالية غير معلنة وسيناريوهات المخاطر. المرجع INI-2021-1231 · الجهة المعنية: قطاع الحلول الحكومية.,قطاع الحلول الحكومية,قيد الدراسة,معلن جزئيًا
INIT-01958,2023-12-31,مبادرة تحليل استخبارات التهديد الوطنية,بناء قدرة استخبارات تهديد مشتركة بين الجهات الوطنية. المرجع INI-2023-8933 · الجهة المعنية: قطاع الأعمال المؤسسية.,قطاع الأعمال المؤسسية,قيد التنفيذ المبدئي,غير معلن
INIT-01959,2024-08-09,مشروع منظومة اتصالات لجهة عسكري الطابع,متطلبات منظومة اتصالات لجهة عسكري الطابع وقيود التسليم. المرجع INI-2024-9186 · الجهة المعنية: قطاع التقنية والمشاريع.,قطاع التقنية والمشاريع,مسودة أولية,غير معلن
INIT-01960,2023-04-18,مصفوفة الشركاء المحتملين لبرنامج المدن الذكية,تقييم شركاء محتملين وشروط التفضيل قبل الإفصاح للسوق. المرجع INI-2023-5936 · الجهة المعنية: قطاع التحول الرقمي.,قطاع التحول الرقمي,مسودة أولية,غير معلن
INIT-01961,2024-02-12,الميزانية الاستراتيجية لبرنامج أمن سلاسل الإمداد 2024-2026,تفاصيل الميزانية الاستراتيجية وتوزيعها على المراحل قبل الاعتماد. المرجع INI-2024-7756 · الجهة المعنية: قطاع العمليات.,قطاع العمليات,معتمدة داخليًا,معلن جزئيًا
INIT-01962,2023-12-26,مبادرة مواقع تخزين احتياطية للبيانات الحساسة,تحديد مواقع تخزين احتياطية وسعاتها ومستويات حمايتها. المرجع INI-2023-6946 · الجهة المعنية: قطاع التقنية والمشاريع.,قطاع التقنية والمشاريع,قيد التنفيذ المبدئي,غير معلن
INIT-01963,2025-08-29,خطة التخارج الاستراتيجية من عقد تشغيل كبير,خيارات التخارج الاستراتيجية وأثرها المالي على الإيرادات. المرجع INI-2025-8201 · الجهة المعنية: قطاع الأعمال المؤسسية.,قطاع الأعمال المؤسسية,مرفوعة للجنة,غير معلن
INIT-01964,2020-06-07,مشروع تأمين مواقع تخزين أسلحة خاضعة للرقابة,تصميم ضوابط تأمين مواقع أسلحة ومواد خاضعة للرقابة. المرجع INI-2020-2053 · الجهة المعنية: قطاع الأعمال المؤسسية.,قطاع الأعمال المؤسسية,مرفوعة للجنة,غير معلن
INIT-01965,2019-12-30,مبادرة داخلية رقم SI-2019-253 - غير معلنة,مبادرة قيد الدراسة يترتب على كشفها المبكر أثر تنافسي مباشر. المرجع INI-2019-1125 · الجهة المعنية: قطاع الحلول الحكومية.,قطاع الحلول الحكومية,معتمدة داخليًا,غير معلن
INIT-01966,2023-08-16,مسار تفاوض دبلوماسي لتوطين برنامج التحول الرقمي,مسار ذو طابع دبلوماسي لتوطين التقنية مع أطراف خارجية. المرجع INI-2023-9415 · الجهة المعنية: قطاع الشراكات.,قطاع الشراكات,بانتظار الاعتماد,غير معلن
INIT-01967,2024-07-28,نموذج تسعير برنامج المرونة التشغيلية للمنافسات الحكومية,هوامش وحدود تسعير استراتيجية غير قابلة للإفصاح للمنافسين. المرجع INI-2024-7189 · الجهة المعنية: قطاع الحلول الحكومية.,قطاع الحلول الحكومية,قيد التنفيذ المبدئي,غير معلن
INIT-01968,2024-03-08,معاهدة تعاون تقني قيد التفاوض مع شريك تقني عالمي,نص معاهدة تعاون تقني قيد التفاوض وبنود نقل المعرفة. المرجع INI-2024-5626 · الجهة المعنية: قطاع التقنية والمشاريع.,قطاع التقنية والمشاريع,مسودة أولية,غير معلن
INIT-01969,2022-07-15,خطة الاستحواذ الاستراتيجية على مزوّد تقني إقليمي,خطة استراتيجية للاستحواذ مع تقييم مبدئي وهيكل تمويل مقترح. المرجع INI-2022-9530 · الجهة المعنية: قطاع التحول الرقمي.,قطاع التحول الرقمي,مسودة أولية,معلن جزئيًا
INIT-01970,2020-08-07,مبادرة مواقع تخزين احتياطية للبيانات الحساسة,تحديد مواقع تخزين احتياطية وسعاتها ومستويات حمايتها. المرجع INI-2020-8096 · الجهة المعنية: قطاع البنية التحتية.,قطاع البنية التحتية,معتمدة داخليًا,معلن جزئيًا
INIT-01971,2023-02-07,الميزانية الاستراتيجية لبرنامج التحول الرقمي 2023-2027,تفاصيل الميزانية الاستراتيجية وتوزيعها على المراحل قبل الاعتماد. المرجع INI-2023-9053 · الجهة المعنية: قطاع الأعمال المؤسسية.,قطاع الأعمال المؤسسية,بانتظار الاعتماد,غير معلن
INIT-01972,2021-03-24,تحقيق جدوى موسّع لبرنامج التحول الرقمي,تحقيق جدوى يتضمن أرقامًا مالية غير معلنة وسيناريوهات المخاطر. المرجع INI-2021-8408 · الجهة المعنية: قطاع البنية التحتية.,قطاع البنية التحتية,معتمدة داخليًا,غير معلن
INIT-01973,2022-07-01,برنامج تشغيل منشأة حيوية وطنية في ينبع,نطاق تشغيل منشأة حيوية وطنية وحدود المسؤولية التشغيلية. المرجع INI-2022-3524 · الجهة المعنية: قطاع الحلول الحكومية.,قطاع الحلول الحكومية,قيد الدراسة,غير معلن
INIT-01974,2021-03-14,مبادرة داخلية رقم SI-2021-706 - غير معلنة,مبادرة قيد الدراسة يترتب على كشفها المبكر أثر تنافسي مباشر. المرجع INI-2021-9448 · الجهة المعنية: قطاع التحول الرقمي.,قطاع التحول الرقمي,معتمدة داخليًا,غير معلن
INIT-01975,2024-11-16,مصفوفة الشركاء المحتملين لبرنامج التحول الرقمي,تقييم شركاء محتملين وشروط التفضيل قبل الإفصاح للسوق. المرجع INI-2024-5750 · الجهة المعنية: قطاع التقنية والمشاريع.,قطاع التقنية والمشاريع,مرفوعة للجنة,غير معلن
INIT-01976,2024-01-15,الميزانية الاستراتيجية لبرنامج الذكاء الاصطناعي المؤسسي 2024-2026,تفاصيل الميزانية الاستراتيجية وتوزيعها على المراحل قبل الاعتماد. المرجع INI-2024-7261 · الجهة المعنية: قطاع التحول الرقمي.,قطاع التحول الرقمي,بانتظار الاعتماد,معلن جزئيًا
INIT-01977,2024-08-11,خطة التخارج الاستراتيجية من عقد تشغيل كبير,خيارات التخارج الاستراتيجية وأثرها المالي على الإيرادات. المرجع INI-2024-9608 · الجهة المعنية: قطاع العمليات.,قطاع العمليات,مرفوعة للجنة,غير معلن
INIT-01978,2019-04-29,عقد مورد لتوريد تجهيزات برنامج الاستحواذ التقني,بنود عقد مورد وجدول التوريد والغرامات التعاقدية. المرجع INI-2019-7915 · الجهة المعنية: قطاع التقنية والمشاريع.,قطاع التقنية والمشاريع,مرفوعة للجنة,غير معلن
INIT-01979,2020-12-12,خطة دخول سوق بريدة - نسخة غير معلنة,خطة استراتيجية لدخول السوق وتقديرات الحصة المستهدفة. المرجع INI-2020-4590 · الجهة المعنية: قطاع العمليات.,قطاع العمليات,بانتظار الاعتماد,غير معلن
INIT-01980,2022-07-16,خطة التخارج الاستراتيجية من عقد تشغيل كبير,خيارات التخارج الاستراتيجية وأثرها المالي على الإيرادات. المرجع INI-2022-4701 · الجهة المعنية: قطاع التقنية والمشاريع.,قطاع التقنية والمشاريع,معتمدة داخليًا,معلن جزئيًا
INIT-01981,2023-04-16,إحصاءات أثر برنامج التوسع الإقليمي المعلنة - الربع الثالث 2023,إحصاءات معلنة عن أثر البرنامج على مستوى الخدمة. المرجع INI-2023-2907 · الجهة المعنية: قطاع التقنية والمشاريع.,قطاع التقنية والمشاريع,مرفوعة للجنة,معلن
INIT-01982,2025-02-25,تحقيق جدوى موسّع لبرنامج تحديث البنية التقنية,تحقيق جدوى يتضمن أرقامًا مالية غير معلنة وسيناريوهات المخاطر. المرجع INI-2025-6842 · الجهة المعنية: قطاع التقنية والمشاريع.,قطاع التقنية والمشاريع,قيد التنفيذ المبدئي,معلن جزئيًا
INIT-01983,2023-12-15,مبادرة داخلية رقم SI-2023-437 - غير معلنة,مبادرة قيد الدراسة يترتب على كشفها المبكر أثر تنافسي مباشر. المرجع INI-2023-9684 · الجهة المعنية: قطاع التقنية والمشاريع.,قطاع التقنية والمشاريع,مسودة أولية,معلن جزئيًا
INIT-01984,2025-08-25,عرض أسعار استشاري لمرحلة تصميم برنامج التوسع الإقليمي,عرض أسعار مقدم من بيت خبرة ضمن نطاق محدود. المرجع INI-2025-4165 · الجهة المعنية: قطاع الأعمال المؤسسية.,قطاع الأعمال المؤسسية,بانتظار الاعتماد,معلن جزئيًا
INIT-01985,2020-08-30,مبادرة داخلية رقم SI-2020-575 - غير معلنة,مبادرة قيد الدراسة يترتب على كشفها المبكر أثر تنافسي مباشر. المرجع INI-2020-7451 · الجهة المعنية: قطاع الأعمال المؤسسية.,قطاع الأعمال المؤسسية,معتمدة داخليًا,غير معلن
INIT-01986,2024-05-03,مبادرة داخلية رقم SI-2024-741 - غير معلنة,مبادرة قيد الدراسة يترتب على كشفها المبكر أثر تنافسي مباشر. المرجع INI-2024-7177 · الجهة المعنية: قطاع البنية التحتية.,قطاع البنية التحتية,مسودة أولية,معلن جزئيًا
INIT-01987,2020-10-08,مسار تفاوض دبلوماسي لتوطين برنامج المدن الذكية,مسار ذو طابع دبلوماسي لتوطين التقنية مع أطراف خارجية. المرجع INI-2020-5994 · الجهة المعنية: قطاع الأعمال المؤسسية.,قطاع الأعمال المؤسسية,قيد الدراسة,معلن جزئيًا
INIT-01988,2021-06-22,نموذج تسعير برنامج الحوسبة السيادية للمنافسات الحكومية,هوامش وحدود تسعير استراتيجية غير قابلة للإفصاح للمنافسين. المرجع INI-2021-7125 · الجهة المعنية: قطاع التحول الرقمي.,قطاع التحول الرقمي,مرفوعة للجنة,غير معلن
INIT-01989,2024-11-26,مصفوفة الشركاء المحتملين لبرنامج أمن سلاسل الإمداد,تقييم شركاء محتملين وشروط التفضيل قبل الإفصاح للسوق. المرجع INI-2024-7925 · الجهة المعنية: قطاع الحلول الحكومية.,قطاع الحلول الحكومية,مسودة أولية,معلن جزئيًا
INIT-01990,2022-05-06,متطلبات ربط شبكي لبرنامج الذكاء الاصطناعي المؤسسي,مخطط الشبكة المطلوب لربط بيئات المشروع الداخلية. المرجع INI-2022-8111 · الجهة المعنية: قطاع التحول الرقمي.,قطاع التحول الرقمي,قيد التنفيذ المبدئي,غير معلن
INIT-01991,2022-09-29,مصفوفة الشركاء المحتملين لبرنامج الحوسبة السيادية,تقييم شركاء محتملين وشروط التفضيل قبل الإفصاح للسوق. المرجع INI-2022-5490 · الجهة المعنية: قطاع الأعمال المؤسسية.,قطاع الأعمال المؤسسية,قيد الدراسة,معلن جزئيًا
INIT-01992,2021-06-29,مذكرة داخلية لمتابعة مؤشرات برنامج المرونة التشغيلية,مذكرة داخلية دورية لمتابعة مؤشرات التنفيذ بين الإدارات. المرجع INI-2021-1535 · الجهة المعنية: قطاع العمليات.,قطاع العمليات,مسودة أولية,غير معلن
INIT-01993,2024-12-20,مذكرة تفاهم مع منظمة إقليمية لتنفيذ برنامج تحديث البنية التقنية,مسودة مذكرة تفاهم لم تُوقّع بعد وتتضمن التزامات مالية. المرجع INI-2024-5519 · الجهة المعنية: قطاع العمليات.,قطاع العمليات,قيد التنفيذ المبدئي,معلن جزئيًا
INIT-01994,2019-05-14,مبادرة تحليل استخبارات التهديد الوطنية,بناء قدرة استخبارات تهديد مشتركة بين الجهات الوطنية. المرجع INI-2019-8125 · الجهة المعنية: قطاع الشراكات.,قطاع الشراكات,قيد التنفيذ المبدئي,غير معلن
INIT-01995,2021-01-27,منشور تعريفي بمخرجات برنامج التوسع الإقليمي في جازان,منشور تعريفي عام بالمخرجات المعلنة للبرنامج. المرجع INI-2021-9540 · الجهة المعنية: قطاع البنية التحتية.,قطاع البنية التحتية,بانتظار الاعتماد,معلن
INIT-01996,2020-07-18,مصفوفة الشركاء المحتملين لبرنامج المدن الذكية,تقييم شركاء محتملين وشروط التفضيل قبل الإفصاح للسوق. المرجع INI-2020-9651 · الجهة المعنية: قطاع البنية التحتية.,قطاع البنية التحتية,بانتظار الاعتماد,غير معلن
INIT-01997,2020-12-18,إعلان انطلاق برنامج تكامل الأنظمة الحكومية - قطاع الحلول الحكومية 2020,إعلان رسمي عن انطلاق البرنامج وأهدافه المعلنة. المرجع INI-2020-9723 · الجهة المعنية: قطاع الحلول الحكومية.,قطاع الحلول الحكومية,مرفوعة للجنة,معلن
INIT-01998,2021-02-05,مصفوفة الشركاء المحتملين لبرنامج التوسع الإقليمي,تقييم شركاء محتملين وشروط التفضيل قبل الإفصاح للسوق. المرجع INI-2021-7091 · الجهة المعنية: قطاع التحول الرقمي.,قطاع التحول الرقمي,مرفوعة للجنة,غير معلن
INIT-01999,2025-01-10,الميزانية الاستراتيجية لبرنامج أمن سلاسل الإمداد 2025-2029,تفاصيل الميزانية الاستراتيجية وتوزيعها على المراحل قبل الاعتماد. المرجع INI-2025-5393 · الجهة المعنية: قطاع الأعمال المؤسسية.,قطاع الأعمال المؤسسية,مرفوعة للجنة,معلن جزئيًا
INIT-02000,2021-12-09,عقد مورد لتوريد تجهيزات برنامج الحوسبة السيادية,بنود عقد مورد وجدول التوريد والغرامات التعاقدية. المرجع INI-2021-8046 · الجهة المعنية: قطاع التحول الرقمي.,قطاع التحول الرقمي,قيد الدراسة,معلن جزئيًا
INIT-02001,2022-06-19,برنامج تشغيل منشأة حيوية وطنية في الجبيل,نطاق تشغيل منشأة حيوية وطنية وحدود المسؤولية التشغيلية. المرجع INI-2022-5440 · الجهة المعنية: قطاع التحول الرقمي.,قطاع التحول الرقمي,قيد الدراسة,غير معلن
INIT-02002,2023-09-27,تحقيق جدوى موسّع لبرنامج المدن الذكية,تحقيق جدوى يتضمن أرقامًا مالية غير معلنة وسيناريوهات المخاطر. المرجع INI-2023-9374 · الجهة المعنية: قطاع الشراكات.,قطاع الشراكات,معتمدة داخليًا,غير معلن
INIT-02003,2023-06-21,خطة الاستحواذ الاستراتيجية على مزوّد تقني إقليمي,خطة استراتيجية للاستحواذ مع تقييم مبدئي وهيكل تمويل مقترح. المرجع INI-2023-4343 · الجهة المعنية: قطاع التقنية والمشاريع.,قطاع التقنية والمشاريع,معتمدة داخليًا,غير معلن
INIT-02004,2021-11-27,مذكرة تفاهم مع صندوق استثماري دولي لتنفيذ برنامج التحول الرقمي,مسودة مذكرة تفاهم لم تُوقّع بعد وتتضمن التزامات مالية. المرجع INI-2021-2739 · الجهة المعنية: قطاع البنية التحتية.,قطاع البنية التحتية,قيد التنفيذ المبدئي,معلن جزئيًا
INIT-02005,2024-11-28,إعادة هيكلة قطاع الشراكات - قبل الاعتماد,تصور إعادة الهيكلة وأثرها الوظيفي قبل الاعتماد من المجلس. المرجع INI-2024-9857 · الجهة المعنية: قطاع الأعمال المؤسسية.,قطاع الأعمال المؤسسية,مرفوعة للجنة,معلن جزئيًا
INIT-02006,2023-07-31,خطة التخارج الاستراتيجية من عقد تشغيل كبير,خيارات التخارج الاستراتيجية وأثرها المالي على الإيرادات. المرجع INI-2023-8972 · الجهة المعنية: قطاع الأعمال المؤسسية.,قطاع الأعمال المؤسسية,مسودة أولية,معلن جزئيًا
INIT-02007,2025-07-07,خطة التخارج الاستراتيجية من عقد تشغيل كبير,خيارات التخارج الاستراتيجية وأثرها المالي على الإيرادات. المرجع INI-2025-6319 · الجهة المعنية: قطاع الشراكات.,قطاع الشراكات,مرفوعة للجنة,معلن جزئيًا
INIT-02008,2019-01-05,المشروع الوطني المرجعي رقم NP-293 - تداول اللجنة العليا,مشروع لا تُتداول تفاصيله خارج اللجنة العليا لارتباطه بمواقع وطنية. المرجع INI-2019-8155 · الجهة المعنية: قطاع الأعمال المؤسسية.,قطاع الأعمال المؤسسية,مسودة أولية,غير معلن
INIT-02009,2021-04-23,مشروع تحديث أنظمة مصفاة بترولية - مرحلة 3,تحديث أنظمة تحكم منشأة حيوية وجدول الإيقاف المخطط. المرجع INI-2021-8980 · الجهة المعنية: قطاع الحلول الحكومية.,قطاع الحلول الحكومية,مسودة أولية,غير معلن
INIT-02010,2022-01-09,خطة توزيع الكوادر على برنامج التوسع الإقليمي,توزيع كوادر مع بيانات شخصية ومسميات وظيفية تفصيلية. المرجع INI-2022-1903 · الجهة المعنية: قطاع البنية التحتية.,قطاع البنية التحتية,مسودة أولية,معلن جزئيًا
INIT-02011,2022-12-13,مبادرة تحليل استخبارات التهديد الوطنية,بناء قدرة استخبارات تهديد مشتركة بين الجهات الوطنية. المرجع INI-2022-4657 · الجهة المعنية: قطاع الشراكات.,قطاع الشراكات,بانتظار الاعتماد,غير معلن
INIT-02012,2023-08-05,خطة دخول سوق جازان - نسخة غير معلنة,خطة استراتيجية لدخول السوق وتقديرات الحصة المستهدفة. المرجع INI-2023-4571 · الجهة المعنية: قطاع العمليات.,قطاع العمليات,مرفوعة للجنة,غير معلن
INIT-02013,2024-05-03,مذكرة تفاهم مع دولة شريكة لتنفيذ برنامج تكامل الأنظمة الحكومية,مسودة مذكرة تفاهم لم تُوقّع بعد وتتضمن التزامات مالية. المرجع INI-2024-9701 · الجهة المعنية: قطاع التقنية والمشاريع.,قطاع التقنية والمشاريع,معتمدة داخليًا,غير معلن
INIT-02014,2025-10-10,مصفوفة الشركاء المحتملين لبرنامج الاستحواذ التقني,تقييم شركاء محتملين وشروط التفضيل قبل الإفصاح للسوق. المرجع INI-2025-4506 · الجهة المعنية: قطاع البنية التحتية.,قطاع البنية التحتية,بانتظار الاعتماد,غير معلن
INIT-02015,2022-09-28,مبادرة إدارة مفاتيح التشفير على مستوى الجهات الوطنية,تصميم مركزي لإدارة مفاتيح التشفير عبر الأنظمة الوطنية. المرجع INI-2022-7030 · الجهة المعنية: قطاع الشراكات.,قطاع الشراكات,مسودة أولية,غير معلن
INIT-02016,2021-07-19,مصفوفة الشركاء المحتملين لبرنامج التحول الرقمي,تقييم شركاء محتملين وشروط التفضيل قبل الإفصاح للسوق. المرجع INI-2021-3488 · الجهة المعنية: قطاع التحول الرقمي.,قطاع التحول الرقمي,قيد الدراسة,غير معلن
INIT-02017,2019-12-04,إحصاءات أثر برنامج الذكاء الاصطناعي المؤسسي المعلنة - الربع الثاني 2019,إحصاءات معلنة عن أثر البرنامج على مستوى الخدمة. المرجع INI-2019-6786 · الجهة المعنية: قطاع البنية التحتية.,قطاع البنية التحتية,بانتظار الاعتماد,معلن
INIT-02018,2025-07-09,تحقيق جدوى موسّع لبرنامج المرونة التشغيلية,تحقيق جدوى يتضمن أرقامًا مالية غير معلنة وسيناريوهات المخاطر. المرجع INI-2025-8882 · الجهة المعنية: قطاع الأعمال المؤسسية.,قطاع الأعمال المؤسسية,مرفوعة للجنة,معلن جزئيًا
INIT-02019,2022-05-17,مسار تفاوض دبلوماسي لتوطين برنامج المرونة التشغيلية,مسار ذو طابع دبلوماسي لتوطين التقنية مع أطراف خارجية. المرجع INI-2022-1548 · الجهة المعنية: قطاع الحلول الحكومية.,قطاع الحلول الحكومية,بانتظار الاعتماد,معلن جزئيًا
INIT-02020,2020-03-09,خطة الاستحواذ الاستراتيجية على مزوّد تقني إقليمي,خطة استراتيجية للاستحواذ مع تقييم مبدئي وهيكل تمويل مقترح. المرجع INI-2020-6531 · الجهة المعنية: قطاع التقنية والمشاريع.,قطاع التقنية والمشاريع,قيد الدراسة,معلن جزئيًا
INIT-02021,2025-01-21,معاهدة تعاون تقني قيد التفاوض مع صندوق استثماري دولي,نص معاهدة تعاون تقني قيد التفاوض وبنود نقل المعرفة. المرجع INI-2025-9998 · الجهة المعنية: قطاع البنية التحتية.,قطاع البنية التحتية,مسودة أولية,معلن جزئيًا
INIT-02022,2020-12-28,تحقيق جدوى موسّع لبرنامج الحوسبة السيادية,تحقيق جدوى يتضمن أرقامًا مالية غير معلنة وسيناريوهات المخاطر. المرجع INI-2020-8012 · الجهة المعنية: قطاع الأعمال المؤسسية.,قطاع الأعمال المؤسسية,قيد الدراسة,معلن جزئيًا
INIT-02023,2019-12-25,الميزانية الاستراتيجية لبرنامج المدن الذكية 2019-2021,تفاصيل الميزانية الاستراتيجية وتوزيعها على المراحل قبل الاعتماد. المرجع INI-2019-3059 · الجهة المعنية: قطاع الحلول الحكومية.,قطاع الحلول الحكومية,قيد التنفيذ المبدئي,غير معلن
INIT-02024,2023-09-30,مسار تفاوض دبلوماسي لتوطين برنامج الاستحواذ التقني,مسار ذو طابع دبلوماسي لتوطين التقنية مع أطراف خارجية. المرجع INI-2023-5029 · الجهة المعنية: قطاع التحول الرقمي.,قطاع التحول الرقمي,معتمدة داخليًا,معلن جزئيًا
INIT-02025,2022-03-25,خطة التخارج الاستراتيجية من عقد تشغيل كبير,خيارات التخارج الاستراتيجية وأثرها المالي على الإيرادات. المرجع INI-2022-2338 · الجهة المعنية: قطاع الأعمال المؤسسية.,قطاع الأعمال المؤسسية,معتمدة داخليًا,غير معلن
INIT-02026,2019-02-19,خطة الاستحواذ الاستراتيجية على مزوّد تقني إقليمي,خطة استراتيجية للاستحواذ مع تقييم مبدئي وهيكل تمويل مقترح. المرجع INI-2019-4497 · الجهة المعنية: قطاع البنية التحتية.,قطاع البنية التحتية,مرفوعة للجنة,غير معلن
INIT-02027,2023-01-26,مشروع منظومة اتصالات لجهة عسكري الطابع,متطلبات منظومة اتصالات لجهة عسكري الطابع وقيود التسليم. المرجع INI-2023-2456 · الجهة المعنية: قطاع التحول الرقمي.,قطاع التحول الرقمي,بانتظار الاعتماد,غير معلن
INIT-02028,2022-03-24,خطة التخارج الاستراتيجية من عقد تشغيل كبير,خيارات التخارج الاستراتيجية وأثرها المالي على الإيرادات. المرجع INI-2022-9715 · الجهة المعنية: قطاع البنية التحتية.,قطاع البنية التحتية,معتمدة داخليًا,معلن جزئيًا
INIT-02029,2021-02-22,متطلبات ربط شبكي لبرنامج المدن الذكية,مخطط الشبكة المطلوب لربط بيئات المشروع الداخلية. المرجع INI-2021-3180 · الجهة المعنية: قطاع العمليات.,قطاع العمليات,بانتظار الاعتماد,معلن جزئيًا
INIT-02030,2019-04-07,مسار تفاوض دبلوماسي لتوطين برنامج الاستحواذ التقني,مسار ذو طابع دبلوماسي لتوطين التقنية مع أطراف خارجية. المرجع INI-2019-6699 · الجهة المعنية: قطاع الشراكات.,قطاع الشراكات,مسودة أولية,معلن جزئيًا
INIT-02031,2020-04-07,المشروع الوطني المرجعي رقم NP-903 - تداول اللجنة العليا,مشروع لا تُتداول تفاصيله خارج اللجنة العليا لارتباطه بمواقع وطنية. المرجع INI-2020-6814 · الجهة المعنية: قطاع الشراكات.,قطاع الشراكات,معتمدة داخليًا,غير معلن
INIT-02032,2025-08-08,خطة الاستحواذ الاستراتيجية على مزوّد تقني إقليمي,خطة استراتيجية للاستحواذ مع تقييم مبدئي وهيكل تمويل مقترح. المرجع INI-2025-9675 · الجهة المعنية: قطاع التقنية والمشاريع.,قطاع التقنية والمشاريع,قيد التنفيذ المبدئي,غير معلن
INIT-02033,2023-12-30,مذكرة داخلية لمتابعة مؤشرات برنامج التوسع الإقليمي,مذكرة داخلية دورية لمتابعة مؤشرات التنفيذ بين الإدارات. المرجع INI-2023-4828 · الجهة المعنية: قطاع الأعمال المؤسسية.,قطاع الأعمال المؤسسية,مرفوعة للجنة,معلن جزئيًا
INIT-02034,2021-03-14,معاهدة تعاون تقني قيد التفاوض مع تحالف صناعي دولي,نص معاهدة تعاون تقني قيد التفاوض وبنود نقل المعرفة. المرجع INI-2021-8300 · الجهة المعنية: قطاع الحلول الحكومية.,قطاع الحلول الحكومية,مسودة أولية,معلن جزئيًا
INIT-02035,2020-01-25,مشروع تحديث أنظمة مركز التحكم بالسكك الحديدية - مرحلة 3,تحديث أنظمة تحكم منشأة حيوية وجدول الإيقاف المخطط. المرجع INI-2020-2278 · الجهة المعنية: قطاع العمليات.,قطاع العمليات,مرفوعة للجنة,غير معلن
INIT-02036,2024-11-07,معاهدة تعاون تقني قيد التفاوض مع منظمة إقليمية,نص معاهدة تعاون تقني قيد التفاوض وبنود نقل المعرفة. المرجع INI-2024-8391 · الجهة المعنية: قطاع التقنية والمشاريع.,,معتمدة داخليًا,غير معلن
INIT-02037,2024-02-06,مبادرة تحليل استخبارات التهديد الوطنية,بناء قدرة استخبارات تهديد مشتركة بين الجهات الوطنية. المرجع INI-2024-1744 · الجهة المعنية: قطاع العمليات.,قطاع العمليات,مسودة أولية,غير معلن
INIT-02038,2019-09-11,مصفوفة الشركاء المحتملين لبرنامج أمن سلاسل الإمداد,تقييم شركاء محتملين وشروط التفضيل قبل الإفصاح للسوق. المرجع INI-2019-9965 · الجهة المعنية: قطاع الحلول الحكومية.,قطاع الحلول الحكومية,معتمدة داخليًا,غير معلن
INIT-02039,2020-04-19,معاهدة تعاون تقني قيد التفاوض مع دولة شريكة,نص معاهدة تعاون تقني قيد التفاوض وبنود نقل المعرفة. المرجع INI-2020-6841 · الجهة المعنية: قطاع الأعمال المؤسسية.,قطاع الأعمال المؤسسية,قيد التنفيذ المبدئي,غير معلن
INIT-02040,2026-05-28,خطة الاستحواذ الاستراتيجية على مزوّد تقني إقليمي,خطة استراتيجية للاستحواذ مع تقييم مبدئي وهيكل تمويل مقترح. المرجع INI-2026-2898 · الجهة المعنية: قطاع الحلول الحكومية.,قطاع الحلول الحكومية,مسودة أولية,معلن جزئيًا
INIT-02041,2022-03-07,تحقيق جدوى موسّع لبرنامج المرونة التشغيلية,تحقيق جدوى يتضمن أرقامًا مالية غير معلنة وسيناريوهات المخاطر. المرجع INI-2022-8108 · الجهة المعنية: قطاع الأعمال المؤسسية.,قطاع الأعمال المؤسسية,مرفوعة للجنة,معلن جزئيًا
INIT-02042,2026-03-08,مصفوفة الشركاء المحتملين لبرنامج تحديث البنية التقنية,تقييم شركاء محتملين وشروط التفضيل قبل الإفصاح للسوق. المرجع INI-2026-5278 · الجهة المعنية: قطاع التحول الرقمي.,قطاع التحول الرقمي,قيد الدراسة,معلن جزئيًا
INIT-02043,2025-05-16,مبادرة داخلية رقم SI-2025-788 - غير معلنة,مبادرة قيد الدراسة يترتب على كشفها المبكر أثر تنافسي مباشر. المرجع INI-2025-5344 · الجهة المعنية: قطاع الأعمال المؤسسية.,قطاع الأعمال المؤسسية,قيد الدراسة,معلن جزئيًا
